Key,Item Type,Publication Year,Author,Title,Publication Title,ISBN,ISSN,DOI,Url,Abstract Note,Date,Date Added,Date Modified,Access Date,Pages,Num Pages,Issue,Volume,Number Of Volumes,Journal Abbreviation,Short Title,Series,Series Number,Series Text,Series Title,Publisher,Place,Language,Rights,Type,Archive,Archive Location,Library Catalog,Call Number,Extra,Notes,File Attachments,Link Attachments,Manual Tags,Automatic Tags,Editor,Series Editor,Translator,Contributor,Attorney Agent,Book Author,Cast Member,Commenter,Composer,Cosponsor,Counsel,Interviewer,Producer,Recipient,Reviewed Author,Scriptwriter,Words By,Guest,Number,Edition,Running Time,Scale,Medium,Artwork Size,Filing Date,Application Number,Assignee,Issuing Authority,Country,Meeting Name,Conference Name,Court,References,Reporter,Legal Status,Priority Numbers,Programming Language,Version,System,Code,Code Number,Section,Session,Committee,History,Legislative Body,Source_DB,Filter_Layer,Filter_Layer_Reason,Matched_Venue,Ranking_Source,CORE_Rank,SJR_Quartile,KW_Excl_Category,KW_Excl_Keywords
X6UVF49L,conferencePaper,2019,"Ahuja, Karan; Harrison, Chris; Goel, Mayank; Xiao, Robert",MeCap: Whole-Body Digitization for Low-Cost VR/AR Headsets,Proceedings of the 32nd Annual ACM Symposium on User Interface Software and Technology,,,10.1145/3332165.3347889,https://dl.acm.org/doi/10.1145/3332165.3347889,,2019,2026-05-15 05:38:48,2026-05-15 05:38:48,,,,,,,,,,,,,,,,,,,,,,,<p>Source: ACM Digital Library</p>,,,conference,,,,,,,,,,,,,,,,,,,,,,,,,,,,,,,,,,,,,,,,,,,,,,,,ACM,hold,要旨なしのため判定不能(フェイルセーフで保留),ACM Symposium on User Interface Software and Technology,CORE,A*,,Cat1 [Not VR / Out of Scope],Cat1 [Not VR / Out of Scope]::\bar\b
EWJLE9EN,conferencePaper,2023,"Manfredi, Gilda; Erra, Ugo; Gilio, Gabriele",A Mixed Reality Approach for Innovative Pair Programming Education with a Conversational AI Virtual Avatar,Proceedings of the 27th International Conference on Evaluation and Assessment in Software Engineering,,,10.1145/3593434.3593952,https://dl.acm.org/doi/10.1145/3593434.3593952,,2023,2026-05-15 05:38:58,2026-05-15 05:38:58,,,,,,,,,,,,,,,,,,,,,,,<p>Source: ACM Digital Library</p>,,,conference,,,,,,,,,,,,,,,,,,,,,,,,,,,,,,,,,,,,,,,,,,,,,,,,ACM,hold,要旨なしのため判定不能(フェイルセーフで保留),International Conference on Evaluation and Assessment in Software Engineering,CORE,A,,Cat1 [Not VR / Out of Scope],Cat1 [Not VR / Out of Scope]::\bmixed reality\b
HGZZKKN8,conferencePaper,2025,"Metwaly, Mohammed; Quinn, Alexander J.",360 Video Viewing with Virtual Reality Headsets: Connecting User Head Movements to Intentions,Proceedings of the 16th ACM Multimedia Systems Conference,,,10.1145/3712676.3714433,https://dl.acm.org/doi/10.1145/3712676.3714433,,2025,2026-05-15 05:39:56,2026-05-15 05:39:56,,,,,,,,,,,,,,,,,,,,,,,<p>Source: ACM Digital Library</p>,,,conference,,,,,,,,,,,,,,,,,,,,,,,,,,,,,,,,,,,,,,,,,,,,,,,,ACM,hold,要旨なしのため判定不能(フェイルセーフで保留),ACM Multimedia Systems Conference,CORE,A,,Cat1 [Not VR / Out of Scope],Cat1 [Not VR / Out of Scope]::\b360[- ]?(?:degree[s]?\s+)?video\b
WP7S8QIA,journalArticle,1993,"Shaw, Chris; Green, Mark; Liang, Jiandong; Sun, Yunqi",Decoupled simulation in virtual reality with the MR toolkit,ACM Transactions on Information Systems,,1046-8188,10.1145/159161.173948,https://dl.acm.org/doi/10.1145/159161.173948,,1993,2026-05-15 05:40:02,2026-05-15 05:40:02,,,,,,,,,,,,,,,,,,,,,,,<p>Source: ACM Digital Library</p>,,,journal,,,,,,,,,,,,,,,,,,,,,,,,,,,,,,,,,,,,,,,,,,,,,,,,ACM,hold,要旨なしのため判定不能(フェイルセーフで保留),ACM Transactions on Information Systems,SJR,,Q1,Cat1 [Not VR / Out of Scope],Cat1 [Not VR / Out of Scope]::\bmr\b
5FLY7MEW,conferencePaper,2005,"Ferreira, Pedro Miguel F. M.",Network middleware for large scale mobile and pervasive augmented reality games,Proceedings of the 2005 ACM conference on Emerging network experiment and technology - CoNEXT'05,,,10.1145/1095921.1095961,https://dl.acm.org/doi/10.1145/1095921.1095961,,2005,2026-05-15 05:40:04,2026-05-15 05:40:04,,,,,,,,,,,,,,,,,,,,,,,<p>Source: ACM Digital Library</p>,,,conference,,,,,,,,,,,,,,,,,,,,,,,,,,,,,,,,,,,,,,,,,,,,,,,,ACM,hold,要旨なしのため判定不能(フェイルセーフで保留),ACM International Conference on Emerging Networking Experiments and Technologies,CORE,A,,Cat1 [Not VR / Out of Scope],Cat1 [Not VR / Out of Scope]::\baugmented reality\b
KPHWTE6S,conferencePaper,2021,"Dürr, Maximilian; Schweitzer, Daniel; Reiterer, Harald",ViTT: Towards a Virtual Reality System that Supports the Learning of Ergonomic Patient Transfers,Adjunct Proceedings of the 34th Annual ACM Symposium on User Interface Software and Technology,,,10.1145/3474349.3480234,https://dl.acm.org/doi/10.1145/3474349.3480234,,2021,2026-05-15 05:40:13,2026-05-15 05:40:13,,,,,,,,,,,,,,,,,,,,,,,<p>Source: ACM Digital Library</p>,,,conference,,,,,,,,,,,,,,,,,,,,,,,,,,,,,,,,,,,,,,,,,,,,,,,,ACM,hold,要旨なしのため判定不能(フェイルセーフで保留),ACM Symposium on User Interface Software and Technology,CORE,A*,,Cat3 [Clinical / Medical],Cat3 [Clinical / Medical]::\bpatient[s]?\b
AXQW6DJT,conferencePaper,2023,"Tsai, Yi-Zhen; Luo, James; Wang, Yunshu; Chen, Jiasi",The World is Too Big to Download: 3D Model Retrieval for World-Scale Augmented Reality,Proceedings of the 14th ACM Multimedia Systems Conference,,,10.1145/3587819.3590970,https://dl.acm.org/doi/10.1145/3587819.3590970,,2023,2026-05-15 05:40:21,2026-05-15 05:40:21,,,,,,,,,,,,,,,,,,,,,,,<p>Source: ACM Digital Library</p>,,,conference,,,,,,,,,,,,,,,,,,,,,,,,,,,,,,,,,,,,,,,,,,,,,,,,ACM,hold,要旨なしのため判定不能(フェイルセーフで保留),ACM Multimedia Systems Conference,CORE,A,,Cat1 [Not VR / Out of Scope],Cat1 [Not VR / Out of Scope]::\baugmented reality\b
DB3FFB9Q,conferencePaper,2025,"Tsimbalistaia, Uliana; Berger, Caroline; Gellersen, Hans; Manakhov, Pavel",On-body Icons: Designing a 3D Interface for Launching Apps in Augmented Reality,Proceedings of the 2025 CHI Conference on Human Factors in Computing Systems,,,10.1145/3706598.3713954,https://dl.acm.org/doi/10.1145/3706598.3713954,,2025,2026-05-15 05:40:28,2026-05-15 05:40:28,,,,,,,,,,,,,,,,,,,,,,,<p>Source: ACM Digital Library</p>,,,conference,,,,,,,,,,,,,,,,,,,,,,,,,,,,,,,,,,,,,,,,,,,,,,,,ACM,hold,要旨なしのため判定不能(フェイルセーフで保留),International Conference on Human Factors in Computing Systems,CORE(alias),A*,,Cat1 [Not VR / Out of Scope],Cat1 [Not VR / Out of Scope]::\baugmented reality\b
TRBRZRRR,conferencePaper,2024,"Chen, John; Zhao, Lexie; Li, Yinmiao; Xie, Zhennian; Wilensky, Uri; Horn, Mike",“Oh My God! It’s Recreating Our Room!” Understanding Children’s Experiences with A Room-Scale Augmented Reality Authoring Toolkit,Proceedings of the CHI Conference on Human Factors in Computing Systems,,,10.1145/3613904.3642043,https://dl.acm.org/doi/10.1145/3613904.3642043,,2024,2026-05-15 05:40:35,2026-05-15 05:40:35,,,,,,,,,,,,,,,,,,,,,,,<p>Source: ACM Digital Library</p>,,,conference,,,,,,,,,,,,,,,,,,,,,,,,,,,,,,,,,,,,,,,,,,,,,,,,ACM,hold,要旨なしのため判定不能(フェイルセーフで保留),International Conference on Human Factors in Computing Systems,CORE(alias),A*,,Cat1 [Not VR / Out of Scope],Cat1 [Not VR / Out of Scope]::\baugmented reality\b
TDWHD56J,conferencePaper,2022,"Wei, Xiemin; Zheng, Zixia; Shi, Hongning; Chai, Yaqing; Li, Jiajia",Little Garden: An augmented reality game for older adults to promote body movement,Adjunct Proceedings of the 35th Annual ACM Symposium on User Interface Software and Technology,,,10.1145/3526114.3558731,https://dl.acm.org/doi/10.1145/3526114.3558731,,2022,2026-05-15 05:40:44,2026-05-15 05:40:44,,,,,,,,,,,,,,,,,,,,,,,<p>Source: ACM Digital Library</p>,,,conference,,,,,,,,,,,,,,,,,,,,,,,,,,,,,,,,,,,,,,,,,,,,,,,,ACM,hold,要旨なしのため判定不能(フェイルセーフで保留),ACM Symposium on User Interface Software and Technology,CORE,A*,,Cat1 [Not VR / Out of Scope],Cat1 [Not VR / Out of Scope]::\baugmented reality\b
Y37FN7RY,conferencePaper,2024,"Guo, Cong; Zhang, Rui; Xu, Jiale; Leng, Jingwen; Liu, Zihan; Huang, Ziyu; Guo, Minyi; Wu, Hao; Zhao, Shouren; Zhao, Junping; Zhang, Ke",GMLake: Efficient and Transparent GPU Memory Defragmentation for Large-scale DNN Training with Virtual Memory Stitching,"Proceedings of the 29th ACM International Conference on Architectural Support for Programming Languages and Operating Systems, Volume 2",,,10.1145/3620665.3640423,https://dl.acm.org/doi/10.1145/3620665.3640423,,2024,2026-05-15 05:40:45,2026-05-15 05:40:45,,,,,,,,,,,,,,,,,,,,,,,<p>Source: ACM Digital Library</p>,,,conference,,,,,,,,,,,,,,,,,,,,,,,,,,,,,,,,,,,,,,,,,,,,,,,,ACM,hold,要旨なしのため判定不能(フェイルセーフで保留),Architectural Support for Programming Languages and Operating Systems,CORE,A*,,Cat2 [Tech / Non-Empirical],Cat2 [Tech / Non-Empirical]::\bgpu\b
YA9M74GW,journalArticle,2022,"Schäfer, Alexander; Reis, Gerd; Stricker, Didier","A Survey on Synchronous Augmented, Virtual, andMixed Reality Remote Collaboration Systems",ACM Computing Surveys,,0360-0300,10.1145/3533376,https://dl.acm.org/doi/10.1145/3533376,"Remote collaboration systems have become increasingly important in today's society, especially during times when physical distancing is advised. Industry, research, and individuals face the challenging task of collaborating and networking over long distances. While video and teleconferencing are already widespread, collaboration systems in augmented, virtual, and mixed reality are still a niche technology. We provide an overview of recent developments of synchronous remote collaboration systems and create a taxonomy by dividing them into three main components that form such systems: Environment, Avatars, and Interaction. A thorough overview of existing systems is given, categorising their main contributions to help researchers working in different fields by providing concise information about specific topics such as avatars, virtual environment, visualisation styles, and interaction. The focus of this work is clearly on synchronised collaboration from a distance. A total of 87 unique systems for remote collaboration are discussed, including more than 100 publications and 25 commercial systems. © 2022 Copyright held by the owner/author(s). Publication rights licensed to ACM.",2022,2026-05-15 05:40:46,2026-05-15 05:40:46,,,,,,,,,,,,,,,,,,,,,,,<p>Source: ACM Digital Library</p>,,,journal,,,,,,,,,,,,,,,,,,,,,,,,,,,,,,,,,,,,,,,,,,,,,,,,ACM,pass,,ACM Computing Surveys,SJR,,Q1,Cat1 [Not VR / Out of Scope],Cat1 [Not VR / Out of Scope]::\bmixed reality\b
CXTHRUKZ,conferencePaper,2025,"Kari, Mohamed; Abtahi, Parastoo",Reality Promises: Virtual-Physical Decoupling Illusions in Mixed Reality via Invisible Mobile Robots,Proceedings of the 38th Annual ACM Symposium on User Interface Software and Technology,,,10.1145/3746059.3747660,https://dl.acm.org/doi/10.1145/3746059.3747660,,2025,2026-05-15 05:41:06,2026-05-15 05:41:06,,,,,,,,,,,,,,,,,,,,,,,<p>Source: ACM Digital Library</p>,,,conference,,,,,,,,,,,,,,,,,,,,,,,,,,,,,,,,,,,,,,,,,,,,,,,,ACM,hold,要旨なしのため判定不能(フェイルセーフで保留),ACM Symposium on User Interface Software and Technology,CORE,A*,,Cat1 [Not VR / Out of Scope],Cat1 [Not VR / Out of Scope]::\bmixed reality\b
Y6SWA4B2,conferencePaper,2018,"Piumsomboon, Thammathip; Lee, Gun A.; Hart, Jonathon D.; Ens, Barrett; Lindeman, Robert W.; Thomas, Bruce H.; Billinghurst, Mark",Mini-Me,Proceedings of the 2018 CHI Conference on Human Factors in Computing Systems,,,10.1145/3173574.3173620,https://dl.acm.org/doi/10.1145/3173574.3173620,"We present Mini-Me, an adaptive avatar for enhancing Mixed Reality (MR) remote collaboration between a local Augmented Reality (AR) user and a remote Virtual Reality (VR) user. The Mini-Me avatar represents the VR user's gaze direction and body gestures while it transforms in size and orientation to stay within the AR user's field of view. A user study was conducted to evaluate Mini-Me in two collaborative scenarios: an asymmetric remote expert in VR assisting a local worker in AR, and a symmetric collaboration in urban planning. We found that the presence of the Mini-Me significantly improved Social Presence and the overall experience of MR collaboration. © 2018 Association for Computing Machinery.",2018,2026-05-15 05:41:06,2026-05-15 05:41:06,,,,,,,,,,,,,,,,,,,,,,,<p>Source: ACM Digital Library</p>,,,conference,,,,,,,,,,,,,,,,,,,,,,,,,,,,,,,,,,,,,,,,,,,,,,,,ACM,pass,,International Conference on Human Factors in Computing Systems,CORE(alias),A*,,Cat1 [Not VR / Out of Scope],Cat1 [Not VR / Out of Scope]::\baugmented reality\b | Cat1 [Not VR / Out of Scope]::\bmixed reality\b | Cat1 [Not VR / Out of Scope]::\bar\b | Cat1 [Not VR / Out of Scope]::\bmr\b
JU9Z9XAC,conferencePaper,2017,"Müller, Jens; Rädle, Roman; Reiterer, Harald",Remote Collaboration With Mixed Reality Displays,Proceedings of the 2017 CHI Conference on Human Factors in Computing Systems,,,10.1145/3025453.3025717,https://dl.acm.org/doi/10.1145/3025453.3025717,,2017,2026-05-15 05:42:06,2026-05-15 05:42:06,,,,,,,,,,,,,,,,,,,,,,,<p>Source: ACM Digital Library</p>,,,conference,,,,,,,,,,,,,,,,,,,,,,,,,,,,,,,,,,,,,,,,,,,,,,,,ACM,hold,要旨なしのため判定不能(フェイルセーフで保留),International Conference on Human Factors in Computing Systems,CORE(alias),A*,,Cat1 [Not VR / Out of Scope],Cat1 [Not VR / Out of Scope]::\bmixed reality\b
4RTM8HTA,conferencePaper,2025,"Wang, Lauren W.; Abtahi, Parastoo",GhostObjects: Instructing Robots by Manipulating Spatially Aligned Virtual Twins in Augmented Reality,Adjunct Proceedings of the 38th Annual ACM Symposium on User Interface Software and Technology,,,10.1145/3746058.3758451,https://dl.acm.org/doi/10.1145/3746058.3758451,,2025,2026-05-15 05:42:07,2026-05-15 05:42:07,,,,,,,,,,,,,,,,,,,,,,,<p>Source: ACM Digital Library</p>,,,conference,,,,,,,,,,,,,,,,,,,,,,,,,,,,,,,,,,,,,,,,,,,,,,,,ACM,hold,要旨なしのため判定不能(フェイルセーフで保留),ACM Symposium on User Interface Software and Technology,CORE,A*,,Cat1 [Not VR / Out of Scope],Cat1 [Not VR / Out of Scope]::\baugmented reality\b
TNTVIB2I,conferencePaper,2019,"Wang, Isaac; Smith, Jesse; Ruiz, Jaime",Exploring Virtual Agents for Augmented Reality,Proceedings of the 2019 CHI Conference on Human Factors in Computing Systems,,,10.1145/3290605.3300511,https://dl.acm.org/doi/10.1145/3290605.3300511,,2019,2026-05-15 05:42:38,2026-05-15 05:42:38,,,,,,,,,,,,,,,,,,,,,,,<p>Source: ACM Digital Library</p>,,,conference,,,,,,,,,,,,,,,,,,,,,,,,,,,,,,,,,,,,,,,,,,,,,,,,ACM,hold,要旨なしのため判定不能(フェイルセーフで保留),International Conference on Human Factors in Computing Systems,CORE(alias),A*,,Cat1 [Not VR / Out of Scope],Cat1 [Not VR / Out of Scope]::\baugmented reality\b
MQRYGYT7,conferencePaper,2020,"Ran, Xukan; Slocum, Carter; Tsai, Yi-Zhen; Apicharttrisorn, Kittipat; Gorlatova, Maria; Chen, Jiasi",Multi-user augmented reality with communication efficient and spatially consistent virtual objects,Proceedings of the 16th International Conference on emerging Networking EXperiments and Technologies,,,10.1145/3386367.3431312,https://dl.acm.org/doi/10.1145/3386367.3431312,,2020,2026-05-15 05:42:43,2026-05-15 05:42:43,,,,,,,,,,,,,,,,,,,,,,,<p>Source: ACM Digital Library</p>,,,conference,,,,,,,,,,,,,,,,,,,,,,,,,,,,,,,,,,,,,,,,,,,,,,,,ACM,hold,要旨なしのため判定不能(フェイルセーフで保留),ACM International Conference on Emerging Networking Experiments and Technologies,CORE,A,,Cat1 [Not VR / Out of Scope],Cat1 [Not VR / Out of Scope]::\baugmented reality\b
J8MNNCIE,conferencePaper,2016,"Müller, Jens; Rädle, Roman; Reiterer, Harald",Virtual Objects as Spatial Cues in Collaborative Mixed Reality Environments,Proceedings of the 2016 CHI Conference on Human Factors in Computing Systems,,,10.1145/2858036.2858043,https://dl.acm.org/doi/10.1145/2858036.2858043,,2016,2026-05-15 05:42:46,2026-05-15 05:42:46,,,,,,,,,,,,,,,,,,,,,,,<p>Source: ACM Digital Library</p>,,,conference,,,,,,,,,,,,,,,,,,,,,,,,,,,,,,,,,,,,,,,,,,,,,,,,ACM,hold,要旨なしのため判定不能(フェイルセーフで保留),International Conference on Human Factors in Computing Systems,CORE(alias),A*,,Cat1 [Not VR / Out of Scope],Cat1 [Not VR / Out of Scope]::\bmixed reality\b
I4938IAB,conferencePaper,2021,"Liang, Wei; Yu, Xinzhe; Alghofaili, Rawan; Lang, Yining; Yu, Lap-Fai",Scene-Aware Behavior Synthesis for Virtual Pets in Mixed Reality,Proceedings of the 2021 CHI Conference on Human Factors in Computing Systems,,,10.1145/3411764.3445532,https://dl.acm.org/doi/10.1145/3411764.3445532,,2021,2026-05-15 05:42:46,2026-05-15 05:42:46,,,,,,,,,,,,,,,,,,,,,,,<p>Source: ACM Digital Library</p>,,,conference,,,,,,,,,,,,,,,,,,,,,,,,,,,,,,,,,,,,,,,,,,,,,,,,ACM,hold,要旨なしのため判定不能(フェイルセーフで保留),International Conference on Human Factors in Computing Systems,CORE(alias),A*,,Cat1 [Not VR / Out of Scope],Cat1 [Not VR / Out of Scope]::\bmixed reality\b
YBC933HI,conferencePaper,2020,"Mostajeran, Fariba; Steinicke, Frank; Nunez, Oscar Javier Ariza; Gatsios, Dimitrios; Fotiadis, Dimitrios",Augmented Reality for Older Adults: Exploring Acceptability of Virtual Coaches for Home-based Balance Training in an Aging Population,Proceedings of the 2020 CHI Conference on Human Factors in Computing Systems,,,10.1145/3313831.3376565,https://dl.acm.org/doi/10.1145/3313831.3376565,,2020,2026-05-15 05:42:48,2026-05-15 05:42:48,,,,,,,,,,,,,,,,,,,,,,,<p>Source: ACM Digital Library</p>,,,conference,,,,,,,,,,,,,,,,,,,,,,,,,,,,,,,,,,,,,,,,,,,,,,,,ACM,hold,要旨なしのため判定不能(フェイルセーフで保留),International Conference on Human Factors in Computing Systems,CORE(alias),A*,,Cat1 [Not VR / Out of Scope],Cat1 [Not VR / Out of Scope]::\baugmented reality\b
5K7NBXFW,conferencePaper,2021,"Cheng, Yifei; Yan, Yukang; Yi, Xin; Shi, Yuanchun; Lindlbauer, David",SemanticAdapt: Optimization-based Adaptation of Mixed Reality Layouts Leveraging Virtual-Physical Semantic Connections,The 34th Annual ACM Symposium on User Interface Software and Technology,,,10.1145/3472749.3474750,https://dl.acm.org/doi/10.1145/3472749.3474750,,2021,2026-05-15 05:42:52,2026-05-15 05:42:52,,,,,,,,,,,,,,,,,,,,,,,<p>Source: ACM Digital Library</p>,,,conference,,,,,,,,,,,,,,,,,,,,,,,,,,,,,,,,,,,,,,,,,,,,,,,,ACM,hold,要旨なしのため判定不能(フェイルセーフで保留),ACM Symposium on User Interface Software and Technology,CORE,A*,,Cat1 [Not VR / Out of Scope],Cat1 [Not VR / Out of Scope]::\bmixed reality\b
GUQXEQH3,conferencePaper,2024,"Walker, Michael E.; Gramopadhye, Maitrey; Ikeda, Bryce; Burns, Jack; Szafir, Daniel",The Cyber-Physical Control Room: A Mixed Reality Interface for Mobile Robot Teleoperation and Human-Robot Teaming,Proceedings of the 2024 ACM/IEEE International Conference on Human-Robot Interaction,,,10.1145/3610977.3634981,https://dl.acm.org/doi/10.1145/3610977.3634981,,2024,2026-05-15 05:42:54,2026-05-15 05:42:54,,,,,,,,,,,,,,,,,,,,,,,<p>Source: ACM Digital Library</p>,,,conference,,,,,,,,,,,,,,,,,,,,,,,,,,,,,,,,,,,,,,,,,,,,,,,,ACM,hold,要旨なしのため判定不能(フェイルセーフで保留),ACM/IEEE International Conference on Human-Robot Interaction,CORE,A*,,Cat1 [Not VR / Out of Scope],Cat1 [Not VR / Out of Scope]::\bmixed reality\b
IPB46MXA,conferencePaper,2019,"Piumsomboon, Thammathip; Lee, Gun A.; Irlitti, Andrew; Ens, Barrett; Thomas, Bruce H.; Billinghurst, Mark",On the Shoulder of the Giant,Proceedings of the 2019 CHI Conference on Human Factors in Computing Systems,,,10.1145/3290605.3300458,https://dl.acm.org/doi/10.1145/3290605.3300458,"We propose a multi-scale Mixed Reality (MR) collaboration between the Giant, a local Augmented Reality user, and the Miniature, a remote Virtual Reality user, in Giant-Miniature Collaboration (GMC). The Miniature is immersed in a 360-video shared by the Giant who can physically manipulate the Miniature through a tangible interface, a combined 360-camera with a 6 DOF tracker. We implemented a prototype system as a proof of concept and conducted a user study (n=24) comprising of four parts comparing: A) two types of virtual representations, B) three levels of Miniature control, C) three levels of 360-video view dependencies, and D) four 360-camera placement positions on the Giant. The results show users prefer a shoulder mounted camera view, while a view frustum with a complimentary avatar is a good visualization for the Miniature virtual representation. From the results, we give design recommendations and demonstrate an example Giant-Miniature Interaction. © 2019 Association for Computing Machinery.",2019,2026-05-15 05:42:54,2026-05-15 05:42:54,,,,,,,,,,,,,,,,,,,,,,,<p>Source: ACM Digital Library</p>,,,conference,,,,,,,,,,,,,,,,,,,,,,,,,,,,,,,,,,,,,,,,,,,,,,,,ACM,pass,,International Conference on Human Factors in Computing Systems,CORE(alias),A*,,Cat1 [Not VR / Out of Scope],Cat1 [Not VR / Out of Scope]::\baugmented reality\b | Cat1 [Not VR / Out of Scope]::\bmixed reality\b | Cat1 [Not VR / Out of Scope]::\bmr\b | Cat1 [Not VR / Out of Scope]::\b360[- ]?(?:degree[s]?\s+)?video\b
4Q97XL4C,conferencePaper,2022,"Kaimoto, Hiroki; Monteiro, Kyzyl; Faridan, Mehrad; Li, Jiatong; Farajian, Samin; Kakehi, Yasuaki; Nakagaki, Ken; Suzuki, Ryo",Sketched Reality: Sketching Bi-Directional Interactions Between Virtual and Physical Worlds with AR and Actuated Tangible UI,Proceedings of the 35th Annual ACM Symposium on User Interface Software and Technology,,,10.1145/3526113.3545626,https://dl.acm.org/doi/10.1145/3526113.3545626,,2022,2026-05-15 05:42:57,2026-05-15 05:42:57,,,,,,,,,,,,,,,,,,,,,,,<p>Source: ACM Digital Library</p>,,,conference,,,,,,,,,,,,,,,,,,,,,,,,,,,,,,,,,,,,,,,,,,,,,,,,ACM,hold,要旨なしのため判定不能(フェイルセーフで保留),ACM Symposium on User Interface Software and Technology,CORE,A*,,Cat1 [Not VR / Out of Scope],Cat1 [Not VR / Out of Scope]::\bar\b
9F9UJRBE,conferencePaper,2025,"Park, JunSeo; Yang, Yechan; Kim, Gerard Jounghyun; Kim, Hanseob",The Impact of Observer Presence on Trainees' Mental States and Performance in Remote Military Training with Virtual Humans in Mixed Reality Environment,Proceedings of the 2025 CHI Conference on Human Factors in Computing Systems,,,10.1145/3706598.3713515,https://dl.acm.org/doi/10.1145/3706598.3713515,,2025,2026-05-15 05:42:58,2026-05-15 05:42:58,,,,,,,,,,,,,,,,,,,,,,,<p>Source: ACM Digital Library</p>,,,conference,,,,,,,,,,,,,,,,,,,,,,,,,,,,,,,,,,,,,,,,,,,,,,,,ACM,hold,要旨なしのため判定不能(フェイルセーフで保留),International Conference on Human Factors in Computing Systems,CORE(alias),A*,,Cat1 [Not VR / Out of Scope],Cat1 [Not VR / Out of Scope]::\bmixed reality\b
N7DVAAHZ,conferencePaper,2022,"Sun, Wenxin; Huang, Mengjie; Wu, Chenxin; Yang, Rui",Exploring Virtual Object Translation in Head-Mounted Augmented Reality for Upper Limb Motor Rehabilitation with Motor Performance and Eye Movement Characteristics,Adjunct Proceedings of the 35th Annual ACM Symposium on User Interface Software and Technology,,,10.1145/3526114.3558734,https://dl.acm.org/doi/10.1145/3526114.3558734,,2022,2026-05-15 05:42:59,2026-05-15 05:42:59,,,,,,,,,,,,,,,,,,,,,,,<p>Source: ACM Digital Library</p>,,,conference,,,,,,,,,,,,,,,,,,,,,,,,,,,,,,,,,,,,,,,,,,,,,,,,ACM,hold,要旨なしのため判定不能(フェイルセーフで保留),ACM Symposium on User Interface Software and Technology,CORE,A*,,Cat1 [Not VR / Out of Scope] | Cat3 [Clinical / Medical],Cat1 [Not VR / Out of Scope]::\baugmented reality\b | Cat3 [Clinical / Medical]::\brehabilitation\b
NYWUIKMS,conferencePaper,2023,"Zhang, Tianfang; Ye, Zhengkun; Mahdad, Ahmed Tanvir; Akanda, Md Mojibur Rahman Redoy; Shi, Cong; Wang, Yan; Saxena, Nitesh; Chen, Yingying",FaceReader: Unobtrusively mining vital signs and vital sign embedded sensitive info via AR/VR motion sensors,Proceedings of the 2023 ACM SIGSAC conference on computer and communications security,979-8-4007-0050-7,,10.1145/3576915.3623102,https://doi.org/10.1145/3576915.3623102,"The market size of augmented reality and virtual reality (AR/VR) has been expanding rapidly in recent years, with the use of face-mounted headsets extending beyond gaming to various application sectors, such as education, healthcare, and the military. Despite the rapid growth, the understanding of information leakage through sensor-rich headsets remains in its infancy. Some of the headset's built-in sensors do not require users' permission to access, and any apps and websites can acquire their readings. While these unrestricted sensors are generally considered free of privacy risks, we find that an adversary could uncover private information by scrutinizing sensor readings, making existing AR/VR apps and websites potential eavesdroppers. In this work, we investigate a novel, unobtrusive privacy attack called FaceReader, which reconstructs high-quality vital sign signals (breathing and heartbeat patterns) based on unrestricted AR/VR motion sensors. FaceReader is built on the key insight that the headset is closely mounted on the user's face, allowing the motion sensors to detect subtle facial vibrations produced by users' breathing and heartbeats. Based on the reconstructed vital signs, we further investigate three more advanced attacks, including gender recognition, user re-identification, and body fat ratio estimation. Such attacks pose severe privacy concerns, as an adversary may obtain users' sensitive demographic/physiological traits and potentially uncover their real-world identities. Compared to prior privacy attacks relying on speeches and activities, FaceReader targets spontaneous breathing and heartbeat activities that are naturally produced by the human body and are unobtrusive to victims. In particular, we design an adaptive filter to dynamically mitigate the impacts of body motions. We further employ advanced deep-learning techniques to reconstruct vital sign signals, achieving signal qualities comparable to those of dedicated medical instruments, as well as deriving sensitive gender, identity, and body fat information. We conduct extensive experiments involving 35 users on three types of mainstream AR/VR headsets across 3 months. The results reveal that FaceReader can reconstruct vital signs with low mean errors and accurately detect gender (over 93.33%). The attack can also link/re-identify users across different apps, websites, and longitudinal sessions with over 97.83% accuracy. Furthermore, we present the first successful attempt at revealing body fat information from motion sensor data, achieving a remarkably low estimation error of 4.43%. © 2023 Copyright held by the owner/author(s). Publication rights licensed to ACM.",2023,2026-08-03 14:41:43,2026-08-03 14:41:43,,446–459,,,,,,,Ccs '23,,,,Association for Computing Machinery,"Copenhagen, Denmark",,,,,,,,"Number of pages: 14 tex.address: New York, NY, USA",,,,ar/vr headsets; motion sensors; sensitive info; vital sign,,,,,,,,,,,,,,,,,,,,,,,,,,,,,,,,,,,,,,,,,,,,,,,,ACM(wave2),pass,,ACM Conference on Computer and Communications Security,CORE,A*,,Cat1 [Not VR / Out of Scope],Cat1 [Not VR / Out of Scope]::\baugmented reality\b | Cat1 [Not VR / Out of Scope]::\bar\b
EBQJ98Q5,conferencePaper,2019,"Moll, Philipp; Leibetseder, Andreas; Kletz, Sabrina; Lux, Mathias; Muenzer, Bernd",Alternative inputs for games and AR/VR applications: deep headbanging on the web,Proceedings of the 10th ACM multimedia systems conference,978-1-4503-6297-9,,10.1145/3304109.3323832,https://doi.org/10.1145/3304109.3323832,,2019,2026-08-03 14:42:38,2026-08-03 14:42:38,,320–323,,,,,,,MMSys '19,,,,Association for Computing Machinery,"Amherst, Massachusetts",,,,,,,,"Number of pages: 4 tex.address: New York, NY, USA",,,,deep learning; rhythm games; alternative inputs,,,,,,,,,,,,,,,,,,,,,,,,,,,,,,,,,,,,,,,,,,,,,,,,ACM(wave2),hold,要旨なしのため判定不能(フェイルセーフで保留),ACM Multimedia Systems Conference,CORE,A,,Cat1 [Not VR / Out of Scope],Cat1 [Not VR / Out of Scope]::\bar\b
ZDR9P29W,journalArticle,1997,"Greenleaf, Walter J.",Applying VR to physical medicine and rehabilitation,Communications of The Acm,,0001-0782,10.1145/257874.257883,https://doi.org/10.1145/257874.257883,,1997-08,2026-08-03 14:43:50,2026-08-03 14:43:50,,42–46,,8,40,,Commun. ACM,,,,,,Association for Computing Machinery,"New York, NY, USA",,,,,,,,Number of pages: 5 tex.issue_date: Aug. 1997,,,,,,,,,,,,,,,,,,,,,,,,,,,,,,,,,,,,,,,,,,,,,,,,,,,,ACM(wave2),hold,要旨なしのため判定不能(フェイルセーフで保留),Communications of the ACM,SJR,,Q1,Cat3 [Clinical / Medical],Cat3 [Clinical / Medical]::\brehabilitation\b
G5G6V9IY,journalArticle,2026,"Lee, Sunmin; Rempe, Davis; Jiang, Yifeng; Zhang, Haotian; Wang, Tingwu; Won, Jungdam; Peng, Xue Bin",DMP: Directable motion retargeting through motion paraphrasing,ACM Trans. Graph.,,0730-0301,10.1145/3829359,https://doi.org/10.1145/3829359,"Creating diverse and realistic human motions is a fundamental cornerstone of computer animation, with numerous applications in games, movies, and AR/VR. While motion capture is a valuable tool for capturing motions across varied body sizes, obtaining unique motion data for a variety of characters is often prohibitively expensive. Motion retargeting addresses this limitation by adapting existing motions to different character morphologies, however, existing approaches often involve trade-offs between motion realism, user control, and adaptability to artistic needs. In this work, we propose Directable Motion Paraphrasing (DMP), a novel motion retargeting framework based on the concept of motion paraphrasing, analogous to text paraphrasing, where the core semantics of a motion are preserved while allowing expressive, user-directed variations. Our framework constructs a large-scale motion paraphrasing dataset, which captures the diversity of human motion across different body shapes, and trains a diffusion-based generative model that learns both invariances and variations in motion. To enable user control during inference, we introduce a flexible mechanism for specifying spatio-temporal constraints, such as joint positions, rotations, and object interactions, which can be incorporated into the generative process through masked inpainting and loss guidance. We demonstrate the effectiveness of our framework through various examples, showing its ability to produce realistic, diverse, and controllable retargeted motions that meet the artistic demands of animation pipelines. Extensive experiments demonstrate the system’s flexibility, motion plausibility, and directability, highlighting its potential as a tool for intuitive and high-quality motion retargeting.",2026-07,2026-08-03 14:43:58,2026-08-03 14:43:58,,,,,,,,,,,,,Association for Computing Machinery,"New York, NY, USA",,,,,,,,,Just Accepted,,,Motion Retargeting; Character Animation; Conditional Motion Generation,,,,,,,,,,,,,,,,,,,,,,,,,,,,,,,,,,,,,,,,,,,,,,,,ACM(wave2),pass,,ACM Transactions on Graphics,SJR,,Q1,Cat1 [Not VR / Out of Scope],Cat1 [Not VR / Out of Scope]::\bar\b
TPMA8PAX,journalArticle,2025,"Bai, Shaojie; Seo, Seunghyeon; Wang, Yida; Li, Chenghui; Wang, Owen; Wang, Te-Li; Ma, Tianyang; Saragih, Jason; Wei, Shih-En; Kwak, Nojun; Kim, Hyung Jun(John)",Generative head-mounted camera captures for photorealistic avatars,ACM Trans. Graph.,,0730-0301,10.1145/3763300,https://doi.org/10.1145/3763300,"Enabling photorealistic avatar animations in virtual and augmented reality (VR/AR) has been challenging because of the difficulty of obtaining ground truth state of faces. It is physically impossible to obtain synchronized images from head-mounted cameras (HMC) sensing input, which has partial observations in infrared (IR), and an array of outside-in dome cameras, which have full observations that match avatars' appearance. Prior works relying on analysis-by-synthesis methods could generate accurate ground truth, but suffer from imperfect disentanglement between expression and style in their personalized training. The reliance of extensive paired captures (HMC and dome) for the same subject makes it operationally expensive to collect large-scale datasets, which cannot be reused for different HMC viewpoints and lighting. In this work, we propose a novel generative approach, Generative HMC (GenHMC), that leverages large unpaired HMC captures, which are much easier to collect, to directly generate high-quality synthetic HMC images given any conditioning avatar state from dome captures. We show that our method is able to properly disentangle the input conditioning signal that specifies facial expression and viewpoint, from facial appearance, leading to more accurate ground truth. Furthermore, our method can generalize to unseen identities, removing the reliance on the paired captures. We demonstrate these breakthroughs by both evaluating synthetic HMC images and universal face encoders trained from these new HMC-avatar correspondences, which achieve better data efficiency and state-of-the-art accuracy. © 2025 Copyright held by the owner/author(s).",2025-12,2026-08-03 14:44:04,2026-08-03 14:44:04,,,,6,44,,,,,,,,Association for Computing Machinery,"New York, NY, USA",,,,,,,,Number of pages: 12 tex.articleno: 189 tex.issue_date: December 2025,,,,diffusion models; synthetic data; digital human; real-time 3D facial animation,,,,,,,,,,,,,,,,,,,,,,,,,,,,,,,,,,,,,,,,,,,,,,,,ACM(wave2),pass,,ACM Transactions on Graphics,SJR,,Q1,Cat1 [Not VR / Out of Scope],Cat1 [Not VR / Out of Scope]::\baugmented reality\b | Cat1 [Not VR / Out of Scope]::\bar\b
2FZRX7ME,journalArticle,2024,"Xiu, Yuliang; Ye, Yufei; Liu, Zhen; Tzionas, Dimitris; Black, Michael J.",PuzzleAvatar: Assembling 3D avatars from personal albums,ACM Trans. Graph.,,0730-0301,10.1145/3687771,https://doi.org/10.1145/3687771,"Generating personalized 3D avatars is crucial for AR/VR. However, recent text-to-3D methods that generate avatars for celebrities or fictional characters, struggle with everyday people. Methods for faithful reconstruction typically require full-body images in controlled settings. What if users could just upload their personal ""OOTD"" (Outfit Of The Day) photo collection and get a faithful avatar in return? The challenge is that such casual photo collections contain diverse poses, challenging viewpoints, cropped views, and occlusion (albeit with a consistent outfit, accessories and hairstyle). We address this novel ""Album2Human"" task by developing PuzzleAvatar, a novel model that generates a faithful 3D avatar (in a canonical pose) from a personal OOTD album, bypassing the challenging estimation of body and camera pose. To this end, we fine-tune a foundational vision-language model (VLM) on such photos, encoding the appearance, identity, garments, hairstyles, and accessories of a person into separate learned tokens, instilling these cues into the VLM. In effect, we exploit the learned tokens as ""puzzle pieces"" from which we assemble a faithful, personalized 3D avatar. Importantly, we can customize avatars by simply inter-changing tokens. As a benchmark for this new task, we create a new dataset, called PuzzleIOI, with 41 subjects in a total of nearly 1k OOTD configurations, in challenging partial photos with paired ground-truth 3D bodies. Evaluation shows that PuzzleAvatar not only has high reconstruction accuracy, outperforming TeCH and MVDreamBooth, but also a unique scalability to album photos, and demonstrating strong robustness. Our code and data are publicly available for research purpose at puzzleavatar.is.tue.mpg.de",2024-11,2026-08-03 14:44:20,2026-08-03 14:44:20,,,,6,43,,,,,,,,Association for Computing Machinery,"New York, NY, USA",,,,,,,,Number of pages: 15 tex.articleno: 283 tex.issue_date: December 2024,,,,image-based modeling; digital human; text-guided 3d generation; text-to-image diffusion model,,,,,,,,,,,,,,,,,,,,,,,,,,,,,,,,,,,,,,,,,,,,,,,,ACM(wave2),pass,,ACM Transactions on Graphics,SJR,,Q1,Cat1 [Not VR / Out of Scope],Cat1 [Not VR / Out of Scope]::\bar\b
LM8RZQ4D,journalArticle,2023,"Li, Jiaman; Wu, Jiajun; Liu, C. Karen",Object motion guided human motion synthesis,ACM Trans. Graph.,,0730-0301,10.1145/3618333,https://doi.org/10.1145/3618333,"Modeling human behaviors in contextual environments has a wide range of applications in character animation, embodied AI, VR/AR, and robotics. In real-world scenarios, humans frequently interact with the environment and manipulate various objects to complete daily tasks. In this work, we study the problem of full-body human motion synthesis for the manipulation of large-sized objects. We propose Object MOtion guided human MOtion synthesis (OMOMO), a conditional diffusion framework that can generate full-body manipulation behaviors from only the object motion. Since naively applying diffusion models fails to precisely enforce contact constraints between the hands and the object, OMOMO learns two separate denoising processes to first predict hand positions from object motion and subsequently synthesize full-body poses based on the predicted hand positions. By employing the hand positions as an intermediate representation between the two denoising processes, we can explicitly enforce contact constraints, resulting in more physically plausible manipulation motions. With the learned model, we develop a novel system that captures full-body human manipulation motions by simply attaching a smartphone to the object being manipulated. Through extensive experiments, we demonstrate the effectiveness of our proposed pipeline and its ability to generalize to unseen objects. Additionally, as high-quality human-object interaction datasets are scarce, we collect a large-scale dataset consisting of 3D object geometry, object motion, and human motion. Our dataset contains human-object interaction motion for 15 objects, with a total duration of approximately 10 hours. © 2023 Copyright held by the owner/author(s).",2023-12,2026-08-03 14:44:39,2026-08-03 14:44:39,,,,6,42,,,,,,,,Association for Computing Machinery,"New York, NY, USA",,,,,,,,Number of pages: 11 tex.articleno: 197 tex.issue_date: December 2023,,,,animation; contact; conditional diffusion model; human-object interaction,,,,,,,,,,,,,,,,,,,,,,,,,,,,,,,,,,,,,,,,,,,,,,,,ACM(wave2),pass,,ACM Transactions on Graphics,SJR,,Q1,Cat1 [Not VR / Out of Scope],Cat1 [Not VR / Out of Scope]::\bar\b | Cat1 [Not VR / Out of Scope]::\bsmartphone\b
8UYE88FL,conferencePaper,2023,"Luo, Yiyue; Zhu, Junyi; Wu, Kui; Honnet, Cedric; Mueller, Stefanie; Matusik, Wojciech",MagKnitic: Machine-knitted passive and interactive haptic textiles with integrated binary sensing,Proceedings of the 36th annual ACM symposium on user interface software and technology,979-8-4007-0132-0,,10.1145/3586183.3606765,https://doi.org/10.1145/3586183.3606765,"In this paper, we introduce MagKnitic, a novel approach to integrate passive force feedback and binary sensing into fabrics via digital machine knitting. Our approach utilizes digital fabrication technology to enable haptic interfaces that are soft, flexible, lightweight, and conform to the user's body shape. Despite these characteristics, our interfaces provide diverse, interactive, and responsive force feedback, expanding the design space for haptic experiences.MagKnitic provides scalable and customizable passive haptic sensations by utilizing the attractive force between ferromagnetic yarns and permanent magnets, both of which are seamlessly integrated into knitted fabrics. Moreover, we present a binary sensing capability based on the resistance drop resulting from the activated electrical path between the integrated magnets and ferromagnetic yarn upon direct contact. We offer parametric design templates for users to customize MagKnitic layouts and patterns. With various design layouts and combinations, MagKnitic supports passive haptics interactions of linear, polar, angular, planar, radial, and user-defined motions. We perform a technical evaluation of the passive force feedback and the binary sensing capabilities with different machine knitting layouts and patterns, embedded magnet sizes, and interaction distances. In addition, we conduct two user studies to validate the effectiveness of MagKnitic. Finally, we demonstrate various application scenarios, including wearable input interfaces, game controllers, passive VR/AR wearables, and interactive furniture coverings. © 2023 Owner/Author.",2023,2026-08-03 14:44:39,2026-08-03 14:44:39,,,,,,,,,Uist '23,,,,Association for Computing Machinery,"San Francisco, CA, USA",,,,,,,,"Number of pages: 13 tex.address: New York, NY, USA tex.articleno: 66",,,,Passive Haptics; eTextiles; Machine knitting; Personal Fabrication; Rapid Function Prototyping,,,,,,,,,,,,,,,,,,,,,,,,,,,,,,,,,,,,,,,,,,,,,,,,ACM(wave2),pass,,ACM Symposium on User Interface Software and Technology,CORE,A*,,Cat1 [Not VR / Out of Scope],Cat1 [Not VR / Out of Scope]::\bar\b
DXHEPDLR,conferencePaper,2021,"Villanueva, Ana M; Liu, Ziyi; Zhu, Zhengzhe; Du, Xin; Huang, Joey; Peppler, Kylie A; Ramani, Karthik",RobotAR: An augmented reality compatible teleconsulting robotics toolkit for augmented makerspace experiences,Proceedings of the 2021 CHI conference on human factors in computing systems,978-1-4503-8096-6,,10.1145/3411764.3445726,https://doi.org/10.1145/3411764.3445726,"Distance learning is facing a critical moment finding a balance between high quality education for remote students and engaging them in hands-on learning. This is particularly relevant for project-based classrooms and makerspaces, which typically require extensive trouble-shooting and example demonstrations from instructors. We present RobotAR, a teleconsulting robotics toolkit for creating Augmented Reality (AR) makerspaces. We present the hardware and software for an AR-compatible robot, which behaves as a student’s voice assistant and can be embodied by the instructor for teleconsultation. As a desktop-based teleconsulting agent, the instructor has control of the robot’s joints and position to better focus on areas of interest inside the workspace. Similarly, the instructor has access to the student’s virtual environment and the capability to create AR content to aid the student with problem-solving. We also performed a user study which compares current techniques for distance hands-on learning and an implementation of our toolkit.",2021,2026-08-03 14:44:54,2026-08-03 14:44:54,,,,,,,,,Chi '21,,,,Association for Computing Machinery,"Yokohama, Japan",,,,,,,,"Number of pages: 13 tex.address: New York, NY, USA tex.articleno: 477",,,,augmented reality; robot; robotics; voice; teleconsulting; makerspaces,,,,,,,,,,,,,,,,,,,,,,,,,,,,,,,,,,,,,,,,,,,,,,,,ACM(wave2),pass,,International Conference on Human Factors in Computing Systems,CORE(alias),A*,,Cat1 [Not VR / Out of Scope],Cat1 [Not VR / Out of Scope]::\baugmented reality\b | Cat1 [Not VR / Out of Scope]::\bar\b
H4LUT8GK,journalArticle,2021,"Gong, Jian; Zhang, Xinyu; Huang, Yuanjun; Ren, Ju; Zhang, Yaoxue",Robust inertial motion tracking through deep sensor fusion across smart earbuds and smartphone,Proc. ACM Interact. Mob. Wearable Ubiquitous Technol.,,24749567,10.1145/3463517,https://doi.org/10.1145/3463517,"IMU based inertial tracking plays an indispensable role in many mobility centric tasks, such as robotic control, indoor navigation and virtual reality gaming. Despite its mature application in rigid machine mobility (e.g., robot and aircraft), tracking human users via mobile devices remains a fundamental challenge due to the intractable gait/posture patterns. Recent data-driven models have tackled sensor drifting, one key issue that plagues inertial tracking. However, these systems still assume the devices are held or attached to the user body with a relatively fixed posture. In practice, natural body activities may rotate/translate the device which may be mistaken as whole body movement. Such motion artifacts remain as the dominating factor that fails existing inertial tracing systems in practical uncontrolled settings. Inspired by the observation that human heads induces far less intensive movement relative to the body during walking, compared to other parts, we propose a novel multi-stage sensor fusion pipeline called DeepIT, which realizes inertial tracking by synthesizing the IMU measurements from a smartphone and an associated earbud. DeepIT introduces a data-driven reliability aware attention model, which assesses the reliability of each IMU and opportunistically synthesizes their data to mitigate the impacts of motion noise. Furthermore, DeepIT uses a reliability aware magnetometer compensation scheme to combat the angular drifting problem caused by unrestricted motion artifacts. We validate DeepIT on the first large-scale inertial navigation dataset involving both smartphone and earbud IMUs. The evaluation results show that DeepIT achieves multiple folds of accuracy improvement on the challenging uncontrolled natural walking scenarios, compared with state-of-the-art closed-form and data-driven models. © 2021 ACM.",2021-06,2026-08-03 14:44:54,2026-08-03 14:44:54,,,,2,5,,,,,,,,Association for Computing Machinery,"New York, NY, USA",,,,,,,,Number of pages: 26 tex.articleno: 62 tex.issue_date: June 2021,,,,smartphone; sensor fusion; deep learning; smart earbuds,,,,,,,,,,,,,,,,,,,,,,,,,,,,,,,,,,,,,,,,,,,,,,,,ACM(wave2),pass,,"Proceedings of the ACM on Interactive, Mobile, Wearable and Ubiquitous Technologies",SJR,,Q1,Cat1 [Not VR / Out of Scope],Cat1 [Not VR / Out of Scope]::\bsmartphone\b
VDXBK9XQ,conferencePaper,2018,"Withana, Anusha; Groeger, Daniel; Steimle, Jürgen",Tacttoo: a thin and feel-through tattoo for on-skin tactile output,Proceedings of the 31st annual ACM symposium on user interface software and technology,978-1-4503-5948-1,,10.1145/3242587.3242645,https://doi.org/10.1145/3242587.3242645,"This paper introduces Tacttoo, a feel-through interface for electro-tactile output on the user's skin. Integrated in a temporary tattoo with a thin and conformal form factor, it can be applied on complex body geometries, including the fingertip, and is scalable to various body locations. At less than 35µm in thickness, it is the thinnest tactile interface for wearable computing to date. Our results show that Tacttoo retains the natural tactile acuity similar to bare skin while delivering high-density tactile output. We present the fabrication of customized Tacttoo tattoos using DIY tools and contribute a mechanism for consistent electro-tactile operation on the skin. Moreover, we explore new interactive scenarios that are enabled by Tacttoo. Applications in tactile augmented reality and on-skin interaction benefit from a seamless augmentation of real-world tactile cues with computer-generated stimuli. Applications in virtual reality and private notifications benefit from high-density output in an ergonomic form factor. Results from two psychophysical studies and a technical evaluation demonstrate Tacttoo's functionality, feel-through properties and durability.",2018,2026-08-03 14:45:04,2026-08-03 14:45:04,,365–378,,,,,,,Uist '18,,,,Association for Computing Machinery,"Berlin, Germany",,,,,,,,"Number of pages: 14 tex.address: New York, NY, USA",,,,fabrication; wearable computing; on-body interaction; tactile display; electro-tactile; printed electronics; skin; tattoo,,,,,,,,,,,,,,,,,,,,,,,,,,,,,,,,,,,,,,,,,,,,,,,,ACM(wave2),pass,,ACM Symposium on User Interface Software and Technology,CORE,A*,,Cat1 [Not VR / Out of Scope],Cat1 [Not VR / Out of Scope]::\baugmented reality\b
KQUQDC4A,conferencePaper,2019,"Walker, Michael E.; Szafir, Daniel; Rae, Irene",The influence of size in augmented reality telepresence avatars,2019 IEEE conference on virtual reality and 3D user interfaces (VR),,2642-5254,10.1109/VR.2019.8798152,,"In this work, we explore how advances in augmented reality technologies are creating a new design space for long-distance telepres-ence communication through virtual avatars. Studies have shown that the relative size of a speaker has a significant impact on many aspects of human communication including perceived dominance and persuasiveness. Our system synchronizes the body pose of a remote user with a realistic, virtual human avatar visible to a local user wearing an augmented reality head-mounted display. We conducted a two-by-two (relative system size: Equivalent vs. small; leader vs. follower), between participants study (N = 40) to investigate the effect of avatar size on the interactions between remote and local user. We found the equal-sized avatars to be significantly more influential than the small-sized avatars and that the small avatars commanded significantly less attention than the equal-sized avatars. Additionally, we found the assigned leadership role to significantly impact participant subjective satisfaction of the task outcome.",2019-03,2025-12-25 01:55:46,2026-05-15 05:27:21,,538-546,,,,,,,,,,,,,,,,,,,,,,,notion://www.notion.so/Walker-et-al-2019-361fa7e7d32f81d495cbf6f5a1cecbd5,mixed reality; augmented reality; notion; Avatars; Telepresence; Augmented reality; Collaboration; Human-centered computing; avatar size; avatar telepresence systems; avatar-mediated communication; human-avatar interaction; Leadership; Robots; scenario-based design; team role,,,,,,,,,,,,,,,,,,,,,,,,,,,,,,,,,,,,,,,,,,,,,,,,IEEE,pass,,IEEE Conference on Virtual Reality and 3D User Interfaces,CORE(alias),A*,,Cat1 [Not VR / Out of Scope],Cat1 [Not VR / Out of Scope]::\baugmented reality\b
UBYM55SY,journalArticle,2024,"Chen, Yu-Chih; Saha, Avinab; Chapiro, Alexandre; Häne, Christian; Bazin, Jean-Charles; Qiu, Bo; Zanetti, Stefano; Katsavounidis, Ioannis; Bovik, Alan C.",Subjective and objective quality assessment of rendered human avatar videos in virtual reality,IEEE Transactions on Image Processing,,1941-0042,10.1109/TIP.2024.3468881,,"We study the visual quality judgments of human subjects on digital human avatars (sometimes referred to as 'holograms' in the parlance of virtual reality [VR] and augmented reality [AR] systems) that have been subjected to distortions. We also study the ability of video quality models to predict human judgments. As streaming human avatar videos in VR or AR become increasingly common, the need for more advanced human avatar video compression protocols will be required to address the tradeoffs between faithfully transmitting high-quality visual representations while adjusting to changeable bandwidth scenarios. During transmission over the internet, the perceived quality of compressed human avatar videos can be severely impaired by visual artifacts. To optimize trade-offs between perceptual quality and data volume in practical workflows, video quality assessment (VQA) models are essential tools. However, there are very few VQA algorithms developed specifically to analyze human body avatar videos, due, at least in part, to the dearth of appropriate and comprehensive datasets of adequate size. Towards filling this gap, we introduce the LIVE-Meta Rendered Human Avatar VQA Database, which contains 720 human avatar videos processed using 20 different combinations of encoding parameters, labeled by corresponding human perceptual quality judgments that were collected in six degrees of freedom VR headsets. To demonstrate the usefulness of this new and unique video resource, we use it to study and compare the performances of a variety of state-of-the-art Full Reference and No Reference video quality prediction models, including a new model called HoloQA. As a service to the research community, we publicly releases the metadata of the new database at https://live.ece.utexas.edu/research/LIVE-Meta-rendered-human-avatar/index.html. © 2024 IEEE.",2024,2025-12-25 01:55:47,2025-12-25 04:24:21,,5740-5754,,,33,,,,,,,,,,,,,,,,,,,,notion://www.notion.so/Chen-et-al-2024-33efa7e7d32f81559667e5432ed510a8,Virtual reality; notion; Avatars; Visualization; Three-dimensional displays; Solid modeling; Videos; 3D mesh; Databases; human avatar video; Image coding; Monitoring; Predictive models; Quality assessment; six degrees of freedom; video quality assessment,,,,,,,,,,,,,,,,,,,,,,,,,,,,,,,,,,,,,,,,,,,,,,,,IEEE,pass,,IEEE Transactions on Image Processing,SJR,,Q1,Cat1 [Not VR / Out of Scope],Cat1 [Not VR / Out of Scope]::\baugmented reality\b | Cat1 [Not VR / Out of Scope]::\bar\b
6X75UZKY,journalArticle,2018,"Piumsomboon, Thammathip; Lee, Gun A.; Ens, Barrett; Thomas, Bruce H.; Billinghurst, Mark",Superman vs giant: a study on spatial perception for a multi-scale mixed reality flying telepresence interface,IEEE Transactions on Visualization and Computer Graphics,,1941-0506,10.1109/TVCG.2018.2868594,,"The advancements in Mixed Reality (MR), Unmanned Aerial Vehicle, and multi-scale collaborative virtual environments have led to new interface opportunities for remote collaboration. This paper explores a novel concept of flying telepresence for multi-scale mixed reality remote collaboration. This work could enable remote collaboration at a larger scale such as building construction. We conducted a user study with three experiments. The first experiment compared two interfaces, static and dynamic IPD, on simulator sickness and body size perception. The second experiment tested the user perception of a virtual object size under three levels of IPD and movement gain manipulation with a fixed eye height in a virtual environment having reduced or rich visual cues. Our last experiment investigated the participant's body size perception for two levels of manipulation of the IPDs and heights using stereo video footage to simulate a flying telepresence experience. The studies found that manipulating IPDs and eye height influenced the user's size perception. We present our findings and share the recommendations for designing a multi-scale MR flying telepresence interface. © 1995-2012 IEEE.",2018-11,2025-12-25 01:55:47,2025-12-25 04:24:19,,2974-2982,,11,24,,,,,,,,,,,,,,,,,,,,notion://www.notion.so/Piumsomboon-et-al-2018-33efa7e7d32f814fa53df3e3743f21d5,notion; Navigation; Virtual environments; Avatars; Telepresence; Mixed reality; Collaboration; Magnetic heads; flying telepresence; multi-scale collaborative environment; remote collaboration,,,,,,,,,,,,,,,,,,,,,,,,,,,,,,,,,,,,,,,,,,,,,,,,IEEE,pass,,IEEE Transactions on Visualization and Computer Graphics,SJR,,Q1,Cat1 [Not VR / Out of Scope],Cat1 [Not VR / Out of Scope]::\bmixed reality\b | Cat1 [Not VR / Out of Scope]::\bmr\b
4Z99BIDZ,conferencePaper,2020,"Li, Meng; Ganni, Sandeep; Ponten, Jeroen; Albayrak, Armagan; Rutkowski, Anne-F; Jakimowicz, Jack",Analysing usability and presence of a virtual reality operating room (VOR) simulator during laparoscopic surgery training,2020 IEEE conference on virtual reality and 3D user interfaces (VR),,2642-5254,10.1109/VR46266.2020.00078,,"Immersive Virtual Reality (VR) laparoscopy simulation is emerging to enhance the attractiveness and realism of surgical procedural training. This study analyses the usability and presence of a Virtual Operating Room (VOR) setup via user evaluation and sets out the key elements for an immersive environment during a laparoscopic procedural training.In the VOR setup, a VR headset displayed a 360-degree computer-generated Operating Room (OR) around a VR laparoscopic simulator during laparoscopy procedures. Thirty-seven surgeons and surgical trainees performed the complete cholecystectomy task in the VOR. Questionnaires (i.e., Localized Postural Discomfort scale, Questionnaire for Intuitive Use, NASA-Task Load Index, and Presence Questionnaire) followed by a semi-structured interview were used to collect the data.The participants could intuitively adapt to the VOR and were satisfied when performing their tasks (M=3.90, IQR=0.70). The participants, particularly surgical trainees, were highly engaged to accomplish the task. Despite the higher mental workload on four subscales (p < 0.05), the surgical trainees had a lower effort of learning (4 vs 3.33, p < 0.05) compared to surgeons. The participants experienced very slight discomfort in seven body segments (0.59-1.16). In addition, they expected improvements for team interaction and personalized experience within the setup.The VOR showed potential to become a useful tool in providing immersive training during laparoscopy procedure simulation based on the usability and presence noted in the study. Future developments of user interfaces, VOR environment, team interaction and personalization should result in improvements of the system. © 2020 IEEE.",2020-03,2025-12-25 01:55:47,2025-12-25 04:47:55,,566-572,,,,,,,,,,,,,,,,,,,,,,,notion://www.notion.so/Li-et-al-2020-348fa7e7d32f8120a0fce0944a418dcf,Virtual reality; notion; Presence; Training; Human computer interaction; Human-centered computing; Task analysis; Usability; Instruments; [Applied Computing]; Human-centered computing [Virtual Reality]; Laparoscopes; Laparoscopy simulation; Life and medical science; Surgery; Surgical training; User evaluation; Virtual reality operating room,,,,,,,,,,,,,,,,,,,,,,,,,,,,,,,,,,,,,,,,,,,,,,,,IEEE,pass,,IEEE Conference on Virtual Reality and 3D User Interfaces,CORE(alias),A*,,Cat3 [Clinical / Medical],Cat3 [Clinical / Medical]::\bsurgery\b | Cat3 [Clinical / Medical]::\blaparoscop\w+\b
3FZLALZG,conferencePaper,2021,"Kim, Hyung-Il; Kim, Taehei; Song, Eunhwa; Oh, Seo Young; Kim, Dooyoung; Woo, Woontack",Multi-scale mixed reality collaboration for digital twin,2021 IEEE international symposium on mixed and augmented reality adjunct (ISMAR-adjunct),,,10.1109/ISMAR-Adjunct54149.2021.00098,,"In this poster, we present a digital twin-based mixed reality system for remote collaboration with the size-scaling of the user and the space. The proposed system supports collaboration between an AR host user and a VR remote user by sharing a 3D digital twin of the AR host user. To enhance the coarse authoring of a shared digital twin environment, we provide a size scaling of the digital twin environment with the world-in-miniature view. Also, we enable scaling the size of the VR user's avatar to enhance both coarse (size-up) and fine-grained (size-down) authoring of the digital twin environment. We describe the system setup, input methods, and interaction methods for scaling space and user. © 2021 IEEE.",2021-10,2025-12-25 01:56:03,2025-12-25 04:31:44,,435-436,,,,,,,,,,,,,,,,,,,,,,,notion://www.notion.so/Kim-et-al-2021-348fa7e7d32f819eb128c1749174f432,notion; Avatars; Augmented reality; Mixed reality; Three-dimensional displays; Collaboration; Human computer interaction (HCI); Human-centered computing; Interaction paradigms; Mixed / augmented reality; Collaborative interaction; Digital twin; Systems support,,,,,,,,,,,,,,,,,,,,,,,,,,,,,,,,,,,,,,,,,,,,,,,,IEEE,pass,,IEEE/ACM International Symposium on Mixed and Augmented Reality,CORE,A*,,Cat1 [Not VR / Out of Scope],Cat1 [Not VR / Out of Scope]::\bmixed reality\b | Cat1 [Not VR / Out of Scope]::\bar\b
PYBZ6JX5,conferencePaper,2007,"Wellner, Mathias; Duschau-Wicke, Alexander; von Zitzewitz, Joachim; Riener, Robert",Stepping over virtual obstacles with an actuated gait orthosis,2007 IEEE virtual reality conference,,2375-5334,10.1109/VR.2007.352499,,"The rehabilitation robot LOKOMAT has been developed at University Hospital Balgrist to automate treadmill training of spinal cord injury and stroke patients. Current rehabilitation training on that robot consists of moving the patient's legs on predefined trajectories. However, this kind of training is not challenging, as patients are moved regardless of their efforts and do not see their advancement. To enhance rehabilitation training with the LoKOMAT. a virtual reality setup was installed. It consists of a passive stereo projection system (screen size 3 m × 2 m), a Dolby 5.1 sound system and an electric fan. With that setup an obstacle crossing scenario was implemented. The patients can see their advancement on the screen, as an animated figurine (avatar) moves along a path simultaneously with their own movements. Additionally they can hear sounds (e.g. environmental sounds, steps), feel the wind, and experience force feedback, provided by the orthosis, when hitting obstacles. The objective of a first study on visual feedback was to investigate which feedback suits best to perceive the obstacle distances and heights correctly. To answer this question, 14 healthy subjects walked in the actuated gait orthosis, received visual feedback and tried to avoid collisions with obstacles. Subjects could move freely within the gait orthosis and determine their own speed and step length. They had to cross the obstacles independently, with haptic feedback, indicating obstacle hits. Results show that the side view results in least obstacle hits and that 2D excels 3D display in this respect. ©2007 IEEE.",2007-03,2025-12-25 01:56:03,2025-12-25 04:25:06,,275-276,,,,,,,,,,,,,,,,,,,,,,,notion://www.notion.so/Wellner-et-al-2007-33efa7e7d32f811989a9c37d8d9fb8b9,Virtual reality; Gait; Virtual Reality; notion; Biofeedback; Legged locomotion; Animation; Spinal cord injury; Rehabilitation robotics; Feedback; Audio systems; augmented and virtual realities; H.5.1 [Information Interfaces and Presentation (e.g.; HCI)]: Multimedia Information Systems-Artificial; Hospitals; Leg; Obstacle Walking; Rehabiliation; Robotics and automation,,,,,,,,,,,,,,,,,,,,,,,,,,,,,,,,,,,,,,,,,,,,,,,,IEEE,pass,,IEEE Conference on Virtual Reality and 3D User Interfaces,CORE(alias),A*,,Cat3 [Clinical / Medical],Cat3 [Clinical / Medical]::\brehabilitation\b | Cat3 [Clinical / Medical]::\bpatient[s]?\b
878R378A,journalArticle,2025,"Moullec, Yann; Saint-Aubert, Justine; Cogné, Mélanie; Lécuyer, Anatole",To use or not to use viewpoint oscillations when walking in VR? State of the art and perspectives,IEEE Transactions on Visualization and Computer Graphics,,1941-0506,10.1109/TVCG.2024.3436858,,"Viewpoint oscillations are periodic changes in the position and/or orientation of the point of view in a virtual environment. They can be implemented in Virtual Reality (VR) walking simulations to make them feel closer to real walking. This is especially useful in simulations where users remain in place because of space or hardware constraints. As for today, it remains unclear what exact benefit they bring to user experience during walking simulations, and with what characteristics they should be implemented. To answer these questions, we conduct a systematic literature review focusing on five main dimensions of user experience (walking sensation, vection, cybersickness, presence and embodiment) and discuss 44 articles from the fields of VR, Vision, and Human-Computer Interaction. Overall, the literature suggests that viewpoint oscillations benefit vection, and with less evidence, walking sensation and presence. As for cybersickness, the literature contains contrasted results. Based on these results, we recommend using viewpoint oscillations in applications that require accurate distance or speed perception, or that aim to provide compelling walking simulations without a walking avatar, and a particular attention should be paid to cybersickness. Taken together, this work gives recommendations for enhancing walking simulations in VR, which may be applied to entertainment, virtual visits, and medical rehabilitation. © 2024 IEEE.",2025-09,2025-12-25 01:56:03,2025-12-25 04:21:57,,5170-5187,,9,31,,,,,,,,,,,,,,,,,,,,notion://www.notion.so/Moullec-et-al-2025-348fa7e7d32f81488b99f714dd906404,embodiment; virtual reality; presence; notion; Virtual environments; Visualization; Legged locomotion; User experience; Solid modeling; Cybersickness; Oscillators; vection; viewpoint oscillations; walking sensation,,,,,,,,,,,,,,,,,,,,,,,,,,,,,,,,,,,,,,,,,,,,,,,,IEEE,pass,,IEEE Transactions on Visualization and Computer Graphics,SJR,,Q1,Cat3 [Clinical / Medical],Cat3 [Clinical / Medical]::\brehabilitation\b
9AGFBHAJ,conferencePaper,2017,"Vonach, Emanuel; Gatterer, Clemens; Kaufmann, Hannes",VRRobot: Robot actuated props in an infinite virtual environment,2017 IEEE virtual reality (VR),,2375-5334,10.1109/VR.2017.7892233,,"We present the design and development of a fully immersive virtual reality (VR) system that can provide prop-based haptic feedback in an infinite virtual environment. It is conceived as a research tool for studying topics related to haptics in VR and based on off-the-shelf components. A robotic arm moves physical props, dynamically matching pose and location of an object in the virtual world. When the user reaches for the virtual object, his or her hands also encounter it in the real physical space. The interaction is not limited to specific body parts and does not rely on an external structure like an exoskeleton. In combination with a locomotion platform for close-to-natural walking, this allows unrestricted haptic interaction in a natural way in virtual environments of unlimited size. We describe the concept, the hardware and software architecture in detail. We establish safety design guidelines for human-robot interaction in VR. Our technical evaluation shows good response times and accuracy. We report on a user study conducted with 34 participants indicating promising results, and discuss the potential of our system. © 2017 IEEE.",2017-03,2025-12-25 01:56:21,2025-12-25 04:19:21,,74-83,,,,,,,,,,,,,,,,,,,,,,,notion://www.notion.so/Vonach-et-al-2017-348fa7e7d32f81e9b3e2cb1f45ac7249,notion; Virtual environments; Haptic interfaces; Thumb; encounter-type haptics; fully immersive virtual reality; Manipulators; passive haptic feedback; Prop-based virtual reality,,,,,,,,,,,,,,,,,,,,,,,,,,,,,,,,,,,,,,,,,,,,,,,,IEEE,pass,,IEEE Conference on Virtual Reality and 3D User Interfaces,CORE,A*,,Cat2 [Tech / Non-Empirical],Cat2 [Tech / Non-Empirical]::\bsoftware\s+(?:framework|architecture|library)\b
2LV7AUPK,conferencePaper,2024,"Luo, Zhengyi; Cao, Jinkun; Khirodkar, Rawal; Winkler, Alexander; Huang, Jing; Kitani, Kris; Xu, Weipeng",Real-time simulated avatar from head-mounted sensors,2024 IEEE/CVF conference on computer vision and pattern recognition (CVPR),,2575-7075,10.1109/CVPR52733.2024.00061,,"We present SimXR, a methodfor controlling a simulated avatar from information (headset pose and cameras) ob-tained from AR / VR headsets. Due to the challenging view-point of head-mounted cameras, the human body is often clipped out of view, making traditional image-based ego-centric pose estimation challenging. On the other hand, headset poses provide valuable information about overall body motion, but lack fine-grained details about the hands and feet. To synergize headset poses with cameras, we control a humanoid to track headset movement while analyzing input images to decide body movement. When body parts are seen, the movements of hands and feet will be guided by the images; when unseen, the laws of physics guide the controller to generate plausible motion. We design an end-to-end method that does not rely on any intermediate representations and learns to directly map from images and headset poses to humanoid control signals. To train our method, we also propose a large-scale synthetic dataset created using camera configurations compatible with a commercially available VR headset (Quest 2) and show promising results on real-world captures. To demonstrate the applicability of our framework, we also test it on an AR headset with a forward-facing camera. © 2024 IEEE.",2024-06,2025-12-25 01:56:22,2025-12-25 04:28:18,,571-581,,,,,,,,,,,,,,,,,,,,,,,notion://www.notion.so/Luo-et-al-2024-33efa7e7d32f81d89af1c43b09e37e55,Virtual Reality; notion; Avatars; Augmented Reality; Extended Reality; Training; Animation; Real-time systems; Cameras; Headphones; Humanoid robots; Humanoid; Control; Egocentric Pose; Physics Simulation; Pose estimation,,,,,,,,,,,,,,,,,,,,,,,,,,,,,,,,,,,,,,,,,,,,,,,,IEEE,pass,,IEEE Conference on Computer Vision and Pattern Recognition,CORE,A*,,Cat1 [Not VR / Out of Scope],Cat1 [Not VR / Out of Scope]::\bar\b
CI5NJNX7,journalArticle,2025,"Wang, Xuanyu; Zhang, Weizhan; Sandor, Christian; Fu, Hongbo",Real-and-present: Investigating the use of life-size 2D video avatars in HMD-based AR teleconferencing,IEEE Transactions on Visualization and Computer Graphics,,1941-0506,10.1109/TVCG.2024.3466554,,"Augmented Reality (AR) teleconferencing allows spatially distributed users to interact with each other in 3D through agents in their own physical environments. Existing methods leveraging volumetric capturing and reconstruction can provide a high-fidelity experience but are often too complex and expensive for everyday use. Other solutions target mobile and effortless-to-setup teleconferencing on AR Head Mounted Displays (HMD). They directly transplant the conventional video conferencing onto an AR-HMD platform or use avatars to represent remote participants. However, they can only support either a high fidelity or a high level of co-presence. Moreover, the limited Field of View (FoV) of HMDs could further degrade users' immersive experience. To achieve a balance between fidelity and co-presence, we explore using life-size 2D video-based avatars (video avatars for short) in AR teleconferencing. Specifically, with the potential effect of FoV on users' perception of proximity, we first conducted a pilot study to explore the local-user-centered optimal placement of video avatars in small-group AR conversations. With the placement results, we then implement a proof-of-concept prototype of video-avatar-based teleconferencing. We conduct user evaluations with our prototype to verify its effectiveness in balancing fidelity and co-presence. Following the indication in the pilot study, we further quantitatively explore the effect of FoV size on the video avatar's optimal placement through a user study involving more FoV conditions in a VR-simulated environment. We regress placement models to serve as references for computationally determining video avatar placements in such teleconferencing applications on various existing AR HMDs and future ones with bigger FoVs. © 2024 IEEE.",2025-09,2025-12-25 01:56:22,2025-12-25 04:28:29,,5626-5641,,9,31,,,,,,,,,,,,,,,,,,,,notion://www.notion.so/Wang-et-al-2025-348fa7e7d32f8154824bc5e48dcfc5c6,notion; field of view; Avatars; co-presence; Resists; Three-dimensional displays; Prototypes; Oral communication; Augmented Reality (AR) teleconference; fidelity; Teleconferencing; video-based avatar; Videoconferences,,,,,,,,,,,,,,,,,,,,,,,,,,,,,,,,,,,,,,,,,,,,,,,,IEEE,pass,,IEEE Transactions on Visualization and Computer Graphics,SJR,,Q1,Cat1 [Not VR / Out of Scope],Cat1 [Not VR / Out of Scope]::\baugmented reality\b | Cat1 [Not VR / Out of Scope]::\bar\b
SD59TTYV,journalArticle,2024,"Schier, Florian; Zeidler, Daniel; Chandran, Krishnan; Yu, Zhongyuan; McGinity, Matthew",ViewR: Architectural-scale multi-user mixed reality with mobile head-mounted displays,IEEE Transactions on Visualization and Computer Graphics,,1941-0506,10.1109/TVCG.2023.3299781,,"—The emergence of mobile head-mounted displays with robust “inside-out” markerless tracking and video-passthrough permits the creation of novel mixed reality (MR) experiences in which architectural spaces of arbitrary size can be transformed into immersive multi-user visualisation arenas. Here we outline ViewR, an open-source framework for rapidly constructing and deploying architectural-scale multi-user MR experiences. ViewR includes tools for rapid alignment of real and virtual worlds, tracking loss detection and recovery, user trajectory visualisation and world state synchronisation between users with persistence across sessions. ViewR also provides control over the blending of the real and the virtual, specification of site-specific blending zones, and video-passthrough avatars, allowing users to see and interact with one another directly. Using ViewR, we explore the transformation of large architectural structures into immersive arenas by creating a range of experiences in various locations, with a particular focus on architectural affordances such as mezzanines, stairs, gangways and elevators. Our tests reveal that ViewR allows for experiences that would not be possible with pure virtual reality, and indicate that, with certain strategies for recovering from tracking errors, it is possible to construct large scale multi-user MR experiences using contemporary consumer virtual reality head-mounted displays. © 2023 The Authors.",2024-08,2025-12-25 01:56:34,2025-12-25 04:21:11,,5609-5622,,8,30,,,,,,,,,,,,,,,,,,,,notion://www.notion.so/Schier-et-al-2024-348fa7e7d32f81d98dbde65c9970a916,virtual reality; Virtual reality; notion; Mixed reality; Visualization; Resists; Collaboration; Cameras; Head-mounted displays; co-located systems; collaborative systems; mixed / augmented reality; Visualization systems,,,,,,,,,,,,,,,,,,,,,,,,,,,,,,,,,,,,,,,,,,,,,,,,IEEE,pass,,IEEE Transactions on Visualization and Computer Graphics,SJR,,Q1,Cat1 [Not VR / Out of Scope],Cat1 [Not VR / Out of Scope]::\bmixed reality\b | Cat1 [Not VR / Out of Scope]::\bmr\b
NK7CIQVP,conferencePaper,2025,"Camiletto, Andrea Boscolo; Wang, Jian; Alvarado, Eduardo; Dabral, Rishabh; Beeler, Thabo; Habermann, Marc; Theobalt, Christian",FRAME: Floor-aligned representation for avatar motion from egocentric video,2025 IEEE/CVF conference on computer vision and pattern recognition (CVPR),,2575-7075,10.1109/CVPR52734.2025.01630,,"Egocentric motion capture with a head-mounted body-facing stereo camera is crucial for VR and AR applications but presents significant challenges such as heavy occlusions and limited annotated real-world data. Existing methods rely on synthetic pretraining and struggle to generate smooth and accurate predictions in real-world settings, particularly for lower limbs. Our work addresses these limitations by introducing a lightweight VR-based data collection setup with on-board, real-time 6D pose tracking. Using this setup, we collected the most extensive real-world dataset for ego-facing ego-mounted cameras to date in size and motion variability. Effectively integrating this multimodal input –device pose and camera feeds –is challenging due to the differing characteristics of each data source. To address this, we propose FRAME, a simple yet effective architecture that combines device pose and camera feeds for state-of-the-art body pose prediction through geometrically sound multimodal integration and can run at 300 FPS on modern hardware. Lastly, we showcase a novel training strategy to enhance the model’s generalization capabilities. Our approach exploits the problem’s geometric properties, yielding high-quality motion capture free from common artifacts in prior work. Qualitative and quantitative evaluations, along with extensive comparisons, demonstrate the effectiveness of our method. Data, code, and CAD designs will be available at vcai.mpi-inf.mpg.de/projects/FRAME.",2025-06,2025-12-25 01:56:34,2025-12-25 04:39:01,,17497-17507,,,,,,,,,,,,,,,,,,,,,,,notion://www.notion.so/Camiletto-et-al-2025-348fa7e7d32f81be925efdf15f55e0cb,motion capture; notion; Training; Tracking; Real-time systems; Solid modeling; Cameras; Videos; Pattern recognition; Motion capture; computer vision; Feeds; Soft sensors; wearable motion capture,,,,,,,,,,,,,,,,,,,,,,,,,,,,,,,,,,,,,,,,,,,,,,,,IEEE,pass,,IEEE Conference on Computer Vision and Pattern Recognition,CORE,A*,,Cat1 [Not VR / Out of Scope],Cat1 [Not VR / Out of Scope]::\bar\b
6LFSUHX7,journalArticle,2025,"Wang, Jin-Du; Zhou, Ke; Ren, Haoyu; Kristensson, Per Ola; Li, Xiang",Handows: a palm-based interactive multi-window management system in virtual reality,IEEE Transactions on Visualization and Computer Graphics,,1941-0506,10.1109/TVCG.2025.3616843,,"Window management in virtual reality (VR) remains a challenging task due to the spatial complexity and physical demands of current interaction methods. We introduce Handows, a palm-based interface that enables direct manipulation of spatial windows through familiar smartphone-inspired gestures on the user's non-dominant hand. Combining ergonomic layout design with body-centric input and passive haptics, Handows supports four core operations: window selection, closure, positioning, and scaling. We evaluate Handows in a user study (N = 15) against two common VR techniques (virtual hand and controller) across four core window operations. Results show that Handows significantly reduces physical effort and head movement while improving task efficiency and interaction precision. A follow-up case study (N = 8) demonstrates Handows' usability in realistic multitasking scenarios, highlighting user-adapted workflows and spontaneous layout strategies. Our findings also suggest the potential of embedding mobile-inspired metaphors into proprioceptive body-centric interfaces to support low-effort and spatially coherent interaction in VR.",2025-11,2025-12-25 01:56:35,2025-12-25 04:37:22,,9772-9782,,11,31,,,,,,,,,,,,,,,,,,,,notion://www.notion.so/Wang-et-al-2025-348fa7e7d32f81699d4dd83baea48f4c,virtual reality; notion; Navigation; Ergonomics; Haptic interfaces; Visualization; Three-dimensional displays; Hands; Layout; Fatigue; direct manipulation; Switches; layout; on-body interaction; Operating systems; Window management,,,,,,,,,,,,,,,,,,,,,,,,,,,,,,,,,,,,,,,,,,,,,,,,IEEE,pass,,IEEE Transactions on Visualization and Computer Graphics,SJR,,Q1,Cat1 [Not VR / Out of Scope],Cat1 [Not VR / Out of Scope]::\bsmartphone\b
L8Y5G97E,journalArticle,2025,"Yin, Jiaqi; Liu, Shihan; Lee, Shao-Wen; Kitsios, Andreas; Gillies, Marco; Birtel, Michèle Denise; Farmer, Harry; Pan, Xueni",Immersive intergroup contact: Using virtual reality to enhance empathy and reduce stigma towards schizophrenia,IEEE Transactions on Visualization and Computer Graphics,,1941-0506,10.1109/TVCG.2025.3616759,,"Stigma towards individuals with schizophrenia reduces quality of life, creating a barrier to accessing education and employment opportunities. Schizophrenia is one of the most stigmatized mental health conditions, and stigma is prevalent particularly among healthcare professionals. In this study, we investigated whether Virtual Reality (VR) can be incorporated into interventions to reduce stigma. In particular, we compared the effectiveness of three VR conditions based on intergroup contact theory in reducing stigma in form of implicit and explicit attitudes, and behavioral intentions. Through an immersive virtual consultation in a clinical setting, participants (N=60) experienced one of three different conditions: the Doctor's perspective (embodiment in a majority group member during contact), the Patient's perspective (embodiment in a minority group member) and a Third-person perspective (vicarious contact). Results demonstrated an increase of stigma on certain explicit measures (perceived recovery and social restriction) but also an increase of empathy (perspective-taking, empathic concern) across all conditions regardless of perspective. More importantly, participants' viewpoint influenced the desire for social distance differently depending on the perspective: the Third-person observation significantly increased the desire for social distance, Doctor embodiment marginally decreased it, while Patient embodiment showed no significant change. No change was found in the Implicit Association Test. These findings suggest that VR intergroup contact can effectively reduce certain dimensions of stigma toward schizophrenia, but the type of perspective experienced significantly impacts outcomes. © 1995-2012 IEEE.",2025-11,2025-12-25 01:56:35,2025-12-25 04:36:01,,9656-9666,,11,31,,,,,,,,,,,,,,,,,,,,notion://www.notion.so/Yin-et-al-2025-348fa7e7d32f81c5954cf330bc5891d8,Virtual Reality; notion; Training; Atmospheric measurements; Particle measurements; Electronic mail; Medical services; Videos; Mental health; Social factors; Media; Empathy; Attitude Change; Schizophrenia; Stigmatization,,,,,,,,,,,,,,,,,,,,,,,,,,,,,,,,,,,,,,,,,,,,,,,,IEEE,pass,,IEEE Transactions on Visualization and Computer Graphics,SJR,,Q1,Cat3 [Clinical / Medical],Cat3 [Clinical / Medical]::\bpatient[s]?\b | Cat3 [Clinical / Medical]::\bclinical\s+(?:trial|study|outcome|setting|population)\b | Cat3 [Clinical / Medical]::\bschizophrenia\b
T6AVMAZA,journalArticle,2025,"Laine, Teemu H.; Lee, Woohyun; Moon, Jiyoung; Hasanov, Aziz; Suk, Hae Jung",Scenario-based immersive virtual reality platform for testing empathy types: a development study,"IEEE access : practical innovations, open solutions",,2169-3536,10.1109/ACCESS.2025.3624300,,"Empathy skills are required for understanding and responding to others’ emotions. Traditional instruments for testing a person’s empathy type lack immersion and contain recall bias. In this development study, we presented the technical foundations of Virtual Reality Empathy Test (VRET), an immersive virtual reality (IVR) platform that tests users’ empathy type through interactive scenarios and related questions. The questions are based on the Multidimensional Empathy Scale for Adolescents. VRET determines the user’s empathy type along three dimensions of empathy: cognitive-affective, positive-negative, and majority-minority. Furthermore, we presented the results of a usability and user experience evaluation of VRET in which 99 Korean adolescents (47 females, 49 males, and three others, ages 15–17) answered a mixed-method post-experiment questionnaire. The results indicated a good overall usability with issues in complex technology setup, virtual characters, scenarios, interactions, and cybersickness. Moreover, we identified several affordances, such as the ability to test one’s empathy type, superiority over paper-based tests, high immersion, realism, situatedness, fun, interest, and novelty. Furthermore, we conducted a technical performance evaluation, which showed steady performance with a mean frame rate of about 90. The results of this study contribute to the growing body of literature on the human-computer interaction aspects of utilizing IVR in psychology. The architectural design of VRET opens opportunities for the collection of multimodal data and the utilization of immersive scenario-based content in other application areas. © 2013 IEEE.",2025,2025-12-25 01:56:47,2025-12-25 04:26:55,,183242-183261,,,13,,IEEE Access,,,,,,,,,,,,,,,,,,notion://www.notion.so/Laine-et-al-2025-348fa7e7d32f81418646d8afce17f354,virtual reality; Virtual reality; user experience; notion; Systematic literature review; Medical treatment; User experience; Usability; Psychology; Anxiety disorders; Data collection; Instruments; usability; Conformance testing; Development study; empathy type; scenario-based,,,,,,,,,,,,,,,,,,,,,,,,,,,,,,,,,,,,,,,,,,,,,,,,IEEE,pass,,IEEE Access,SJR,,Q1,Cat2 [Tech / Non-Empirical],Cat2 [Tech / Non-Empirical]::\bframe\s+rate\b
T47R2YC9,conferencePaper,2004,"Wada, T.; Yoshii, N.; Tsukamoto, K.; Tanaka, S.",Development of virtual reality snowboard system for therapeutic exercise,2004 IEEE/RSJ international conference on intelligent robots and systems (IROS) (IEEE cat. no.04ch37566),,,10.1109/IROS.2004.1389748,,"In recent years, people have concern for their health. Especially elderly people have such tendency in the aging society. Appropriate exercises are important to maintain their health. In this paper, we develop the virtual reality snowboard system for whole body exercise and rehabilitation. Users can continue exercises pleasantly since the virtual reality snowboard system has amusement. In addition, we propose a methodology to provide the appropriate exercise corresponding to the personal condition by using the proposed virtual snowboard system. In the training, the longitudinal and lateral distances of sets of the flags and torque exerted on the board are controlled based on the user's conditions. Finally, we would show the effectiveness of our proposed method by measuring the heart rates, oxygen uptake and EMG signal of the lower limbs. It is shown that the exercise strength is enough for the training and the strength can be controlled by changing the positions of flags and torque by measuring the heart rates, oxygen uptake and EMG signals of lower limbs while playing snowboard.",2004-09,2025-12-25 01:57:55,2025-12-25 04:43:49,,2277-2282 vol.3,,,3,,,,,,,,,,,,,,,,,,,,notion://www.notion.so/Wada-et-al-2004-348fa7e7d32f81da8195fff24b757518,Virtual reality; notion; Heart rate; Diseases; Electromyography; Intelligent systems; Aging; Mechanical systems; Open loop systems; Senior citizens; Torque,,,,,,,,,,,,,,,,,,,,,,,,,,,,,,,,,,,,,,,,,,,,,,,,IEEE,pass,,IEEE/RSJ International Conference on Intelligent Robots and Systems,CORE,A,,Cat3 [Clinical / Medical],Cat3 [Clinical / Medical]::\brehabilitation\b
UQTY2YRH,journalArticle,2019,"Zhao, Tianhao; Li, Songnan; Ngan, King Ngi; Wu, Fanzi",3-D reconstruction of human body shape from a single commodity depth camera,IEEE Transactions on Multimedia,,1941-0077,10.1109/TMM.2018.2844087,,"3-D human body reconstruction is an important research topic in computer vision. A 3-D human body model can be used in sports science, movie industry and personalized entertainment, especially virtual reality games. Most of depth-based 3-D reconstruction algorithms need multiple cameras surrounding the user and require the user to keep a specific pose strictly while capturing depth images. In this paper, we propose an algorithm to reconstruct the 3-D shape of human bodies using a single commodity depth camera. Our algorithm only needs two depth images of the front-facing and back-facing bodies. It also has strong operability since the proposed method is insensitive to the pose variations between the two depth images. We reconstruct 3-D shapes of front-facing and back-facing bodies from the two depth images, respectively, and stitch them together. We also propose a novel registration method, namely, 'iterative mid-distance points,' which has fast convergence and robustness to the depth noise. The proposed method enables robust and easy-to-use human body reconstruction, and achieves higher accuracy than state-of-the-art methods. © 1999-2012 IEEE.",2019-01,2025-12-25 01:57:55,2025-12-25 04:50:40,,114-123,,1,21,,,,,,,,,,,,,,,,,,,,notion://www.notion.so/Zhao-Tianhao-Songnan-Li-King-Ngi-Ngan-Fanzi-Wu-3-D-reconstruction-of-human-body-shape-from-a-si-361fa7e7d32f811ca697d442c962371e,notion; Three-dimensional displays; Shape; Solid modeling; Cameras; Biological system modeling; Image reconstruction; depth camera; Human body shape; human pose estimation; model fitting; PCA shape space; Principal component analysis,,,,,,,,,,,,,,,,,,,,,,,,,,,,,,,,,,,,,,,,,,,,,,,,IEEE,pass,,IEEE Transactions on Multimedia,SJR,,Q1,Cat2 [Tech / Non-Empirical],Cat2 [Tech / Non-Empirical]::\bdepth\s+camera\b
J9FE7KG8,journalArticle,2016,"Camporesi, Carlo; Kallmann, Marcelo","The effects of avatars, stereo vision and display size on reaching and motion reproduction",IEEE Transactions on Visualization and Computer Graphics,,1941-0506,10.1109/TVCG.2015.2440231,,"Thanks to recent advances on motion capture devices and stereoscopic consumer displays, animated virtual characters can now realistically interact with users in a variety of applications. We investigate in this paper the effect of avatars, stereo vision and display size on task execution in immersive virtual environments. We report results obtained with three experiments in varied configurations that are commonly used in rehabilitation applications. The first experiment analyzes the accuracy of reaching tasks under different system configurations: with and without an avatar, with and without stereo vision, and employing a 2D desktop monitor versus a large multi-tile visualization display. The second experiment analyzes the use of avatars and user-perspective stereo vision on the ability to perceive and subsequently reproduce motions demonstrated by an autonomous virtual character. The third experiment evaluates the overall user experience with a complete immersive user interface for motion modeling by direct demonstration. Our experiments expose and quantify the benefits of using stereo vision and avatars, and show that the use of avatars improve the quality of produced motions and the resemblance of replicated msotions; however, direct interaction in user-perspective leads to tasks executed in less time and to targets more accurately reached. These and additional tradeoffs are important for the effective design of avatar-based training systems. © 1995-2012 IEEE.",2016-05,2025-12-25 01:57:56,2025-12-25 04:23:22,,1592-1604,,5,22,,,,,,,,,,,,,,,,,,,,notion://www.notion.so/Camporesi-Kallmann-2016-33efa7e7d32f81a1ae3ddb156380586b,Virtual reality; Virtual Reality; 3D interaction; avatars; perception; motion capture; notion; Perception; Motion Capture; Avatars; Training; Visualization; Trajectory; Tracking; Solid modeling; Stereo vision; 3D Interaction; training systems; Training Systems,,,,,,,,,,,,,,,,,,,,,,,,,,,,,,,,,,,,,,,,,,,,,,,,IEEE,pass,,IEEE Transactions on Visualization and Computer Graphics,SJR,,Q1,Cat1 [Not VR / Out of Scope] | Cat3 [Clinical / Medical],Cat1 [Not VR / Out of Scope]::\bdesktop monitor\b | Cat3 [Clinical / Medical]::\brehabilitation\b
MD6CTRTH,journalArticle,2018,"Brizzi, Filippo; Peppoloni, Lorenzo; Graziano, Alessandro; Stefano, Erika Di; Avizzano, Carlo Alberto; Ruffaldi, Emanuele",Effects of augmented reality on the performance of teleoperated industrial assembly tasks in a robotic embodiment,IEEE Transactions on Human-Machine Systems,,2168-2305,10.1109/THMS.2017.2782490,,"Teleoperation in robotic embodiments allows operators to perform and program manipulation tasks with better accuracy, dexterity, and visualization than what is possible with traditional human-robot interaction paradigms. However, the perception of cues (e.g., egocentric distances) relevant to task execution, is known to be distorted in virtual environments due to many factors, which can be grouped into technical, human, and methodological categories. This phenomenon becomes more pronounced in a low-cost/encumbrance setup, where the dynamic environment is captured with color and depth (RGB-D) cameras and presented in a virtual environment. In this paper, the effects of augmented reality (AR) are evaluated as a tool to deliver additional information, which helps in overcoming the differences in perception between telepresence and actual presence. The AR feedback is used to improve the embodiment illusion and to guide the operator during task execution. The AR setup, comprising an RGB-D camera and a head-mounted display, is integrated with the Baxter robot and evaluated by involving 22 participants in an experiment while they execute a pick-and-place task, taking into account their expertise in AR/virtual reality (VR) and gaming. The use of AR results in enhancing the accuracy and efficiency of the task performance, besides significantly reducing the effect of the differences in skillfulness between the participants. Furthermore, it is found that the sense of presence and embodiment for the participant is positively affected by different types of AR. © 2017 IEEE.",2018-04,2025-12-25 01:57:56,2025-12-25 04:43:00,,197-206,,2,48,,,,,,,,,,,,,,,,,,,,notion://www.notion.so/Brizzi-et-al-2018-348fa7e7d32f816f926ec84e1e00f385,notion; Visualization; Cameras; Robot vision systems; Service robots; Augmented reality (AR); humanoid robots; intelligent manufacturing systems; telerobotics; wearable sensors,,,,,,,,,,,,,,,,,,,,,,,,,,,,,,,,,,,,,,,,,,,,,,,,IEEE,pass,,IEEE Transactions on Human-Machine Systems,SJR,,Q1,Cat1 [Not VR / Out of Scope],Cat1 [Not VR / Out of Scope]::\baugmented reality\b | Cat1 [Not VR / Out of Scope]::\bar\b
IHB4264Q,journalArticle,2022,"Miller, Dane A. L.; Ogata, Taiki; Sasabe, Gakuto; Shan, Liang; Tsumura, Nozomi; Miyake, Yoshihiro",Spatiotemporal gait guidance using audiovisual cues of synchronized walking avatar in augmented reality,"IEEE access : practical innovations, open solutions",,2169-3536,10.1109/ACCESS.2022.3200744,,"There has been a growing interest in augmented reality (AR) methods for gait guidance and rehabilitation. These methods have been effective in guiding spatial gait parameters, such as stride length, and temporal cycle times when paired with rhythmic stimuli. However, few studies have explored the simultaneous spatial and temporal guidance of gaits and have primarily focused on one of several aspects. Gait parameters are related, and changing one might have unintended effects on others; thus, simultaneous guidance is required. In this study, we designed and evaluated a system that provides simultaneous spatial and temporal guidance using a synchronized walking avatar in AR. The system requires a head-mounted display (HMD) and presents a walking avatar involving auditory cues synchronized with the foot-contact timing of the participant via a mutual entrainment model. Spatial feedback is provided by distance changes between the participant and avatar, and the effects on stride length are observed. Phase difference changes between the avatar and participant serve as temporal cues that are used to guide the cycle time. The stride length and cycle-time of eight participants walking along a straight corridor wearing the HMD were recorded and analyzed. Four experimental conditions were applied comprising combinations of increases and decreases in the spatial and temporal cues. Furthermore, the results demonstrated that spatial and temporal feedback had almost independent effects on respective gait parameters. These findings reveal that this combination of spatiotemporal cueing can be extremely effective in gait guidance without loss of effectiveness from single modality cues. © 2013 IEEE.",2022,2025-12-25 01:57:56,2025-12-25 04:25:39,,90498-90506,,,10,,IEEE Access,,,,,,,,,,,,,,,,,,notion://www.notion.so/Miller-et-al-2022-33efa7e7d32f81b9ab3ae0c830d52a7d,mixed reality; notion; Avatars; Augmented reality; Legged locomotion; Trajectory; Medical treatment; Synchronization; Feedback; Gait analysis; Mathematical models; multi-modal feedback system; mutual entrainment; Spatial temporal resolution; synchronization,,,,,,,,,,,,,,,,,,,,,,,,,,,,,,,,,,,,,,,,,,,,,,,,IEEE,pass,,IEEE Access,SJR,,Q1,Cat1 [Not VR / Out of Scope] | Cat3 [Clinical / Medical],Cat1 [Not VR / Out of Scope]::\baugmented reality\b | Cat1 [Not VR / Out of Scope]::\bar\b | Cat3 [Clinical / Medical]::\brehabilitation\b
Q7E4U8XM,conferencePaper,2021,"Yu, Kevin; Winkler, Alexander; Pankratz, Frieder; Lazarovici, Marc; Wilhelm, Dirk; Eck, Ulrich; Roth, Daniel; Navab, Nassir",Magnoramas: Magnifying dioramas for precise annotations in asymmetric 3D teleconsultation,2021 IEEE virtual reality and 3D user interfaces (VR),,2642-5254,10.1109/VR50410.2021.00062,,"When users create hand-drawn annotations in Virtual Reality they often reach their physical limits in terms of precision, especially if the region to be annotated is small. One intuitive solution employs magnification beyond natural scale. However, scaling the whole environment results in wrong assumptions about the coherence between physical and virtual space. In this paper, we introduce Mag-noramas, a novel interaction method for selecting and extracting a region of interest that the user can subsequently scale and transform inside the virtual space. Our technique enhances the user's capabilities to perform supernaturally precise virtual annotations on virtual objects. We explored our technique in a user study within asimplified clinical scenario of a teleconsultation-supported craniectomy procedure that requires accurate annotations on a human head. Teleconsultation was performed asymmetrically between a remote expert in Virtual Reality that collaborated with a local user through Augmented Reality. The remote expert operates inside a reconstructed environment, captured from RGB-D sensors at the local site, and is embodied by an avatar to establish co-presence. The results show that Magnoramas significantly improve the precision of annotations while preserving usability and perceived presence measures compared to the baseline method. By hiding the 3D reconstruction while keeping the Magnorama, users can intentionally choose to lower their perceived social presence and focus on their tasks. © 2021 IEEE.",2021-03,2025-12-25 01:57:57,2025-12-25 04:33:19,,392-401,,,,,,,,,,,,,,,,,,,,,,,notion://www.notion.so/Yu-et-al-2021-348fa7e7d32f81078ea1e4350c9bdbba,Virtual Reality; notion; Telepresence; Three-dimensional displays; User interfaces; Real-time systems; Annotations; Transforms; Manifolds; Interaction Techniques; Medical Information System,,,,,,,,,,,,,,,,,,,,,,,,,,,,,,,,,,,,,,,,,,,,,,,,IEEE,pass,,IEEE Conference on Virtual Reality and 3D User Interfaces,CORE(alias),A*,,Cat1 [Not VR / Out of Scope],Cat1 [Not VR / Out of Scope]::\baugmented reality\b
93R92ERT,conferencePaper,2024,"Wang, Xuanyu; Zhang, Weizhan; Fu, Hongbo",A3RT: Attention-aware AR teleconferencing with life-size 2.5D video avatars,2024 IEEE conference virtual reality and 3D user interfaces (VR),,2642-5254,10.1109/VR58804.2024.00044,,"Augmented Reality (AR) teleconferencing aims to enable remotely separated users to meet with each other in their own physical spaces as if they are face-to-face. Among all solutions, the video-avatar-based approach has the advantage of balancing fidelity and the sense of co-presence using easy-to-setup devices, including only a camera and an AR Head-Mounted Display (HMD). However, non-verbal cues indicating 'who is looking at whom' are always lost or misdelivered in multiparty teleconferencing experiences. To make users aware of such non-verbal cues, existing solutions explore screen-based visualizations, incorporate additional hardware, or alter to use a virtual avatar representation. However, they lack immersion, are less feasible for everyday usage due to complex installations, or lose the fidelity of remote users' authentic appearances. In this paper, we decompose such attention awareness into the awareness of being looked at and the awareness of attention between other users and address them in a decoupled process. Specifically, through a user study, we first find an unobtrusive and reasonable layout 'Attention Circle' to retarget a looker's head gaze to the one being looked at. We then conduct the second user study to find an effective and intuitive 'rotatable 2.5D video avatar with attention thumbnail' visualization to aid users in being aware of other users' attention. With the design choice distilled from the studies, we implement A3RT, a proof-of-concept prototype system that empowers attention-aware 2.5D-video-avatar-based multiparty AR teleconferencing in an easy, everyday setup. Ablation and usability studies on the prototype verify the effectiveness of our proposed components and the full system. © 2024 IEEE.",2024-03,2025-12-25 01:58:14,2025-12-25 04:48:44,,211-221,,,,,,,,,,,,,,,,,,,,,,,notion://www.notion.so/Wang-et-al-2024-348fa7e7d32f81a88ad9f7b4f3d394de,notion; Avatars; Visualization; Three-dimensional displays; Computer graphics; Human computer interaction (HCI); Human-centered computing; Mixed / augmented reality; Layout; Head-mounted displays; Prototypes; Computing methodologies; Graphics systems and interfaces; Teleconferencing,,,,,,,,,,,,,,,,,,,,,,,,,,,,,,,,,,,,,,,,,,,,,,,,IEEE,pass,,IEEE Conference on Virtual Reality and 3D User Interfaces,CORE,A*,,Cat1 [Not VR / Out of Scope],Cat1 [Not VR / Out of Scope]::\baugmented reality\b | Cat1 [Not VR / Out of Scope]::\bar\b
U8985JZI,conferencePaper,2023,"Lu, Ziwen; Zhang, Jingyi; Shapiro, Kalila; Numan, Nels; Julier, Simon; Steed, Anthony",Reviving the euston arch: a mixed reality approach to cultural heritage tours,2023 IEEE international symposium on mixed and augmented reality adjunct (ISMAR-adjunct),,2771-1110,10.1109/ISMAR-Adjunct60411.2023.00181,,"Augmented Reality (AR) and Virtual Reality (VR) users have distinct capabilities and experiences during Extended Reality (XR) collaborations: while AR users benefit from real-time contextual information due to physical presence, VR users enjoy the flexibility to transition between locations rapidly, unconstrained by physical space.Our research aims to utilize these spatial differences to facilitate engaging, shared XR experiences. Using Google Geospatial Creator, we enable large-scale outdoor authoring and precise localization to create a unified environment. We integrated Ubiq to allow simultaneous voice communication, avatar-based interaction and shared object manipulation across platforms.We apply AR and VR technologies in cultural heritage exploration. We selected the Euston Arch as our case study due to its dramatic architectural transformations over time. We enriched the co-exploration experience by integrating historical photos, a 3D model of the Euston Arch, and immersive audio narratives into the shared AR/VR environment. © 2023 IEEE.",2023-10,2025-12-25 01:58:15,2025-12-25 04:27:15,,821-826,,,,,,,,,,,,,,,,,,,,,,,notion://www.notion.so/Lu-et-al-2023-348fa7e7d32f81eba68bd4afbb9905e1,notion; Mixed reality; Three-dimensional displays; Collaboration; Interaction paradigms; Solid modeling; Scalability; Mixed/augmented reality; Social computing; Location awareness; Collaborative and social computing; Collaborative and social computing systems and tools; Human-centered computing [Human computer interaction (HCI)],,,,,,,,,,,,,,,,,,,,,,,,,,,,,,,,,,,,,,,,,,,,,,,,IEEE,pass,,IEEE/ACM International Symposium on Mixed and Augmented Reality,CORE,A*,,Cat1 [Not VR / Out of Scope],Cat1 [Not VR / Out of Scope]::\baugmented reality\b | Cat1 [Not VR / Out of Scope]::\bmixed reality\b | Cat1 [Not VR / Out of Scope]::\bar\b
E4GUDA5D,journalArticle,2012,"Tong, Jing; Zhou, Jin; Liu, Ligang; Pan, Zhigeng; Yan, Hao",Scanning 3D full human bodies using kinects,IEEE Transactions on Visualization and Computer Graphics,,1941-0506,10.1109/TVCG.2012.56,,"Depth camera such as Microsoft Kinect, is much cheaper than conventional 3D scanning devices, and thus it can be acquired for everyday users easily. However, the depth data captured by Kinect over a certain distance is of extreme low quality. In this paper, we present a novel scanning system for capturing 3D full human body models by using multiple Kinects. To avoid the interference phenomena, we use two Kinects to capture the upper part and lower part of a human body respectively without overlapping region. A third Kinect is used to capture the middle part of the human body from the opposite direction. We propose a practical approach for registering the various body parts of different views under nonrigid deformation. First, a rough mesh template is constructed and used to deform successive frames pairwisely. Second, global alignment is performed to distribute errors in the deformation space, which can solve the loop closure problem efficiently. Misalignment caused by complex occlusion can also be handled reasonably by our global alignment algorithm. The experimental results have shown the efficiency and applicability of our system. Our system obtains impressive results in a few minutes with low price devices, thus is practically useful for generating personalized avatars for everyday users. Our system has been used for 3D human animation and virtual try on, and can further facilitate a range of home-oriented virtual reality (VR) applications. © 2012 IEEE.",2012-04,2025-12-25 01:58:15,2025-12-25 04:26:59,,643-650,,4,18,,,,,,,,,,,,,,,,,,,,notion://www.notion.so/Tong-et-al-2012-348fa7e7d32f8154807ec8f9ad6b031c,notion; Shape; Computational modeling; Biological system modeling; Microsoft Kinect; Humans; Image reconstruction; Geometry; Three dimensional displays; 3D Body Scanning; global non-igid registration,,,,,,,,,,,,,,,,,,,,,,,,,,,,,,,,,,,,,,,,,,,,,,,,IEEE,pass,,IEEE Transactions on Visualization and Computer Graphics,SJR,,Q1,Cat2 [Tech / Non-Empirical],Cat2 [Tech / Non-Empirical]::\bdepth\s+camera\b
ZWV2R8AJ,journalArticle,2006,"Demiralp, C.; Jackson, C.D.; Karelitz, D.B.; Zhang, S.; Laidlaw, D.H.",CAVE and fishtank virtual-reality displays: a qualitative and quantitative comparison,IEEE Transactions on Visualization and Computer Graphics,,1941-0506,10.1109/TVCG.2006.42,,"We present the results from a qualitative and quantitative user study comparing fishtank virtual-reality (VR) and CAVE displays. The results of the qualitative study show that users preferred the fishtank VR display to the CAVE system for our scientific visualization application because of perceived higher resolution, brightness and crispness of imagery, and comfort of use. The results of the quantitative study show that users performed an abstract visual search task significantly more quickly and more accurately on the fishtank VR display system than in the CAVE. The same study also showed that visual context had no significant effect on task performance for either of the platforms. We suggest that fishtank VR displays are more effective than CAVEs for applications in which the task occurs outside the user's reference frame, the user views and manipulates the virtual world from the outside in, and the size of the virtual object that the user interacts with is smaller than the user's body and fits into the fishtank VR display. The results of both studies support this proposition. © 2006 IEEE.",2006-05,2025-12-25 01:58:16,2025-12-25 04:46:20,,323-330,,3,12,,,,,,,,,,,,,,,,,,,,notion://www.notion.so/Demiralp-et-al-2006-33efa7e7d32f81cebdc4dc95a80545ca,virtual reality; Virtual reality; notion; Visualization; Displays; Head; Object detection; Mice; User study; Image resolution; Brightness; CAVE; Diffusion tensor imaging; display; DT-MRI visualization.; fishtank VR,,,,,,,,,,,,,,,,,,,,,,,,,,,,,,,,,,,,,,,,,,,,,,,,IEEE,pass,,IEEE Transactions on Visualization and Computer Graphics,SJR,,Q1,Cat1 [Not VR / Out of Scope],Cat1 [Not VR / Out of Scope]::\bcave system\b
DJAMZ8UN,journalArticle,2018,"Cha, Young-Woon; Price, True; Wei, Zhen; Lu, Xinran; Rewkowski, Nicholas; Chabra, Rohan; Qin, Zihe; Kim, Hyounghun; Su, Zhaoqi; Liu, Yebin; Ilie, Adrian; State, Andrei; Xu, Zhenlin; Frahm, Jan-Michael; Fuchs, Henry","Towards fully mobile 3D face, body, and environment capture using only head-worn cameras",IEEE Transactions on Visualization and Computer Graphics,,1941-0506,10.1109/TVCG.2018.2868527,,"We propose a new approach for 3D reconstruction of dynamic indoor and outdoor scenes in everyday environments, leveraging only cameras worn by a user. This approach allows 3D reconstruction of experiences at any location and virtual tours from anywhere. The key innovation of the proposed ego-centric reconstruction system is to capture the wearer's body pose and facial expression from near-body views, e.g. cameras on the user's glasses, and to capture the surrounding environment using outward-facing views. The main challenge of the ego-centric reconstruction, however, is the poor coverage of the near-body views - that is, the user's body and face are observed from vantage points that are convenient for wear but inconvenient for capture. To overcome these challenges, we propose a parametric-model-based approach to user motion estimation. This approach utilizes convolutional neural networks (CNNs) for near-view body pose estimation, and we introduce a CNN-based approach for facial expression estimation that combines audio and video. For each time-point during capture, the intermediate model-based reconstructions from these systems are used to re-target a high-fidelity pre-scanned model of the user. We demonstrate that the proposed self-sufficient, head-worn capture system is capable of reconstructing the wearer's movements and their surrounding environment in both indoor and outdoor situations without any additional views. As a proof of concept, we show how the resulting 3D-plus-time reconstruction can be immersively experienced within a virtual reality system (e.g., the HTC Vive). We expect that the size of the proposed egocentric capture-and-reconstruction system will eventually be reduced to fit within future AR glasses, and will be widely useful for immersive 3D telepresence, virtual tours, and general use-anywhere 3D content creation. © 1995-2012 IEEE.",2018-11,2025-12-25 01:58:34,2025-12-25 04:21:53,,2993-3004,,11,24,,,,,,,,,,,,,,,,,,,,notion://www.notion.so/Cha-et-al-2018-348fa7e7d32f8107b340ca661c332e74,notion; Motion Capture; Telepresence; Three-dimensional displays; Solid modeling; Cameras; Face; Image reconstruction; Pose estimation; Deformable models; Convolutional Neural Networks; Ego-centric Vision,,,,,,,,,,,,,,,,,,,,,,,,,,,,,,,,,,,,,,,,,,,,,,,,IEEE,pass,,IEEE Transactions on Visualization and Computer Graphics,SJR,,Q1,Cat1 [Not VR / Out of Scope],Cat1 [Not VR / Out of Scope]::\bar\b
72JWFWLJ,journalArticle,2020,"Zhou, Qiushi; Yu, Difeng; Reinoso, Martin N; Newn, Joshua; Goncalves, Jorge; Velloso, Eduardo",Eyes-free target acquisition during walking in immersive mixed reality,IEEE Transactions on Visualization and Computer Graphics,,1941-0506,10.1109/TVCG.2020.3023570,,"Reaching towards out-of-sight objects during walking is a common task in daily life, however the same task can be challenging when wearing immersive Head-Mounted Displays (HMD). In this paper, we investigate the effects of spatial reference frame, walking path curvature, and target placement relative to the body on user performance of manually acquiring out-of-sight targets located around their bodies, as they walk in a spatial-mapping Mixed Reality (MR) environment wearing an immersive HMD. We found that walking and increased path curvature negatively affected the overall spatial accuracy of the performance, and that the performance benefited more from using the torso as the reference frame than the head. We also found that targets placed at maximum reaching distance yielded less error in angular rotation and depth of the reaching arm. We discuss our findings with regard to human walking kinesthetics and the sensory integration in the peripersonal space during locomotion in immersive MR. We provide design guidelines for future immersive MR experience featuring spatial mapping and full-body motion tracking to provide better embodied experience. © 1995-2012 IEEE.",2020-12,2025-12-25 01:58:48,2025-12-25 04:39:44,,3423-3433,,12,26,,,,,,,,,,,,,,,,,,,,notion://www.notion.so/Zhou-et-al-2020-348fa7e7d32f81d39314d154a60675a1,Virtual reality; Virtual Reality; notion; Locomotion; Mixed Reality; Augmented reality; Legged locomotion; Motion Tracking; Target tracking; Immersive experience; Target Acquisition; Proprioception; Sensory Integration,,,,,,,,,,,,,,,,,,,,,,,,,,,,,,,,,,,,,,,,,,,,,,,,IEEE,pass,,IEEE Transactions on Visualization and Computer Graphics,SJR,,Q1,Cat1 [Not VR / Out of Scope],Cat1 [Not VR / Out of Scope]::\bmixed reality\b | Cat1 [Not VR / Out of Scope]::\bmr\b
4622SLJ9,conferencePaper,2023,"Clarke, Thomas J.; Mayer, Wolfgang; Zucco, Joanne E.; Smith, Ross T.",Generating pseudo random volumes for volumetric research,2023 IEEE international symposium on mixed and augmented reality adjunct (ISMAR-adjunct),,2771-1110,10.1109/ISMAR-Adjunct60411.2023.00061,,"Volumetric data is commonly used to understand the structure of an object, like the human body, underground structures, or weather data. However, it is difficult to use this data as it requires expensive equipment and is difficult to automate. This data is expensive to create and catalogue on a large enough scale for a controlled study. We present a solution to this challenge by releasing an open-sourced system to create volumes solely designed for user studies for immersive experiences displayed through a Virtual Reality (VR) or Augmented Reality (AR) headset. By utilizing a system like this, we not only have a clear understanding of how a study can be received in Mixed Reality (MR), but it is possible to have a high level of control over the data, allowing for a higher degree of flexibility in the underlying data design. To facilitate this, we have designed a modular system designed to generate and validate volumes, adhere to a rule set interact within them from a VR or AR interface and evaluate the types of volumes that could be formed. © 2023 IEEE.",2023-10,2025-12-25 01:58:49,2025-12-25 04:38:12,,266-270,,,,,,,,,,,,,,,,,,,,,,,notion://www.notion.so/Clarke-et-al-2023-348fa7e7d32f815fa9b6dbea85f980d9,notion; Augmented reality; Mixed reality; Visualization; Design methodology; Three-dimensional displays; User interfaces; Human-centered computing; Headphones; Visualization design and evaluation methods; Meteorology; Treemaps; Visualization techniques,,,,,,,,,,,,,,,,,,,,,,,,,,,,,,,,,,,,,,,,,,,,,,,,IEEE,pass,,IEEE/ACM International Symposium on Mixed and Augmented Reality,CORE,A*,,Cat1 [Not VR / Out of Scope],Cat1 [Not VR / Out of Scope]::\baugmented reality\b | Cat1 [Not VR / Out of Scope]::\bmixed reality\b | Cat1 [Not VR / Out of Scope]::\bar\b | Cat1 [Not VR / Out of Scope]::\bmr\b
LG8ZKBDW,journalArticle,2023,"Shitharth, S.; Yonbawi, Saud; Manoharan, Hariprasath; Alahmari, Sultan; Yafoz, Ayman; Mujlid, Hana",Physical stint virtual representation of biomedical signals with wireless sensors using swarm intelligence optimization algorithm,IEEE Sensors Journal,,1558-1748,10.1109/JSEN.2022.3233407,,"Many people in society are facing problems related to health care, and diseases in the body are unable to be identified even with the presence of sensing technologies. The major reason for such failures in the identification process is that no virtual technologies are identified in the market. Most healthcare solicitations aim to design a particular application that provides information only about sensing values and fails to recall the virtual representation of that represented values. Therefore, this article provides an integration platform that connects the sensing devices with virtual reality/audio reality (VR/AR) techniques, which are applied in real time for detecting the presence of infections inside the body. In addition, one type of swarm intelligent algorithm is implemented in the recognition procedure with a modified fitness function and it is termed fruit fly optimization (FFO). The process of FFO provides much low layer perception, thus enhancing the output for smooth operation. To examine the real-time conditions, the projected AR/VR procedure is applied with biomedical sensors where three different case studies are separated. From the comparative numerical results, it is pragmatic that the proposed method provides better numerical results with 65% full-scale representations and less than 0.5 dB of distortion at 0.3% tuning force. © 2001-2012 IEEE.",2023-02,2025-12-25 01:58:49,2025-12-25 04:29:19,,3870-3877,,4,23,,,,,,,,,,,,,,,,,,,,notion://www.notion.so/Shitharth-et-al-2023-348fa7e7d32f811eb4c5de9d178b2c93,notion; virtual reality (VR); Real-time systems; Medical services; Force; Optimization; Mathematical models; Sensor phenomena and characterization; Biomedical sensors; Intelligent sensors; sensing units; swarm intelligence,,,,,,,,,,,,,,,,,,,,,,,,,,,,,,,,,,,,,,,,,,,,,,,,IEEE,pass,,IEEE Sensors Journal,SJR,,Q1,Cat1 [Not VR / Out of Scope] | Cat2 [Tech / Non-Empirical],Cat1 [Not VR / Out of Scope]::\bar\b | Cat2 [Tech / Non-Empirical]::\boptimiz(?:ation|ing)\s+algorithm\b
553T8L2W,conferencePaper,2020,"Luchetti, Alessandro; Parolin, Edoardo; Butaslac, Isidro; Fujimoto, Yuichiro; Kanbara, Masayuki; Bosetti, Paolo; Cecco, Mariolino De; Kato, Hirokazu",Stepping over obstacles with augmented reality based on visual exproprioception,2020 IEEE international symposium on mixed and augmented reality adjunct (ISMAR-adjunct),,,10.1109/ISMAR-Adjunct51615.2020.00039,,"The purpose of this study is to analyze the different kinds of ex-proprioceptive visual cues on an Augmented Reality (AR) system during gait exercise, on top of understanding which cues provide the best visualizations in stepping over obstacles. The main problem for users is to understand the position of virtual objects relative to themselves. Since visual exproprioception provides information about the body position in relation to the environment, it has the possibility to yield positive effects with regards to position control and gait biomechanics in the AR system. This research was born as part of the collaboration with the staff of Takanohara Central Hospital in Japan. Twenty-seven individuals were invited to take part in the user study to test three visual interfaces. The task of the mentioned user study involves making the subjects cross and avoid virtual obstacles of different heights that come from different directions. The AR application was implemented in the experiment by using the Head-Mounted Display (HMD) Microsoft HoloLens. Data obtained from the experiment revealed that the interface projected in front of the user from a third-person point of view resulted to improvements in terms of posture, visual stimuli, and safety. © 2020 IEEE.",2020-11,2025-12-25 01:59:14,2025-12-25 04:25:06,,96-101,,,,,,,,,,,,,,,,,,,,,,,notion://www.notion.so/Luchetti-et-al-2020-33efa7e7d32f81c89b06ddafa082de7c,notion; Avatars; Augmented Reality; Augmented reality; Visualization; Resists; Three-dimensional displays; Task analysis; Rehabilitation; Two dimensional displays; HoloLens; Exproprioception; Obstacle crossing,,,,,,,,,,,,,,,,,,,,,,,,,,,,,,,,,,,,,,,,,,,,,,,,IEEE,pass,,IEEE/ACM International Symposium on Mixed and Augmented Reality,CORE,A*,,Cat1 [Not VR / Out of Scope],Cat1 [Not VR / Out of Scope]::\baugmented reality\b | Cat1 [Not VR / Out of Scope]::\bar\b
NQ8NRLUU,journalArticle,2025,"Wang, Haoran; Foroutani, Yasamin; Nepo, Matthew; Rodriguez, Mercedes; Ma, Ji; Hubschman, Jean-Pierre; Tsao, Tsu-Chin; Rosen, Jacob",Control modes of teleoperated surgical robotic system’s tools in ophthalmic surgery,IEEE Transactions on Medical Robotics and Bionics,,2576-3202,10.1109/TMRB.2025.3604102,,"The introduction of a teleoperated surgical robotic system designed for minimally invasive procedures enables the emulation of two distinct control modes through a dedicated input device of the surgical console: (1) Inside Control Mode, which emulates tool manipulation near the distal end (i.e., as if the surgeon was holding the tip of the instrument inside the patient’s body), and (2) Outside Control Mode, which emulates manipulation near the proximal end (i.e., as if the surgeon was holding the tool externally). The overarching aim of this reported research is to study and compare the surgeon’s performance utilizing these two control modes of operation along with various scaling factors in a simulated vitreoretinal surgical setting. The console of Intraocular Robotic Interventional Surgical System (IRISS) was utilized but the surgical robot itself and the human eye anatomy was simulated by a virtual environment (VR) projected microscope view of an intraocular setup to a VR headset. Five experienced vitreoretinal surgeons and five subjects with no surgical experience used the system to perform fundamental tool/tissue tasks common to vitreoretinal surgery including: (1) touch and reset; (2) grasp and drop; (3) inject; (4) circular tracking. The results indicate that Inside Control outperforms Outside Control across multiple tasks and performance metrics. Higher scaling factors (20 and 30) generally provided better performance, particularly for reducing trajectory errors and tissue damage. This improvement suggests that larger scaling factors enable more precise control, making them the preferred option for fine manipulation tasks. However, task completion time was not consistently reduced across all conditions, indicating that surgeons may need to balance speed and accuracy/precision based on specific surgical requirements. By optimizing control dynamics and user interface, robotic teleoperation has the potential to reduce complications, enhance surgical dexterity, and expand the accessibility of high-precision procedures to a broader range of practitioners.",2025-11,2025-12-25 01:59:15,2025-12-25 04:45:31,,1455-1464,,4,7,,,,,,,,,,,,,,,,,,,,notion://www.notion.so/Wang-et-al-2025-33efa7e7d32f8156a6b7ec68b7c945c9,Virtual reality; notion; teleoperation; Robot kinematics; Teleoperators; Retina; Input devices; Surgery; Control systems; Manipulators; Ophthalmology; Microscopy; Medical robotics; control mode; Main-secondary; ophthalmic surgery; ophthalmic surgical robotic system; ophthalmology; scaling factor; surgical robotics; Virtual reality simulation,,,,,,,,,,,,,,,,,,,,,,,,,,,,,,,,,,,,,,,,,,,,,,,,IEEE,pass,,IEEE Transactions on Medical Robotics and Bionics,SJR,,Q1,Cat3 [Clinical / Medical],Cat3 [Clinical / Medical]::\bsurgery\b | Cat3 [Clinical / Medical]::\bminimally\s+invasive\b | Cat3 [Clinical / Medical]::\bpatient[s]?\b
JZHAEXLE,conferencePaper,2020,"Andersen, Daniel; Popescu, Voicu",AR interfaces for mid-air 6-DoF alignment: Ergonomics-aware design and evaluation,2020 IEEE international symposium on mixed and augmented reality (ISMAR),,1554-7868,10.1109/ISMAR50242.2020.00055,,"Aligning hand-held objects into mid-air positions and orientations is important for many applications. Task performance depends on speed and accuracy, and also on minimizing the user's physical exertion. Augmented reality head-mounted displays (AR HMDs) can guide users during mid-air alignments by tracking an object's pose and delivering visual instruction directly into the user's field of view (FoV). However, it is unclear which AR HMD interfaces are most effective for mid-air alignment guidance, and how the form factor of current AR HMD hardware (such as heaviness and low FoV) affects how users put themselves into tiring body poses during mid-air alignment. We defined a set of design requirements for mid-air alignment interfaces that target reduction of high-exertion body poses during alignment. We then designed, implemented, and tested several interfaces in a user study in which novice participants performed a sequence of mid-air alignments using each interface.Results show that interfaces that rely on visual guidance located near the hand-held object reduce acquisition times and translation errors, while interfaces that involve aiming at a faraway virtual object reduce rotation errors. Users tend to avoid focus shifts and to position the head and arms to maximize how much AR visualization is contained within a single FoV without moving the head. We found that changing the size of visual elements affected how far out the user extends the arm, which affects torque forces. We also found that dynamically adjusting where visual guidance is placed relative to the mid-air pose can help keep the head level during alignment, which is important for distributing the weight of the AR HMD. © 2020 IEEE.",2020-11,2025-12-25 01:59:15,2025-12-25 04:47:37,,289-300,,,,,,,,,,,,,,,,,,,,,,,notion://www.notion.so/Andersen-Popescu-2020-348fa7e7d32f81779770f3cafd3d5db2,notion; Augmented reality; Hardware; Visualization; Resists; Task analysis; Space exploration; Human-centered computing—User studies; Torque; Computing methodologies—Mixed / augmented reality,,,,,,,,,,,,,,,,,,,,,,,,,,,,,,,,,,,,,,,,,,,,,,,,IEEE,pass,,IEEE/ACM International Symposium on Mixed and Augmented Reality,CORE,A*,,Cat1 [Not VR / Out of Scope],Cat1 [Not VR / Out of Scope]::\baugmented reality\b | Cat1 [Not VR / Out of Scope]::\bar\b
RZZU2TYB,journalArticle,2025,"Zedda, A.; Caruso, M.; Bertuletti, S.; Baldazzi, G.; Sedda, G.; Spanu, A.; Riboni, D.; Pibiri, A.; Monticone, M.; Cereatti, A.; Pani, D.",A user-friendly wearable telerehabilitation system based on neuromotor training for mild post-stroke patients: The DoMoMEA system,"IEEE access : practical innovations, open solutions",,2169-3536,10.1109/ACCESS.2025.3587614,,"Home-based telerehabilitation technologies can support the long-term rehabilitation needs of post-stroke patients. This work describes an Android-based wearable system for telerehabilitation (DoMoMEA), which engages such patients in a full-body customized neuromotor rehabilitation protocol. DoMoMEA features seven inertial units and five force sensors, which capture patient’s body posture, movements, and interactions with a non-immersive virtual reality environment, providing real time scores, motivational feedback, and online automatic corrections for performance errors. Clinically relevant parameters can be collected and sent to a remote server where they can be retrieved by a physiotherapist through a dedicated web application, according to a store-and-forward telemedicine approach. Clinicians can also personalize the training settings to ensure a high level of engagement and challenge for patients, based on their residual motor abilities, needs and progress. Preliminary tests performed on 11 healthy elderly volunteers revealed a high usability of the system (82 ± 6 points in the System Usability Scale questionnaire). Furthermore, the system was presented to experienced physiatrists and physiotherapists, who provided their assessment by a semi-structured interview. The evidence underscored the usefulness of DoMoMEA not only at home, but also in daily clinical practice. © 2013 IEEE.",2025,2025-12-25 02:02:00,2025-12-25 04:48:51,,122900-122913,,,13,,IEEE Access,,,,,,,,,,,,,,,,,,notion://www.notion.so/Zedda-et-al-2025-348fa7e7d32f81039970d87f86f94132,notion; Training; Real-time systems; Sensors; Motors; Stroke (medical condition); Telemedicine; Sensor systems; stroke; Iron; Magnetic sensors; Neuromotor recovery; Substrates; telemedicine; telerehabilitation; wearable system,,,,,,,,,,,,,,,,,,,,,,,,,,,,,,,,,,,,,,,,,,,,,,,,IEEE,pass,,IEEE Access,SJR,,Q1,Cat3 [Clinical / Medical],Cat3 [Clinical / Medical]::\brehabilitation\b | Cat3 [Clinical / Medical]::\bpatient[s]?\b
H73B3C5N,conferencePaper,2025,"Fern, Nina",Immersive blue spaces: Developing a mixed reality ocean encounter to improve wellbeing in adolescents and young adults,2025 IEEE international symposium on mixed and augmented reality adjunct (ISMAR-adjunct),,2771-1110,10.1109/ISMAR-Adjunct68609.2025.00184,,"This research project investigates virtual blue spaces and their potential to positively affect human health. Blue spaces are defined as water-based outdoor environments, in this instance the focus is on natural water surface bodies, such as lakes, rivers, waterfalls, and the sea. Recent research has shown that activities in blue spaces can boost human wellbeing [1]. This project highlights art-based Mixed Reality (MR) spaces that mimic blue space environments or are inspired by them, and their potential to promote public health. These virtual blue spaces consist of a large-scale 270-degrees screen projection to create a virtual environment backdrop and digital elements that are displayed through an MR headset on pass-through mode to create an immersive environment and offer interactivity to users. User engagement is driven through exploration of the environment, narrative, and dance exercise. Further enhancement is achieved through spatial audio consisting of nature sounds and music. The project includes a series of user experience testing with a focus on emotional response/wellbeing, immersion, as well as embodiment/presence and risks of cybersickness.",2025-10,2025-12-25 02:02:00,2025-12-25 04:36:02,,775-776,,,,,,,,,,,,,,,,,,,,,,,notion://www.notion.so/Fern-2025-348fa7e7d32f81d2ad71c667fe64ee3c,notion; Virtual environments; Mixed Reality; Mixed reality; wellbeing; Visualization; User experience; Sensors; Testing; Sea surface; Spatial audio; Public healthcare; blue space; Rivers; virtual nature,,,,,,,,,,,,,,,,,,,,,,,,,,,,,,,,,,,,,,,,,,,,,,,,IEEE,pass,,IEEE/ACM International Symposium on Mixed and Augmented Reality,CORE,A*,,Cat1 [Not VR / Out of Scope],Cat1 [Not VR / Out of Scope]::\bmixed reality\b | Cat1 [Not VR / Out of Scope]::\bmr\b
Y65ABQW4,conferencePaper,2019,"Xu, Yi; Yang, Shanglin; Sun, Wei; Tan, Li; Li, Kefeng; Zhou, Hui",3D virtual garment modeling from RGB images,2019 IEEE international symposium on mixed and augmented reality (ISMAR),,1554-7868,10.1109/ISMAR.2019.00-28,,"We present a novel and efficient approach that automatically constructs 3D models for garments using only RGB images. Most of the previous methods deal with input photos in which the garment is on a human body or mannequin. Our approach can work with various types of input garment photos: photos in which the garment is worn by a model, or photos in which the garment is laid on a flat surface. To construct a complete 3D model, our approach requires minimum two images as input: one front view and one rear view. We propose a multi-task learning network called JFNet that jointly identifies the landmarks of the garment as well as parses the garment into semantic part segments. The predicted landmarks are used to estimate the garment size thus a template mesh can be deformed accordingly to construct the 3D mesh model. Color and textures of the model are extracted by exploiting the parsed semantic parts from input images. Our approach can be applied in various Virtual Reality and Mixed Reality applications involving garment modeling. © 2019 IEEE.",2019-10,2025-12-25 02:02:01,2025-12-25 04:50:24,,37-45,,,,,,,,,,,,,,,,,,,,,,,notion://www.notion.so/Xu-Yi-Shanglin-Yang-Wei-Sun-Li-Tan-Kefeng-Li-Hui-Zhou-3D-virtual-garment-modeling-from-RGB-im-361fa7e7d32f81a3b17de82b53320c50,notion; Three-dimensional displays; Shape; Computational modeling; Solid modeling; Semantics; Clothing; Image segmentation; 3D garment modeling; landmark prediction; semantic part segmentation,,,,,,,,,,,,,,,,,,,,,,,,,,,,,,,,,,,,,,,,,,,,,,,,IEEE,pass,,IEEE/ACM International Symposium on Mixed and Augmented Reality,CORE,A*,,Cat1 [Not VR / Out of Scope],Cat1 [Not VR / Out of Scope]::\bmixed reality\b
ZN5YL5B8,conferencePaper,2016,"Sarakoglou, Ioannis; Brygo, Anais; Mazzanti, Dario; Hernandez, Nadia Garcia; Caldwell, Darwin G.; Tsagarakis, Nikos G.",HEXOTRAC: A highly under-actuated hand exoskeleton for finger tracking and force feedback,2016 IEEE/RSJ international conference on intelligent robots and systems (IROS),,2153-0866,10.1109/IROS.2016.7759176,,"Exoskeletons offer an intuitive method for actuating multiple DOF of the body; this makes them attractive for applications where generation and coupling of artificial forces to the limbs is needed. Force feedback hand exoskeletons have been continuously considered for whole hand haptic interaction in virtual reality simulators, in teleoperation setups and for rehabilitation. In hand exoskeletons finger tracking, actuation and transmission systems must be embedded in confined spaces, matching at the same time the profound dexterity of the hand transparently and without causing a burden. Most of the design approaches for such systems have remained largely experimental due to hardware limitations, impacting heavily on important functional and ergonomic factors. This paper presents the design of a novel 3-digit hand exoskeleton, which addresses the issues of finger tracking and force feedback. It proposes a new approach for the application of the feedback force with a single attachment at the fingertip through a 6DoF kinematic chain. This kinematic linkage allows for unconstrained reach of the fingers within their full workspace and facilitates a sensor system for high resolution 6DOF tracking of the fingertips. At the same time the highly under-actuated mechanism permits application of a bidirectional feedback force at the fingertips. The hand exoskeleton fits an large range of hand sizes and requires no mechanical alignment between the linkage and the fingers, whatsoever. Preliminary results show the efficacy of this system as a tracking and force feedback device for the hand. © 2016 IEEE.",2016-10,2025-12-25 02:02:12,2025-12-25 04:36:49,,1033-1040,,,,,,,,,,,,,,,,,,,,,,,notion://www.notion.so/Sarakoglou-et-al-2016-348fa7e7d32f81499f6fcf81f21cfe55,notion; Joints; Kinematics; Force feedback; Thumb; Exoskeletons; Couplings,,,,,,,,,,,,,,,,,,,,,,,,,,,,,,,,,,,,,,,,,,,,,,,,IEEE,pass,,IEEE/RSJ International Conference on Intelligent Robots and Systems,CORE,A,,Cat3 [Clinical / Medical],Cat3 [Clinical / Medical]::\brehabilitation\b
5MCZ7S6D,journalArticle,2022,"Martin-Gomez, Alejandro; Weiss, Jakob; Keller, Andreas; Eck, Ulrich; Roth, Daniel; Navab, Nassir",The impact of focus and context visualization techniques on depth perception in optical see-through head-mounted displays,IEEE Transactions on Visualization and Computer Graphics,,1941-0506,10.1109/TVCG.2021.3079849,,"Estimating the depth of virtual content has proven to be a challenging task in Augmented Reality (AR) applications. Existing studies have shown that the visual system makes use of multiple depth cues to infer the distance of objects, occlusion being one of the most important ones. The ability to generate appropriate occlusions becomes particularly important for AR applications that require the visualization of augmented objects placed below a real surface. Examples of these applications are medical scenarios in which the visualization of anatomical information needs to be observed within the patient's body. In this regard, existing works have proposed several focus and context (F+C) approaches to aid users in visualizing this content using Video See-Through (VST) Head-Mounted Displays (HMDs). However, the implementation of these approaches in Optical See-Through (OST) HMDs remains an open question due to the additive characteristics of the display technology. In this article, we, for the first time, design and conduct a user study that compares depth estimation between VST and OST HMDs using existing in-situ visualization methods. Our results show that these visualizations cannot be directly transferred to OST displays without increasing error in depth perception tasks. To tackle this gap, we perform a structured decomposition of the visual properties of AR F+C methods to find best-performing combinations. We propose the use of chromatic shadows and hatching approaches transferred from computer graphics. In a second study, we perform a factorized analysis of these combinations, showing that varying the shading type and using colored shadows can lead to better depth estimation when using OST HMDs.",2022-12,2025-12-25 02:02:12,2025-12-25 04:23:04,,4156-4171,,12,28,,,,,,,,,,,,,,,,,,,,notion://www.notion.so/Martin-Gomez-et-al-2022-33efa7e7d32f813188afdea5919d43cf,perception; human computer interaction; notion; Augmented reality; user studies; Visualization; Estimation; Human computer interaction; User interfaces; Rendering (computer graphics); Head-mounted displays; Image color analysis; depth estimation; visualization techniques; design and evaluation methods,,,,,,,,,,,,,,,,,,,,,,,,,,,,,,,,,,,,,,,,,,,,,,,,IEEE,pass,,IEEE Transactions on Visualization and Computer Graphics,SJR,,Q1,Cat1 [Not VR / Out of Scope] | Cat3 [Clinical / Medical],Cat1 [Not VR / Out of Scope]::\baugmented reality\b | Cat1 [Not VR / Out of Scope]::\bar\b | Cat3 [Clinical / Medical]::\bpatient[s]?\b
PT2U7IXA,conferencePaper,2022,"Dai, Yudi; Lin, Yitai; Wen, Chenglu; Shen, Siqi; Xu, Lan; Yu, Jingyi; Ma, Yuexin; Wang, Cheng",HSC4D: Human-centered 4D scene capture in large-scale indoor-outdoor space using wearable imus and LiDAR,2022 IEEE/CVF conference on computer vision and pattern recognition (CVPR),,2575-7075,10.1109/CVPR52688.2022.00667,,"We propose Human-centered 4D Scene Capture (HSC4D) to accurately and efficiently create a dynamic digital world, containing large-scale indoor-outdoor scenes, diverse human motions, and rich interactions between humans and environments. Using only body-mounted IMUs and LiDAR, HSC4D is space-free without any external devices' constraints and map-free without pre-built maps. Considering that IMUs can capture human poses but always drift for long-period use, while LiDAR is stable for global localization but rough for local positions and orientations, HSC4D makes both sensors complement each other by a joint optimization and achieves promising results for long-term capture. Relationships between humans and environments are also explored to make their interaction more realistic. To facilitate many down-stream tasks, like AR, VR, robots, autonomous driving, etc., we propose a dataset containing three large scenes (1k-5k m2) with accurate dynamic human motions and locations. Diverse scenarios (climbing gym, multi-story building, slope, etc.) and challenging human activities (exercising, walking up/down stairs, climbing, etc.) demonstrate the effectiveness and the generalization ability of HSC4D. The dataset and code is available at lidarhumanmotion.net/hsc4d. © 2022 IEEE.",2022-06,2025-12-25 02:02:26,2025-12-25 04:36:35,,6782-6792,,,,,,,,,,,,,,,,,,,,,,,notion://www.notion.so/Dai-et-al-2022-348fa7e7d32f819ab035e1795f3b782e,notion; Sensors; Robot sensing systems; Motion capture; Location awareness; Dynamics; Laser radar; Datasets and evaluation; Motion and tracking; Face and gestures; Pose estimation and tracking; Stairs,,,,,,,,,,,,,,,,,,,,,,,,,,,,,,,,,,,,,,,,,,,,,,,,IEEE,pass,,IEEE Conference on Computer Vision and Pattern Recognition,CORE,A*,,Cat1 [Not VR / Out of Scope],Cat1 [Not VR / Out of Scope]::\bar\b
WATV7FSQ,journalArticle,2013,"Wright, W. Geoffrey; Agah, Mobin Rastgar; Darvish, Kurosh; Keshner, Emily A.",Head stabilization shows visual and inertial dependence during passive stimulation: Implications for virtual rehabilitation,IEEE Transactions on Neural Systems and Rehabilitation Engineering,,1558-0210,10.1109/TNSRE.2012.2237040,,"Sensorimotor coordination relies on the fine calibration and integration of visual, vestibular, and somatosensory input. Using virtual environments (VE) allows for the dissociation of visual and inertial inputs to manipulate human behavioral outputs. Our goal was to employ VE technology in a novel manner to investigate how head stabilization is affected by spatiotemporal properties of dynamic visual input when combined with passive motion on a linear sled. Healthy adults (n = 12) wore a head-mounted display during naso-occipital sinusoidal horizontal whole body translations while seated. Subjects were secured in a seat with a five-point harness, with the head free to move. Frequency and amplitude of sinusoidal input (i.e., inertial conditions) were set to create overlapping conditions of maximum acceleration (a<sub>max</sub>) or velocity (v <sub>max</sub>). Four inertial conditions were combined with four visual conditions (VIS). VIS were created so that direction of optic flow either matched direction of passive motion or did not. The effect of near and far fixation distance within the VE was also tested. Head kinematics were collected with a three-axis gyro. Head stability showed a complex interaction dependent on changes in weighting of visual and inertial inputs that changed with the sled driving frequency. Inertial condition affected amplitude (p < 0.0000) and phase (p < 0.0000) of head pitch angular velocity. In the absence of visual input, head pitch velocity amplitude increased (p < 0.01). An interaction effect between inertial and VIS conditions on head yaw occurred in SW (p < 0.05). There was also a significant interaction of depth of field and inertial condition on amplitude (p < 0.001) and phase ( p < 0.05 ) of head yaw velocity in SW, especially during high v<sub>max</sub> conditions. We conclude visual flow can organize lateral cervical responses despite being discordant with inertial input. When using VE for rehabilitation, possible unintended, involuntary or reflexive motor responses that may not be present in traditional training environments should be taken into consideration. © 2001-2011 IEEE.",2013-03,2025-12-25 02:02:26,2025-12-25 04:36:50,,191-197,,2,21,,,,,,,,,,,,,,,,,,,,notion://www.notion.so/Wright-et-al-2013-348fa7e7d32f81d2b585f24c0223997c,virtual reality; notion; Visualization; Acceleration; Adaptive optics; vection; Educational institutions; Dynamics; Angular velocity; Cutoff frequency; Posture; vestibular,,,,,,,,,,,,,,,,,,,,,,,,,,,,,,,,,,,,,,,,,,,,,,,,IEEE,pass,,IEEE Transactions on Neural Systems and Rehabilitation Engineering,SJR,,Q1,Cat3 [Clinical / Medical],Cat3 [Clinical / Medical]::\brehabilitation\b
ITVU4JUQ,conferencePaper,2021,"Ferlini, Andrea; Montanari, Alessandro; Grammenos, Andreas; Harle, Robert; Mascolo, Cecilia",Enabling in-ear magnetic sensing: Automatic and user transparent magnetometer calibration,2021 IEEE international conference on pervasive computing and communications (PerCom),,2474-249X,10.1109/PERCOM50583.2021.9439112,,"Earables (in-ear wearables) are a new frontier in wearables. Acting both as leisure devices, providing personal audio, as well as sensing platforms, earables could collect sensor data for the upper part of the body, subject to fewer vibrations and random movement variations than the lower parts of the body, due to inherent damping in the musculoskeletal system. These data may enable application domains such as augmented/virtual reality, medical rehabilitation, and health condition screening. Unfortunately, earables have inherent size, shape, and weight constraints limiting the type and position of the sensors on such platforms. For instance, lacking a magnetometer in all earables reference platforms, earables lack reference points. Thus, it becomes harder to work with absolute orientations. Embedding magnetometers in earables is challenging, as these rely heavily on radio (mostly Bluetooth) communication (RF) and contain magnets for magnetic-driven speakers and docking. We explore the feasibility of adding a built-in magnetometer in an earbud, presenting the first comprehensive study of the magnetic interference impacting the magnetometer when placed in an earable: both that caused by the speaker and by RF (music streaming and voice calls) are considered. We find that appropriate calibration of the magnetometer removes the offsets induced by the magnets, the speaker, and the variable interference due to BT. Further, we present an automatic, user-transparent adaptive calibration that obviates the need for alternative, expensive, and error-prone manual, or robotics, calibration procedures. Our evaluation shows how our calibration approach performs under different conditions, achieving convincing results with errors below 3° for the majority of the experiments. © 2021 IEEE.",2021-03,2025-12-25 02:02:27,2025-12-25 04:42:25,,1-8,,,,,,,,,,,,,,,,,,,,,,,notion://www.notion.so/Ferlini-et-al-2021-33efa7e7d32f81b79853f906bc1ec7c5,notion; Vibrations; Wearable computers; Radio frequency; Interference; Magnetometers; Magnetic domains; Magnetomechanical effects,,,,,,,,,,,,,,,,,,,,,,,,,,,,,,,,,,,,,,,,,,,,,,,,IEEE,pass,,IEEE International Conference on Pervasive Computing and Communications,CORE,A*,,Cat3 [Clinical / Medical],Cat3 [Clinical / Medical]::\brehabilitation\b
PVT73DTZ,journalArticle,2020,"Zhang, Zihao; Hu, Lei; Deng, Xiaoming; Xia, Shihong",Weakly supervised adversarial learning for 3D human pose estimation from point clouds,IEEE Transactions on Visualization and Computer Graphics,,1941-0506,10.1109/TVCG.2020.2973076,,"Point clouds-based 3D human pose estimation that aims to recover the 3D locations of human skeleton joints plays an important role in many AR/VR applications. The success of existing methods is generally built upon large scale data annotated with 3D human joints. However, it is a labor-intensive and error-prone process to annotate 3D human joints from input depth images or point clouds, due to the self-occlusion between body parts as well as the tedious annotation process on 3D point clouds. Meanwhile, it is easier to construct human pose datasets with 2D human joint annotations on depth images. To address this problem, we present a weakly supervised adversarial learning framework for 3D human pose estimation from point clouds. Compared to existing 3D human pose estimation methods from depth images or point clouds, we exploit both the weakly supervised data with only annotations of 2D human joints and fully supervised data with annotations of 3D human joints. In order to relieve the human pose ambiguity due to weak supervision, we adopt adversarial learning to ensure the recovered human pose is valid. Instead of using either 2D or 3D representations of depth images in previous methods, we exploit both point clouds and the input depth image. We adopt 2D CNN to extract 2D human joints from the input depth image, 2D human joints aid us in obtaining the initial 3D human joints and selecting effective sampling points that could reduce the computation cost of 3D human pose regression using point clouds network. The used point clouds network can narrow down the domain gap between the network input i.e. point clouds and 3D joints. Thanks to weakly supervised adversarial learning framework, our method can achieve accurate 3D human pose from point clouds. Experiments on the ITOP dataset and EVAL dataset demonstrate that our method can achieve state-of-the-art performance efficiently. © 2020 IEEE.",2020-05,2025-12-25 02:02:27,2025-12-25 04:19:15,,1851-1859,,5,26,,,,,,,,,,,,,,,,,,,,notion://www.notion.so/Zhang-et-al-2020-348fa7e7d32f8188915ddde93bd0a1c5,notion; Three-dimensional displays; Heating systems; Two dimensional displays; Training data; Computers; Proposals; Pose estimation; Depth Map; Human Pose Estimation; Point Clouds,,,,,,,,,,,,,,,,,,,,,,,,,,,,,,,,,,,,,,,,,,,,,,,,IEEE,pass,,IEEE Transactions on Visualization and Computer Graphics,SJR,,Q1,Cat1 [Not VR / Out of Scope],Cat1 [Not VR / Out of Scope]::\bar\b
4KLLDJ3F,conferencePaper,2026,"DeVeaux, Cyan; Hall, Elizabeth H.; Shaw, Andy J.; Francl, Andrew Frederick; van Horne, Paulus; Nieuwenhuizen, Frank M.; Garí, Sebastià V. Amengual; Huberth, Madeline",Audiovisual realism in MR: Investigating the effects of room acoustics on co-presence with photorealistic avatars,2026 IEEE conference on virtual reality and 3D user interfaces (VR),,,10.1109/VR67842.2026.00075,,,2026,2026-07-17 05:51:57,2026-07-17 05:51:57,,552-562,,,,,,,,,,,,,,,,,,,,,,,,Amplitude shift keying; audio; avatars; Avatars; Circuits; Communication systems; Feedback; Graphical user interfaces; Location awareness; mixed reality; Protocols; room acoustics; Video games; Videos,,,,,,,,,,,,,,,,,,,,,,,,,,,,,,,,,,,,,,,,,,,,,,,,IEEE(update),hold,要旨なしのため判定不能(フェイルセーフで保留),IEEE Conference on Virtual Reality and 3D User Interfaces,CORE(alias),A*,,Cat1 [Not VR / Out of Scope],Cat1 [Not VR / Out of Scope]::\bmr\b
2VCQ84RX,journalArticle,2026,"Du, Fangyu; Yang, Yang; Gao, Xuehao; Hou, Hongye; Sun, Chen",Hierarchical diffusion for sparse-to-full human motion reconstruction,IEEE Signal Processing Letters,,1558-2361,10.1109/LSP.2026.3694693,,"Human motion generation from sparse observations is an ill-posed problem in AR/VR, where head-mounted devices often capture only head and wrist trajectories. Prior methods usually reconstruct full-body motion in a single stage, forcing inference over a vast solution space and producing inaccurate lower-body motion, weak temporal coherence, and implausible sequences that degrade avatar embodiment. We present MAGE, a Multi-stage Avatar GEnerator based on hierarchical diffusion. Instead of predicting 22-joint motion at once, MAGE progressively refines motion from a coarse 6-part representation to full joints. Each stage injects stage-specific motion priors and uses intermediate predictions to constrain subsequent refinement, reducing ambiguity and stabilizing dynamics. Experiments on large-scale motion datasets show that MAGE improves reconstruction accuracy, temporal smoothness, and perceptual realism over state-of-the-art baselines, enabling more reliable full-body animation from minimal AR/VR sensing while preserving real-time interaction.",2026,2026-07-17 05:51:57,2026-07-17 05:51:57,,2185-2189,,,33,,,,,,,,,,,,,,,,,,,,,Accuracy; Animation; Computer vision; Computers; Conferences; Design methodology; diffusion models; Diffusion models; Joints; machine learning; Modeling; motion analysis; Noise reduction; Sequences; virtual reality,,,,,,,,,,,,,,,,,,,,,,,,,,,,,,,,,,,,,,,,,,,,,,,,IEEE(update),pass,,IEEE Signal Processing Letters,SJR,,Q1,Cat1 [Not VR / Out of Scope],Cat1 [Not VR / Out of Scope]::\bar\b
USJ852Y4,journalArticle,2026,"Zhou, Qiushi; Soto, Jean Paul Vera; Bai, Zhongyi; Parent, Mark; Todi, Kashyap; Jonker, Tanya R.; Velloso, Eduardo",A probabilistic approach to understanding user preferences for adaptive placement of AR interfaces in different physical environments,IEEE Transactions on Visualization and Computer Graphics,,,10.1109/TVCG.2026.3667949,,,2026,2026-07-17 05:51:57,2026-07-17 05:51:57,,5483-5500,,7,32,,,,,,,,,,,,,,,,,,,,,Adaptation models; adaptive interface; Adaptive systems; augmented reality; Clutter; Crowdsourcing; Extended reality; Headphones; Layout; Optimization; Probabilistic logic; User preference; Visualization,,,,,,,,,,,,,,,,,,,,,,,,,,,,,,,,,,,,,,,,,,,,,,,,IEEE(update),hold,要旨なしのため判定不能(フェイルセーフで保留),IEEE Transactions on Visualization and Computer Graphics,SJR,,Q1,Cat1 [Not VR / Out of Scope],Cat1 [Not VR / Out of Scope]::\bar\b
NJ42BZUV,conferencePaper,2025,"Wu, Jiacheng; Zhang, Ruiqi; Chen, Jie; Zhang, Hui",Fast and physically-based neural explicit surface for relightable human avatars,2025 IEEE international conference on multimedia and expo (ICME),,,10.1109/ICME59968.2025.11210133,,"Efficiently modeling relightable human avatars from sparse-view videos is crucial for AR/VR applications. Current methods use neural implicit representations to capture dynamic geometry and reflectance, which incur high costs due to the need for dense sampling in volume rendering. To overcome these challenges, we introduce Physically-based Neural Explicit Surface (PhyNES), which employs compact neural material maps based on the Neural Explicit Surface (NES) representation. PhyNES organizes human models in a compact 2D space, enhancing material disentanglement efficiency. By connecting Signed Distance Fields to explicit surfaces, PhyNES enables efficient geometry inference around a parameterized human shape model. This approach models dynamic geometry, texture, and material maps as 2D neural representations, enabling efficient rasterization. PhyNES effectively captures physical surface attributes under varying illumination, enabling real-time physically-based rendering. Experiments show that PhyNES achieves relighting quality comparable to SOTA methods while significantly improving rendering speed, memory efficiency, and reconstruction quality. © 2025 IEEE.",2025,2026-07-17 05:51:57,2026-07-17 05:51:57,,1-6,,,,,,,,,,,,,,,,,,,,,,,,Avatars; Geometry; Lighting; Memory efficiency; Memory management; Physical Human Avatar Reconstruction; Physically-based Rendering; Real-time; Real-time systems; Reflectivity; Rendering (computer graphics); Shape; Surface reconstruction; Videos,,,,,,,,,,,,,,,,,,,,,,,,,,,,,,,,,,,,,,,,,,,,,,,,IEEE(update),pass,,IEEE International Conference on Multimedia and Expo,CORE,A,,Cat1 [Not VR / Out of Scope],Cat1 [Not VR / Out of Scope]::\bar\b
WTQGZT3G,journalArticle,2026,"Cheng, Haojie; Liu, Chang; Kanneganti, Abhiram; Choolani, Mahesh Arjandas; Gosavi, Arundhati Tushar; Khoo, Eng Tat",A mixed reality system for robust manikin localization in childbirth training,IEEE Transactions on Visualization and Computer Graphics,,,10.1109/TVCG.2026.3680576,,,2026,2026-07-17 05:51:57,2026-07-17 05:51:57,,3956-3966,,5,32,,,,,,,,,,,,,,,,,,,,,Childbirth training; Circuits; Circuits and systems; Contacts; Feedback; Filtering; Filters; Flexible printed circuits; Frequency modulation; Head-mounted displays; Low-pass filters; Manikin localization; Mixed reality; Radio broadcasting; Real-time tracking,,,,,,,,,,,,,,,,,,,,,,,,,,,,,,,,,,,,,,,,,,,,,,,,IEEE(update),hold,要旨なしのため判定不能(フェイルセーフで保留),IEEE Transactions on Visualization and Computer Graphics,SJR,,Q1,Cat1 [Not VR / Out of Scope],Cat1 [Not VR / Out of Scope]::\bmixed reality\b
ECHUP5SA,conferencePaper,2025,"Rosenberg-Munoz, Daniel",The five spatial elements: a framework for spatial interactions in MR,2025 IEEE international symposium on mixed and augmented reality adjunct (ISMAR-adjunct),,,10.1109/ISMAR-Adjunct68609.2025.00029,,,2025,2026-07-17 05:51:58,2026-07-17 05:51:58,,120-126,,,,,,,,,,,,,,,,,,,,,,,,Dynamics; Immersive Environments; Media; Mixed reality; Proxemics; Spatial augmented reality; Spatial Augmented Reality; Spatial Interactions; Testing; Three-dimensional displays; Tracking; Virtual reality; Visualization; Vocabulary,,,,,,,,,,,,,,,,,,,,,,,,,,,,,,,,,,,,,,,,,,,,,,,,IEEE(update),hold,要旨なしのため判定不能(フェイルセーフで保留),IEEE/ACM International Symposium on Mixed and Augmented Reality,CORE,A*,,Cat1 [Not VR / Out of Scope],Cat1 [Not VR / Out of Scope]::\bmr\b
NNYMK2BN,journalArticle,2026,"Wang, Zan; Li, Anqi; Li, Yixuan; Liang, Wei; Ning, Bing",What you see is what you wear: Crafting garments for diverse avatars with consistent wearing effects,IEEE Transactions on Visualization and Computer Graphics,,1941-0506,10.1109/TVCG.2026.3680706,,"In immersive VR applications, avatars shape users' identities and social presence. Personalization requires generating realistic outfits for avatars, often specified through a single reference image, while supporting seamless editing, adaptation to diverse avatars, and efficient rendering. Achieving these goals is challenging because VR avatars, even humanoid ones, exhibit substantial variations in body shapes and topologies. This inherent diversity makes it difficult to collect sufficient paired data, impeding the evolution of generalizable end-to-end image-to-garment models. To this end, we propose Tailor, a two-stage framework that dresses 3D humanoid avatars from a single reference image while preserving the wearing effects observed in the image. In the first stage, Tailor leverages a structured garment representation based on sewing patterns, enabling the network to predict garments in a low-dimensional, interpretable, and topology-independent space. In the second stage, Tailor performs instance-specific optimization to adapt the predicted sewing pattern to the avatar, ensuring consistent wearing effects across varying avatars. Furthermore, this framework also enables seamless garment editing, on-the-fly adaptation, and real-time rendering, making it particularly suitable for large-scale VR environments. Extensive experiments demonstrate that Tailor achieves results comparable to professional manual designs and produces garments that are both visually appealing and better aligned with reference styles than those generated by naive pattern-scaling baselines, as validated through human perceptual studies. © 1995-2012 IEEE.",2026,2026-07-17 05:52:14,2026-07-17 05:52:14,,4408-4418,,5,32,,,,,,,,,,,,,,,,,,,,,Amplitude modulation; Amplitude shift keying; Anisotropic; Avatars; Digital Garment; Electronic mail; Filters; Graphical user interfaces; Internet; Passive optical networks; Sewing Pattern; Videos; Virtual Avatar,,,,,,,,,,,,,,,,,,,,,,,,,,,,,,,,,,,,,,,,,,,,,,,,IEEE(update),pass,,IEEE Transactions on Visualization and Computer Graphics,SJR,,Q1,Cat2 [Tech / Non-Empirical],Cat2 [Tech / Non-Empirical]::\breal[- ]?time\s+rendering\b
D4LTUXJ2,journalArticle,2026,"Sobhi, Mohamad; Moosavi, Mahdiyeh Sadat; Guillet, Christophe; Mérienne, Frédéric; Ebadzadeh, Mohammad Mehdi",Closer to human: Hybrid training of VR agents beyond robotic motion,"IEEE access : practical innovations, open solutions",,2169-3536,10.1109/ACCESS.2026.3658497,,"The success of virtual reality (VR) agents is not solely defined by task completion; adaptability and the ability to move beyond repetitive, robotic behavior are equally critical for embodiment, social interaction, rehabilitation, and training. To address this challenge, we propose a hybrid training methodology that integrates imitation learning and reinforcement learning to develop agents that both master tasks and generalize beyond demonstrations. Our framework combines Behavioral Cloning (BC) for rapid policy initialization, Proximal Policy Optimization (PPO) for stable reinforcement-driven learning, and Generative Adversarial Imitation Learning (GAIL) for imitation-based rewards, resulting in policies that converge efficiently while avoiding repetitive imitation. We implemented this framework in a Unity-based VR environment, where participants performed a single-joint cube pick-and-place task using a headset and controller. Human demonstrations were collected and used to train and evaluate agents against multiple motion metrics, including Dynamic Time Warping (DTW), Fréchet distance, minimum jerk cost, Fitts’s law, and curvature–velocity coupling. Experimental results showed that hybrid-trained agents achieved stable convergence, consistent task mastery, and motion trajectories comparable to human demonstrations across temporal, spatial, and smoothness dimensions. Notably, the agents exhibited adaptive, non-repetitive behavior without explicitly optimizing for biomechanical fidelity, suggesting that human-like variability can emerge naturally from our customized hybrid IL + RL training. These findings provide a foundation for scaling the methodology toward multi-joint and full-body motion learning, with promising implications for future VR applications in rehabilitation, training, and embodied interaction. © 2013 IEEE.",2026,2026-07-17 05:52:16,2026-07-17 05:52:16,,18940-18951,,,14,,IEEE Access,,,,,,,,,,,,,,,,,,,AI agent; Cloning; Convergence; human-like motion; imitation learning; Imitation learning; Navigation; Optimization; Pipelines; reinforcement learning; Reinforcement learning; Robots; Training; Trajectory; Virtual reality,,,,,,,,,,,,,,,,,,,,,,,,,,,,,,,,,,,,,,,,,,,,,,,,IEEE(update),pass,,IEEE Access,SJR,,Q1,Cat3 [Clinical / Medical],Cat3 [Clinical / Medical]::\brehabilitation\b
HB3XQ2PI,journalArticle,2026,"Hube, Natalie; Achberger, Alexander; Sedlmair, Michael",A large-scale quantitative analysis of avatars in VR and AR,IEEE Transactions on Visualization and Computer Graphics,,1941-0506,10.1109/TVCG.2026.3679106,,"Avatars play a central role in virtual and augmented reality (VR/AR), yet little is known about how they are represented in research. To address this gap, we collected and analyzed 14440 avatar images from 4659 publications. Every image was hand-labeled for gender, ethnicity, body representation, and visual style, and linked to publication metadata such as keywords, affiliation, and year. Our large-scale analysis yields 14 findings: for example, the dominance of realistic white male avatars in VR studies, the use of lower-fidelity and more gender-diverse bodies in AR, the post-2021 rise of stylized designs and diversity labels, and the mismatch between the amount of female keywords and their avatar occurrences. Based on our findings, we offer practical implications for avatar designers and researchers, such as adopting balanced starter libraries, employing bias dashboards, and using simple representation checklists. These steps can help future VR and AR platforms reduce bias and improve representations in avatar systems. © 1995-2012 IEEE.",2026-05,2026-07-17 05:52:58,2026-07-17 05:52:58,,3136-3145,,5,32,,,,,,,,,,,,,,,,,,,,,virtual reality; Avatar; augmented reality; Avatars; Electronic mail; Motion pictures; Videos; Video games; Internet; Graphical user interfaces; Integrated circuits; Crowdsourcing; Video equipment,,,,,,,,,,,,,,,,,,,,,,,,,,,,,,,,,,,,,,,,,,,,,,,,IEEE(update),pass,,IEEE Transactions on Visualization and Computer Graphics,SJR,,Q1,Cat1 [Not VR / Out of Scope],Cat1 [Not VR / Out of Scope]::\baugmented reality\b | Cat1 [Not VR / Out of Scope]::\bar\b
4GZ95NX8,journalArticle,2026,"Fujii, Ruu; Matsui, Kazuhiro; Okada, Kotaro; Kojima, Ryoma; Atsuumi, Keita; Mori, Yoshiki; Hirai, Hiroaki; Nishikawa, Atsushi",Physio avatar RM: Effects of self-avatar integration with foot-elongated avatar via virtual self-touch on human gait,IEEE Transactions on Neural Systems and Rehabilitation Engineering,,1558-0210,10.1109/TNSRE.2026.3713187,,"Virtual reality (VR) provides a controllable medium to couple perception and motor behavior in rehabilitation. This study investigated whether experiencing a foot-elongated avatar (FEA) via virtual self-touch (VST), which combines VR visual information and synchronized vibrotactile stimulation, is associated with body schema–related change and whether such change is reflected in motor behavior during obstacle crossing, indexed by maximum foot clearance (MFC). Twenty-two healthy young adults experienced two avatars in counterbalanced order: a life-size avatar (LA) and an FEA with a rightfoot length that was 1.5 times that of the LA. The primary outcome measure was MFC while stepping over 10-cm and 30-cm virtual obstacles; the secondary outcome measures were perceptual drift in the perceived toe-tip position and questionnaire scores for the sense of ownership and sense of agency. The VST task produced significantly greater perceptual drift with the FEA than with the LA (p ¡ 0.05, r = 0.813). For the 30-cm obstacle, the MFC value was significantly greater with the FEA than with the LA (p ¡ 0.05, r = 0.415). In contrast, the questionnaire scores did not exhibit statistically significant group-level differences between the avatars. These findings suggest that body schema–related change after experiencing a FEA via VST was mainly limited to the perceptual aspect and was not clearly observed in the subjective aspect. Furthermore, the finding suggests that an aspect-specific body schema–related change may be associated with measurable gait adjustment during a more demanding obstacle-crossing task, although VST contribution cannot be isolated in the present design.",2026,2026-07-17 05:52:59,2026-07-17 05:52:59,,1-1,,,,,,,,,,,,,,,,,,,,,,,,Virtual reality; Avatars; body schema; Hands; Foot; Testing; Motors; Educational institutions; Timing; Limbs; Semiconductor optical amplifiers; Service-oriented architecture; gait rehabilitation; obstacle crossing; self-avatar integration; virtual self-touch,,,,,,,,,,,,,,,,,,,,,,,,,,,,,,,,,,,,,,,,,,,,,,,,IEEE(update),pass,,IEEE Transactions on Neural Systems and Rehabilitation Engineering,SJR,,Q1,Cat3 [Clinical / Medical],Cat3 [Clinical / Medical]::\brehabilitation\b
UFB2KHRP,journalArticle,2022,"Gaballa, Aya; Cavalcante, Reidner Santos; Lamounier, Edgard; Soares, Alcimar; Cabibihan, John-John",Extended reality “x-reality” for prosthesis training of upper-limb amputees: a review on current and future clinical potential,IEEE Transactions on Neural Systems and Rehabilitation Engineering,,1558-0210,10.1109/TNSRE.2022.3179327,,"The rejection rates of upper-limb prosthetic devices in adults are high, currently averaging 26% and 23% for body-powered and electric devices, respectively. While many factors influence acceptance, prosthesis training methods relying on novel virtual reality systems have been cited as a critical factor capable of increasing the likelihood of long-term, full-time use. Despite that, these implementations have not yet garnered widespread traction in the clinical setting, and their use remains immaterial. This review aims to explore the reasons behind this situation by identifying trends in existing research that seek to advance Extended Reality 'X-Reality' systems for the sake of upper-limb prosthesis rehabilitation and, secondly, analyzing barriers and presenting potential pathways to deployment for successful adoption in the future. The search yielded 42 research papers that were divided into two categories. The first category included articles that focused on the technical aspect of virtual prosthesis training. Articles in the second category utilize user evaluation procedures to ensure applicability in a clinical environment. The review showed that 75% of articles that conducted whole system testing experimented with non-immersive virtual systems. Furthermore, there is a shortage of experiments performed with amputee subjects. From the large-scale studies analyzed, 71% of those recruited solely non-disabled participants. This paper shows that X-Reality technologies for prosthesis rehabilitation of upper-limb amputees carry significant benefits. Nevertheless, much still must be done so that the technology reaches widespread clinical use. © 2001-2011 IEEE.",2022,2026-08-10 12:59:45,2026-08-10 12:59:45,,1652-1663,,,30,,,,,,,,,,,,,,,,,,,,,augmented reality; Extended reality; Prosthesis; Prosthetics; Protocols; rehabilitation; serious games; Training; upper-limb; virtual reality; Virtual reality; Visualization; X reality,,,,,,,,,,,,,,,,,,,,,,,,,,,,,,,,,,,,,,,,,,,,,,,,IEEE(wave2),pass,,IEEE Transactions on Neural Systems and Rehabilitation Engineering,SJR,,Q1,Cat3 [Clinical / Medical],Cat3 [Clinical / Medical]::\brehabilitation\b | Cat3 [Clinical / Medical]::\bclinical\s+(?:trial|study|outcome|setting|population)\b
92TDSZRQ,journalArticle,2025,"Anton, Jacqueline; Abrahamson, Dor",Walking the number line: towards an enactive understanding of integer arithmetic,Instructional Science,,00204277,10.1007/s11251-025-09707-w,https://www.scopus.com/pages/publications/86000333093?origin=resultslist,"Early mathematics education presents middle-school students with the challenge of adding and subtracting negative integers. This paper reports on results from the experimental implementation of a proposed educational design for integer arithmetic that utilized the number-line (NL) form as a resource for students to enact simple addition and subtraction problems under two conditions: (1) a body-scale floor-based NL, where arithmetic operations are enacted by walking; and (2) a regular desk-based NL supplemented with an action-figure for re-enacting the floor-based solutions. This design is the first iteration of a design-based research project and was developed based on the experience of the first author’s five years teaching in this topic. 15 Grade 7 students participated in the project’s pilot study that centered on how students coordinate procedurally analogous calculation activities across the large and small NL. The activity elicited students’ implicit confusions surrounding integer subtraction, thus creating opportunities for corrective intervention. Analyses also generated operative inferences shaping the subsequent design iteration. Implications are drawn more broadly for enactive mathematics pedagogy, particularly through the lens of comparing students’ egocentric orientations toward immersive instantiations of cultural–historical mathematical forms to their allocentric perceptual orientations toward the normative forms of the same concepts. As Extended Reality (XR, e.g. virtual reality, augmented reality) experiences enter mathematics classrooms, it may become vital to develop pedagogical methodologies in support of coordinating conceptually complementary perceptual perspectives. © The Author(s) 2025.",2025,2026-05-15 01:54:26,2026-05-15 01:54:26,,657 - 677,,4,53,,,,,,,,,,,,,,,,,Type: Article,<p>Cited by: 0; All Open Access; Green Open Access; Hybrid Gold Open Access</p>,,,,,,,,,,,,,,,,,,,,,,,,,,,,,,,,,,,,,,,,,,,,,,,,,,,Scopus,pass,,Instructional Science,SJR,,Q1,Cat1 [Not VR / Out of Scope],Cat1 [Not VR / Out of Scope]::\baugmented reality\b
S2UJVS2Z,journalArticle,2025,"Tsai, Frank; Gray, Landon; Mirabella, Amy; Steinbach, Margaux; Garrick, Jacqueline M.; Barrett, Nadine J.; Chao, Nelson; Zenhausern, Frederic",Immersive Virtual Reality for Enabling Patient Experience and Enrollment in Oncology Clinical Trials: A Feasibility Study,Cancers,,20726694,10.3390/cancers17071148,https://www.scopus.com/pages/publications/105002379085?origin=resultslist,"Background/Objectives: Informed consent is a crucial part of the clinical trial enrollment process in which patients are asked to understand and provide approval for medical interventions. Consent forms can be complex and hinder patient comprehension, highlighting the need for novel tools to improve the patient enrollment experience. This feasibility study aimed to develop an immersive technology to enroll human subjects in oncology clinical trials and provide 3D avatar-based informed consent in a virtual reality (VR) environment. Methods: Clinical feasibility and the effects of head-mounted VR devices on motion sickness and educational quality were evaluated in adult oncology patients enrolled in an intravenous (IV) port placement intervention study. Participants received before- and after-questionnaires to measure their understanding of the information received in VR. A follow-up questionnaire was given four weeks post-consent to measure knowledge retention. Results: Clinical staff reported that VR technology was manageable to use. Among 16 adult participants, all reported that VR was well tolerated with no motion sickness. The mean pre-intervention knowledge score was 64.6%, with an immediate post-intervention knowledge score of 97.9%. A mean knowledge score of 93.3% four-weeks post-consent was observed among 10/16 participants who completed a follow-up questionnaire. Conclusions: These findings support that VR is well tolerated and effective at delivering information during the informed consent process for oncology clinical trials. Key limitations include the small sample size and single clinical population. Further trials are warranted to compare efficacy over traditional consenting mechanisms and include more diverse clinical populations among a wider participant pool. © 2025 by the authors.",2025,2026-05-15 01:54:36,2026-05-15 01:54:36,,,,7,17,,,,,,,,,,,,,,,,,Type: Article,<p>Cited by: 3; All Open Access; Gold Open Access; Green Open Access</p>,,,,,,,,,,,,,,,,,,,,,,,,,,,,,,,,,,,,,,,,,,,,,,,,,,,Scopus,pass,,Cancers,SJR,,Q1,Cat3 [Clinical / Medical],Cat3 [Clinical / Medical]::\bpatient[s]?\b | Cat3 [Clinical / Medical]::\bclinical\s+(?:trial|study|outcome|setting|population)\b
DHXPY2SI,journalArticle,2026,"Bai, Dorothy; Wang, Yu-Hua; Lin, Yu-Fang; Liu, Megan F.","Effect of Virtual Reality-Based Mindfulness Program vs Audio-Guided Mindfulness on Depression, Sleep, and Quality of Life in Dementia Family Caregivers: An Exploratory Randomized Controlled Trial",International Journal of Medical Sciences,,14491907,10.7150/ijms.126415,https://www.scopus.com/pages/publications/105029887023?origin=resultslist,"Background: Family caregivers of individuals with dementia often experience significant psychological and physical burdens. While mindfulness-based interventions have shown potential in improving caregiver well-being, the effects of integrating virtual reality (VR) technology into these interventions remain underexplored. Objective: This study compared a VR-based mindfulness program with an audio-guided mindfulness program on depression, sleep quality, and quality of life among family caregivers of people with dementia. Methods: An exploratory randomized controlled trial was conducted with 16 dementia family caregivers. Participants were randomly assigned to a VR-based mindfulness intervention group or an audio-guided mindfulness active control group. The six-week intervention included practices such as mindful breathing, body scanning, and yoga. The primary outcome was depression (Center for Epidemiologic Studies Depression Scale, CES-D). Secondary outcomes were sleep quality (Chinese Pittsburgh Sleep Quality Index, CPSQI) and quality of life (WHOQOL-BREF Taiwan version). Outcomes were assessed at baseline and post-intervention. Within-group changes were assessed using the Wilcoxon signed-rank test, and between-group differences in change scores were compared using the Mann-Whitney U test. Results: Both groups showed significant within-group improvements in depression (VR: −4.50, p = .012; audio: −4.00, p = .012), sleep quality (VR: −1.50, p = .012; audio: −1.50, p = .017), and quality of life (VR: +2.00, p = .012; audio: +3.00, p = .012). Although between-group differences were not statistically significant, no VR-related adverse symptoms were reported, and the findings support further evaluation of VR-delivered mindfulness in larger trials. Conclusions: Both VR-based and audio-guided mindfulness interventions were associated with within-group improvements in depression, sleep, and quality of life in dementia caregivers. VR offers an engaging alternative for mindfulness delivery, with potential to enhance user experience. Given the small sample size, these findings should be interpreted cautiously, and larger studies are needed to examine VR’s added benefits. © The author(s).",2026,2026-05-15 01:54:36,2026-05-15 01:54:36,,843 - 851,,3,23,,,,,,,,,,,,,,,,,Type: Article,<p>Cited by: 0; All Open Access; Gold Open Access; Green Open Access</p>,,,,,,,,,,,,,,,,,,,,,,,,,,,,,,,,,,,,,,,,,,,,,,,,,,,Scopus,pass,,International Journal of Medical Sciences,SJR,,Q1,Cat3 [Clinical / Medical],Cat3 [Clinical / Medical]::\bdementia\b
PWUW3PKZ,journalArticle,2026,"Li, Shanglin; Xiao, Juan",HyVDAR: A semi-supervised framework for high-fidelity 3D object reconstruction from sparse multi-view point clouds in virtual reality applications,Egyptian Informatics Journal,,11108665,10.1016/j.eij.2026.100906,https://www.scopus.com/pages/publications/105030138842?origin=resultslist,"In virtual reality (VR) applications, high fidelity 3D meshes are needed for immersive experiences, and this calls for high fidelity reconstruction of 3D objects from sparse multi-view point clouds. There are several approaches, like PointMVSNet and NeRF, which require dense supervision or are computationally expensive and are not very suitable for the use of semi-supervised frameworks with limited labeled data. To address the above gaps, in this research study, a novel semi-supervised approach, Hybrid View-Consistent Diffusion-Augmented Reconstruction (HyVDAR), is proposed for the reconstruction of 3D meshes for VR from sparse multi-viewpoint clouds with limited labeled data while ensuring the highest geometric fidelity and rendering efficiency. HyVDAR has three novel components to the above pipeline: (1) self-supervised cross-view geometric consistency trained with transformers is used for alignment, denoted as View-Consistent Feature Propagation (VCFP); (2) conditional denoising diffusion models are used for patching the missing parts in sparse point clouds, denoted as Diffusion-Augmented Point Cloud Completion (APC); (3) graph neural networks with pseudo-labeling are used for refining the coarse meshes with both labeled and unlabeled data through semi-supervised learning, denoted as Semi-supervised Mesh Refinement (SMR). Trained on a combination of ShapeNet (labeled) and Pix3D (unlabeled) dataset, HyVDAR improves over the best competitive model (PointMVSNet) on sparse inputs by decreasing Chamfer Distance (CD) from 0.013 to 0.010 (25% improvement), decreases the labeled data requirements by 60% compared to supervised baseline models and achieves real-time VR rendering at 65 FPS. HyVDAR shows a good reconstruction quality and computational efficiency compared to the benchmark methods, and it can be used as a general-purpose tool for high-fidelity 3D modeling in virtual reality, which will be beneficial for gaming, digital avatar and immersive experience content creation. © 2026",2026,2026-05-15 01:54:44,2026-05-15 01:54:44,,,,,33,,,,,,,,,,,,,,,,,Type: Article,<p>Cited by: 0; All Open Access; Gold Open Access</p>,,,,,,,,,,,,,,,,,,,,,,,,,,,,,,,,,,,,,,,,,,,,,,,,,,,Scopus,pass,,Egyptian Informatics Journal,SJR,,Q1,Cat2 [Tech / Non-Empirical],Cat2 [Tech / Non-Empirical]::\bpoint\s+cloud\b
T666RPCA,journalArticle,2025,"Lastrucci, A.; Iosca, N.; Zani, M.; Simontacchi, G.; Bastida, C.; Casati, M.; Berni, N.; Napoli, A.; Cesareo-Santoro, N.; Gualtieri, N.; Giansanti, D.; Wandael, Y.; Pallotta, S.; Ricci, R.; Livi, L.",Advancing therapeutic radiographers competences in Total Body Irradiation (TBI) through Virtual Reality (VR) -guided training,Radiography,,10788174,10.1016/j.radi.2025.103284,https://www.scopus.com/pages/publications/105025058285?origin=resultslist,"Introduction: Virtual Reality (VR) is increasingly used in medical education to enhance clinical skills in a risk-free environment. In radiotherapy, VR training provides Therapeutic Radiographers (TRs) a valuable opportunity to safely simulate complex procedures such as total body irradiation (TBI). This study evaluates the effectiveness of a VR-based training programme in improving TRs' technical skills and confidence in performing TBI. Methods: A multidisciplinary team developed a VR training course implemented at Careggi University Hospital. The course comprised three phases: theoretical lessons, practical training in VR, and post-training evaluation. A pre-course questionnaire was administered to assess the TRs’ confidence and knowledge gaps. Training was conducted using Meta-Quest headsets, which simulated the TBI workflow in VR environment. After the training, a post-course questionnaire was used to assess improvements in skills and confidence. Data were analyzed using Likert scale responses and comparative ratings. Results: The pre-course questionnaire revealed that only 18.5 % of TRs felt confident performing TBI procedures. The lowest confidence levels were reported in the simulation and verification phases. Post-course results showed that TRs' confidence improved, particularly in performing workflows, patient immobilization, and diode application for in vivo dosimetry. A comparison of Likert scale ratings before and after the course showed an improvement in knowledge and procedural accuracy. Conclusion: The VR-based training course was effective in improving technical skills and confidence in TBI procedures. The blended learning approach, which combined theoretical lessons and VR simulation, enhanced both cognitive and motor skills. Implications for practice: This study supports the integration of VR training into radiotherapy training, particularly for complex and low-frequency procedures. Extending VR training to include other techniques and emergency protocols could enhance TRs’ competences and clinical skills. © 2025 The Authors",2025,2026-05-15 01:54:52,2026-05-15 01:54:52,,,,,31,,,,,,,,,,,,,,,,,Type: Article,<p>Cited by: 2; All Open Access; Hybrid Gold Open Access</p>,,,,,,,,,,,,,,,,,,,,,,,,,,,,,,,,,,,,,,,,,,,,,,,,,,,Scopus,pass,,Radiography,SJR,,Q1,Cat3 [Clinical / Medical],Cat3 [Clinical / Medical]::\bpatient[s]?\b
E4I26NFM,journalArticle,2026,"Todd, Jennifer; Woolford, Kirk; Cheng, Lee; Lee, Michael C.; de Villiers, Elsje; Finn, Deanna; Aspell, Jane E.",XR body illusion for managing pain in fibromyalgia: examining optimal duration,Virtual Reality,,13594338,10.1007/s10055-025-01241-x,https://www.scopus.com/pages/publications/105029546291?origin=resultslist,"Background: Fibromyalgia is a chronic condition characterised by widespread pain, as well as sleep disturbances, fatigue, and memory and concentration difficulties. Research suggests that an alteration in how the brain represents multisensory inputs from the body may cause or maintain chronic pain conditions, including fibromyalgia. Extended reality (XR) and virtual reality setups generating multisensory conflicts have been shown to alleviate pain, however, the optimal duration for such interventions remains unexplored. Here, we aimed to determine an optimal duration for the cardio-visual full body illusion (FBI) in fibromyalgia, considering both tolerability and changes in pain. Methods: Participants wore headsets to view a video of their own body, filmed from behind, and their virtual body flashed in synchrony with their heartbeat. We used an established dose-finding protocol to determine the ideal duration (balancing benefit and tolerability). Seven cohorts of participants (N = 20) were exposed to different durations of the FBI, with adjustments to duration made according to predefined criteria. Measures included a numeric rating scale for pain intensity, pressure pain thresholds, and scales measuring fibromyalgia symptom severity and impact. Results: We found a quadratic relationship between session duration and changes in self-reported pain-intensity, with 8–16-min durations yielding the most significant improvements. Notably, in the 12-min cohorts pain relief was sustained at 24-h follow-up, and this is the recommended duration for future research. Conclusions: These findings represent a key step towards developing an effective non-pharmacological intervention for fibromyalgia. Future dose-optimisation research should explore the optimum number of sessions and spacing between sessions. © The Author(s) 2025.",2026,2026-05-15 01:54:52,2026-05-15 01:54:52,,,,1,30,,,,,,,,,,,,,,,,,Type: Article,<p>Cited by: 0; All Open Access; Gold Open Access; Green Open Access</p>,,,,,,,,,,,,,,,,,,,,,,,,,,,,,,,,,,,,,,,,,,,,,,,,,,,Scopus,pass,,Virtual Reality,SJR,,Q1,Cat3 [Clinical / Medical],Cat3 [Clinical / Medical]::\bchronic\s+pain\b | Cat3 [Clinical / Medical]::\bpain\s+relief\b
CT99ZZMA,journalArticle,2025,"Gemesi, Kathrin; Döllinger, Nina; Weinberger, Natascha-Alexandra; Wolf, Erik; Mal, David; Keppler, Sebastian; Wenninger, Stephan; Bader, Emily; Wienrich, Carolin; Luck-Sikorski, Claudia; Latoschik, Marc Erich; Israel, Johann Habakuk; Botsch, Mario; Holzapfel, Christina",Virtual body image exercises for people with obesity – results on eating behavior and body perception of the ViTraS pilot study,BMC Medical Informatics and Decision Making,,14726947,10.1186/s12911-025-02993-x,https://www.scopus.com/pages/publications/105003809193?origin=resultslist,"Background: A negative body image can have an impact on developing and maintaining obesity. Using virtual reality (VR) to conduct cognitive behavioral therapy (CBT) is an innovative approach to treat people with obesity. This multicenter non-randomized pilot study examined the feasibility and the effect on eating behavior and body perception of a newly developed VR system to conduct body image exercises. Methods: Participants with a body mass index (BMI) ≥ 30.0 kg/m<sup>2</sup> without severe mental diseases attended three study visits in an interval of one to four weeks to receive virtual (VR intervention) or traditional (non-VR intervention) body image exercises. Data on anthropometrics, eating behavior (Dutch Eating Behavior Questionnaire, DEBQ), body perception (Body Shape Questionnaire, BSQ; Multidimensional Assessment of Interoceptive Awareness, MAIA), and satisfaction (standardized interview and questionnaire) were collected. Results: In total, 66 participants (VR intervention: 31, non-VR intervention: 35) were included. The majority was female (52/66, 78.8 %), the mean age was 45.0 ± 12.8 years, and the mean BMI was 36.8 ± 4.3 kg/m<sup>2</sup>. Both intervention groups showed non-significant body weight reduction (VR intervention: 1.7 ± 3.3 %, non-VR intervention: 0.9 ± 3.0 %) and showed no statistically significant difference between the groups (p = 0.35). Scores of DEBQ, BSQ, and MAIA showed over time no statistically significant changes neither between the two groups nor within the groups (all p ≥ 0.05). The overall satisfaction of the VR group with the two virtual body image exercises was high (4.1 ± 0.8 on a 5-point Likert scale). Conclusions: The intervention with the developed VR system was feasible and the virtual and traditional body image exercises resulted in statistically non-significant weight loss. It seems that single focus on body image is not successful in improving eating behavior and body perception in people with obesity. Long-term human intervention studies with larger sample sizes are necessary to examine the efficacy of integrating this kind of VR system into standard obesity therapy. Trial registration: This study was registered in the German Clinical Trials Register (Registration number: DRKS00027906, Date of registration: 8<sup>th</sup> February 2022). © The Author(s) 2025.",2025,2026-05-15 01:54:55,2026-05-15 01:54:55,,,,1,25,,,,,,,,,,,,,,,,,Type: Article,<p>Cited by: 3; All Open Access; Gold Open Access; Green Open Access</p>,,,,,,,,,,,,,,,,,,,,,,,,,,,,,,,,,,,,,,,,,,,,,,,,,,,Scopus,pass,,BMC Medical Informatics and Decision Making,SJR,,Q1,Cat3 [Clinical / Medical],Cat3 [Clinical / Medical]::\bcognitive\s+(?:behavioural|behavioral)\s+therapy\b
8X35775Q,journalArticle,2026,"Chen, Yi-Lin; Liu, You-Kuan; Cheng, Chu-Hsuan; Liu, Tzu-Hung",Virtual reality-based postmortem care training: a quasi-experimental study with nursing students and newly employed nurses at a teaching hospital,BMC Nursing,,14726955,10.1186/s12912-025-04287-z,https://www.scopus.com/pages/publications/105029462711?origin=resultslist,"Background: Postmortem care, an essential component of end-of-life nursing education, represents a valuable topic for inclusion in virtual reality (VR)-based programs. However, studies directly examining the application of VR for teaching postmortem care remain scarce. Therefore, this study aims to design a VR-based teaching module for postmortem care and evaluate its effectiveness in enhancing knowledge among newly employed nurses and nursing students. Methods: A quasi-experimental, one-group repeated-measures design was employed. A VR module was developed to provide instructions on performing postmortem care, assisting with body cleaning, selecting appropriate clothing, maintaining proper posture, and grooming the face to preserve the appearance of the deceased. In this study, a demographic questionnaire, a postmortem care knowledge test, and a VR satisfaction survey were employed. Participants were enrolled between January 1, 2021, and December 31, 2023, and completed pre- and post-tests to evaluate knowledge before and after the VR training. Data were analyzed using descriptive statistics, paired t-tests (Wilcoxon), independent t-tests/one-way analysis of variance (or Mann–Whitney/Kruskal–Wallis), and multiple linear regression. Results: Overall, 215 newly employed nurses and 1,574 nursing students from eight nursing schools in northern and eastern Taiwan participated in this study. Following the VR intervention, the postmortem care knowledge scores of the participants significantly increased (71.3 ± 20.4 to 85.4 ± 17.03, p < 0.001), with a moderate effect size (Cohen’s d = 0.69). Participants with a junior college education (β = 5.7, p < 0.001) and those without prior hospice training (β = 2.8, p < 0.01) demonstrated particularly pronounced knowledge gains. Conclusions: This study represents the application of VR for postmortem care education and involved the largest participant cohort reported to date. In this one‑group pre–post study, a brief VR module was associated with immediate improvements in postmortem care knowledge among nursing students and newly employed nurses. These findings support integrating VR technology into nursing curricula to strengthen competencies in postmortem care. Clinical trial number: Not applicable. © The Author(s) 2025.",2026,2026-05-15 01:54:58,2026-05-15 01:54:58,,,,1,25,,,,,,,,,,,,,,,,,Type: Article,<p>Cited by: 0; All Open Access; Gold Open Access; Green Open Access</p>,,,,,,,,,,,,,,,,,,,,,,,,,,,,,,,,,,,,,,,,,,,,,,,,,,,Scopus,pass,,BMC Nursing,SJR,,Q1,Cat3 [Clinical / Medical],Cat3 [Clinical / Medical]::\bclinical\s+(?:trial|study|outcome|setting|population)\b
BM2UUDL3,journalArticle,2025,"Dehem, Stéphanie; Piscicelli, Celine; Lhommee, Eugénie; Gimat, Remi; Dai, Shenhao; Marquer, Adélaïde; Hugues, Aurélien; Perennou, Dominic",Modulating verticality representation and uprightness by virtual reality: Rationale and protocol for a within-person randomised intervention associating a basic study in healthy individuals and a pilot clinical trial in individuals exhibiting post-stroke lateropulsion (VIRGIL),BMJ Open,,20446055,10.1136/bmjopen-2024-092406,https://www.scopus.com/pages/publications/105008537829?origin=resultslist,"Introduction Balance and gait disorders represent the most frequent and disabling sequelae after stroke. Impaired body orientation with respect to gravity (lateropulsion) is one of the primary underlying mechanisms, increasingly investigated. After hemisphere stroke, lateropulsion is caused by an impaired internal representation of verticality, for which developing rehabilitation techniques has become a priority. Among various approaches, virtual reality appears to be a promising tool for modulating spatial reference frame. The objective of this study is to investigate the effects of immersion in virtual tilted reality (VTR) on the postural vertical (PV) as a primary outcome, as well as main secondary outcomes on the visual vertical (VV) and the active standing posture (body orientation with respect to gravity and weight-bearing (WB) distribution on lower limbs), both in healthy individuals and individuals exhibiting lateropulsion at the subacute phase after a hemispheric stroke. The cumulative effect of the VTR on the post-stroke lateropulsion will also be analysed. Methods and analysis This pilot study is a single-centre, within-person randomised trial conducted in the department of Physical and Rehabilitation Medicine of the University Hospital of Grenoble-Alpes (France). We will include 40 individuals from 18 to 85 years old, 20 healthy individuals and 20 individuals with lateropulsion tested <9 months after a hemisphere stroke. Both groups will be matched on age. Each VTR immersion lasts about 45 min. For healthy participants, the study duration is two half-days, one devoted to testing the effect of VTR on verticality perception (PV and VV), and the other to test the effect of VTR on the active standing (body orientation with respect to gravity and WB distribution on lower limbs). For participants with post-stroke lateropulsion (score >0.5 on the Scale for Contraversive Pushing), the study lasts 4 weeks: W1 for inclusion, randomisation, planning and conventional rehabilitation; W2 and W4 to collect clinical data and conventional rehabilitation; and W3 for the VTR intervention over four consecutive mornings at the same time: 2 to test the VTR effects on verticality perception (PV and VV) and 2 to test the VTR effects on active standing (body orientation and WB distribution on lower limbs). Immediate effects and post-effects of the VTR immersion are analysed by comparing results of the following time points: for verticality perception baseline, during and after VTR and for active standing at only baseline and during VTR immersion. Linear mixed-effect models will be run with different factors/covariates according to objectives. We will analyse the proportion and features of responders (PV modulation ≥2°). The cumulative effect of the 4 days of VTR sessions will be analysed by comparing scores of the SCAle for LAteropulsion assessed at the end of every week. Ethics and dissemination The study was approved by an institutional review board at the national level (Comité de Protection des Personnes Ile de France X; 2020-A02941-38, amendment 2024). All participants will provide written informed consent before enrolment. Findings will be submitted to peer-reviewed journals related to rehabilitation, stroke or neuroscience. Trial registration number ClinicalTrials.gov, NCT04911738. © Author(s) (or their employer(s)) 2025. Re-use permitted under CC BY-NC. No commercial re-use. See rights and permissions. Published by BMJ Group.",2025,2026-05-15 01:54:58,2026-05-15 01:54:58,,,,6,15,,,,,,,,,,,,,,,,,Type: Article,<p>Cited by: 0; All Open Access; Gold Open Access; Green Open Access</p>,,,,,,,,,,,,,,,,,,,,,,,,,,,,,,,,,,,,,,,,,,,,,,,,,,,Scopus,pass,,BMJ Open,SJR,,Q1,Cat3 [Clinical / Medical],Cat3 [Clinical / Medical]::\brehabilitation\b | Cat3 [Clinical / Medical]::\bclinical\s+(?:trial|study|outcome|setting|population)\b
7HWB5A6H,journalArticle,2025,"Ahmad, Hussain; Ullah, Faheem; Jafri, Rehan",A Survey on Immersive Cyber Situational Awareness Systems,Journal of Cybersecurity and Privacy,,2624800X,10.3390/jcp5020033,https://www.scopus.com/pages/publications/105009296155?origin=resultslist,"Cyber situational awareness systems are increasingly used for creating cyber common operating pictures for cybersecurity analysis and education. However, these systems face data occlusion and convolution issues due to the burgeoning complexity, dimensionality, and heterogeneity of cybersecurity data, which damages cyber situational awareness of end-users. Moreover, conventional forms of human–computer interactions, such as mouse and keyboard, increase the mental effort and cognitive load of cybersecurity practitioners when analyzing cyber situations of large-scale infrastructures. Therefore, immersive technologies, such as virtual reality, augmented reality, and mixed reality, are employed in the cybersecurity realm to create intuitive, engaging, and interactive cyber common operating pictures. Immersive cyber situational awareness (ICSA) systems provide several unique visualization techniques and interaction features for the perception, comprehension, and projection of cyber situational awareness. However, there has been no attempt to comprehensively investigate and classify the existing state of the art in the use of immersive technologies for cyber situational awareness. Therefore, in this paper, we have gathered, analyzed, and synthesized the existing body of knowledge on ICSA systems. In particular, our survey has identified visualization and interaction techniques, evaluation mechanisms, and different levels of cyber situational awareness (i.e., perception, comprehension, and projection) for ICSA systems. Consequently, our survey has enabled us to propose (i) a reference framework for designing and analyzing ICSA systems by mapping immersive visualization and interaction techniques to the different levels of ICSA; (ii) future research directions for advancing the state of the art on ICSA systems; and (iii) an in-depth analysis of the industrial implications of ICSA systems to enhance cybersecurity operations. © 2025 by the authors.",2025,2026-05-15 01:54:59,2026-05-15 01:54:59,,,,2,5,,,,,,,,,,,,,,,,,Type: Review,<p>Cited by: 2; All Open Access; Gold Open Access; Green Open Access</p>,,,,,,,,,,,,,,,,,,,,,,,,,,,,,,,,,,,,,,,,,,,,,,,,,,,Scopus,pass,,Journal of Cybersecurity and Privacy,SJR,,Q1,Cat1 [Not VR / Out of Scope],Cat1 [Not VR / Out of Scope]::\baugmented reality\b | Cat1 [Not VR / Out of Scope]::\bmixed reality\b
RJ6NB4PT,journalArticle,2026,"Kyte, Shannen; Bukovsky, Danielle; Song, Jianmeng; Shewchuk, Helen; Ueno, Fumihiko; Carmona-Torres, Edgardo; Foussias, George; Agarwal, Sri Mahavir; Strafella, Antonio; Remington, Gary; Graff-Guerrero, Ariel; Gerretsen, Philip",Virtual Reality for the Treatment of Auditory Hallucinations in Schizophrenia Spectrum Disorders: a Systematic Review and Meta-Analysis,Schizophrenia bulletin,,05867614,10.1093/schbul/sbag052,https://www.scopus.com/pages/publications/105038059447?origin=resultslist,"BACKGROUND AND HYPOTHESIS: Auditory hallucinations (AHs) are debilitating symptoms of schizophrenia spectrum disorders (SSDs) associated with several negative outcomes. AHs are often resistant to existing pharmacological and psychological interventions. Virtual reality (VR) has emerged as a promising intervention for AHs. This systematic review and meta-analysis aimed to assess the effectiveness of VR interventions in treating AHs in SSDs. STUDY DESIGN: A comprehensive literature search was conducted on Embase, APA PsycINFO, and MEDLINE via the Ovid Database. Studies with a randomized controlled trial (RCT) or randomized cross-over trial design that had treatment and active or treatment-as-usual control conditions were included. Random-effects meta-analyses compared the change in the primary outcome of AH severity from baseline to post-treatment and at follow-up between the groups. STUDY RESULTS: Eight studies (n = 1004) met the criteria for the meta-analyses. Eight studies used avatar therapy (AT), and 1 study used a VR-based mindfulness intervention. Random-effects meta-analyses found that VR interventions were more effective than the control conditions in reducing AH severity immediately post-intervention (Hedges' g = -0.41, 95% CI [-0.62, -0.20], P < .01) and at follow-up (Hedges' g = -0.28, 95% CI [-0.40, -0.17], P < .001). CONCLUSION: This review was limited by a small sample size, study heterogeneity, and intervention homogeneity. Future research should prioritize larger RCTs of VR-based interventions for psychosis before VR can be reliably used in clinical settings. Overall, the results of this meta-analysis suggest that VR-based AT may be a promising avenue to improve AHs in SSDs. © The Author(s) 2026. Published by Oxford University Press on behalf of the Maryland Psychiatric Research Center. All rights reserved. For commercial re-use, please contact reprints@oup.com for reprints and translation rights for reprints. All other permissions can be obtained through our RightsLink service via the Permissions link on the article page on our site—for further information please c",2026,2026-05-15 01:55:05,2026-05-15 01:55:05,,,,3,52,,,,,,,,,,,,,,,,,Type: Article,<p>Cited by: ; All Open Access; Green Open Access</p>,,,,,,,,,,,,,,,,,,,,,,,,,,,,,,,,,,,,,,,,,,,,,,,,,,,Scopus,pass,,Schizophrenia Bulletin,SJR,,Q1,Cat3 [Clinical / Medical],Cat3 [Clinical / Medical]::\bpsychosis\b | Cat3 [Clinical / Medical]::\bschizophrenia\b
GARSXQS6,journalArticle,2026,"Fang, Yue; Ouyang, Hao; Cheng, Yin; Zhou, Yi; Shi, Liangjing; Sun, Jing; Ho, Ghim Wei; Wang, Ranran",Ultrasensitive multi-degree-of-freedom piezoionic sensor via synergistic hydrogel-ion interactions,Nature Communications,,20411723,10.1038/s41467-025-67613-8,https://www.scopus.com/pages/publications/105028507991?origin=resultslist,"Accurate body motion capture is of great significance for biomechanical assessment and immersive virtual/augmented reality (VR/AR) systems. Piezoionic flex-sensors, which mimic the ionic transport sensing mechanism of cutaneous mechanoreceptors, promises a self-powered approach for wearable body movements detection. However, their practical utility has been limited by low piezoionic flex-sensitivity (typically below 0.5 mV/degree) and unidirectional bending response, which restricts their ability to resolve complex multi-degree-of-freedom (multi-Dof) body motions. Here we report a soft, piezoionic and multi-Dof (SPIM) flex-sensor that overcomes these limitations. It ingeniously integrates zwitterionic dipole-ion interactions and size-induced steric hindrance effects to enable fast ion channels formation and amplified cation/anion transport imbalance, thus cooperatively contributing to a record-high piezoionic flex-sensitivity of 3.2 mV/degree. Theoretical simulations combining poroelastic mechanics and Poisson-Nernst-Planck model corroborated the synergistic enhancement. Furthermore, a unique architecture of square prism-shaped fiber with two pairs of symmetric nanomesh electrodes allows the SPIM flex-sensor to decouple multi-Dof joint flexion to distinguish complex body movements. We demonstrate a SPIM flex-sensor platform for metaverse applications, including a digital-twin of free-pose hand motions and complex yet intuitive VR control via single-joint dexterity equipped with a single compact sensor device. © The Author(s) 2025.",2026,2026-05-15 01:55:06,2026-05-15 01:55:06,,,,1,17,,,,,,,,,,,,,,,,,Type: Article,<p>Cited by: 1; All Open Access; Gold Open Access; Green Open Access</p>,,,,,,,,,,,,,,,,,,,,,,,,,,,,,,,,,,,,,,,,,,,,,,,,,,,Scopus,pass,,Nature Communications,SJR,,Q1,Cat1 [Not VR / Out of Scope],Cat1 [Not VR / Out of Scope]::\baugmented reality\b | Cat1 [Not VR / Out of Scope]::\bar\b
4MXQQJXJ,journalArticle,2026,"Battaglion, Gabriella Gonçalves Senno; Boni, Fernanda da Silva; Zhang, Kelly; Rosa, Gustavo Henrique de Mello; de Araújo, João Eduardo",Virtual Reality and Body Weight–Supported Treadmill Training in Gait Rehabilitation for Parkinson’s Disease: A Systematic Review,American Journal of Physical Medicine and Rehabilitation,,15377385,10.1097/PHM.0000000000002981,https://www.scopus.com/pages/publications/105037233131?origin=resultslist,"Objective: – To compare evidence on Virtual Reality (VR) and Body Weight–Supported Treadmill Training (BWSTT) for gait rehabilitation in Parkinson’s disease (PD) using a narrative review. Design: A systematic search was conducted in PubMed, PEDro, SciELO, Cochrane, and LILACS through March 2024, following PRISMA guidelines. Randomized controlled trials of VR or BWSTT in PD were included. Systematic reviews were used solely for context. Methodological quality was assessed with PEDro and AMSTAR-2 tools. Results: – Fourteen primary studies (nine VR, five BWSTT) with 416 participants with mild-to-moderate PD met eligibility criteria. VR protocols (5–12 weeks) often improved balance, gait speed, and dual-task performance, but differences in immersion, platform, sensory feedback, and task complexity limited direct comparison. BWSTT interventions (4–8 weeks, 20–40% unloading) showed moderate improvements in step length, walking endurance, and balance. No major adverse events were reported. Conclusion: – Both VR and BWSTT improve gait and balance in PD through complementary mechanisms. VR offers sensory–cognitive engagement, while BWSTT provides biomechanical support and repetitive practice. Due to protocol heterogeneity, small sample sizes, and the absence of meta-analysis, findings should be interpreted narratively. Combined approaches may be promising, but current evidence is limited. Copyright © 2026 Wolters Kluwer Health, Inc. All rights reserved.",2026,2026-05-15 01:55:06,2026-05-15 01:55:06,,,,,,,,,,,,,,,,,,,,,,Type: Article,<p>Cited by: 0</p>,,,,,,,,,,,,,,,,,,,,,,,,,,,,,,,,,,,,,,,,,,,,,,,,,,,Scopus,pass,,American Journal of Physical Medicine and Rehabilitation,SJR,,Q1,Cat3 [Clinical / Medical],Cat3 [Clinical / Medical]::\brehabilitation\b
M76TXWKR,journalArticle,2025,"Manoharan, Agarsha; Sriskantharajah, Abiniah; Herath, H.M.K.K.M.B.; Guruge, L.G.P.K.; Yasakethu, S.L.P.",MetaHuman based phishing attacks in the metaverse realm: Awareness for cyber security education,Education and Information Technologies,,13602357,10.1007/s10639-025-13326-w,https://www.scopus.com/pages/publications/85217377122?origin=resultslist,"MetaHuman technology's development and the Metaverse's growth have transformed virtual interactions and brought up new cybersecurity risks. This research provides cybersecurity awareness education tools for phishing attacks in the metaverse realm that use MetaHuman avatars, which turned out to be more dishonest than conventional phishing techniques. The proposed system was developed using Virtual Reality (VR), MetaHuman technology, and Unreal Engine (UE) to provide a more realistic phishing attack experience in the virtual domain. Seventy individuals tested the proposed system, and their pre- and post-experiment knowledge was evaluated. Since development needs are essential for creating a more realistic environment, the CPU and GPU performance was also assessed while the Metaverse system was operating. After the awareness session, participants' knowledge improved, indicating a significant (p = 0.0013) improvement in the phishing attack knowledge in the Metaverse realm. Before the awareness training, the gender (p = 0.043) and age (p = 0.047) groups significantly influenced the understanding of phishing attacks. The awareness program increased knowledge equally for male and female participants, regardless of age group, as evidenced by the lack of a significant gender effect on phishing attack knowledge following the session. Even though these results demonstrate the need for contemporary educational frameworks to combat emerging cyber threats in the Metaverse, limitations such as the geographical sample size and reliance on a controlled VR environment may need to be revised in their generalisability. This study provides valuable results for cybersecurity professionals, educators, and policymakers to strengthen cybersecurity in the Metaverse domain. © The Author(s), under exclusive licence to Springer Science+Business Media, LLC, part of Springer Nature 2025.",2025,2026-05-15 01:55:12,2026-05-15 01:55:12,,12939 - 12965,,9,30,,,,,,,,,,,,,,,,,Type: Article,<p>Cited by: 12</p>,,,,,,,,,,,,,,,,,,,,,,,,,,,,,,,,,,,,,,,,,,,,,,,,,,,Scopus,pass,,Education and Information Technologies,SJR,,Q1,Cat2 [Tech / Non-Empirical],Cat2 [Tech / Non-Empirical]::\bgpu\b
HHVX53AV,journalArticle,2025,"Lazem, Hatem; Harris, David; Hall, Abi; Mansoubi, Maedeh; Pontes, Rodrigo Garcia; de Mello Monteiro, Carlos Bandeira; Vieira de Araújo, Luciano; Lamb, Sarah E; Dawes, Helen","Validity, safety, usability, and user experience of virtual reality gamified home-based exercises in stroke",Clinical Rehabilitation,,02692155,10.1177/02692155251371435,https://www.scopus.com/pages/publications/105014814994?origin=resultslist,"Objective: This study adopted a novel approach to exploring the content validity, safety, usability, and user experiences of different games for telerehabilitation purposes from the perspective of physiotherapists and stroke survivors. Design: A cross-sectional content validity and usability study. Setting: Lab and online. Participants: 23 participants were recruited; 11 neuro-physiotherapists and 12 chronic stroke survivors. Outcomes: Content validity and safety were assessed using a bespoke state evaluation questionnaire. The usability was evaluated using the system usability scale (SUS) and user experience questionnaire (UEQ). House of Quality analysis was conducted to identify the priority aspects for improvement. Results: Physiotherapists perceived the usability of the games as good to excellent for three games, median SUS = 80%, and poor for two games SUS &lt; 68%. Three games had a mean average content validity index (CVI) &gt; 0.8, and all games were safe to be administrated at home; mean CVI-safety item = 0.90. Stroke survivors with Fugl-Meyer Assessment of Upper Extremity function mean (SD) = 41(19.4), and mild to moderate spasticity perceived usability as very good to excellent for four games (median SUS = 85%). UEQ scale showed good to excellent acceptance among most of the games. House of Quality analysis revealed that clear instructions, avatar quality, motivational exercise scenarios, and clinical assessment tools are important criteria that should be considered throughout the development. Conclusion: This study demonstrated the value of exploring patient and physiotherapist perspectives for better telerehabilitation interventions co-development. Clinical trials should be conducted after further refinement of the games to investigate their feasibility and potential efficacy as a telerehabilitation tool for arm and balance training. © The Author(s) 2025. This article is distributed under the terms of the Creative Commons Attribution 4.0 License (https://creativecommons.org/licenses/by/4.0/) which permits any use, reproduction and distribution of the work without further permission provided the original work is attributed as specified on the SAGE and Open Access page (https://us.sagepub.com/en-us/nam/open-access-at-sage).",2025,2026-05-15 01:55:16,2026-05-15 01:55:16,,1527 - 1540,,11,39,,,,,,,,,,,,,,,,,Type: Article,<p>Cited by: 1; All Open Access; Green Open Access; Hybrid Gold Open Access</p>,,,,,,,,,,,,,,,,,,,,,,,,,,,,,,,,,,,,,,,,,,,,,,,,,,,Scopus,pass,,Clinical Rehabilitation,SJR,,Q1,Cat3 [Clinical / Medical],Cat3 [Clinical / Medical]::\bpatient[s]?\b
KWDA99VH,journalArticle,2026,"Kumazaki, Hirokazu; Kanchi, Nobukazu; Yoshikawa, Yuichiro; Miyashita, Takahiro; Ishiguro, Hiroshi",Letter to the Editor an easy-to-use avatar-based training system for social role practice in patients with chronic schizophrenia and low digital skills: A proof-of-concept study,Asian Journal of Psychiatry,,,10.1016/j.ajp.2026.104916,https://www.scopus.com/pages/publications/105032542507?origin=resultslist,,2026,2026-05-15 01:55:17,2026-05-15 01:55:17,,,,,118,,,,,,,,,,,,,,,,,Type: Letter,<p>Cited by: 0</p>,,,,,,,,,,,,,,,,,,,,,,,,,,,,,,,,,,,,,,,,,,,,,,,,,,,Scopus,hold,要旨なしのため判定不能(フェイルセーフで保留),Asian Journal of Psychiatry,SJR,,Q1,Cat3 [Clinical / Medical],Cat3 [Clinical / Medical]::\bpatient[s]?\b | Cat3 [Clinical / Medical]::\bschizophrenia\b
F53VBYM7,journalArticle,2025,"Huang, Yi; Hu, Xinye; Tian, Yuwei; Song, Yuxuan; Pan, Yu",Self-shape congruency in the metaverse: How avatar geometry modulates emotional engagement and virtual consumption,Computers in Human Behavior,,07475632,10.1016/j.chb.2025.108788,https://www.scopus.com/pages/publications/105015533406?origin=resultslist,"Avatars, as digital extensions of the self in the metaverse, profoundly shape user behavior through their visual design. While prior research has focused on human-like avatar traits (e.g., attractiveness, height), this study investigates how basic modular avatar geometries—spheric versus cubic—affect emotional engagement and consumption decisions. Across two immersive experiments—a virtual movie shopping task and a virtual art exhibition—we found that avatar shape interacted with the emotional attributes of products to influence user preferences. Participants using spheric avatars preferred positively valenced content (e.g., comedies, Rose Period paintings), while those using cubic avatars were more inclined toward negatively valenced content (e.g., thrillers, Blue Period artworks). Mediation analyses revealed that emotional pleasure, driven by self-shape congruency, underpinned these effects. Theoretically, the study extends embodied cognition and metaphor theory by demonstrating that even minimal geometric features in avatar design can activate self-referential processing and influence affective decision-making in immersive contexts. The findings inform the development of emotionally congruent avatar customization tools, emotionally intelligent branding strategies, and affect-sensitive UX design in VR/AR platforms, especially as virtual environments become more central to digital social life, commerce, and identity expression. © 2025 Elsevier Ltd",2025,2026-05-15 01:55:17,2026-05-15 01:55:17,,,,,173,,,,,,,,,,,,,,,,,Type: Article,<p>Cited by: 5</p>,,,,,,,,,,,,,,,,,,,,,,,,,,,,,,,,,,,,,,,,,,,,,,,,,,,Scopus,pass,,Computers in Human Behavior,SJR,,Q1,Cat1 [Not VR / Out of Scope],Cat1 [Not VR / Out of Scope]::\bar\b
34W4EQZN,journalArticle,2025,"Zheng, Evan T.; Osada, Koya; Mazzocca, Jillian L.; Lowenstein, Natalie A.; Collins, Jamie E.; Matzkin, Elizabeth G.",Resolution of Pain at Night and Improved Functional Outcomes After Arthroscopic Partial Meniscectomy,Orthopaedic Journal of Sports Medicine,,23259671,10.1177/23259671251322749,https://www.scopus.com/pages/publications/105000642552?origin=resultslist,"Background: Arthroscopic partial meniscectomy (APM) is performed for symptomatic meniscal tears that fail conservative treatment. Patients often report pain at night, although little research has been done to evaluate corresponding outcomes. Purpose: To (1) evaluate patients with and without preoperative nighttime pain who underwent APM and (2) assess postoperative resolution of symptoms and associated patient-reported outcome measures (PROMs). Study Design: Case series; Level of evidence, 4. Methods: Consecutive patients undergoing primary APM with or without chondroplasty at a tertiary academic center were prospectively enrolled in a database. Patient characteristics and PROMs were obtained pre- and postoperatively up to 2 years—including the visual analog pain scale, Knee injury and Osteoarthritis Outcome Score (KOOS), Marx Scale, and Veterans RAND 12-Item Health Survey (VR-12) physical and mental components. Patients were included if they had a minimum 3-month PROMs follow-up. Pain at night was defined as reporting greater than mild pain on KOOS P7. Intraoperatively, cartilage was assessed using the Outerbridge Classification. Results: A total of 587 patients were included, with 299 (50.9%) reporting preoperative pain at night, which corresponded with worse baseline PROMs. These patients were older and more likely to be women and smokers. No significant difference was observed in Outerbridge grade between patients with and without preoperative pain at night. Postoperatively, nighttime pain resolved by 2 years in 274 (91.6%) patients, 219 of whom (79.9%) reported improvement by 3 months. Patients whose pain at night persisted had a longer duration of symptoms preoperatively, higher body mass index, and a lack of baseline mechanical symptoms. PROMs significantly improved for patients with and without preoperative pain at night, although patients with baseline pain had worse scores compared with those without preoperative nighttime pain. Conclusion: Over half of patients undergoing APM reported preoperative pain at night, which was associated with worse baseline functional scores. Postoperatively, >90% of patients with baseline pain at night noted resolution of symptoms by 2 years, with nearly 80% showing improvement by 3 months. Functional scores improved after surgery for patients with and without initial pain at night, remaining lower for patients who had preoperative nighttime pain. © The Author(s) 2025.",2025,2026-05-15 01:55:18,2026-05-15 01:55:18,,,,3,13,,,,,,,,,,,,,,,,,Type: Article,<p>Cited by: 1; All Open Access; Gold Open Access; Green Open Access</p>,,,,,,,,,,,,,,,,,,,,,,,,,,,,,,,,,,,,,,,,,,,,,,,,,,,Scopus,pass,,Orthopaedic Journal of Sports Medicine,SJR,,Q1,Cat3 [Clinical / Medical],Cat3 [Clinical / Medical]::\bsurgery\b | Cat3 [Clinical / Medical]::\bpatient[s]?\b
DBJEUXQP,journalArticle,2026,"Ciccarelli, Marianna; Germani, Michele; Marinelli, Fabrizio; Papetti, Alessandra; Pizzuti, Andrea",An ergonomic zone polyhedral representation-based mathematical program to prevent work-Related musculoskeletal risks,Expert Systems with Applications,,09574174,10.1016/j.eswa.2025.130579,https://www.scopus.com/pages/publications/105029548072?origin=resultslist,"The human-centric approach of Industry 5.0 underscores the integration of advanced technologies and information systems to enhance worker well-being, productivity, and safety. Significant progress has been made in automation and digitalization; however, the high prevalence of work-related musculoskeletal disorders (WRMSDs) remains a critical challenge, translating into a significant socioeconomic burden. Nevertheless, industrial practice still predominantly relies on observational ergonomic assessment methods and reactive ergonomic strategies, creating an urgent need for flexible, proactive, individualized, and easy-to-implement risk mitigation approaches. This paper addresses this gap by proposing an intelligent decision-support system based on a multi-objective optimization model that integrates heterogeneous information - workers’ anthropometric measures, task requirements, and personal habits - within an expert-system architecture for industrial applications. The method relies on a convex integer program that can be embedded in machine controllers to compute the relative position between the product and the operator, minimizing ergonomic risks. Key innovations include the adoption of ergonomic principles without complex inverse kinematics, the explicit involvement of workers to account for their preferences, and the joint consideration of tasks involving both visual and physical interaction with the product. Experimental validation was conducted in a virtual environment simulating typical manufacturing scenarios, with diverse users and products. Results showed significant reductions in ergonomic risks with optimized positions, especially for smaller products, whereas larger ones posed challenges due to their size and task distribution. Statistical analyses validated these findings, highlighting the model’s potential to reduce the REBA (Rapid Entire Body Assessment) risk index and enhance operational efficiency. Overall, the proposed system provides actionable set-points for workstation configuration and practical guidance for implementation, thus supporting human-centric manufacturing in Industry 5.0. © 2025 The Author(s). Published by Elsevier Ltd. This is an open access article under the CC BY-NC-ND license. http://creativecommons.org/licenses/by-nc-nd/4.0/",2026,2026-05-15 01:55:20,2026-05-15 01:55:20,,,,,302,,,,,,,,,,,,,,,,,Type: Article,<p>Cited by: 0; All Open Access; Hybrid Gold Open Access</p>,,,,,,,,,,,,,,,,,,,,,,,,,,,,,,,,,,,,,,,,,,,,,,,,,,,Scopus,pass,,Expert Systems with Applications,SJR,,Q1,Cat2 [Tech / Non-Empirical],Cat2 [Tech / Non-Empirical]::\bsystem\s+architecture\b
ZCB88MMC,journalArticle,2026,"Pan, Sensen; Zheng, Bo; Zhang, Feifei; Lin, Liyan",Immersive motor–cognitive virtual reality training for cognitive frailty: a systematic review and meta-analysis of randomized controlled trials,Frontiers in Sports and Active Living,,26249367,10.3389/fspor.2026.1754944,https://www.scopus.com/pages/publications/105037391476?origin=resultslist,"Background – Cognitive frailty—defined as the coexistence of physical frailty and mild cognitive impairment without dementia—has gained attention as a potentially reversible condition linked to functional decline, disability, and future dementia. Traditional motor–cognitive or physical training programs can be beneficial, yet they often suffer from low engagement and limited ecological relevance. Immersive virtual reality (VR) has emerged as a promising alternative because it provides interactive, multisensory environments capable of simultaneously stimulating cognitive and motor processes. Although several trials have evaluated VR in older adults with cognitive frailty, the overall effect remains uncertain. Recent meta-analyses have generally been broad in scope, combining heterogeneous populations or non-immersive VR systems, and no review has specifically focused on immersive motor–cognitive VR in individuals formally diagnosed with cognitive frailty. Objective – To evaluate whether immersive motor–cognitive VR improves global cognition and physical frailty in adults with cognitive frailty. Methods – Five databases were searched through March 09, 2026, for randomized controlled trials using immersive or semi-immersive motor–cognitive VR in adults diagnosed with cognitive frailty. Global cognition was the primary outcome and physical frailty the secondary. Pooled effect sizes were calculated using SMDs or MDs with 95% CIs. Risk of bias was assessed with Cochrane criteria, and certainty of evidence with GRADE. Results – Three randomized controlled trials (n = 344) comparing VR-based interventions with non-VR control conditions demonstrated a significant improvement in global cognitive function (SMD = 0.50; 95% CI 0.14–0.85; I<sup>2</sup> = 39%). Two trials (n = 278) that used whole-body VR reported reductions in frailty severity (MD = −0.26; 95% CI −0.47 to −0.04; I<sup>2</sup> = 0%). Conclusion – Immersive motor–cognitive VR may improve both cognitive function and frailty severity in adults with cognitive frailty. Evidence remains limited by the small number of trials and variation in VR systems and intervention protocols. Larger, high-quality studies are needed to confirm these findings Systematic Trial Registration – https://www.crd.york.ac.uk/PROSPERO/view/CRD420251234169, PROSPERO database CRD420251234169. © 2026 Pan, Zheng, Zhang and Lin.",2026,2026-05-15 01:55:21,2026-05-15 01:55:21,,,,,8,,,,,,,,,,,,,,,,,Type: Review,<p>Cited by: 0; All Open Access; Gold Open Access; Green Open Access</p>,,,,,,,,,,,,,,,,,,,,,,,,,,,,,,,,,,,,,,,,,,,,,,,,,,,Scopus,pass,,Frontiers in Sports and Active Living,SJR,,Q1,Cat3 [Clinical / Medical],Cat3 [Clinical / Medical]::\bdementia\b
9E65CPAU,journalArticle,2025,"Russ, Philipp; Morgenschweis, Muriel; Einloft, Jonas; Meyer, Hendrik L.; Bedenbender, Simon; Wenzel, Leo T.; Hirsch, Martin C.; Ganser, Andre; Bonventre, Joseph V.; Grgic, Ivica",Novel Immersive Emergency Training Module to Enhance Clinical Competency in Nephrology,Clinical Journal of the American Society of Nephrology,,15559041,10.2215/CJN.0000000794,https://www.scopus.com/pages/publications/105010739138?origin=resultslist,"Key Points – Virtual reality simulation provides a realistic training solution for medical emergencies.For the first time, we present the development of a virtual reality emergency simulation specifically for nephrology.Immersive virtual reality training may be an effective, cost-efficient tool for improving nephrology knowledge, skills, and patient care.Background – Medical emergencies require rapid assessment and prompt intervention. However, many medical students and early-career physicians often feel overwhelmed in these high-stakes situations, reporting limited exposure and inadequate preparation for real-life emergencies. Immersive technologies, such as virtual reality (VR), offer new avenues for realistic simulation. Recognizing the lack of comprehensive nephrologic emergency simulations, we sought to address this gap by designing a case focused on rapidly progressive GN (RPGN)—a prototypical nephrologic emergency requiring urgent treatment to prevent life-threatening complications. Here, we outline the conceptualization, step-by-step development, implementation, and assessment of learning outcomes.Methods – We developed and evaluated a de novo VR-training module focusing on AKI and hyperkalemia secondary to ANCA-associated vasculitis induced RPGN. The scenario features an interactive avatar patient and incorporates both standard clinical procedures and specialized nephrologic examinations. After initial development, we conducted a single-center pilot study with fifth-year medical students to assess its educational value and improve the prototype. The evaluation combined quantitative and qualitative feedback questionnaires, while learning success was assessed using a preintervention and postintervention knowledge test.Results – The study cohort comprised a total of 201 medical students with a mean age of 25.4 years (SD ±2.9). Analysis of student performance revealed variability in recognizing clinical findings. After history-taking, a noticeable shift in diagnostic reasoning emerged: the proportion of kidney-related differential diagnoses was higher, while that of cardiac-related diagnoses was lower accordingly. Furthermore, VR-based intervention resulted in a substantially higher participants' knowledge, evidenced by a 136% increase in mean test scores and a large effect size (Cohen d=2.22).Conclusions – We designed a VR scenario for evaluation of a patient who presents with AKI and hyperkalemia secondary to RPGN. Using this approach, trainees developed higher competence. This immersive technology provides an effective and cost-efficient tool for advancing clinical nephrology knowledge, skills, and engagement. © 2025",2025,2026-05-15 01:55:22,2026-05-15 01:55:22,,1396 - 1406,,10,20,,,,,,,,,,,,,,,,,Type: Article,<p>Cited by: 1</p>,,,,,,,,,,,,,,,,,,,,,,,,,,,,,,,,,,,,,,,,,,,,,,,,,,,Scopus,pass,,Clinical Journal of the American Society of Nephrology,SJR,,Q1,Cat3 [Clinical / Medical],Cat3 [Clinical / Medical]::\bpatient[s]?\b
FZT7IMSK,journalArticle,2025,"Schlesselmann, A.J. (Ante); Pijnenborg, G.H.M. (Marieke); Nijman, S.A. (Saskia); Veling, W. (Wim); Huntjens, R.J.C. (Rafaele)",Feature binding and detachment in psychosis: A virtual reality study,Schizophrenia Research: Cognition,,22150013,10.1016/j.scog.2025.100376,https://www.scopus.com/pages/publications/105008789083?origin=resultslist,"Background: Schizophrenia spectrum disorders (SSDs) significantly impact daily functioning, particularly through cognitive deficits like memory impairment. Traditionally attributed to neurobiological factors, recent evidence highlights the role of psychological processes like detachment, which may disrupt episodic memory encoding and retrieval by impairing feature binding. This study used a virtual reality (VR) paradigm to explore whether state detachment in SSDs is linked to impaired feature binding for adverse stimuli. Methods: Twenty-five SSD patients from Dutch mental health centers and 25 individuals from the general population participated. Using an immersive VR paradigm, participants navigated a virtual shopping mall, interacted with 3D avatars, and identified their emotional facial expressions. Three memory tests followed: avatar identity recognition (basic memory), binding emotional expressions to avatars, and binding avatar identity to the encounter's temporal order. State detachment was measured using the Clinician-Administered Dissociative States Scale (CADSS). Results: The SSD and comparison group did not display significant performance differences in any of the three feature binding tasks. However, across groups, results indicated that higher state detachment levels corresponded with worsened identity-emotion binding specifically for angry faces. Conclusion: The present study provides tentative empirical support for the role of detachment in feature binding deficits for angry faces both in the patient and comparison group. Future studies should further explore the impact of psychological mechanisms like detachment on memory dysfunction, particularly regarding aversive stimuli. © 2025 The Authors",2025,2026-05-15 01:55:25,2026-05-15 01:55:25,,,,,42,,,,,,,,,,,,,,,,,Type: Article,<p>Cited by: 0; All Open Access; Gold Open Access; Green Open Access</p>,,,,,,,,,,,,,,,,,,,,,,,,,,,,,,,,,,,,,,,,,,,,,,,,,,,Scopus,pass,,Schizophrenia Research: Cognition,SJR,,Q1,Cat3 [Clinical / Medical],Cat3 [Clinical / Medical]::\bpatient[s]?\b | Cat3 [Clinical / Medical]::\bpsychosis\b | Cat3 [Clinical / Medical]::\bschizophrenia\b
FQQTHFVX,journalArticle,2025,"Quesada-Jimenez, Roger; Kingham, Yasemin E.; McCarroll, Tyler R.; Keane, Jessica C.; Kahana-Rojkind, Ady H.; Domb, Benjamin G.",Primary Total Hip Arthroplasty With Concomitant Gluteus Medius Repair: Mid-term Outcomes With Nested Propensity-Matched Benchmark Control,Arthroplasty Today,,23523441,10.1016/j.artd.2025.101775,https://www.scopus.com/pages/publications/105018630125?origin=resultslist,"Background: Patients who undergo total hip arthroplasty (THA) without addressing gluteus medius (GM) pathology tend to experience inferior outcomes. The study aims to evaluate mid-term outcomes in patients who underwent a primary THA with concomitant GM tear repair, as compared to a benchmark control group of primary THA patients that did not have GM pathology. Methods: Data were retrospectively analyzed from patients who underwent a primary THA with a concomitant GM repair between 2015 and 2018. Included patients completed preoperative and minimum 5-year questionnaires for Harris Hip Score, visual analog scale, Veteran's Rand 12-item (VR-12) health survey, 12-item Short Form (SF-12) heath surveys, Forgotten Joint Score, and the Hip Disability and Osteoarthritis Outcome Score for Joint Replacement. The GM cohort was matched in a 1:3 ratio based on age at surgery, body mass index, sex, approach, and robotic-assisted surgery to a control group of primary THAs without GM pathology. Thresholds for functional outcomes were included. Results: Forty patients who underwent primary THA with GM repair were included successfully match to 120 control patients. There were significant improvements in the reported Harris Hip Score, visual analog scale, VR-12 Physical, VR-12 Mental, SF-12 Physical, and SF-12 Mental scores in the study group. Despite their gluteus medius pathology, with concomitant repair, the study group achieved patient-reported outcomes improvements and rates of minimal clinically important difference and patient acceptable symptom state that were comparable to the control group. Conclusions: THA with concomitant GM repair yielded significant improvement in functional status and clinical outcomes, which compared favorably to a benchmark control group without GM tears. Surgeons may consider addressing GM tears during a primary THA. Level of Evidence: Level III. © 2025 The Authors",2025,2026-05-15 01:55:27,2026-05-15 01:55:27,,,,,36,,,,,,,,,,,,,,,,,Type: Article,<p>Cited by: 0; All Open Access; Gold Open Access; Green Open Access</p>,,,,,,,,,,,,,,,,,,,,,,,,,,,,,,,,,,,,,,,,,,,,,,,,,,,Scopus,pass,,Arthroplasty Today,SJR,,Q1,Cat3 [Clinical / Medical],Cat3 [Clinical / Medical]::\bsurgery\b | Cat3 [Clinical / Medical]::\bpatient[s]?\b
FLHS577D,journalArticle,2026,"Picciotti, Pasqualina Maria; Rolesi, Rolando; Rossi, Giorgia; Oliveto, Giuseppe; Galli, Jacopo","Personalized Vestibular Rehabilitation in Persistent Postural–Perceptual Dizziness (PPPD), Unilateral and Bilateral Vestibular Dysfunction: A Comparative Study",Journal of Personalized Medicine,,20754426,10.3390/jpm16040214,https://www.scopus.com/pages/publications/105037092032?origin=resultslist,"Background: In the last few decades, a growing body of evidence has confirmed that vestibular rehabilitation (VR) can improve the symptoms of many unilateral and bilateral vestibular disorders, by facilitating vestibular compensation mechanisms, such as adaptation, substitution, and habituation. However, the usefulness of the vestibular rehabilitation approach in Persistent Postural–Perceptual Dizziness (PPPD) is currently highly debated and unclear. The aim of the present study was to evaluate the efficacy of VR using computerized dynamic posturography in PPPD patients as a single treatment and without other associated psychological or pharmacological therapies. Results were compared with patients with unilateral and bilateral vestibular disfunction, in order to define the role of our rehabilitation model within a framework of personalized therapy for different disorders. Methods: We evaluated 44 patients (23 F, 21 M; ranged from 28 to 82 years; mean age 63.72) affected by unilateral vestibular vestibulopathy (UVP) (n = 19), bilateral vestibular vestibulopathy (BVP) (n = 10) and PPPD (n = 15). For each patient, a comprehensive clinical bedside vestibular assessment was carefully performed by expert clinicians, as well as Bithermal caloric tests with videonystagmography (VNG), Video Head Impulse Test (vHIT) and Computed Dynamic Posturography (CDP). The impact of dizziness on quality of life (QoL) was assessed by the Italian Dizziness Handicap Inventory (DHI). All subjects evaluated in this study underwent five rehabilitative therapy sessions in our centre, once a week for 45 min and exercised daily for 30 min at home. All the exercises progressively became more difficult each week. Results: Our study showed that vestibular rehabilitation improved quality of life and reduced the level of self-perceived handicap in patients affected by unilateral and bilateral vestibular dysfunction, with significant improvement in DHI total score and posturographic parameters. In PPPD patients, rehabilitation did not significantly modify posturographic performances and the improvement in total DHI score did not reach statistical significance, although a significant change was observed in the functional sub-score. Conclusions: Vestibular rehabilitation confirmed its effectiveness in unilateral and bilateral peripheral vestibulopathies. In patients with PPPD, rehabilitation performed with computerized dynamic posturography may reduce subjective handicap and improve some aspects of daily functioning, although the small sample size and the absence of a control group do not allow definitive conclusions about its efficacy. © 2026 by the authors.",2026,2026-05-15 01:55:30,2026-05-15 01:55:30,,,,4,16,,,,,,,,,,,,,,,,,Type: Article,<p>Cited by: 0; All Open Access; Gold Open Access; Green Open Access</p>,,,,,,,,,,,,,,,,,,,,,,,,,,,,,,,,,,,,,,,,,,,,,,,,,,,Scopus,pass,,Journal of Personalized Medicine,SJR,,Q1,Cat3 [Clinical / Medical],Cat3 [Clinical / Medical]::\brehabilitation\b | Cat3 [Clinical / Medical]::\bpatient[s]?\b
BNF9HH7K,journalArticle,2025,"Wille, Lara; Lohse, Luzie; Jelinek, Lena; Moritz, Steffen; Schultz, Josephine; Borsutzky, Swantje; Yassari, Amir H.; Mariegaard, Lise; Vernal, Ditte Lammers; Bekker, Sanne Helene; Glenthøj, Louise Birkedal; Miegel, Franziska",Enhancing Insight in Patients With Obsessive Compulsive Disorder: A Case Study on Avatar Therapy Using Virtual Reality,Journal of Clinical Psychology,,00219762,10.1002/jclp.23772,https://www.scopus.com/pages/publications/105001875789?origin=resultslist,"Treatment efficacy for patients with obsessive-compulsive disorder (OCD) with poor insight is low. Insight refers to a patient's ability to recognize that their obsessions are irrational and that their compulsions are futile attempts to reduce anxiety. This case study presents the first application of virtual reality-assisted avatar therapy for OCD (VRT-OCD) in a patient with contamination OCD and ambivalent insight. Before treatment, the patient was not distanced from the content of his obsessions, which obstructed treatment progress. VRT-OCD aims to enhance insight by creating distance between the patient's functional self and their OCD by means of a virtual avatar, an individually designed visual representation of their OCD. The three-session therapy involved engaging with the avatar, practicing resistance to the OCD, and reinforcing self-esteem based on the patient's values. By learning that his obsessions hindered him from living life according to his values, the patient was motivated to engage in dialog with his avatar and learned to stand up for himself. After treatment, the patient had improved insight (BABS score reduced by 71%) and reduced symptoms (Y-BOCS score reduced by 51%). First results suggest that VRT-OCD may increase insight and empower patients to confront their obsessions, leading to increased motivation to resist their compulsions. This study highlights the feasibility, acceptance, and potential effectiveness of VRT-OCD as a novel therapeutic approach for individuals with OCD. © 2025 Wiley Periodicals LLC.",2025,2026-05-15 01:55:32,2026-05-15 01:55:32,,355 - 365,,5,81,,,,,,,,,,,,,,,,,Type: Article,<p>Cited by: 2</p>,,,,,,,,,,,,,,,,,,,,,,,,,,,,,,,,,,,,,,,,,,,,,,,,,,,Scopus,pass,,Journal of Clinical Psychology,SJR,,Q1,Cat3 [Clinical / Medical],Cat3 [Clinical / Medical]::\bpatient[s]?\b
FSIY25SD,journalArticle,2025,"Scandola, Michele; Beccherle, Maddalena; Polati, Enrico; Pietroni, Giorgia; Rossato, Elena; Schweiger, Vittorio; Moro, Valentina",Pain and the perception of space in fibromyalgia,Scientific Reports,,20452322,10.1038/s41598-024-82711-1,https://www.scopus.com/pages/publications/85214080133?origin=resultslist,"The Economy of action hypothesis postulates that bodily states rescale the perception of the individual’s environment’s spatial layout. The estimation of distances and slopes in navigation space (i.e. the space reachable by locomotion) is influenced by sensations relating to body condition and the metabolic cost of the actions. The results of the studies investigating the impact of pain on distance estimation remain inconclusive. 28 women suffering from chronic pain and fibromyalgia (FM), and 24 healthy women (HC) were assessed for musculoskeletal, neuropathic, and visceral pain by means of the Widespread Pain Index, the Symptom Severity Scale and an ad-hoc devised questionnaire for pain (the Verona Pain Questionnaire). In a VR-mediated task, they observed a 3D scenario and estimated the distance of a flag positioned at different distances (1, 2, 3, 4 or 5 m) on virtual ramps with either a 4% or 24% inclination in two different conditions: sitting and standing. Overestimation of distances in the steeper ramp condition was expected, if participants executed the task by internally simulating the movement. The results showed a dissociation between the effects of musculoskeletal and visceral-neuropathic pain on distance estimations. While, according to the Economy of Action hypothesis, the HCs estimated the distances as being farther away when the ramp was more inclined (i.e. with a 24% inclination), there was no effect related to the different ramp inclinations in the FM group. Furthermore, visceral and neuropathic pain were found to affect the performance of the FM group. These results suggest that chronic and widespread pain conditions, that typically characterize fibromyalgia, can affect space representations. In line with the Economy of Action hypothesis, bodily based estimation of distances is compromised in these patients. © The Author(s) 2024.",2025,2026-05-15 01:55:33,2026-05-15 01:55:33,,,,1,15,,,,,,,,,,,,,,,,,Type: Article,<p>Cited by: 1; All Open Access; Gold Open Access; Green Open Access</p>,,,,,,,,,,,,,,,,,,,,,,,,,,,,,,,,,,,,,,,,,,,,,,,,,,,Scopus,pass,,Scientific Reports,SJR,,Q1,Cat3 [Clinical / Medical],Cat3 [Clinical / Medical]::\bpatient[s]?\b | Cat3 [Clinical / Medical]::\bchronic\s+pain\b
EQ4XYUTY,journalArticle,2025,"Fregna, Giulia; Perachiotti, Gabriele; Baroni, Andrea; Lamberti, Nicola; Manfredini, Fabio; Casile, Antonino; Straudi, Sofia",Fatigue influences embodiment perception and motor performance in multiple sclerosis subjects: a cross-sectional immersive virtual reality study,Journal of NeuroEngineering and Rehabilitation,,17430003,10.1186/s12984-025-01788-5,https://www.scopus.com/pages/publications/105022942446?origin=resultslist,"Background: Multiple sclerosis (MS) represents a major cause of acquired disability in adults worldwide. Fatigue and upper limb (UL) impairments are common and disabling symptoms in people with MS (pwMS), even in the early stage of the disease. Rehabilitation proved to be effective in ameliorating Fatigue and UL function in pwMS. In particular, virtual reality (VR) represents a promising tool for delivering treatments in a highly engaging way, reproducing real-life gestures in a naturalistic manner. Immersive VR (IVR) tools can boost subjects’ immersion and presence, but very scarce evidence is currently available on IVR effects in this population. Aim: This study aims to test the feasibility of an IVR system for UL training in pwMS, analyzing clinical correlations of embodiment, fatigue, and UL motor performance. Methods: We conducted a cross-sectional study involving pwMS and age- and sex-matched healthy controls. pwMS under 65 years old reporting uni- or bilateral UL impairment were enrolled; no restrictions were applied regarding sex, MS phenotype, and disease severity (EDSS scores). All subjects underwent a single session of IVR UL training (Oculus Quest 2) using a previously developed and clinically tested IVR system. PwMS were assessed through the Modified Ashworth Scale (MAS), the Nine-Hole-Peg-Test (NHPT), and the Modified Fatigue Impact Scale (MFIS). Moreover, we collected measures of hand peak velocity during task execution and responses to a standardized questionnaire related to embodiment perception, (i.e. subjects’ feeling of being part of the virtual context) in terms of body ownership and motor agency, administered after the training session. Results: 25 pwMS were enrolled (Females: 56%, mean age: 53 ± 7 years) with EDSS scores ranging from 3.5 to 8 and with a mean score at the Modified Fatigue Impact Scale (MFIS) (0–84) of 35 ± 14. None of our subjects reported symptoms of cybersickness or any other adverse effects. All patients reported very high satisfaction rates (median score = 5 on a 5-point Likert scale, interquartile range (IQR) = 4–5); they also experienced strong subjective impression of both body ownership and motor agency (median score on a 9-points rated scale: body ownership = 9 (IQR = 8–9), motor agency = 9 (IQR = 8–9)). The median peak velocity of all patients exhibited a significant correlation with MFIS (ρ= – 0.57, p = 0.036). The MFIS score showed a significant correlation with embodiment and, specifically, a moderate correlation with agency (ρ= - 0.57, p = 0.036). Notably, low and high-fatigued pwMS showed significant differences in hand peak velocity achieved (p = 0.005) and in embodiment perception on the motor agency domain (p = 0.004) and body ownership one (p = 0.024), which means that higher MS-related fatigue seems associated with weaker embodiment perception, particularly affecting the experienced sense of motor interaction. No statistically significant differences in satisfaction, embodiment, and peak velocity rates were found when comparing pwMS and healthy controls. Conclusions: IVR use in pwMS seems feasible and well-tolerated. Additionally, MS-related fatigue showed a significant role in determining the rate of perceived embodiment, thus conditioning UL kinematics, in pwMS exposed to an IVR session. © The Author(s) 2025.",2025,2026-05-15 01:55:35,2026-05-15 01:55:35,,,,1,22,,,,,,,,,,,,,,,,,Type: Article,<p>Cited by: 0; All Open Access; Gold Open Access; Green Open Access</p>,,,,,,,,,,,,,,,,,,,,,,,,,,,,,,,,,,,,,,,,,,,,,,,,,,,Scopus,pass,,Journal of NeuroEngineering and Rehabilitation,SJR,,Q1,Cat3 [Clinical / Medical],Cat3 [Clinical / Medical]::\brehabilitation\b | Cat3 [Clinical / Medical]::\bpatient[s]?\b
LLT4CHV3,journalArticle,2025,"Carpenter, Melissa L.; Murray, Michael J.; Poulson, Trevor A.; Haynes, Monique; Mamonov, Alexander; Villarreal-Espinosa, Juan Bernardo; Chahla, Jorge; Verma, Nikhil N.",Medicaid Patients Have Similar Functional Patient Outcomes but Lower Mental Health Scores Than Patients With Private Insurance Following Rotator Cuff Repair,"Arthroscopy, Sports Medicine, and Rehabilitation",,2666061X,10.1016/j.asmr.2025.101148,https://www.scopus.com/pages/publications/105005307073?origin=resultslist,"Purpose: To determine whether patients insured through Medicaid exhibit differences in patient-reported outcomes, functional measurements, reinjury, and reoperation metrics after primary rotator cuff repair compared with patients insured with private insurance. Methods: All skeletally mature patients insured through Medicaid who had undergone a primary rotator cuff repair from January 2014 to July 2023 were identified and compared with a matched cohort of patients with private insurance. Patients were excluded if they were undergoing a revision procedure, had a history of shoulder infection, did not have completed medical records or baseline patient-reported outcome measures, or were lost to follow-up before 1 year postoperatively. Patients were provided questionnaires containing the American Shoulder and Elbow Surgeons (ASES) score, the Veterans RAND 12-Item Health Survey (VR-12), and reinjury and reoperation metrics. Physical therapy (PT) and clinic notes were also reviewed to determine the number of PT visits attended, number of PT visits missed, distance from patients’ home address to the PT facility, range of motion, and comorbidities. Results: A total of 16 patients insured through Medicaid and 16 insured through private insurance were enrolled in this study. There was no difference in average follow-up time between the 2 groups (31.1 vs 38.4 months; P = .391). The 2 groups showed no differences in age, body mass index, sex, smoking status, or other comorbidities, including diabetes, hypertension, and depression. The Medicaid group had a significantly lower preoperative ASES (29.86 vs 46.28; P = .008). Patients insured through Medicaid also had a significantly lower postoperative VR-12 Mental Score (38.20 vs 53.40; P = .013). There was no significant difference in preoperative or postoperative forward flexion or external rotation between the 2 groups. The average distance from home to PT facility, the number of postoperative PT sessions attended and missed, and reinjury and reoperation rates were also similar between groups. Both groups attained the minimal clinically important difference for ASES and VR-12 Physical but not VR-12 Mental. Conclusions: Despite Medicaid patients having a lower ASES preoperatively, they showed no difference in functional outcomes compared to patients with private insurance at final follow-up. However, patients with Medicaid had a significantly lower postoperative VR-12 Mental score, which requires further exploration. Level of Evidence: Level III, retrospective comparative study. © 2025 The Authors",2025,2026-05-15 01:55:35,2026-05-15 01:55:35,,,,3,7,,,,,,,,,,,,,,,,,Type: Article,<p>Cited by: 0; All Open Access; Gold Open Access; Green Open Access</p>,,,,,,,,,,,,,,,,,,,,,,,,,,,,,,,,,,,,,,,,,,,,,,,,,,,Scopus,pass,,"Arthroscopy, Sports Medicine, and Rehabilitation",SJR,,Q1,Cat3 [Clinical / Medical],Cat3 [Clinical / Medical]::\bphysical\s+therapy\b | Cat3 [Clinical / Medical]::\bpatient[s]?\b
UDY3ZCFN,journalArticle,2025,"Kiernan, Grace; Kohl, Pauline; Tas, Ekincan; Berg, Frederic; Wolf, Mario; Nguyen, Phuong-Mi; Valmaggia, Lucia; Rus-Calafell, Mar",Exploring the association between adolescent psychotic-like experiences and components of social performance using a multi-level virtual reality paradigm,Social Psychiatry and Psychiatric Epidemiology,,09337954,10.1007/s00127-025-02871-x,https://www.scopus.com/pages/publications/105000252249?origin=resultslist,"Background: Despite evidence linking psychotic-like experiences (PLEs) and social functioning deficits in youth at the risk of transitioning to psychosis, this association remains poorly understood. To address this, we explored the association between components of social performance and PLEs in adolescents aged 13–18 using a novel virtual reality (VR) paradigm for real-time assessment. Methods: Adolescents (N = 146) aged 13–18 were recruited as part of a larger cohort study conducted by the same research group (YVORI_PRO) and invited to participate via the following criteria: those reporting highly indicative positive PLEs (HIP, N = 88) and those reporting no or less indicative PLEs (no-HIP, N = 58). Self-report, behavioural and physiological components of social performance were collected using a portable VR headset and a medical wristband. Participants entered a virtual recreational area with three levels of social ambiguity and were encouraged to interact with avatars. MANOVA was performed to check for overall group differences and repeated measures ANOVAs were conducted to examine the effects of group and level of ambiguity, as well as their interaction, on daily social performance. Results: During virtual social interactions, adolescents with HIP reported higher levels of anxiety, fear of negative evaluation (FNE) and avoidance than the no-HIP group. No significant difference between groups was found for self-confidence. With increasing social ambiguity in VR, anxiety, FNE and avoidance increased in both groups, while self-confidence decreased. No significant group differences were found in behavioural or physiological components of social performance. Interpersonal distance and pulse rate increased significantly with increasing level of ambiguity, but pulse rate variability and skin conductance did not. Conclusion: The results suggest that adolescents with HIP may present specific difficulties related to social performance, which may carry additional psychosis risk. The new VR social scenario appears to be an acceptable, safe and effective tool to measure social performance in adolescents experiencing PLEs. © The Author(s) 2025.",2025,2026-05-15 01:55:35,2026-05-15 01:55:35,,2023 - 2034,,8,60,,,,,,,,,,,,,,,,,Type: Article,<p>Cited by: 0; All Open Access; Green Open Access; Hybrid Gold Open Access</p>,,,,,,,,,,,,,,,,,,,,,,,,,,,,,,,,,,,,,,,,,,,,,,,,,,,Scopus,pass,,Social Psychiatry and Psychiatric Epidemiology,SJR,,Q1,Cat3 [Clinical / Medical],Cat3 [Clinical / Medical]::\bpsychosis\b
UNUHBVZP,journalArticle,2026,"Wille, Lara; Lohse, Luzie; Moritz, Steffen; Schultz, Josephine; Borsutzky, Swantje; Yassari, Amir H.; Mariegaard, Lise; Vernal, Ditte Lammers; Bekker, Sanne Helene; Glenthøj, Louise Birkedal; Miegel, Franziska; Jelinek, Lena",Meeting OCD face-to-face: Preliminary findings from an avatar-based dialogue intervention,Digital Health,,20552076,10.1177/20552076261434822,https://www.scopus.com/pages/publications/105034931949?origin=resultslist,"Background Obsessive-compulsive disorder (OCD) is a chronic, debilitating condition typically treated with cognitive-behavioural therapy (CBT) and exposure and response prevention (ERP). While effective, these approaches are often met with hesitation, as many patients struggle to engage in exposure-based treatment, and relapse remains a significant challenge. Virtual Reality-assisted Therapy (VRT), initially developed for auditory hallucinations, offers a novel, immersive approach that may enhance insight by helping patients externalize their OCD symptoms. This perspective shift may increase engagement and motivation for ERP. This study evaluates the feasibility, safety, acceptability and preliminary treatment effects of VRT adapted for OCD (VRT-OCD), in which patients interact with a virtual avatar embodying their disorder. Methods Eight inpatients with OCD received three weekly VRT-OCD sessions alongside standard care. Participants created personalized avatars representing their OCD and engaged in therapist-guided dialogues aimed at confronting their OCD. Assessments focused on feasibility, safety, acceptability, and preliminary treatment effectiveness (e.g. OC symptoms, insight, self-esteem). Findings VRT-OCD did not show negative side effects and was well accepted by both patients and therapists. Participants reported an increased motivation for therapy and ERP. Interpretation VRT-OCD appears to be a feasible, safe and well-accepted adjunctive treatment for OCD. Larger-scale studies are needed to validate these findings and further explore their potential to increase motivation for ERP. Funding This research was not supported by third-party funding. © The Author(s) 2026. This article is distributed under the terms of the Creative Commons Attribution 4.0 License (https://creativecommons.org/licenses/by/4.0/) which permits any use, reproduction and distribution of the work without further permission provided the original work is attributed as specified on the SAGE and Open Access page (https://us.sagepub.com/en-us/nam/open-access-at-sage).",2026,2026-05-15 01:55:36,2026-05-15 01:55:36,,,,,12,,,,,,,,,,,,,,,,,Type: Article,<p>Cited by: 0; All Open Access; Gold Open Access; Green Open Access</p>,,,,,,,,,,,,,,,,,,,,,,,,,,,,,,,,,,,,,,,,,,,,,,,,,,,Scopus,pass,,Digital Health,SJR,,Q1,Cat3 [Clinical / Medical],Cat3 [Clinical / Medical]::\bpatient[s]?\b
KPX7MSUV,journalArticle,2025,"Hansen, Nina K.; Ries, Emma S.; Ward, Thomas; Cardi, Valentina; Christensen, Anne B.; Hjorthøj, Carsten; Nordentoft, Merete; Micali, Nadia; Glenthøj, Louise B.",The Dialogue study: Protocol for a randomized clinical trial evaluating the efficacy of virtual reality-based psychotherapy plus treatment as usual versus treatment as usual for eating disorders,PLOS ONE,,19326203,10.1371/journal.pone.0319875,https://www.scopus.com/pages/publications/105011977104?origin=resultslist,"Background: There is considerable interest in developing novel psychological interventions for eating disorders targeting characteristics potentially serving as maintaining factors in eating disorder pathology. An estimated 94% of patients with an eating disorder report a dominant internal voice commenting on weight and self-worth, often referred to as the ‘eating disorder voice’. The experience of a more dominating ‘eating disorder voice’ has been linked to longer illness duration. Within psychotic disorders, an intervention termed AVATAR therapy, using computerized avatars, has proven effective in reducing the severity of the psychotic voice and the associated distress. Building on this evidence and the proof-of-concept for AVATAR therapy adapted to eating disorders, this study investigates an immersive version targeting eating disorder symptoms. In this adaptation participants engage with an avatar representing their inner eating disorder voice in virtual reality. Methods: The study is designed as a randomized parallel-group superiority clinical trial. A total of 96 patients with an eating disorder will be allocated to either seven sessions of virtual reality-based avatar intervention plus treatment as usual (TAU) or TAU. All participants will be assessed at baseline, at treatment cessation (12 weeks), and at 24 weeks post baseline. A stratified block-randomization with concealed randomization sequence will be conducted. Discussion: A case-series study has demonstrated that a non-immersive (2D) application of avatar-based therapy is feasible and acceptable for patients with an eating disorder. While this preliminary evidence is promising, further research is needed to evaluate the efficacy of an avatar-based intervention for eating disorders. This current study will be the first investigating this by testing a 3D immersive version of the intervention in a large-scale, methodologically rigorous trial. Should the efficacy of this intervention be confirmed, it could open new avenues for research into psychological treatments for eating disorders. © 2025 Hansen et al. This is an open access article distributed under the terms of the Creative Commons Attribution License, which permits unrestricted use, distribution, and reproduction in any medium, provided the original author and source are credited.",2025,2026-05-15 01:55:38,2026-05-15 01:55:38,,,,7 July,20,,,,,,,,,,,,,,,,,Type: Article,<p>Cited by: 1; All Open Access; Gold Open Access; Green Open Access</p>,,,,,,,,,,,,,,,,,,,,,,,,,,,,,,,,,,,,,,,,,,,,,,,,,,,Scopus,pass,,PLOS ONE,SJR,,Q1,Cat3 [Clinical / Medical],Cat3 [Clinical / Medical]::\bpatient[s]?\b | Cat3 [Clinical / Medical]::\bclinical\s+(?:trial|study|outcome|setting|population)\b
6NR6UDJS,journalArticle,2026,"Mohd Salim, Nurul Ain; Azman, Azreen; Sulaiman, Puteri Suhaiza; Roslan, Nurhanis Syazni; Hod, Rafidah; Adam, Siti Khadijah",Development and validation of virtual patients for assessing history taking and communication skills among medical students,BMC Medical Education,,14726920,10.1186/s12909-025-08503-x,https://www.scopus.com/pages/publications/105029968980?origin=resultslist,"Background: The integration of virtual patients (VPs) into medical education is expanding globally, enhancing traditional training and supporting the development of clinical skills. In Malaysia, adoption is progressing, although dependence on imported platforms may compromise cultural and linguistic authenticity. We developed three culturally adapted VPs reflecting the local healthcare context. The VP application, featuring a custom virtual reality (VR) environment, 3-dimensional (3D) avatars and speech functions, was deployed on the Oculus Meta Quest 2 headset. This device provides an immersive, user-friendly experience, allowing students to interact with VPs via hand-held controllers. Methods: The developed VPs were assessed in terms of their content, face, construct, and concurrent validity, as well as the reliability for use in history-taking and communication skills assessment. Data analysis was performed using IBM SPSS Statistics software version 25. Results: The VPs showed acceptable content and face validity, indicating that the case design, interface, and simulated environment were appropriate and realistic. However, reliability and other validity measures, including construct validity and concurrent validity, were found to be limited. Conclusion: These findings may have been affected by factors such as small sample size, variability among students and examiners, limited scenario complexity, and technical issues related to speech recognition and system responsiveness. Addressing these limitations in future research could improve the generalizability of the results, while refinements in scenario design, artificial intelligence (AI) integration, and user interfaces are key to maximizing the pedagogical potential of VPs. © The Author(s) 2026.",2026,2026-05-15 01:55:39,2026-05-15 01:55:39,,,,1,26,,,,,,,,,,,,,,,,,Type: Article,<p>Cited by: 0; All Open Access; Gold Open Access; Green Open Access</p>,,,,,,,,,,,,,,,,,,,,,,,,,,,,,,,,,,,,,,,,,,,,,,,,,,,Scopus,pass,,BMC Medical Education,SJR,,Q1,Cat3 [Clinical / Medical],Cat3 [Clinical / Medical]::\bpatient[s]?\b
JBBDPKZD,journalArticle,2026,"Dębska-Janus, Małgorzata; Polechoński, Jacek; Dębski, Paweł; Zwierzchowska, Anna",A Body-Driven Mind: Effects of Conventional and Non-Immersive Virtual Reality–Based Physiotherapy on Cognitive Function in Older Orthopedic Patients,Clinical Interventions in Aging,,11769092,10.2147/CIA.S576150,https://www.scopus.com/pages/publications/105034753195?origin=resultslist,"Objective: This study evaluated the effects of exercise-based rehabilitation on cognitive functions in orthopedic patients and compared conventional rehabilitation with a protocol supplemented by physical activity (PA) performed in a non-immersive virtual reality (nIVR) environment. Materials and Methods: A three-week exercise-based intervention was conducted among 48 orthopedic patients with lower limb joint dysfunctions (mean age 69.9 ± 4.8 years) hospitalized at the AccessMedica Rehabilitation Center. Participants were randomly assigned to two groups: the control group (CG; n = 24), which completed a standard kinesiotherapy and physical therapy program, and the experimental group (EG; n = 24), which, in addition to standard therapy, participated in three 30-minute nIVR-based PA sessions per week using interactive applications. Cognitive functions were assessed using the Addenbrooke’s Cognitive Examination III (ACE-III)—version A before and version B after the intervention. The intensity of nIVR-based PA was monitored by heart rate telemetry, and participants’ perceived enjoyment was assessed using the Physical Activity Enjoyment Scale (PACES). Results: A significant improvement in overall cognitive performance was observed only in the EG following the intervention (p < 0.004, d = –0.643). Significant enhancements were found in attention (p = 0.004) and verbal fluency (p = 0.039). In contrast, patients undergoing conventional rehabilitation demonstrated no statistically significant pro-cognitive effects. The intensity of nIVR-based PA corresponded to a moderate level or close to its upper limit, and participants reported high enjoyment of this form of exercise. Conclusion: Supplementing conventional exercise-based rehabilitation with VR-supported physical activity sessions yields superior outcomes in attention and verbal fluency as well as higher overall cognitive results compared to standard rehabilitation programs. Moreover, VR-assisted exercise therapy is perceived by orthopedic patients as highly engaging, while its exercise intensity remains within the range recommended for health benefits in both physical and psychological domains. © 2026 Dębska-Janus et al.",2026,2026-05-15 01:55:39,2026-05-15 01:55:39,,,,,21,,,,,,,,,,,,,,,,,Type: Article,<p>Cited by: 0; All Open Access; Gold Open Access; Green Open Access</p>,,,,,,,,,,,,,,,,,,,,,,,,,,,,,,,,,,,,,,,,,,,,,,,,,,,Scopus,pass,,Clinical Interventions in Aging,SJR,,Q1,Cat3 [Clinical / Medical],Cat3 [Clinical / Medical]::\brehabilitation\b | Cat3 [Clinical / Medical]::\bphysical\s+therapy\b | Cat3 [Clinical / Medical]::\bpatient[s]?\b
B4AGSRIA,journalArticle,2026,"Soori, Khatere; Larti, Negin; Jalalvandi, Fereshteh; Jamshid Malekara, Nasim",Comparing the Efficacy of Auditory Distractions Versus Virtual Reality on Pain Severity and Physiological Indicators During Burn Dressing Changes: A Randomized Controlled Trial,Pain Management Nursing,,15249042,10.1016/j.pmn.2025.09.002,https://www.scopus.com/pages/publications/105017032358?origin=resultslist,"Purpose This study aimed to compare the effect of auditory distraction and virtual reality (VR) on pain severity and physiological indicators during burn dressing changes among adult patients. Design A single-center, randomized controlled trial. Methods A total of 60 patients were randomly assigned to the auditory distraction ( n = 20), VR ( n = 20), and control ( n = 20) groups. All patients in the three groups received intravenous morphine at a dose of 0.05 mg/kg body weight, 15 minutes prior to the dressing change. The auditory distraction group listened to music during the dressing, while the VR group used a headset to view nature images throughout the dressing procedure. Data collection tools were the numeric pain scale, a checklist form of the physiological Indicators, and a pulse oximetry device. Result Statistically significant differences in pain severity were observed among the VR, auditory distraction, and control groups during dressing changes ( p < .05). Despite all patients receiving intravenous morphine (0.05 mg/kg), both interventions led to greater pain reduction. Oxygen saturation and respiratory rates also differed significantly across groups ( p < .05), with posthoc analysis confirming that both interventions were equally effective and superior to standard care. Conclusions This study’s findings demonstrated that auditory distraction was as effective as VR techniques in reducing fluctuations in physiological indicators and pain severity during dressing changes in adult patients. Clinical Implications Nonpharmacological interventions can serve as effective adjuncts alongside pharmacological treatments in pain management nursing. © 2025 American Society for Pain Management Nursing.",2026,2026-05-15 01:55:42,2026-05-15 01:55:42,,e133 - e139,,2,27,,,,,,,,,,,,,,,,,Type: Article,<p>Cited by: 0</p>,,,,,,,,,,,,,,,,,,,,,,,,,,,,,,,,,,,,,,,,,,,,,,,,,,,Scopus,pass,,Pain Management Nursing,SJR,,Q1,Cat3 [Clinical / Medical],Cat3 [Clinical / Medical]::\bpatient[s]?\b | Cat3 [Clinical / Medical]::\bpain\s+management\b
ZYVKXI69,journalArticle,2025,"Perraut, Gregory; Thompson, Madison; Krisanda, Emily; Elkadi, Seleem; Thiru, Shankar; Chamaa, Danny; Michaelson, Evan; Postma, William",Patient-Reported Outcomes Differentially Worsen in Patients With Greater Obesity Classes After Hip Arthroscopy,"Arthroscopy, Sports Medicine, and Rehabilitation",,2666061X,10.1016/j.asmr.2024.101072,https://www.scopus.com/pages/publications/85213564619?origin=resultslist,"Purpose: To explore the association between obesity classification and patient-reported outcomes (PROs) in hip arthroscopy. Methods: This retrospective cohort study included patients who underwent hip arthroscopy and completed at least 1 preoperative and corresponding postoperative PRO—the modified Harris Hip Score (mHHS), visual analog pain scale (VAS), or Veterans RAND 12 (VR-12)—between December 2018 and August 2023. Exclusion criteria included previous ipsilateral hip surgery, incomplete or missing PROs, missing body mass index (BMI) data, follow-up <2 weeks, inflammatory arthritis, hip dysplasia, or avascular necrosis. Nonobesity was defined as BMI <30 and obesity as BMI ≥30, further classified as class I/II (BMI 30-40) or class III (BMI ≥40). Significance was set at alpha = 0.05. Results: In total, 349 cases were included in this study. Average BMI was 25.87 and age was 34.42 years. 65% of patients were female. In total, 288 patients (82.5%) did not have obesity and 61 patients (17.5%) had obesity. In the obesity group, 3 patients (4.9%) were defined as having class III obesity. Compared with baseline, patients without obesity demonstrated significant improvements across all 4 PROs at every time point. Similarly, patients classified with class I/II obesity showed significant improvement in the VAS, HHS, and VR-12 Physical but not in the VR-12 Mental score. Patients with class III obesity did not experience any improvement in PROs after 4 weeks and had significantly worse scores compared with both patients with class I/II obesity and patients without obesity at every time point. Conclusions: Although patients without obesity consistently demonstrated significant improvements across all 4 PROs, outcomes for patients with obesity varied depending on the severity of obesity. Patients with class I/II obesity showed intermittent improvements, with significant gains in some PROs but not all. In contrast, patients with class III obesity did not experience any significant lasting improvements in outcomes after hip arthroscopy. Level of Evidence: Level III, retrospective cohort study. © 2025",2025,2026-05-15 01:55:44,2026-05-15 01:55:44,,,,2,7,,,,,,,,,,,,,,,,,Type: Article,<p>Cited by: 2; All Open Access; Gold Open Access; Green Open Access</p>,,,,,,,,,,,,,,,,,,,,,,,,,,,,,,,,,,,,,,,,,,,,,,,,,,,Scopus,pass,,"Arthroscopy, Sports Medicine, and Rehabilitation",SJR,,Q1,Cat3 [Clinical / Medical],Cat3 [Clinical / Medical]::\bsurgery\b | Cat3 [Clinical / Medical]::\bpatient[s]?\b
XN6NA5NI,journalArticle,2025,"Ammann-Reiffer, Corinne; Kläy, Andrina; Rhiel, Sophia; Keller, Urs; van Hedel, Hubertus J.A.",To see or not to see: Does foot visualization in immersive virtual reality influence gait parameters of youths with neuromotor impairments when performing walking-related activities?,Gait and Posture,,09666362,10.1016/j.gaitpost.2025.03.004,https://www.scopus.com/pages/publications/86000785276?origin=resultslist,"Background: Immersive virtual reality (VR) experienced through a head-mounted display (HMD) offers the possibility to practice real-world situations in a safe and motivating way in pediatric neurorehabilitation. As the HMD blocks the view of the physical world, patients lack visual feedback of their body parts. Foot visualization in the virtual environment could inform patients about their feet's position during walking-related activities. Research question: How does foot visualization affect spatial gait parameters of youths with neuromotor gait impairments during everyday walking tasks with an immersive VR-HMD? Methods: In this cross-sectional study, 15 youths with neuromotor gait impairments (mean age 12.3 years) performed four walking-related tasks wearing the VR-HMD Meta Quest 2. Walking through the virtual environment, they had to place their feet as accurately as possible on bollards, step over a plank, balance over a beam, and cross a gap. We used a Vicon motion capture system to assess spatial gait parameters when the participants could not see their feet and when a real-time virtual model of their feet was integrated into the virtual environment. Results: In the bollard task, foot visualization had a large positive effect (Hedges’ g = 0.82) on the foot placement accuracy, with a reduction in deviation from the bollard center from 12.1 cm (IQR: 16 cm) to 6.5 cm (IQR: 5.1 cm) (p < 0.001). Further, the maximum step height of the leading foot when overstepping the plank decreased by 2.9 cm (g = 0.4, p = 0.05). Foot visualization did not influence the spatial gait parameters when balancing over a beam or crossing a gap. Significance: Pediatric patients who practice walking-related activities with an immersive VR-HMD can benefit from foot visualization, as it increases foot placement accuracy for certain tasks. However, technical solutions have to become simpler for the clinical implementation of foot visualization. © 2025 The Authors",2025,2026-05-15 01:55:45,2026-05-15 01:55:45,,136 - 142,,,119,,,,,,,,,,,,,,,,,Type: Article,<p>Cited by: 1; All Open Access; Hybrid Gold Open Access</p>,,,,,,,,,,,,,,,,,,,,,,,,,,,,,,,,,,,,,,,,,,,,,,,,,,,Scopus,pass,,Gait and Posture,SJR,,Q1,Cat3 [Clinical / Medical],Cat3 [Clinical / Medical]::\bpatient[s]?\b
7S3JPINM,journalArticle,2025,"Intawong, Kannikar; Thongthip, Phimphakan; Khanchai, Songpon; Puritat, Kitti",The Lanna XR dance heritage: Exploring XR for the digitization and transmission of intangible culture,Digital Applications in Archaeology and Cultural Heritage,,22120548,10.1016/j.daach.2025.e00457,https://www.scopus.com/pages/publications/105016362992?origin=resultslist,"The preservation of intangible cultural heritage (ICH), particularly traditional dance, faces challenges due to globalization and declining practitioner communities. This study presents the Lanna XR Dance Heritage Project, utilizing Extended Reality (XR) technologies including Virtual Reality (VR), Mixed Reality (MR), and web-based visualization for the digitization and transmission of Lanna Dance, a traditional Northern Thai art form. Through motion capture, the project integrates full-body tracking, smart gloves for hand articulation, and facial expression recognition to ensure cultural fidelity. Twenty-four Lanna Dance forms are categorized into Equipment-Dancing, Without-Equipment Dancing, and Lanna Royal Dancing. Usability and engagement were evaluated with 90 university students across three XR platforms using the System Usability Scale and User Engagement Scale. Findings highlight XR's role in preserving Lanna Dance, offering immersive and interactive experiences that ensure accessibility and cultural sustainability for future generations. © 2025 Elsevier Ltd",2025,2026-05-15 01:55:46,2026-05-15 01:55:46,,,,,39,,,,,,,,,,,,,,,,,Type: Article,<p>Cited by: 0</p>,,,,,,,,,,,,,,,,,,,,,,,,,,,,,,,,,,,,,,,,,,,,,,,,,,,Scopus,pass,,Digital Applications in Archaeology and Cultural Heritage,SJR,,Q1,Cat1 [Not VR / Out of Scope],Cat1 [Not VR / Out of Scope]::\bmixed reality\b | Cat1 [Not VR / Out of Scope]::\bmr\b
PNKNCXMU,journalArticle,2026,"Lütt, Alva; Lütgens, Kristina; Montag, Christiane; Gutwinski, Stefan; Reuth, Georg Felix; Nebel, Steve; Bermpohl, Felix; Spangenberger, Pia","Effects of Virtual Nature Embodiment on Compassion, Empathy, Nature Connectedness, and Symptom Burden in Patients With Psychosis or Depression: An Explorative Clinical Study",JMIR Serious Games,,22919279,10.2196/74337,https://www.scopus.com/pages/publications/105034788984?origin=resultslist,"Background: Nature experiences may have a positive impact on mental health. Innovative alternatives, such as immersive virtual reality (iVR), can have similar effects. In previous studies on embodying a tree in virtual reality, connectedness to nature has been induced in healthy participants and shown to be influenced by compassion. Compassion and empathy, however, can be altered in psychiatric disorders, leading to impaired relationships with fellow human beings. The potential effect of nature experiences in iVR on compassion, empathy, and nature connectedness in mental health disorders has not yet been investigated. Objective: This study aims to examine the development of nature connectedness, compassion, empathy, and individual symptom load in patients with depression (n=20), schizophrenia (n=20), and healthy controls (n=20), measured pre and post 1 session of virtual embodying a rainforest tree. Methods: We conducted an explorative clinical trial, comparing 3 groups (depression, schizophrenia, and healthy control), using repeated measures ANOVA and multiple regression analysis. Effect sizes (η<sub>p</sub><sup>2</sup>) and 95% CIs were reported where applicable. We assessed the impact of iVR-exposure on nature connectedness, empathy, compassion, individual symptoms, spirituality, cybersickness, presence, and virtual body ownership. Electrodermal activity was measured to capture physiological correlates of emotional arousal. Results: Individual symptom load decreased significantly through the experience of embodying a growing tree in iVR in both patient groups (F<sub>1,38</sub>=40.93, η<sub>p</sub><sup>2</sup>=0.52, 95% CI 0.29-0.67; P<.001). All groups benefited equally from the iVR experience regarding a change in nature connectedness (F<sub>1,57</sub>=100.12, η<sub>p</sub><sup>2</sup>=0.637, 95% CI 0.48-0.74; P<.001) and compassion (F<sub>1,57</sub>=12.86, η<sub>p</sub><sup>2</sup>=0.18, 95% CI 0.04-0.36; P<.001). The change in empathy did not differ significantly between the 3 groups. The analysis of electrodermal activity during iVR showed significantly higher nonspecific skin conductance response numbers than at the beginning of the iVR (2-tailed t<sub>53</sub>=4.40, mean difference=2.38, 95% CI 1.30-3.46; P<.001). Changes in compassion were predicted by spirituality (β=–0.35, 2-tailed t<sub>59</sub>=–2.89, η<sub>p</sub><sup>2</sup>=0.13, 95% CI 0.01-0.30; P=.005) and virtual body ownership (β=0.29, 2-tailed t<sub>59</sub>=2.15, η<sub>p</sub><sup>2</sup>=0.08, 95% CI 0.00-0.23; P=.04) but not by the feeling of presence. Conclusions: Our results indicate that virtually embodying a tree seems to have a positive effect on individual symptoms. Patients with depression and schizophrenia were able to receive an iVR-based intervention and benefited from the experience. Our results provide a deeper understanding of the phenomenon of virtual body ownership of nature, a specific affordance of iVR, thereby laying the groundwork for future innovative body psychotherapy interventions for individuals with mental health disorders. ©Alva Lütt, Kristina Lütgens, Christiane Montag, Stefan Gutwinski, Georg Felix Reuth, Steve Nebel, Felix Bermpohl, Pia Spangenberger.",2026,2026-05-15 01:55:48,2026-05-15 01:55:48,,,,,14,,,,,,,,,,,,,,,,,Type: Article,<p>Cited by: 0; All Open Access; Gold Open Access; Green Open Access</p>,,,,,,,,,,,,,,,,,,,,,,,,,,,,,,,,,,,,,,,,,,,,,,,,,,,Scopus,pass,,JMIR Serious Games,SJR,,Q1,Cat3 [Clinical / Medical],Cat3 [Clinical / Medical]::\bpatient[s]?\b | Cat3 [Clinical / Medical]::\bclinical\s+(?:trial|study|outcome|setting|population)\b | Cat3 [Clinical / Medical]::\bpsychosis\b | Cat3 [Clinical / Medical]::\bschizophrenia\b
3WZX63V7,journalArticle,2026,"Menteş, Zeynep; Çetinkaya, Funda",Effect of Virtual Reality–Based Relaxation Exercise on Postoperative Pain and Kinesiophobia,Pain Management Nursing,,15249042,10.1016/j.pmn.2026.03.017,https://www.scopus.com/pages/publications/105035638625?origin=resultslist,"Purpose This study aimed to investigate the effects of virtual reality-based progressive relaxation exercises on postoperative pain and kinesiophobia in patients undergoing total knee arthroplasty (TKA). Design This randomized controlled experimental study was conducted at the Aksaray Training and Research Hospital, Orthopedics and Traumatology Clinic, between January and October 2024. Methods The study sample consisted of 80 participants, with 40 individuals assigned to the experimental group and 40 to the control group. In both groups, a continuous passive motion (CPM) device was applied for three consecutive days following TKA surgery (postoperative days 1, 2, and 3). In the experimental group, in addition to the CPM device, participants engaged in virtual reality-based progressive relaxation exercises during the same period. Data were collected using a Patient Information Form, the Visual Analog Scale (VAS), and the Tampa Scale for Kinesiophobia. Results The demographic and clinical characteristics of participants in the experimental and control groups were similar across all control variables except for body mass index ( p > .05). VAS scores in the experimental group were significantly lower than those in the control group on all three postoperative days ( p < .001). Similarly, Tampa Scale scores were significantly lower in the experimental group compared to the control group on each day of measurement ( p < .001). Conclusion Virtual reality–based progressive relaxation exercises applied during CPM therapy after TKA significantly reduce pain and kinesiophobia, with clinically meaningful benefits. Clinical Implications Integrating virtual reality–based relaxation exercises into CPM therapy may improve early postoperative rehabilitation by reducing pain-related movement fear and enhancing patient participation. © 2026 American Society for Pain Management Nursing.",2026,2026-05-15 01:55:50,2026-05-15 01:55:50,,,,,,,,,,,,,,,,,,,,,,Type: Article,<p>Cited by: 0</p>,,,,,,,,,,,,,,,,,,,,,,,,,,,,,,,,,,,,,,,,,,,,,,,,,,,Scopus,pass,,Pain Management Nursing,SJR,,Q1,Cat3 [Clinical / Medical],Cat3 [Clinical / Medical]::\brehabilitation\b | Cat3 [Clinical / Medical]::\bsurgery\b | Cat3 [Clinical / Medical]::\bpatient[s]?\b | Cat3 [Clinical / Medical]::\bpain\s+management\b
GPT4A22B,journalArticle,2026,"Neumann, Isabel; Lindner, Stefan; Nedilko, Yevgeniya; Zhivova, Ralitsa; Gödde, Michael; Tischer-Zeitz, Tobias; Rittner, Heike L.; Käthner, Ivo",A Novel Virtual Reality Intervention Combining Movement Exercises and Body Illusions for the Treatment of Chronic Back Pain: Prospective Feasibility Study,JMIR Serious Games,,22919279,10.2196/81051,https://www.scopus.com/pages/publications/105036285277?origin=resultslist,"Background: Virtual reality (VR) has proven effective in delivering nonpharmacological interventions to reduce acute and chronic pain. For the treatment of nonspecific chronic low back pain (CLBP), it offers benefits over traditional treatment options, such as the possibility of gamified movement exercises with real-time performance feedback and virtual embodiment. We implemented a novel immersive VR intervention (a serious game) that combined these elements. Objective: This study evaluated the feasibility, tolerability, and initial clinical efficacy of the gamified VR intervention. Methods: Patients with CLBP (n=20; mean age 47, SD 14 years; symptom duration >3 months to ≤5 years; convenience sample) took part in a prospective, single-arm, and preregistered trial over 9 weeks. The VR therapy phase lasted 3 weeks, and there were 2 VR sessions per week conducted at the University Hospital Wuerzburg (Germany). Before the therapy phase, there was a 2-week baseline phase, and the posttherapy phase lasted 4 weeks. During the sessions, patients wore a head-mounted display. In VR, they embodied a virtual avatar and performed gamified movement exercises. Participants were immersed in a virtual toy factory, and they had the task of teaching 5 different toys how to move. They received real-time feedback on performance through a hologram overlaying their avatar. Based on performance, movements to be performed became gradually more difficult (graded exposure). Primary outcome measures were adherence and side effects for assessing feasibility and tolerability (Simulator Sickness Questionnaire), and pain intensity ratings (numerical rating scale 0‐10) were used for assessing initial clinical efficacy. Secondary outcomes included back- and task-specific functioning and questionnaires to further test initial clinical efficacy and assess fear-avoidance beliefs. Results: Adherence was high (18/20, 90%). Participants indicated lower pain in the posttherapy phase compared with baseline levels (mean difference 0.73, CI 0.27-1.19; t<sub>16</sub>=3.38; P=.004; d=0.82). There were only few and minor side effects. Task- and back-specific functioning improved (ie, performing daily life activities; Back Performance Scale: F<sub>2,34</sub>=4.53; P=.02; η<sup>2</sup><sub>g</sub>=0.04; Roland-Morris Disability Questionnaire: F<sub>2,26</sub>=4.73; P=.02; η<sup>2</sup><sub>g</sub>=0.08), and movement restrictions decreased (F<sub>2,32</sub>=10.82; P<.001; η<sup>2</sup><sub>g</sub>=0.06). There were no changes in the psychological outcome measures (eg, fear avoidance beliefs). Across all VR sessions, study participants reported high levels of fun (mean 8.07, SD 1.99). Conclusions: We implemented a gamified immersive VR intervention for the treatment of CLBP. The combination of gamified movement exercises and virtual body illusions is unique, and for the first time, it included real-time feedback via a hologram overlaying the virtual avatar of the user. The study demonstrated the feasibility and safety of the intervention. Initial tests of the clinical efficacy revealed positive effects on pain, physical functioning, and daily activities. However, these did not reach the thresholds of clinical importance. A randomized controlled trial is needed to test the specificity of the effects. © Isabel Neumann, Stefan Lindner, Yevgeniya Nedilko, Ralitsa Zhivova, Michael Gödde, Tobias Tischer-Zeitz, Heike L Rittner, Ivo Käthner.",2026,2026-05-15 01:55:51,2026-05-15 01:55:51,,,,,14,,,,,,,,,,,,,,,,,Type: Article,<p>Cited by: 0; All Open Access; Gold Open Access; Green Open Access</p>,,,,,,,,,,,,,,,,,,,,,,,,,,,,,,,,,,,,,,,,,,,,,,,,,,,Scopus,pass,,JMIR Serious Games,SJR,,Q1,Cat3 [Clinical / Medical],Cat3 [Clinical / Medical]::\bpatient[s]?\b | Cat3 [Clinical / Medical]::\bchronic\s+pain\b
QHFQDIN7,journalArticle,2026,"Paygozar, Rasool; Tahery, Noorollah; Mousaei, Farshid Mohammad",Virtual Reality for Dual Relief of Pain and Sleep Disturbance in Burn Patients: A Randomized Clinical Trial,Pain Management Nursing,,15249042,10.1016/j.pmn.2026.02.003,https://www.scopus.com/pages/publications/105037883708?origin=resultslist,"Purpose Pain during dressing changes and sleep disturbances are among the most distressing challenges faced by burn patients, profoundly affecting recovery and quality of life. This randomized controlled trial examined the efficacy of virtual reality (VR) as a nonpharmacological intervention for alleviating procedural pain and improving sleep quality in patients with 25%-60% total body surface area burns. Design Single-center, parallel-group, randomized controlled trial. Methods Sixty patients admitted to Taleghani Burn and Trauma Hospital in Ahvaz were randomly assigned to a VR group (n = 30) or a control group (n = 30). The VR group received immersive virtual reality distraction during dressing changes, while the control group received standard care. Pain intensity was measured using the visual analog scale (VAS) before and immediately after the procedure, and sleep quality was assessed via the Pittsburgh Sleep Quality Index (PSQI) at baseline and 24 hours postintervention. Results: The VR group showed dramatic improvement in sleep quality (PSQI: 18.63 ± 1.25 → 11.37 ± 1.59; Δ = −7.27 ± 1.68) and significant pain reduction (VAS: 8.73 ± 0.64 → 7.33 ± 0.71; Δ= −1.40 ± 0.86). In contrast, the control group showed no meaningful improvement. Between-group differences in change scores were highly significant ( p < .001 for both outcomes). Conclusions VR is a highly effective, nonpharmacological intervention that concurrently alleviates procedural pain and improves global sleep quality in burn patients. Clinical Implications The magnitude of sleep improvement exceeds the minimal clinically important difference (MCID = 2-3), supporting VR's integration into standard burn care protocols as a safe, nonpharmacological adjunct. © 2026 American Society for Pain Management Nursing.",2026,2026-05-15 01:55:58,2026-05-15 01:55:58,,,,,,,,,,,,,,,,,,,,,,Type: Article,<p>Cited by: 0</p>,,,,,,,,,,,,,,,,,,,,,,,,,,,,,,,,,,,,,,,,,,,,,,,,,,,Scopus,pass,,Pain Management Nursing,SJR,,Q1,Cat3 [Clinical / Medical],Cat3 [Clinical / Medical]::\bpatient[s]?\b | Cat3 [Clinical / Medical]::\bclinical\s+(?:trial|study|outcome|setting|population)\b | Cat3 [Clinical / Medical]::\bpain\s+management\b
8RCUFDHY,journalArticle,2026,"McGovern, Madeline M.; Protzuk, Omar A.; Reikersdorfer, Kristen N.; Sherman, Nathan; Mazzocca, Jillian L.; Collins, Jamie; Matzkin, Elizabeth G.",Surgical Positioning in Arthroscopic Rotator Cuff Repair: Comparable Outcomes but Longer Operative Times in the Beach-Chair Position,Orthopaedic Journal of Sports Medicine,,23259671,10.1177/23259671261436427,https://www.scopus.com/pages/publications/105037915123?origin=resultslist,"Background: Arthroscopic rotator cuff repair (RCR) can be performed with patients in either the lateral decubitus (LDP) or beach-chair position (BCP). There are limited data exploring the effect of patient positioning on outcomes after RCR. Hypothesis: There will be a difference in patient-reported outcomes (PROs) between patients who underwent arthroscopic RCR in LDP versus BCP, and a significantly shorter operating room time in LDP to account for positioning. Study Design: Cohort study: Level of evidence, 3. Methods: Patients were propensity score matched for tear size and demographic variables including age, body mass index, sex, and workers’ compensation status. Patients were included who had an isolated arthroscopic primary RCR with ≥2 years of PRO data available. Results: A total of 160 patients, 80 in each of LDP and BCP, were included in the study. There were no significant differences in American Shoulder and Elbow Surgeons function scores, and both groups improved at 2 years from 14.0 to 26.2 (95% CI, 12.7-15.3; 25.1-27.3) in BCP and 13.9 to 25.8 (95% CI, 24.8-26.9) in LDP (P = .64). No significant differences were found in PRO measures, including Single Assessment Numeric Evaluation score, Simple Shoulder Test, and Veterans RAND 12-Item Health Survey (VR-12) Physical Component Summary. The VR-12 Mental Component Summary score improved from 0 to 24 months with the BCP group scoring significantly better than LDP (P < .05). No difference in surgical time from incision to close was identified (BCP, 87.4 ± 23.1 minutes; LDP, 82.4 ± 31.4 minutes; P = .30); however, BCP cases had significantly longer total operating room time from in-room to end of procedure (BCP, 122.3 ± 25.7 minutes; LDP, 110.7 ± 30.3 minutes; P = .038). Two-year complication rates were similar between groups and identified in 9 (11.3%) patients in the BCP group and 11 (13.8%) patients in LDP (P = .63). Conclusion: Overall, PROs and complication rates were largely equivocal between the 2 groups at 2 years. Total operative time was shorter with LDP, reflecting the effect of setup for BCP. Patient positioning does not appear to affect patient outcomes, and surgeons should pick the positioning they are most facile with performing arthroscopic RCR. © The Author(s) 2026. This article is distributed under the terms of the Creative Commons Attribution-NonCommercial-NoDerivs 4.0 License (https://creativecommons.org/licenses/by-nc-nd/4.0/) which permits non-commercial use, reproduction and distribution of the work as published without adaptation or alteration, without further permission provided the original work is attributed as specified on the SAGE and Open Access page (https://us.sagepub.com/en-us/nam/open-access-at-sage).",2026,2026-05-15 01:55:59,2026-05-15 01:55:59,,,,5,14,,,,,,,,,,,,,,,,,Type: Article,<p>Cited by: 0; All Open Access; Gold Open Access; Green Open Access</p>,,,,,,,,,,,,,,,,,,,,,,,,,,,,,,,,,,,,,,,,,,,,,,,,,,,Scopus,pass,,Orthopaedic Journal of Sports Medicine,SJR,,Q1,Cat3 [Clinical / Medical],Cat3 [Clinical / Medical]::\bpatient[s]?\b
J2DAWXUT,journalArticle,2025,"do V.M. da Costa, Maurício; W.P. Biscainho, Luiz; M. Voong, Tray; Regener, Marlon; Oehler, Michael",Lossy numerical simulation of HRTFs using a linear-logarithmic frequency scale,Applied Acoustics,,0003682X,10.1016/j.apacoust.2024.110430,https://www.scopus.com/pages/publications/85209872082?origin=resultslist,"Acoustic simulations for virtual reality (VR) or augmented reality (AR) require the use of filters designed to model the changes undergone by sound waves emitted from specific points in 3-D space along their path to the subjects' ears, known as head-related transfer functions (HRTFs). Individual HRTFs usually produce more realistic perceptual results, as they account for the specific shape of the listener's body. Numerical simulations in the frequency domain are an attractive option to produce individual HRTFs by computing discrete complex pressure values within regular frequency steps. One of the main disadvantages of this procedure is the high computational power needed, which increases with frequency. Aiming to reduce it, this work explores a new approach that employs a linear-logarithmic hybrid frequency scale. The results obtained for numerical and subjective evaluations (conducted with 23 subjects) suggest that the proposed procedure can produce perceptually equivalent results, even for approximations that save as much as nearly 87% of the original total processing time for the entire audible spectrum. © 2024 The Author(s)",2025,2026-05-15 01:56:00,2026-05-15 01:56:00,,,,,230,,,,,,,,,,,,,,,,,Type: Article,<p>Cited by: 2; All Open Access; Hybrid Gold Open Access</p>,,,,,,,,,,,,,,,,,,,,,,,,,,,,,,,,,,,,,,,,,,,,,,,,,,,Scopus,pass,,Applied Acoustics,SJR,,Q1,Cat1 [Not VR / Out of Scope],Cat1 [Not VR / Out of Scope]::\baugmented reality\b | Cat1 [Not VR / Out of Scope]::\bar\b
882PKF24,journalArticle,2025,"Monaghesh, Elham; Farhang, Sara; Samad-Soltani, Taha",Virtual reality assisted cognitive behavioral therapy improves theory of mind and decreases paranoia in patients with schizophrenia: a randomized controlled trial,Journal of Behavior Therapy and Experimental Psychiatry,,00057916,10.1016/j.jbtep.2025.102055,https://www.scopus.com/pages/publications/105014002481?origin=resultslist,"Introduction: patients with schizophrenia have deficits in social cognition and functioning. Virtual reality is a 3D real-world simulation created by a computer. Virtual reality-based cognitive behavioral therapy might increase effectiveness and acceptability of treatment for these patients. This study investigated the efficacy of VR-CBT compared to traditional CBT in improving these outcomes in patients with recent-onset schizophrenia. Methods: In this open-label, randomized controlled trial, 60 patients with schizophrenia (36 men, 24 women) were randomized to receive either four sessions of VR-CBT or traditional CBT, in addition to pharmacological treatment. The VR environment simulated a bus trip with 11 neutral-faced avatars. Outcomes were assessed using the Positive and Negative Syndrome Scale (PANSS; positive symptom subscale), the Green Paranoid Thoughts Scale (GPTS), and the Reading the Mind in the Eyes Test (Eyes Test) at baseline and post-treatment. Data were analyzed using repeated measures ANOVA. Results: Both groups showed significant improvements in all measures (p < 0.05). However, the VR-CBT group demonstrated significantly greater reductions in PANSS (p < 0.001) and GPTS scores (p < 0.001), and a significantly greater increase in Eyes Test scores (p < 0.002) compared to the CBT group. No adverse effects were reported. Conclusion: VR-CBT appears to be a promising adjunct to standard treatment for recent-onset schizophrenia, offering superior improvements in positive symptoms, paranoia, and ToM compared to traditional CBT. Further research is warranted to examine the long-term effects and underlying mechanisms of VR-CBT in this population. © 2025",2025,2026-05-15 01:56:01,2026-05-15 01:56:01,,,,,89,,,,,,,,,,,,,,,,,Type: Article,<p>Cited by: 1; All Open Access; Green Open Access</p>,,,,,,,,,,,,,,,,,,,,,,,,,,,,,,,,,,,,,,,,,,,,,,,,,,,Scopus,pass,,Journal of Behavior Therapy and Experimental Psychiatry,SJR,,Q1,Cat3 [Clinical / Medical],Cat3 [Clinical / Medical]::\bcognitive\s+(?:behavioural|behavioral)\s+therapy\b | Cat3 [Clinical / Medical]::\bpatient[s]?\b | Cat3 [Clinical / Medical]::\bschizophrenia\b
DZBFERET,journalArticle,2026,"Başoğlu, Yuşa; Çoban, Sultan","The effects of menstrual cycle phases on postural balance, vestibulo-ocular reflex, and dual-task virtual reality performance in healthy young women",European Archives of Oto-Rhino-Laryngology,,09374477,10.1007/s00405-025-09759-1,https://www.scopus.com/pages/publications/105019258968?origin=resultslist,"Purpose: This study investigated the effects of hormonal fluctuations across the menstrual cycle on oculomotor function, vestibulo-ocular reflex (VOR), postural balance, and dual-task virtual reality (VR) performance in healthy young women. The primary objective was to compare these parameters between the early menstrual and post-menstrual phases. Methods: Twenty eumenorrheic females aged 18–25 were assessed during two phases: early menstrual (days 1–3) and post-menstrual (day 7+). Assessments included videonystagmography (VNG) for oculomotor evaluations (saccades, smooth pursuit, optokinetic responses), video head impulse testing (vHIT) for VOR gains in all semicircular canals, static and dynamic balance tests and a dual-task VR activity involving visual tracking and full-body movement. subjective symptoms were assessed using the Menstrual Symptom Questionnaire (MSQ) and a cybersickness scale. Wilcoxon signed-rank tests were used for comparisons. Wilcoxon signed-rank test was used for comparisons. Results: Oculomotor parameters and VOR gains showed no significant differences between phases. However, postural balance improved significantly post-menstrually in Single Leg Foam (p =.003), Walk on Foam (p =.034), and TUG (p <.001). Dual-task VR performance scores were also significantly higher in the post-menstrual phase. Conclusion: While oculomotor and VOR responses remained stable, the early menstrual phase was associated with reduced postural performance and lower dual-task VR scores. Hormonal fluctuations during this period may transiently impair postural control and motor performance. Considering the timing of assessments in relation to the menstrual cycle may contribute to more accurate clinical interpretation and better-informed planning of rehabilitation when needed. © The Author(s), under exclusive licence to Springer-Verlag GmbH Germany, part of Springer Nature 2025.",2026,2026-05-15 01:56:02,2026-05-15 01:56:02,,1489 - 1497,,3,283,,,,,,,,,,,,,,,,,Type: Article,<p>Cited by: 0</p>,,,,,,,,,,,,,,,,,,,,,,,,,,,,,,,,,,,,,,,,,,,,,,,,,,,Scopus,pass,,European Archives of Oto-Rhino-Laryngology,SJR,,Q1,Cat3 [Clinical / Medical],Cat3 [Clinical / Medical]::\brehabilitation\b
2FGMQQN3,journalArticle,2026,"Maddalon, Luna; Altozano, Alberto; Minissi, Maria Eleonora; Marín-Morales, Javier; Romero, Gary Lovaton; Parsons, Thomas; Hervás, Amaia; Alcañiz, Mariano",Adaptive VR intervention on social-cognitive skills in children with ASD: a feasibility study,International Journal of Clinical and Health Psychology,,16972600,10.1016/j.ijchp.2026.100675,https://www.scopus.com/pages/publications/105033674406?origin=resultslist,"This study introduces and evaluates a novel virtual reality (VR) adaptive system that advances the state of the art by tailoring social-cognitive training to individual performance, addressing gaps in traditional interventions for children with Autism Spectrum Disorder (ASD). A sample of 23 children (aged 6–8 years) diagnosed with Level 1 ASD participated in a four-session program integrating traditional Theory of Mind tasks with gamified, adaptive VR environments. The online adaptive engine provides real-time support with hints (question repetition), feedback, and reinforcement strategies, while the offline engine adjusts difficulty levels between sessions based on performance. Pre- and post-test assessments using the Theory of Mind Test Battery (ToMTB) and Social Responsiveness Scale evaluated participants' progress. Statistical analyses, including generalized linear mixed models and the Aligned Rank Transform, were used to examine behavioral and biosignal metrics such as motor movement and electrodermal activity (EDA). Results revealed significant improvements in ToMTB post-test scores, suggesting that the adaptive system positively influenced ToM abilities, while no significant changes were observed in the SRS-2 scores. Behavioral analysis indicated progressive accuracy gains and reduced reliance on hints across sessions. Kinematic analysis revealed that whole-body acceleration and displacement increased across sessions, while EDA indicated a significant rise in tonic mean, tonic variance, and phasic variance levels. These findings demonstrate the feasibility and potential efficacy of using adaptive training VR systems to address social-cognitive challenges in individuals with ASD. Future research should expand sample sizes and explore follow-up effects to optimize VR-based interventions. © 2026 The Authors.",2026,2026-05-15 01:56:02,2026-05-15 01:56:02,,,,1,26,,,,,,,,,,,,,,,,,Type: Article,<p>Cited by: 0; All Open Access; Gold Open Access; Green Open Access</p>,,,,,,,,,,,,,,,,,,,,,,,,,,,,,,,,,,,,,,,,,,,,,,,,,,,Scopus,pass,,International Journal of Clinical and Health Psychology,SJR,,Q1,Cat3 [Clinical / Medical],Cat3 [Clinical / Medical]::\bautism\s+spectrum\b
TFRUZTEA,journalArticle,2025,"Li, Linhai; Lin, Jiayi; Zhang, Wenhui",LGSIK-Poser: Skeleton-Aware Full-Body Motion Reconstruction from Sparse Inputs,AI (Switzerland),,26732688,10.3390/ai6080180,https://www.scopus.com/pages/publications/105014516779?origin=resultslist,"Accurate full-body motion reconstruction from sparse sensors is crucial for VR/AR applications but remains challenging due to the under-constrained nature of limited observations and the computational constraints of mobile platforms. This paper presents LGSIK-Poser, a unified and lightweight framework that supports real-time motion reconstruction from heterogeneous sensor configurations, including head-mounted displays, handheld controllers, and up to three optional inertial measurement units, without requiring reconfiguration across scenarios. The model integrates temporally grouped LSTM modeling, anatomically structured graph-based reasoning, and region-specific inverse kinematics refinement to enhance end-effector accuracy and structural consistency. Personalized body shape is estimated using user-specific anthropometric priors within the SMPL model, a widely adopted parametric representation of human shape and pose. Experiments on the AMASS benchmark demonstrate that LGSIK-Poser achieves state-of-the-art accuracy with up to 48% improvement in hand localization, while reducing model size by 60% and latency by 22% compared to HMD-Poser. The system runs at 63.65 FPS with only 3.74 M parameters, highlighting its suitability for real-time immersive applications. © 2025 by the authors.",2025,2026-05-15 01:56:02,2026-05-15 01:56:02,,,,8,6,,,,,,,,,,,,,,,,,Type: Article,<p>Cited by: 0; All Open Access; Gold Open Access; Green Open Access</p>,,,,,,,,,,,,,,,,,,,,,,,,,,,,,,,,,,,,,,,,,,,,,,,,,,,Scopus,pass,,AI (Switzerland),SJR,,Q1,Cat1 [Not VR / Out of Scope],Cat1 [Not VR / Out of Scope]::\bar\b
BTMKHEY5,journalArticle,2025,"Aan, Hojun; Lim, Kang Hyeon; Kim, Jihoo; Kim, Hong Jin; Lee, Ye Hwan; Kim, Eunjin; Rah, Yoon Chan; Hwang, Intae; Kim, Euijin; Kim, Sungkean; Kim, Jimmon; Yang, Jiake; Han, Sangsun; Kim, Kibum; Choi, June",Multi-modal virtual reality system for tinnitus treatment methods and validation,PLOS ONE,,19326203,10.1371/journal.pone.0330843,https://www.scopus.com/pages/publications/105015342848?origin=resultslist,"Virtual reality (VR) has been utilized in clinical treatment because it can efficiently simulate situations that are difficult to control in the real world. In this study, we evaluated the efficacy of VR in patients with chronic subjective tinnitus. We assessed the clinical effectiveness based on electroencephalogram (EEG) analysis and questionnaire responses after patients participated in a 6–8-week VR-based tinnitus relief program. The intervention involved removing tinnitus avatars in the VR, through which we expected the patients to experience subjective tinnitus control. Standardized low-resolution brain electromagnetic tomography was used to analyze changes in source activity in prefrontal regions associated with tinnitus. The study included patients aged 27–68 years with chronic non-pulsatile tinnitus lasting ≥3 months. Patients completed VR sessions, neurological EEGs, and questionnaires. Statistically significant differences were observed in the tinnitus handicap questionnaire total scores immediately after treatment (p = 0.002) and 1-month post-treatment (p = 0.001) compared to those before treatment. Significant changes were also found in the visual numeric scale and profile of mood states scores 1-month post-treatment. Additionally, significant changes were observed in sensor-level and source-level power spectrum criteria immediately following the VR experiment, suggesting that similar to some forms of cognitive behavioral therapy, VR-based programs may help alleviate tinnitus-related distress in patients with chronic subjective tinnitus. © 2025 Aan et al. This is an open access article distributed under the terms of the Creative Commons Attribution License, which permits unrestricted use, distribution, and reproduction in any medium, provided the original author and source are credited.",2025,2026-05-15 01:56:03,2026-05-15 01:56:03,,,,9 September,20,,,,,,,,,,,,,,,,,Type: Article,<p>Cited by: 0; All Open Access; Gold Open Access; Green Open Access</p>,,,,,,,,,,,,,,,,,,,,,,,,,,,,,,,,,,,,,,,,,,,,,,,,,,,Scopus,pass,,PLOS ONE,SJR,,Q1,Cat3 [Clinical / Medical],Cat3 [Clinical / Medical]::\bcognitive\s+(?:behavioural|behavioral)\s+therapy\b | Cat3 [Clinical / Medical]::\bpatient[s]?\b
L7USF5TC,journalArticle,2024,"Natali, Ludovica; Meregalli, Valentina; Rowlands, Katie; Di Pietro, Jerome; Treasure, Janet; Collantoni, Enrico; Meneguzzo, Paolo; Tenconi, Elena; Favaro, Angela; Fontana, Francesca; Ceccato, Enrico; Sala, Alessandra; Valmaggia, Lucia; Cardi, Valentina",Virtual food exposure with positive mood induction or social support to reduce food anxiety in anorexia nervosa: A feasibility study,International Journal of Eating Disorders,,02763478,10.1002/eat.24155,https://www.scopus.com/pages/publications/85185658919?origin=resultslist,"Objective: Aversive emotions toward food and the consequences of eating are at the core of anorexia nervosa. Exposure therapy is effective to reduce anxiety and avoidance toward feared stimuli. Based on the inhibitory learning framework, this study examined the feasibility to induce social support or positive mood to enhance the impact of a single session virtual food exposure on food-related anxiety in anorexia nervosa. Method: One hundred and forty-five patients were randomized to: (1) virtual food exposure (i.e., baseline condition), (2) virtual food exposure plus positive mood induction (i.e., positive mood condition), or (3) virtual food exposure plus social support (i.e., social support condition). They completed self-report assessments of anxiety toward virtual foods, general anxiety, positive mood, social support, and hunger, before and after virtual food exposure. Number of eye gazes and touches toward foods were recorded during the virtual reality exposure. Results: Patients had lower levels of anxiety toward virtual foods in the positive mood condition, compared to the baseline condition [F<sub>(2,141)</sub> = 4.36, p =.015; medium effect size]. They also touched food items more often in the baseline condition. No other significant changes were found. Discussion: Virtual food exposure enhanced by positive mood induction seems a feasible approach to strengthen the impact of food exposure in anorexia nervosa. Public Significance: This research contributes to the understanding of how patients with anorexia nervosa can be supported to overcome fear and anxiety around food. Virtual reality enables patients to expose themselves to difficult situations (e.g., kitchen with foods of various calorie contents) while experiencing positive stimuli, such as a loving and kind pet or a supportive avatar. © 2024 The Authors. International Journal of Eating Disorders published by Wiley Periodicals LLC.",2024,2026-05-15 01:56:04,2026-05-15 01:56:04,,703 - 715,,3,57,,,,,,,,,,,,,,,,,Type: Article,<p>Cited by: 15; All Open Access; Green Open Access; Hybrid Gold Open Access</p>,,,,,,,,,,,,,,,,,,,,,,,,,,,,,,,,,,,,,,,,,,,,,,,,,,,Scopus,pass,,International Journal of Eating Disorders,SJR,,Q1,Cat3 [Clinical / Medical],Cat3 [Clinical / Medical]::\bexposure\s+therapy\b | Cat3 [Clinical / Medical]::\bpatient[s]?\b
ZYAG7BJT,journalArticle,2024,"Donegan, Tony; Sanchez-Vives, Maria V.",Perception and control of a virtual body in immersive virtual reality for rehabilitation,Current Opinion in Neurology,,13507540,10.1097/WCO.0000000000001321,https://www.scopus.com/pages/publications/85204078045?origin=resultslist,"Purpose of review This review explores recent advances in using immersive virtual reality to improve bodily perception and motor control in rehabilitation across musculoskeletal and neurological conditions, examining how virtual reality's unique capabilities can address the challenges of traditional approaches. The potential in this area of the emerging metaverse and the integration of artificial intelligence in virtual reality are discussed. Recent findings In musculoskeletal rehabilitation, virtual reality shows promise in enhancing motivation, adherence, improving range of motion, and reducing kinesiophobia, particularly postsurgery. For neurological conditions like stroke and spinal cord injury, virtual reality's ability to manipulate bodily perceptions offers significant therapeutic potential, with reported improvements in upper limb function and gait performance. Balance and gait rehabilitation, especially in older adults, have also seen positive outcomes. The integration of virtual reality with brain-computer interfaces presents exciting possibilities for severe speech and motor impairments. Summary Current research is limited by small sample sizes, short intervention durations, and variability in virtual reality systems. Future studies should focus on larger, long-term trials to confirm findings and explore underlying mechanisms. As virtual reality technology advances, its integration into rehabilitation programs could revolutionize treatment approaches, personalizing treatments, facilitating home training, and potentially improving patient outcomes across a wide variety of conditions. Copyright © 2024 Wolters Kluwer Health, Inc. All rights reserved.",2024,2026-05-15 01:56:11,2026-05-15 01:56:11,,638 - 644,,6,37,,,,,,,,,,,,,,,,,Type: Article,<p>Cited by: 4</p>,,,,,,,,,,,,,,,,,,,,,,,,,,,,,,,,,,,,,,,,,,,,,,,,,,,Scopus,pass,,Current Opinion in Neurology,SJR,,Q1,Cat3 [Clinical / Medical],Cat3 [Clinical / Medical]::\brehabilitation\b | Cat3 [Clinical / Medical]::\bpatient[s]?\b
MVS7Y3FY,journalArticle,2025,"Gilbert, David; Bose, Abhirup; Kuhlen, Torsten W.; Weissker, Tim",PASCAL - A Collaboration Technique Between Non-Collocated Avatars in Large Collaborative Virtual Environments,IEEE Transactions on Visualization and Computer Graphics,,10772626,10.1109/TVCG.2025.3549175,https://www.scopus.com/pages/publications/105003685223?origin=resultslist,"Collaborative work in large virtual environments often requires transitions from loosely-coupled collaboration at different locations to tightly-coupled collaboration at a common meeting point. Inspired by prior work on the continuum between these extremes, we present two novel interaction techniques designed to share spatial context while collaborating over large virtual distances. The first method replicates the familiar setup of a video conference by providing users with a virtual tablet to share video feeds with their peers. The second method called PASCAL (Parallel Avatars in a Shared Collaborative Aura Link) enables users to share their immediate spatial surroundings with others by creating synchronized copies of it at the remote locations of their collaborators. We evaluated both techniques in a within-subject user study, in which 24 participants were tasked with solving a puzzle in groups of two. Our results indicate that the additional contextual information provided by PASCAL had significantly positive effects on task completion time, ease of communication, mutual understanding, and co-presence. As a result, our insights contribute to the repertoire of successful interaction techniques to mediate between loosely- and tightly-coupled work in collaborative virtual environments. © 1995-2012 IEEE.",2025,2026-05-15 01:56:13,2026-05-15 01:56:13,,3525 - 3535,,5,31,,,,,,,,,,,,,,,,,Type: Article,<p>Cited by: 5</p>,,,,,,,,,,,,,,,,,,,,,,,,,,,,,,,,,,,,,,,,,,,,,,,,,,,Scopus,pass,,IEEE Transactions on Visualization and Computer Graphics,SJR,,Q1,Cat1 [Not VR / Out of Scope],Cat1 [Not VR / Out of Scope]::\btablet(?:\s+computer)?\b
9ZFSTLJI,journalArticle,2024,"Levins, James G.; Dasari, Suhas P.; Quinlan, Noah J.; Whitson, Anastasia J.; Matsen, Frederick A.; Hsu, Jason E.","Anatomic shoulder arthroplasty: the correlation between patient resilience, mental health, and outcome",Journal of Shoulder and Elbow Surgery,,10582746,10.1016/j.jse.2024.03.008,https://www.scopus.com/pages/publications/85192817198?origin=resultslist,"Background: Recovery from anatomic shoulder arthroplasty may be enhanced in patients with good mental health and the resilience to participate in the prescribed postoperative rehabilitation program. To test this concept, we utilized validated and reliable scales in determining whether resilience and mental health are associated with the outcome of anatomic arthroplasty. Methods: Three hundred ninety-nine patients (195 ream and run [RnR] and 204 anatomic total shoulder arthroplasty [aTSA]) were surveyed at a mean follow-up of 6.3 ± 3.3 years. Preoperative variables included age, sex, body mass index, history of prior shoulder surgery, diabetes, visual analog scale for pain, Simple Shoulder Test (SST) scores, and Veteran's RAND 12 Mental Component Score (VR-12 MCS). Outcomes collected included the SST, American Shoulder and Elbow Surgeons (ASES) score, revision rate, and patient satisfaction. Resilience was documented using the Connor-Davidson Resilience Scale 10 (CD-RISC 10) at latest follow-up. Univariable and multivariable regression analyses were used to identify factors significantly associated with follow-up postoperative SST, ASES, and satisfaction. Results: In the univariable analysis, CD-RISC 10 was positively correlated with postoperative SST, ASES, and satisfaction after both RnR and aTSA. The mean CD-RISC 10 scores were higher in the RnR cohort (34.3 ± 4.8 vs. 32.5 ± 6.2 for aTSA, P < .001). Male sex and lower preoperative visual analog scale for pain were correlated with higher ASES after RnR; VR-12 MCS was positively correlated with all outcomes except SST after RnR. In the multivariable linear regression analysis, CD-RISC 10 was independently associated with postoperative SST, ASES and satisfaction scores in aTSA patients. In the RnR cohort, CD-RISC 10 was only correlated with satisfaction. VR-12 MCS was correlated with ASES and satisfaction after RnR. Discussion: In this study of anatomic arthroplasties, increased resilience and better mental health were correlated with better outcomes. RnR patients had higher resilience than aTSA patients. Greater resilience was associated with better outcomes after aTSA. Better mental health was associated with superior outcomes after the ream and run procedure. © 2024 Journal of Shoulder and Elbow Surgery Board of Trustees",2024,2026-05-15 01:56:14,2026-05-15 01:56:14,,S9 - S15,,6,33,,,,,,,,,,,,,,,,,Type: Article,<p>Cited by: 7</p>,,,,,,,,,,,,,,,,,,,,,,,,,,,,,,,,,,,,,,,,,,,,,,,,,,,Scopus,pass,,Journal of Shoulder and Elbow Surgery,SJR,,Q1,Cat3 [Clinical / Medical],Cat3 [Clinical / Medical]::\brehabilitation\b | Cat3 [Clinical / Medical]::\bsurgery\b | Cat3 [Clinical / Medical]::\bpatient[s]?\b
GQCXDVYV,journalArticle,2024,"Wang, Yuanyi; Liang, Jiamin; Yu, Jinke; Shan, Yao; Huang, Xin; Lin, Weikang; Pan, Qiqi; Zhang, Tianlong; Zhang, Zhengyou; Gao, Yongsheng; Yu, Xinge; Wei, Lei; Yang, Zhengbao",Multiscale haptic interfaces for metaverse,Device,,26669986,10.1016/j.device.2024.100326,https://www.scopus.com/pages/publications/85189652422?origin=resultslist,"Haptic interactions in virtual reality (or the “metaverse”) depend on the ability of actuators to transmit sensations to the mechanoreceptors on the human skin. Similar to the considerations for foveated display, variations in the sensitivity of our somatosensory system are important to consider when designing haptic devices, i.e., to design a system with adjustable actuator size and density to adapt for the different sensitivities and distributions of mechanoreceptors on the human body. In this paper, we present a wearable haptic feedback device made of thermoplastic urethanes with an adjustable pneumatic haptic interface (PHI). The PHI contains actuator types of different sizes and layouts to provide haptic feedback ranging from delicate and precise feedback to robust and large-area feedback. We develop a 16-channel system with a refresh rate up to 10 Hz and demonstrate its applications in gaming and training programs in the metaverse and for braille reading. © 2024 The Authors",2024,2026-05-15 01:56:15,2026-05-15 01:56:15,,,,6,2,,,,,,,,,,,,,,,,,Type: Article,<p>Cited by: 19; All Open Access; Green Open Access; Hybrid Gold Open Access</p>,,,,,,,,,,,,,,,,,,,,,,,,,,,,,,,,,,,,,,,,,,,,,,,,,,,Scopus,pass,,Device,SJR,,Q1,Cat2 [Tech / Non-Empirical],Cat2 [Tech / Non-Empirical]::\brefresh\s+rate\b
BWHF7LK3,journalArticle,2024,"Mani Bharathi, V.; Manimegalai, P.; George, S. Thomas; Pamela, D.; Mohammed, Mazin Abed; Abdulkareem, Karrar Hameed; Jaber, Mustafa Musa; Damaševičius, Robertas",A systematic review of techniques and clinical evidence to adopt virtual reality in post-stroke upper limb rehabilitation,Virtual Reality,,13594338,10.1007/s10055-024-01065-1,https://www.scopus.com/pages/publications/85209590827?origin=resultslist,"Recognizing the limitations of traditional therapy can be tedious and demotivating, we explore VR’s dynamic and immersive environment to potentially improve patient engagement and motivation. This approach promises accelerated recovery by integrating real-time feedback and progress monitoring. This study aims to compare various VR training techniques employed for upper limb rehabilitation in stroke survivors. We have followed the PRISMA guidelines for systematic reviews. Articles were filtered with title words such as “virtual reality rehabilitation”, “rehabilitation”, “upper limb”, “lower limb”, “interactive gaming system”, and “VR based games” were searched in databases (LILACS, PUBMED, IEEE, WoS, and Scopus). Articles published between 2005 and 2021 were analyzed. There were 820 articles found, but only the most relevant 96 papers were analyzed. Most of the studies were randomised controlled trials (RCTs) that were submitted in 2014 or beyond. The sample size ranged from 5 to 96 persons with chronic stroke, or adults and seniors. There were no samples analyzed for those under the age of 18. Nintendo Wii® and Microsoft’s Kinect were the most popular video gaming systems. In most of the publications, the intervention took place 2–3 sessions per week, for about 2–12 weeks, with each session lasting 30 to 60 min. The most assessed outcomes were body steadiness, upper extremity motor capabilities, daily tasks, and quality of life. The Fugl–Meyer Assessment was one the commonly used tool for measuring outcomes. After VR therapy, the research found that quality of life, dynamic steadiness, and upper extremity movement function improved. To achieve dynamic equilibrium, VR proved more beneficial than traditional treatments. The most important outcomes, the researchers focused, were day-to-day activity and physical movements of the patients. Some studies investigated the early consequences of VR on daily activities and social involvement. © The Author(s) 2024.",2024,2026-05-15 01:56:18,2026-05-15 01:56:18,,,,4,28,,,,,,,,,,,,,,,,,Type: Article,<p>Cited by: 19; All Open Access; Gold Open Access</p>,,,,,,,,,,,,,,,,,,,,,,,,,,,,,,,,,,,,,,,,,,,,,,,,,,,Scopus,pass,,Virtual Reality,SJR,,Q1,Cat3 [Clinical / Medical],Cat3 [Clinical / Medical]::\brehabilitation\b | Cat3 [Clinical / Medical]::\bpatient[s]?\b
JBB728M2,journalArticle,2024,"Xu, Chi; Li, Zhengzhe; Huai, Guo Qing; Zhao, Jia; Zhu, Yifei; Ma, Xiaoqiang; Wang, Haiyang",Enabling lightweight immersive user interaction in smart buildings through learning-based mobile panorama streaming,Computer Communications,,01403664,10.1016/j.comcom.2024.04.002,https://www.scopus.com/pages/publications/85191657322?origin=resultslist,"Smart buildings integrate users’ digitized wearables with their physical surroundings, creating a seamless and interactive user experience. This is achieved through the utilization of multiple sensors, video streaming, artificial intelligence, and edge computing. These technologies gather extensive data and provide users with a wide range of applications, such as 3D audio/video in AR/VR, localization, virtual tours, and vigilant monitoring. Nevertheless, the current AR/VR devices face limitations due to the bulkiness and discomfort of the hardware used for on-body sensing, such as headsets and specialized glasses. These components often become uncomfortable during prolonged usage, posing a challenge for creating an immersive system that combines lightweight interaction with high-quality presentation. This paper presents a comprehensive system designed to enable immersive interaction in smart buildings with a focus on lightweight solutions. The system consists of the following components: (1). A lightweight panoramic imaging framework to address the challenges related to hardware size and functionality. (2). A learning-based video transcoding cost prediction framework for efficient load balancing. (3). A layered networking architecture designed to facilitate high-quality mobile panorama live streaming. Collectively, these components offer lightweight interaction paired with enhanced presentation quality. Our experimental results demonstrate the effectiveness of the system design, showcasing its seamless operation across different times, geographical locations, and heterogeneous wireless networks. © 2024 Elsevier B.V.",2024,2026-05-15 01:56:19,2026-05-15 01:56:19,,68 - 76,,,222,,,,,,,,,,,,,,,,,Type: Article,<p>Cited by: 2</p>,,,,,,,,,,,,,,,,,,,,,,,,,,,,,,,,,,,,,,,,,,,,,,,,,,,Scopus,pass,,Computer Communications,SJR,,Q1,Cat1 [Not VR / Out of Scope],Cat1 [Not VR / Out of Scope]::\bar\b
5DB8FN45,journalArticle,2024,"Babadi, Baktash; Dokholyan, Katherine; DeTore, Nicole R.; Tootell, Roger B.H.; Sussman, Rachel F.; Zapetis, Sarah L.; Holt, Daphne J.",Arousal responses to personal space intrusions in psychotic illness: A virtual reality study,Schizophrenia Research,,09209964,10.1016/j.schres.2024.09.004,https://www.scopus.com/pages/publications/85204189186?origin=resultslist,"Background: Prior studies have found that individuals with schizophrenia often have an enlarged “personal space”. However, the neurocognitive mechanisms underlying this consistent finding remain unknown. Methods: The well-validated Stop Distance Procedure was used to measure the personal space preferences of individuals with psychotic disorders (PD, N = 22) and demographically-matched healthy controls (HC, N = 20) in response to human and virtual (avatar) intruders. Physiological arousal and subjective discomfort were measured during intrusions into personal space and modeled across different interpersonal distances. Additionally, participants were interviewed to assess their subjective awareness of their personal space preferences. Results: Personal space measurements with humans and avatars were highly correlated and reliable over repeated trials, and influenced by the displayed emotion and gender of the intruders, in both groups. The PD group exhibited a larger personal space than the HC group (all p < 0.028), and the size of personal space with avatar intruders was significantly correlated with positive symptom severity in the PD subjects. Moreover, the magnitude of arousal responses to personal space intrusions was proportional to a power (exponent) of the distance between subjects and intruders, with a significantly smaller exponent in the PD (compared to the HC) for both human (p = 0.026) and avatar (p = 0.011) intruders, indicating a less steep function. Lastly, much of the participants' qualitative impressions of their personal space behaviors were consistent or correlated with the quantitative findings, reflecting some awareness of the determinants of personal space. Conclusions: These findings reveal both intact and altered aspects of personal space regulation in psychotic disorders, and the potential utility of personal space measurements, given their high reliability, to serve as objective targets of interventions. © 2024",2024,2026-05-15 01:56:21,2026-05-15 01:56:21,,158 - 170,,,274,,,,,,,,,,,,,,,,,Type: Review,<p>Cited by: 1; All Open Access; Green Open Access</p>,,,,,,,,,,,,,,,,,,,,,,,,,,,,,,,,,,,,,,,,,,,,,,,,,,,Scopus,pass,,Schizophrenia Research,SJR,,Q1,Cat3 [Clinical / Medical],Cat3 [Clinical / Medical]::\bschizophrenia\b
QLLLNVY6,journalArticle,2025,"Tchaptchet, Elisabeth; Fute Tagne, Elie; Acosta, Jaime; Rawat, Danda B.; Kamhoua, Charles",Deepfakes Detection by Iris Analysis,IEEE Access,,21693536,10.1109/ACCESS.2025.3527868,https://www.scopus.com/pages/publications/85214810126?origin=resultslist,"Deepfake is an advanced technology that creates extremely realistic facial images and videos. This new technique operates under specific conditions and has a wide range of applications. For example, it can be used in the entertainment industry to create impressive visual effects or to insert actors into scenes convincingly. Similarly, in the film industry, deepfakes can help make movies by faithfully reproducing the appearance of actors who are not physically present. It is also useful for creating realistic digital avatars of people, which can be used in virtual environments, video games, or augmented reality applications. Recently, the emergence of new content generation models capable of creating impressively realistic images has been gaining momentum. Despite their advantages, they also cause significant issues when used maliciously, such as for identity theft, misinformation, and obscene depictions of well-known individuals. Therefore, it is crucial to implement effective methods to expose this generated content and thus reduce crime associated with deepfakes. This article presents a novel method for detecting fake content based on an in-depth analysis of the characteristics of eye irises. By applying a gradient map to the iris, it is possible to visualize the biological characteristics specific to eye irises, such as the round shape, identical reflections in the two irises of the same face, the size of the iris, etc. The gradient map highlights all the contours of the objects present in the iris; thus, the reflected light present in the corneas is represented by brighter pixels comparable to heat. We show that two irises of the same face are almost identical in shape, reflection, and size. Our experimental results on the Flickr-Faces-HQ (FFHQ) dataset and images obtained from StyleGAN2 demonstrate that our algorithm achieves a remarkable detection accuracy of 0.979 and 0.921 sensitivity. Furthermore, the method has a specificity of 0.937 and a precision of 0.960, thereby proving the effectiveness of the gradient map associated with the shape of the pupil in detecting Generative adversarial network (GAN) generated faces. © 2013 IEEE.",2025,2026-05-15 01:56:22,2026-05-15 01:56:22,,8977 - 8987,,,13,,,,,,,,,,,,,,,,,Type: Article,<p>Cited by: 5; All Open Access; Gold Open Access; Green Open Access</p>,,,,,,,,,,,,,,,,,,,,,,,,,,,,,,,,,,,,,,,,,,,,,,,,,,,Scopus,pass,,IEEE Access,SJR,,Q1,Cat1 [Not VR / Out of Scope],Cat1 [Not VR / Out of Scope]::\baugmented reality\b
XMHIHCRF,journalArticle,2024,"Checcucci, Enrico; Amparore, Daniele; Volpi, Gabriele; De Cillis, Sabrina; Piramide, Federico; Verri, Paolo; Piana, Alberto; Sica, Michele; Gatti, Cecilia; Alessio, Paolo; Quarà, Alberto; Burgio, Mariano; Colombo, Marco; Busacca, Giovanni; Mottrie, Alex; Cherullo, Edward; Breda, Alberto; Antonelli, Alessandro; Bollens, Renaud; Minervini, Andrea; Porter, James; Schiavina, Riccardo; Autorino, Riccardo; Tewari, Ashutosh; Di Dio, Michele; Fiori, Cristian; Porpiglia, Francesco",Metaverse Surgical Planning with Three-dimensional Virtual Models for Minimally Invasive Partial Nephrectomy,European Urology,,03022838,10.1016/j.eururo.2023.07.015,https://www.scopus.com/pages/publications/85170411278?origin=resultslist,"The recent integration of new virtual visualization modalities with artificial intelligence and high-speed internet connection has opened the door to the advent of the metaverse in medicine. In this totally virtual environment, three-dimensional virtual models (3DVMs) of the patient's anatomy can be visualized and discussed via digital avatars. Here we present for the first time a metaverse preoperative clinical case discussion before minimally invasive partial nephrectomy. The surgeons’ digital avatars met in a virtual room and participated in a virtual consultation on the surgical strategy and clamping approach before the procedure. Robotic or laparoscopic procedures are then carried out according to the simulated surgical strategy. We demonstrate how this immersive virtual reality experience overcomes the barriers of distance and how the quality of surgical planning is enriched by a great sense of “being there”, even if virtually. Further investigation will improve the quality of interaction with the models and among the avatars. © 2023 European Association of Urology",2024,2026-05-15 01:56:23,2026-05-15 01:56:23,,320 - 325,,4,85,,,,,,,,,,,,,,,,,Type: Article,<p>Cited by: 36</p>,,,,,,,,,,,,,,,,,,,,,,,,,,,,,,,,,,,,,,,,,,,,,,,,,,,Scopus,pass,,European Urology,SJR,,Q1,Cat3 [Clinical / Medical],Cat3 [Clinical / Medical]::\bsurgical\s+(?:training|simulation|procedure|planning)\b | Cat3 [Clinical / Medical]::\blaparoscop\w+\b | Cat3 [Clinical / Medical]::\bminimally\s+invasive\b | Cat3 [Clinical / Medical]::\bpatient[s]?\b
B3ZHCV7Q,journalArticle,2024,"Knobel, Samuel E.J.; Oberson, Raphael; Räber, Jonas; Schütz, Narayan; Egloff, Niklaus; Botros, Angela; Gerber, Stephan M.; Nef, Tobias; Heydrich, Lukas",Evaluation of a New Mobile Virtual Reality Setup to Alter Pain Perception: Pilot Development and Usability Study in Healthy Participants,JMIR Serious Games,,22919279,10.2196/52340,https://www.scopus.com/pages/publications/85213051804?origin=resultslist,"Background: Chronic pain presents a significant treatment challenge, often leading to frustration for both patients and therapists due to the limitations of traditional methods. Research has shown that synchronous visuo-tactile stimulation, as used in the rubber hand experiment, can induce a sense of ownership over a fake body part and reduces pain perception when ownership of the fake body part is reported. The effect of the rubber hand experiment can be extended to the full body, for example, during the full-body illusion, using both visuo-tactile and cardiovisual signals. Objective: This study first aimed to evaluate the usability and accuracy of a novel, mobile virtual reality (VR) setup that displays participants’ heartbeats as a flashing silhouette on a virtual avatar, a technique known as the cardiovisual full-body illusion. The second part of the study investigated the effects of synchronous cardiovisual stimulation on pain perception and ownership in 20 healthy participants as compared with asynchronous stimulation (control condition). Methods: The setup comprised a head-mounted display (HMD) and a heart rate measurement device. A smartphone-based HMD (Samsung Galaxy S8+) was selected for its mobility, and heart rates were measured using smartwatches with photoplethysmography (PPG). The accuracy of 2 smartwatch positions was compared with a 5-point electrocardiogram (ECG) standard in terms of their accuracy (number and percent of missed beats). Each participant underwent two 5-minute sessions of synchronous cardiovisual stimulation and two 5-minute sessions of asynchronous cardiovisual stimulation (total of 4 sessions), followed by pain assessments. Usability, symptoms of cybersickness, and ownership of the virtual body were measured using established questionnaires (System Usability Scale, Simulator Sickness Questionnaire, Ownership Questionnaire). Pain perception was assessed using advanced algometric methods (Algopeg and Somedic algometer). Results: Results demonstrated high usability scores (mean 4.42, SD 0.56; out of 5), indicating ease of use and acceptance, with minimal side effects (mean 1.18, SD 0.46; out of a possible 4 points on the Simulator Sickness Questionnaire). The PPG device showed high heart rate measurement precision, which improved with optimized filtering and peak detection algorithms. However, compared with previous work, no significant effects on body ownership and pain perception were observed between the synchronous and asynchronous conditions. These findings are discussed in the context of existing literature on VR interventions for chronic pain. Conclusions: In conclusion, while the new VR setup showed high usability and minimal side effects, it did not significantly affect ownership or pain perception. This highlights the need for further research to refine VR-based interventions for chronic pain management, considering factors like visual realism and perspective. © Samuel E J Knobel, Raphael Oberson, Jonas Räber, Narayan Schütz, Niklaus Egloff, Angela Botros, Stephan M Gerber, Tobias Nef, Lukas Heydrich.",2024,2026-05-15 01:56:25,2026-05-15 01:56:25,,,,,12,,,,,,,,,,,,,,,,,Type: Article,<p>Cited by: 1; All Open Access; Gold Open Access; Green Open Access</p>,,,,,,,,,,,,,,,,,,,,,,,,,,,,,,,,,,,,,,,,,,,,,,,,,,,Scopus,pass,,JMIR Serious Games,SJR,,Q1,Cat1 [Not VR / Out of Scope] | Cat3 [Clinical / Medical],Cat1 [Not VR / Out of Scope]::\bsmartphone\b | Cat3 [Clinical / Medical]::\bpatient[s]?\b | Cat3 [Clinical / Medical]::\bchronic\s+pain\b | Cat3 [Clinical / Medical]::\bpain\s+management\b
CSTUYGKS,journalArticle,2024,"Senden, Rachel; Marcellis, Rik; Willems, Paul; Witlox, Marianne; Meijer, Kenneth",Normative 3D gait data of healthy adults walking at three different speeds on an instrumented treadmill in virtual reality,Data in Brief,,23523409,10.1016/j.dib.2024.110230,https://www.scopus.com/pages/publications/85186634523?origin=resultslist,"A normative gait dataset of 246 healthy adults (122 men / 124 women, range in age 18-91 years, body weight 46.80-116.10 kg, height 1.53-1.97 m and BMI 18.25-35.63 kg/m2) is presented and publicly shared for three walking speed conditions. Raw and processed data are presented for each subject separately and for each walking speed, including data of every single step of both legs. The subject demographics and results from the physical examination are also presented which allows researchers and clinicians to create a self-selected reference group based on specific demographics. Besides the data per individual, data are also presented in age and gender groups. This provides a quick overview of healthy gait parameters which is relevant for use in clinical practice. Three dimensional gait analysis was performed at the Computer Assisted Rehabilitation Environment (CAREN) at the Maastricht University Medical Centre (MUMC+). Subjects walked on the instrumented treadmill surrounded with twelve 3D cameras, three 2D cameras and a virtual industrial environment projected on a 180° screen using the Human Body Lower Limb Model with trunk markers (HBM-II) as biomechanical model [1,2]. Subjects walked at comfortable walking speed, 30% slower and 30% faster. These walking speed conditions were applied in a random sequence. Comfortable walking speed was determined using a RAMP protocol: subjects started to walk at 0.5m/s and every second the speed was increased with 0.01 m/s until the preferred speed was reached. The average of three repetitions was considered the comfortable speed. For each walking speed condition, 250 steps were recorded. The 3D gait data was collected using the D-flow CAREN software. For each subject, raw data of each walking speed condition is provided in .mox files, including the output from the model such as subject data (e.g. gender, body mass, knee and ankle width), center of mass (CoM), marker and force data, kinematic data (joint angles) and kinetic data (joint moments, ground reaction forces (GRFs) and joint powers) for each single step of both legs. Unfiltered and filtered data are included. C3D files with raw marker and GRF data were recorded in Nexus (Vicon software, version 2.8.1) and are available upon request. Raw data were processed in Matlab (Mathworks 2016), including quality check, step determination and the exportation of data to .xls files. For each adult and for each walking speed, an .xls file was created, containing spatiotemporal parameters, medio-lateral (ML) and back-forward (BF) margins of stability (MoS), 3D joint angles, anterior-posterior (AP) and vertical GRFs, 3D joint moments and 3D joint power of each step of both legs. Overview files per walking speed condition are created in .xls, presenting the averaged gait parameters (calculated as average over all valid steps) of every subject. The processed data is also presented and visualized per gender for different age groups (18-29 years, 30-39 years, 40-49 years, 50-59 years, 60-69 years, ≥70 years). This can serve as normative data for treadmill based 3D gait analyses in adults, applicable for clinical and research purposes. Data is available at OSF.io (https://osf.io/t72cw/). © 2024 The Author(s)",2024,2026-05-15 01:56:26,2026-05-15 01:56:26,,,,,53,,,,,,,,,,,,,,,,,Type: Data paper,<p>Cited by: 7; All Open Access; Gold Open Access; Green Open Access</p>,,,,,,,,,,,,,,,,,,,,,,,,,,,,,,,,,,,,,,,,,,,,,,,,,,,Scopus,pass,,Data in Brief,SJR,,Q1,Cat3 [Clinical / Medical],Cat3 [Clinical / Medical]::\brehabilitation\b
D5H6T7VP,journalArticle,2025,"Ding, Shinan",Fusion of motion smoothing algorithm and motion segmentation algorithm for human animation generation,PLoS ONE,,19326203,10.1371/journal.pone.0318979,https://www.scopus.com/pages/publications/85219031525?origin=resultslist,"In the field of human animation generation, the existing technology is often limited by the dependence on large-scale data sets, and it is difficult to capture subtle dynamic changes when processing motion transitions, resulting in insufficient animation fluency and realism. In order to improve the naturalness and diversity of human animation generation, a method combining motion smoothing algorithm and motion segmentation algorithm is proposed. Firstly, the tree-level model based on human skeleton topology and bidirectional unbiased Kalman filter are used for noise reduction pre-processing of motion data to improve the accuracy of motion capture. Then, combining the discriminant analysis algorithm based on sparse reconstruction and the multi-scale temporal association segmentation algorithm, the key motion segments of the behavior pattern change are identified adaptively. The experimental results show that the accuracy of the proposed algorithm reaches 0.96 in coarse-grained segmentation and 0.91 in fine-grained segmentation, and the segmentation time is 15 seconds on average, which significantly exceeds the prior art. In addition, the algorithm shows superior results in color fidelity, detail representation, motion fluency, frame-to-frame coherence, overall animation consistency, action authenticity, and character expressiveness, and the average user satisfaction is above 0.85. The research not only enhances the naturalness and diversity of human body animation, but also provides a new impetus for technological advances in computer graphics, virtual reality and augmented reality. © 2025 Shinan Ding. This is an open access article distributed under the terms of the Creative Commons Attribution License, which permits unrestricted use, distribution, and reproduction in any medium, provided the original author and source are credited.",2025,2026-05-15 01:56:29,2026-05-15 01:56:29,,,,2 February,20,,,,,,,,,,,,,,,,,Type: Article,<p>Cited by: 1; All Open Access; Gold Open Access; Green Open Access</p>,,,,,,,,,,,,,,,,,,,,,,,,,,,,,,,,,,,,,,,,,,,,,,,,,,,Scopus,pass,,PLOS ONE,SJR,,Q1,Cat1 [Not VR / Out of Scope] | Cat2 [Tech / Non-Empirical],Cat1 [Not VR / Out of Scope]::\baugmented reality\b | Cat2 [Tech / Non-Empirical]::\bsegmentation\s+algorithm\b
QRWH7RMY,journalArticle,2024,"Ahmed, Irfan; Feng, Bo; Emmanuel Yeboah, Kyei; Feng, Junwen; Jumani, Muhammad Saleh; Ali, Syed Amjad",Leveraging Industry 4.0 for marketing strategies in the medical device industry of emerging economies,Scientific Reports,,20452322,10.1038/s41598-024-78521-0,https://www.scopus.com/pages/publications/85209384815?origin=resultslist,"This research investigates the impact of the technologies through an integrated Fuzzy Analytic Hierarchy Process (F-AHP) and VIKOR model to determine their viability as a marketing strategy for business growth in the Prosthetics and Orthotics (P&O) medical device industry. Based on expert data, the study evaluates the integration of Industry 4.0 technologies and ranks them by priority for marketing performance: “Artificial Intelligence & Machine Learning” (0.3295), “Internet of Things” (0.4325), “Virtual Reality & Augmented Reality” (0.5000), and “Big Data” (0.5704). The findings confirm that the proposed model effectively Leverage the industry 4.0 technologies to enhance marketing strategies, using Pakistan as a case study. This research serves as a blueprint for addressing the integration of next-generation marketing tools, technological advancements, and business growth challenges in the P&O industry. It contributes to the growing body of knowledge on the role of technology in improving healthcare marketing and business performance in emerging markets. Future research should explore the broader impact of Industry 4.0 technologies on healthcare marketing, focusing on strategic decision-making, efficient marketing resource allocation, and performance measurement to ensure sustained success in the P&O medical device sector. The study concludes that prioritizing Industry 4.0 technologies, however, limitations such as sample size, data collection constraints, and model complexity may Leverage the generalizability of the results. Future research should address these limitations by expanding the scope of expert involvement and exploring the application of this model in other emerging economies, to further validate the findings and assess the broader implications for healthcare marketing strategies globally. © The Author(s) 2024.",2024,2026-05-15 01:56:32,2026-05-15 01:56:32,,,,1,14,,,,,,,,,,,,,,,,,Type: Article,<p>Cited by: 6; All Open Access; Gold Open Access; Green Open Access</p>,,,,,,,,,,,,,,,,,,,,,,,,,,,,,,,,,,,,,,,,,,,,,,,,,,,Scopus,pass,,Scientific Reports,SJR,,Q1,Cat1 [Not VR / Out of Scope],Cat1 [Not VR / Out of Scope]::\baugmented reality\b
5F5WGJLT,journalArticle,2024,"Zwijgers, Eline; van Dijsseldonk, Rosanne B.; Vos-van der Hulst, Marije; Hijmans, Juha M.; Geurts, Alexander C. H.; Keijsers, Noël L. W.",Efficacy of Walking Adaptability Training on Walking Capacity in Ambulatory People With Motor Incomplete Spinal Cord Injury: A Multicenter Pragmatic Randomized Controlled Trial,Neurorehabilitation and Neural Repair,,15459683,10.1177/15459683241248088,https://www.scopus.com/pages/publications/85191293442?origin=resultslist,"Background and Objective: Balance and walking capacity are often impaired in people with motor incomplete spinal cord injury (iSCI), frequently resulting in reduced functional ambulation and participation. This study aimed to assess the efficacy of walking adaptability training compared to similarly dosed conventional locomotor and strength training for improving walking capacity, functional ambulation, balance confidence, and participation in ambulatory people with iSCI. Methods: We conducted a 2-center, parallel-group, pragmatic randomized controlled trial. Forty-one people with iSCI were randomized to 6 weeks of (i) walking adaptability training (11 hours of Gait Real-time Analysis Interactive Lab (GRAIL) training—a treadmill in a virtual reality environment) or (ii) conventional locomotor and strength training (11 hours of treadmill training and lower-body strength exercises). The primary measure of walking capacity was maximal walking speed, measured with an overground 2-minute walk test. Secondary outcome measures included the Spinal Cord Injury Functional Ambulation Profile (SCI-FAP), the Activities-specific Balance Confidence (ABC) scale, and the Utrecht Scale for Evaluation of Rehabilitation-Participation (USER-P). Results: No significant difference in maximal walking speed between the walking adaptability (n = 17) and conventional locomotor and strength (n = 18) training groups was found 6 weeks after training at follow-up (−0.05 m/s; 95% CI = −0.12-0.03). In addition, no significant group differences in secondary outcomes were found. However, independent of intervention, significant improvements over time were found for maximal walking speed, SCI-FAP, ABC, and USER-P restrictions scores. Conclusions. Our findings suggest that walking adaptability training may not be superior to conventional locomotor and strength training for improving walking capacity, functional ambulation, balance confidence, or participation in ambulatory people with iSCI. Trial Registration: Dutch Trial Register; Effect of GRAIL training in iSCI. © The Author(s) 2024.",2024,2026-05-15 01:56:33,2026-05-15 01:56:33,,413 - 424,,6,38,,,,,,,,,,,,,,,,,Type: Article,<p>Cited by: 5; All Open Access; Green Open Access; Hybrid Gold Open Access</p>,,,,,,,,,,,,,,,,,,,,,,,,,,,,,,,,,,,,,,,,,,,,,,,,,,,Scopus,pass,,Neurorehabilitation and Neural Repair,SJR,,Q1,Cat3 [Clinical / Medical],Cat3 [Clinical / Medical]::\brehabilitation\b
B9TW92ZL,journalArticle,2025,"Mintz, Caley; Spolnik, Kenneth J.; Mody, Drashty Paresh; Ehrlich, Ygal; Eckert, George J.; Flowers, Leslie; Schrader, Stuart M.",Comparing auditory vs. virtual reality relaxation in reducing dental anxiety,Frontiers in Dental Medicine,,26734915,10.3389/fdmed.2025.1625411,https://www.scopus.com/pages/publications/105023667123?origin=resultslist,"Background: Up to 20% of American adults experience dental anxiety, creating a psychological and physiological barrier to starting, completing, and/or finishing dental treatment. There is a clear need for novel approaches to mitigate chair-side anxiety, especially for endodontic treatment appointments. This study aimed to investigate two nonpharmacological dental anxiety management approaches: (1) A brief auditory-alone relaxation (ABR) period and a brief virtual reality relaxation (VRR) period, and their hypothesized effects on patients' perceived dental anxiety and physiological biometric scores. Materials and methods: Fifty-eight participants who needed nonsurgical root canal treatment were assigned randomly to two groups: ABR or VRR. One group received earphones to listen to a guided, brief relaxation recording that incorporated conscious, diaphragmatic breathing and a guided body scan. The other group received Meta Quest 2 virtual reality headsets to listen and watch 360° inclusive and integrative experiences of ambient music, high-resolution graphic illustrations, and immersive scenery. The participants’ self-reported levels of anxiety were assessed before and after treatment after they completed the State Trait Anxiety Indicator (STAI-State & Trait) and visual analog scale (VAS) scales. Additionally, biometric traits such as heart rate (HR), systolic blood pressure (SBP), and diastolic blood pressure (DBP) were measured before (T0), during (T1), and after (T2) treatment. Results: Both VRR and ABR significantly decreased anxiety, as reported by the STAI-State questionnaire (p = <0.001 for both) and the STAI-Trait questionnaire (p = 0.025 ABR; p = <0.001 VRR), throughout the appointment. The self-reported VAS scores also were reduced significantly from before to after treatment (p = <0.001 for both ABR and VRR). The heart rate also decreased from before to after treatment in both groups (p = 0.019 for the ABR group, p = 0.026 for the VRR group). Changes in blood pressure showed mixed results. No significant differences in the blood pressure outcomes were found between the two groups. Conclusion: This is the first study to investigate the effects of ABR and VRR on dental anxiety. Both the ABR and VRR groups presented significant reductions in anxiety, pain, and heart rate after treatment. Our study demonstrated that nonpharmacological techniques, such as ABR and VRR, can be valid, noninvasive approaches to reduce anxiety before dental treatment, specifically endodontic therapy. However, given the small cohort in this study, it will be necessary to reproduce the methods with a larger cohort and different types of ABR and VRR applications to confirm the effects of nonpharmacological interventions on reducing endodontic dental anxiety. 2025 Mintz, Spolnik, Mody, Ehrlich, Eckert, Flowers and Schrader.",2025,2026-05-15 01:56:33,2026-05-15 01:56:33,,,,,6,,,,,,,,,,,,,,,,,Type: Article,<p>Cited by: 0; All Open Access; Gold Open Access; Green Open Access</p>,,,,,,,,,,,,,,,,,,,,,,,,,,,,,,,,,,,,,,,,,,,,,,,,,,,Scopus,pass,,Frontiers in Dental Medicine,SJR,,Q1,Cat3 [Clinical / Medical],Cat3 [Clinical / Medical]::\bpatient[s]?\b
IP7T53A2,journalArticle,2024,"Luciano, Francesco; Minetti, Alberto E.; Pavei, Gaspare",Metabolic cost and mechanical work of walking in a virtual reality emulator,European Journal of Applied Physiology,,14396319,10.1007/s00421-023-05306-0,https://www.scopus.com/pages/publications/85173011912?origin=resultslist,"Purpose: The purpose of this study was to investigate the metabolic cost (C), mechanical work, and kinematics of walking on a multidirectional treadmill designed for locomotion in virtual reality. Methods: Ten participants (5 females, body mass 67.2 ± 8.1 kg, height 1.71 ± 0.07 m, age 23.6 ± 1.9 years, mean ± SD) walked on a Virtuix Omni multidirectional treadmill at four imposed stride frequencies: 0.70, 0.85, 1.00, and 1.15 Hz. A portable metabolic system measured oxygen uptake, enabling calculation of C and the metabolic equivalent of task (MET). Gait kinematics and external, internal, and total mechanical work (W<sub>TOT</sub>) were calculated by an optoelectronic system. Efficiency was calculated either as W<sub>TOT</sub>/C or by summing W<sub>TOT</sub> to the work against sliding frictions. Results were compared with normal walking, running, and skipping. Results: C was higher for walking on the multidirectional treadmill than for normal walking, running, and skipping, and decreased with speed (best-fit equation: C = 20.2–27.5·speed + 15.8·speed<sup>2</sup>); the average MET was 4.6 ± 1.4. Mechanical work was higher at lower speeds, but similar to that of normal walking at higher speeds, with lower pendular energy recovery and efficiency; differences in efficiency were explained by the additional work against sliding frictions. At paired speeds, participants showed a more forward-leaned trunk and higher ankle dorsiflexion, stride frequency, and duty factor than normal walking. Conclusion: Walking on a multidirectional treadmill requires a higher metabolic cost and different mechanical work and kinematics than normal walking. This raises questions on its use for gait rehabilitation but highlights its potential for high-intensity exercise and physical activity promotion. © The Author(s) 2023.",2024,2026-05-15 01:56:34,2026-05-15 01:56:34,,783 - 792,,3,124,,,,,,,,,,,,,,,,,Type: Article,<p>Cited by: 8; All Open Access; Green Open Access; Hybrid Gold Open Access</p>,,,,,,,,,,,,,,,,,,,,,,,,,,,,,,,,,,,,,,,,,,,,,,,,,,,Scopus,pass,,European Journal of Applied Physiology,SJR,,Q1,Cat3 [Clinical / Medical],Cat3 [Clinical / Medical]::\brehabilitation\b
SWGKFPY8,journalArticle,2025,"Sappelli, F.; Lobbestael, J.; van Haalen, D.L.; Böckmann, I.; Bulten, B.E.; Verkes, R.J.",Virtual reality aggression assessment with social interaction: early evidence for validity from two pilot studies,Frontiers in Psychology,,16641078,10.3389/fpsyg.2025.1585609,https://www.scopus.com/pages/publications/105009337709?origin=resultslist,"Introduction: Assessment of aggression proneness is important for clinical practice and research. Virtual Reality (VR) is a promising technology for aggression assessment because of the possibility of creating scenarios with ecological and external validity and experimental control, potentially overcoming limitations of traditional methods like self-report trait questionnaires, observation surveys, and laboratory paradigms. Methods: This explorative study investigated a VR scenario in a pilot with aggressive patients (n = 12) and a follow-up with students (n = 12). The VR scenario consisted of social interactive roleplays with virtual characters (avatars). It consisted of a neutral scene, an instruction scene and two provocative scenes: one with a socially and verbally aggressive, uncooperative female avatar (Provocation 1) and one with a dominant, unreasonable, intimidating male avatar (Provocation 2). The primary outcome was VR-displayed aggression, assessed with a VR-customized version of the Social Aggression and Dysfunction Questionnaire. Lifetime aggression self-report scales were also administered. Results: The main analysis revealed that both patients and students showed higher levels of aggression in provocative scenes than in neutral and instructional scenes. Exploratory analyses suggested that patients displayed increased aggression in the second provocation compared to the first, while no such difference was observed among students. Comparatively, patients showed more aggression than students in Provocation 2, but not in Provocation 1. Positive moderate correlations were found between VR-displayed aggression and trait questionnaires. Discussion: The current study shows that aggressive behavior can be evoked with our VR aggression assessment scenario and that the level of aggression can be systematically assessed using a standardized aggression observation scale. Explorative results imply that the VR scenario has construct, known-group and concurrent validity. The results also imply that VR is potentially closing the correlational gap between behavioral tasks and trait questionnaires. However, the explorative nature of the current study warrants replication. Finally, we outline some scenario aspects that can be further improved, including better physical engagement and standardization. Copyright © 2025 Sappelli, Lobbestael, van Haalen, Böckmann, Bulten and Verkes.",2025,2026-05-15 01:56:35,2026-05-15 01:56:35,,,,,16,,,,,,,,,,,,,,,,,Type: Article,<p>Cited by: 2; All Open Access; Gold Open Access; Green Open Access</p>,,,,,,,,,,,,,,,,,,,,,,,,,,,,,,,,,,,,,,,,,,,,,,,,,,,Scopus,pass,,Frontiers in Psychology,SJR,,Q1,Cat3 [Clinical / Medical],Cat3 [Clinical / Medical]::\bpatient[s]?\b
VLCRR45H,journalArticle,2025,"Maldonado-Díaz, Marcos; Jara-Vargas, Gonzalo; González-Seguel, Felipe","Correction: Visual attention during non-immersive virtual reality balance training in older adults with mild to moderate cognitive impairment: an eye-tracking study (Frontiers in Aging Neuroscience, (2025), 17, (1671477), 10.3389/fnagi.2025.1671477)",Frontiers in Aging Neuroscience,,16634365,10.3389/fnagi.2025.1737079,https://www.scopus.com/pages/publications/105025448883?origin=resultslist,"Neurocognitive Aging and Behavior In the published article, the phrase “Department of Physical Medicine and Rehabilitation” was erroneously included in affiliation 3 as written in the author list. The correct affiliation 3 should be: “3. School of Physical Therapy, Faculty of Medicine, Clínica Alemana, Universidad del Desarrollo, Santiago, Chile”. In the published article, there was a mistake in Figure 1 as published where “Tobii Pro Tx300” was erroneously included instead of “Tobii Pro Glasses 2”. The corrected Figure 1 appears below. Intervention protocol study timeline. In the published article, in the abstract, “Tobii Pro TX300” was erroneously included instead of “Tobii Pro Glasses 2 Refurbished Wireless” The updated abstract appears below. “Background: Older adults with cognitive impairment often present with balance deficits, reduced walking speed, and attentional difficulties—particularly in executive function. These challenges increase fall risk and complicate traditional rehabilitation approaches. Eye-tracking technology offers an objective way to evaluate attention by analyzing oculomotor behavior during tasks, but its use in clinical rehabilitation contexts is still limited. Objective: The aim of this study is to investigate visual attention using eye-tracking metrics during a non-immersive virtual reality-based balance training program in older adults with mild to moderate cognitive impairment. Methods: This was an exploratory pilot study with a prospective, descriptive cohort, based on a non-controlled, quasi-experimental design of seven older adults with mild to moderate cognitive impairment. Each patient underwent VR-based balance training using Rehametrics<sup>Ⓡ</sup> software, while their attention was assessed via eye-tracking (Tobii Pro Glasses 2 Refurbished Wireless). Clinical assessments included the Mini-BESTest, Functional Gait Assessment, 6-Minute Walk Test, 4-Meter Walk Test, and Montreal Cognitive Assessment (MoCA). Eye-tracking data focused on fixation patterns, microsaccades, and pupil diameter as indicators of attentional processing. Results: Patients showed a small numerical increase, without reaching statistical significance in task difficulty progression (p = 0.016), lower limb endurance (p = 0.016), and single-leg support time (p = 0.031). Clinical tests revealed a slight increase, though results were not statistically significant in balance and walking speed (p = 0.063). Eye-tracking data indicated increased fixation stability and decreased pupil diameter, suggesting more efficient attention allocation during motor tasks. Conclusions: Eye-tracking provided valuable metrics into attentional behavior during balance training in older adults with cognitive impairment. Its integration into non-immersive virtual reality rehabilitation may help better understand and address cognitive-motor interactions. Further studies with larger samples are needed to confirm these preliminary findings.” In the published article, in the body text, “Tobii Pro TX300” was erroneously included instead of “Tobii Pro Glasses 2 Refurbished Wireless”. A correction has been made to section 2 Methods, 2.1 Study design, paragraph 1 as below: “This exploratory pilot study employed a non-controlled, quasi-experimental design with a prospective and descriptive cohort of older adults with mild to moderate cognitive impairment. Patients were enrolled from the outpatient neurorehabilitation unit at the Department of Physical Medicine and Rehabilitation, Clínica Alemana, Santiago, Chile and consisted of balance training using non-immersive virtual reality combined with eye-tracking assessment. Eye-tracking data were collected using the Tobii Pro Glasses 2 Refurbished Wireless, which was available through a six-month research grant awarded via a Latin American competition. Due to this limited access period, seven participants were recruited and completed the full intervention protocol. The study was approved by the “Comité Ético- Científico de Clínica Alemana- Universidad del Desarrollo” (ID: 1167; Protocol Code: 2022-88). This study followed the Transparent Reporting of Evaluations with Nonrandomized Designs (TREND) checklist for transparently reporting non-randomized studies (Des Jarlais et al., 2004). Calibration was performed individually using the Tobii Pro Glasses 2 Refurbished Wireless standard procedure and repeated if necessary; however, “eyes not found” events occasionally occurred, which were attributed not only to calibration but also to participant-related factors such as facial morphology, movement during dynamic tasks, or underlying neurological conditions.” In the published article, in the body text, “Tobii Pro TX300” was erroneously included instead of “Tobii Pro Glasses 2 Refurbished Wireless”. A correction has been made to section 2 Methods, 2.5 Analysis, paragraph 1 as below: “Prospective data were obtained from clinical records, the Virtual Reality rehabilitation report, and the Tobii Pro Glasses 2 Refurbished Wireless eye-tracking device (Lab version 1.241/2024-03-20). Eye movements were analyzed with Tobii Studio software through identification of Areas of Interest (AoI)—defined as specific regions of the image deemed relevant and subject to analysis (Sharafi et al., 2015)—as well as heatmaps and gaze plot graphs. The data recorded by Tobii Studio were exported as flat files and subsequently processed using the Stata 16 statistical software, with no patient-identifying information; each participant was assigned a consecutive study ID at enrollment. Clinical records were maintained in the RedCap database for neurological patients at the SMFR unit. To characterize the patient sample, absolute and relative frequencies were calculated for qualitative variables. For quantitative variables medians (P25-P75) were reported. Spearman's non-parametric correlation test was used to assess potential associations between variables. Visual impairments, visual strategies, and vestibular-visual system adjustments (including microsaccades, gaze angles, pupil data, among others) were analyzed in relation to other variables of interest using Wilcoxon rank-sum test. Independence was tested using chi-square tests or Fisher's exact test, depending on observed frequencies. Finally, Wilcoxon signed-rank tests were used to compare clinical scale scores at baseline and after rehabilitation. All statistical analyses were conducted using Stata 16.” In the published article, in the body text, “Tobii Glasses 2” was erroneously included instead of “Tobii Pro Glasses 2 Refurbished Wireless”. A correction has been made to Section 5 Limitations, paragraph 3 as below: “Baseline pupil diameter values should be interpreted with caution, as calibration issues with the Tobii Pro Glasses 2 Refurbished Wireless and participant-specific factors may have influenced accuracy; future studies will address this with stricter pre-recruitment procedures, more controlled environments, and improved data collection protocols.” The original version of this article has been updated. Copyright © 2025 Maldonado-Díaz, Jara-Vargas and González-Seguel.",2025,2026-05-15 01:56:36,2026-05-15 01:56:36,,,,,17,,,,,,,,,,,,,,,,,Type: Erratum,<p>Cited by: 0; All Open Access; Gold Open Access; Green Open Access</p>,,,,,,,,,,,,,,,,,,,,,,,,,,,,,,,,,,,,,,,,,,,,,,,,,,,Scopus,pass,,Frontiers in Aging Neuroscience,SJR,,Q1,Cat3 [Clinical / Medical],Cat3 [Clinical / Medical]::\brehabilitation\b | Cat3 [Clinical / Medical]::\bphysical\s+therapy\b | Cat3 [Clinical / Medical]::\bpatient[s]?\b
929UN36U,journalArticle,2024,"De Pascale, Gennaro; Posteraro, Brunella; De Maio, Flavio; Pafundi, Pia Clara; Tanzarella, Eloisa Sofia; Cutuli, Salvatore Lucio; Lombardi, Gianmarco; Grieco, Domenico Luca; Franchini, Emanuele; Santarelli, Giulia; Infante, Amato; Sanguinetti, Maurizio; Antonelli, Massimo","Lung microbiota composition, respiratory mechanics, and outcomes in COVID-19-related ARDS",Microbiology Spectrum,,21650497,10.1128/spectrum.03574-23,https://www.scopus.com/pages/publications/85189491872?origin=resultslist,"Few data are available on the lung microbiota composition of patients with coronavirus disease 2019-related acute respiratory distress syndrome (C-ARDS) receiving invasive mechanical ventilation (IMV). Moreover, it has never been investigated whether there is a potential correlation between lung microbiota communities and respiratory mechanics. We performed a prospective observational study in two intensive care units of a university hospital in Italy. Lung microbiota was investigated by bacterial 16S rRNA gene sequencing, performed on bronchoalveolar lavage fluid samples withdrawn after intubation. The lung bacterial communities were analyzed after stratification by respiratory system compliance/predicted body weight (Crs) and ventilatory ratio (VR). Weaning from IMV and hospital survival were assessed as secondary outcomes. In 70 C-ARDS patients requiring IMV from 1 April through 31 December 2020, the lung microbiota composition (phylum taxonomic level, permutational multivariate analysis of variance test) significantly differed between who had low Crs vs those with high Crs (P = 0.010), as well as in patients with low VR vs high VR (P = 0.012). As difference-driving taxa, Proteobacteria (P = 0.017) were more dominant and Firmicutes (P = 0.040) were less dominant in low- vs high-Crs patients. Similarly, Proteobacteria were more dominant in low- vs high-VR patients (P = 0.013). After multivariable regression analysis, we further observed lung microbiota diversity as a negative predictor of weaning from IMV and hospital survival (hazard ratio = 3.31; 95% confidence interval, 1.52-7.20, P = 0.048). C-ARDS patients with low Crs/low VR had a Proteobacteria-dominated lung microbiota. Whether patients with a more diverse lung bacterial community may have more chances to be weaned from IMV and discharged alive from the hospital warrants further large-scale investigations. Copyright © 2024 De Pascale et al.",2024,2026-05-15 01:56:37,2026-05-15 01:56:37,,,,4,12,,,,,,,,,,,,,,,,,Type: Article,<p>Cited by: 8; All Open Access; Gold Open Access; Green Open Access</p>,,,,,,,,,,,,,,,,,,,,,,,,,,,,,,,,,,,,,,,,,,,,,,,,,,,Scopus,pass,,Microbiology Spectrum,SJR,,Q1,Cat3 [Clinical / Medical],Cat3 [Clinical / Medical]::\bpatient[s]?\b
JI3G5T4C,journalArticle,2024,"Augustin, Elischa; Beaudoin, Mélissa; Giguère, Sabrina; Ziady, Hind; Phraxayavong, Kingsada; Dumais, Alexandre","The Relationship between Sense of Presence, Emotional Response, and Clinical Outcomes in Virtual Reality-Based Therapy for Treatment-Resistant Schizophrenia: An Exploratory Correlational Study",Journal of Personalized Medicine,,20754426,10.3390/jpm14060614,https://www.scopus.com/pages/publications/85196891430?origin=resultslist,"Avatar therapy (AT) is a novel virtual reality-based psychotherapy that has been developed to treat auditory verbal hallucinations (AVH) in treatment-resistant schizophrenia. Various psychotherapeutic components, such as emotions and sense of presence, could contribute to clinical outcomes. However, the interplay between sense of presence, emotions, and clinical response has seldom been investigated. This study aimed to explore the relations between sense of presence, emotions, and clinical outcomes in AT. To conduct this investigation, data from previous and ongoing AT trials were used. Sense of presence and emotions were assessed using standardized questionnaires. AVH were evaluated using the Psychotic Symptom Rating Scales. While sense of presence was positively associated with positive emotions such as control and serenity, no significant associations were found for negative emotions. Moreover, a higher level of sense of presence was associated with a bigger decrease in AVH. Overall, positive emotions seem to be associated with sense of presence in AT. Sense of presence also seems to be involved in the therapeutic outcome, thereby suggesting that this could be an important component related to clinical response. More studies are needed to confirm these trends, which could be generalized to other virtual reality-based psychotherapies. © 2024 by the authors.",2024,2026-05-15 01:56:42,2026-05-15 01:56:42,,,,6,14,,,,,,,,,,,,,,,,,Type: Article,<p>Cited by: 9; All Open Access; Gold Open Access; Green Open Access</p>,,,,,,,,,,,,,,,,,,,,,,,,,,,,,,,,,,,,,,,,,,,,,,,,,,,Scopus,pass,,Journal of Personalized Medicine,SJR,,Q1,Cat3 [Clinical / Medical],Cat3 [Clinical / Medical]::\bschizophrenia\b
XZ6GUJY4,journalArticle,2024,"Piette, Patrice; Leblong, Emilie; Cavagna, Romain; Murienne, Albert; Fraudet, Bastien; Gallien, Philippe","A comparison of balance between real and virtual environments: differences, role of visual cues and full-body avatars, a quasi-experimental clinical study",Virtual Reality,,13594338,10.1007/s10055-024-01029-5,https://www.scopus.com/pages/publications/85200472824?origin=resultslist,"Virtual rehabilitation using Virtual Reality (VR) technology is a promising novel approach to rehabilitation. However, postural responses in VR differ significantly from real life. The introduction of an avatar or visual cues in VR could help rectify this difference. An initial session was used to assess static and dynamic balance performances between VR and real life to set the reference values. A second session involved three VR conditions applied in a randomised order: i.e. full-body avatar, enhanced visual cues, or a combination of both conditions. Performances of the centre of pressure (COP) were recorded on a force plate. Seventy (70) people took part in the first session and 74 in the second. During the first session, a significant difference was observed in left static, right static and right dynamic COP distance (respectively SMD = − 0.40 [− 0.73, − 0.06], p = 0.02, − 0.33 [− 0.67, 0.00], p = 0.05, SMD = − 0.61 [− 0.95, − 0.27], p < 0.001) and a non-significant difference in the left dynamic, SMD = − 0.22 [− 0.56, 0.11], p = 0.19). During the second session it was observed that this difference was corrected mainly by reinforced visual information and to a lesser extent by the presence of a full-body avatar. Balance disruption triggered by the use of virtual reality can be offset by vertical visual information and/or by the presence of a full-body avatar. Further research is required on the effects of a full-body avatar. © The Author(s) 2024.",2024,2026-05-15 01:56:43,2026-05-15 01:56:43,,,,3,28,,,,,,,,,,,,,,,,,Type: Article,<p>Cited by: 3; All Open Access; Gold Open Access</p>,,,,,,,,,,,,,,,,,,,,,,,,,,,,,,,,,,,,,,,,,,,,,,,,,,,Scopus,pass,,Virtual Reality,SJR,,Q1,Cat3 [Clinical / Medical],Cat3 [Clinical / Medical]::\brehabilitation\b | Cat3 [Clinical / Medical]::\bclinical\s+(?:trial|study|outcome|setting|population)\b
D8E2W55Q,journalArticle,2024,"Lee, Hyeon-Seung; Sangimino, Michael; Baxter, Tatiana; Buck, Lauren; Bodenheimer, Bobby; Park, Sohee",Self-other boundary under social threat in schizophrenia,Schizophrenia Research,,09209964,10.1016/j.schres.2024.09.018,https://www.scopus.com/pages/publications/85204911220?origin=resultslist,"Spatial representation of the self plays a vital role constructing our sense of bodily self-boundary that distinguishes the self from others. This perceptual border, known as the peripersonal space (PPS), has been suggested to be altered in individuals with schizophrenia (SZ). PPS represents a protective defensive zone that triggers alarm signals upon threat detection; thus disrupted PPS could lead to social interactional difficulties. However, very little is known about the impact of threat on PPS. To address this gap, a visual-tactile response-time (RT) experiment was conducted in immersive virtual reality (VR) for SZ and matched controls (CO). Participants were asked to detect a tactile vibration on their hand while an avatar (either threatening or neutral) approached them. Avatars were presented at different distance from the participants. PPS size and slope were estimated by identifying significant RT drop at the hypothesized self-other boundary. We also examined the relationship between PPS parameters, clinical symptoms and social disconnection. There was no overall group difference in PPS size. Perceived social threat posed in the avatars sharpened the self-boundary in CO but not in SZ. In SZ, shallower PPS slope was associated with delusion, persecution, negative symptoms and loneliness but not in CO. These results show that the regulation of self-other boundary in response to impending social threat may be maladaptive in SZ. Further research is needed on the causal mechanisms between self-disturbance and social impairments. © 2024 The Authors",2024,2026-05-15 01:56:49,2026-05-15 01:56:49,,182 - 188,,,274,,,,,,,,,,,,,,,,,Type: Review,<p>Cited by: 5; All Open Access; Green Open Access; Hybrid Gold Open Access</p>,,,,,,,,,,,,,,,,,,,,,,,,,,,,,,,,,,,,,,,,,,,,,,,,,,,Scopus,pass,,Schizophrenia Research,SJR,,Q1,Cat3 [Clinical / Medical],Cat3 [Clinical / Medical]::\bschizophrenia\b
JUH8HTFT,journalArticle,2024,"Liu, Chieh-Wen; Kolano, Anna M.; Gray, Tara; Stephans, Kevin L.; Videtic, Gregory M. M.; Farr, Jonathan B.; Xia, Ping",Cyclotron and linear accelerator generated scanning proton beams for lung cancer SBRT: Interplay effects and mitigations,Medical Physics,,00942405,10.1002/mp.17082,https://www.scopus.com/pages/publications/85192060850?origin=resultslist,"Background: Pencil beam scanning (PBS) proton therapy for moving targets is known to be impacted by interplay effects between the scanning beam and organ motion. While respiratory motion in the thoracic region is the major cause for organ motion, interplay effects depend on the delivery characteristics of proton accelerators. Purpose: To evaluate the impact of different types of PBS proton accelerators and spot sizes on interplay effects, mitigations, and plan quality for Stereotactic Body Radiation Therapy (SBRT) treatment of non-small cell lung cancer (NSCLC). Methods: Twenty NSCLC patients treated with photon SBRT were selected to represent varying tumor volumes and respiratory motion amplitudes (median: 0.6 cm with abdominal compression) for this retrospective study. For each patient, plans were created using: (1) cyclotron-generated proton beams (CPB) with spot sizes of σ = 2.7–7.0 mm; (2) linear accelerator proton beams (LPB) (σ = 2.9–5.5 mm); and (3) linear accelerator proton minibeams (LPMB) (σ = 0.9–3.9 mm). The energy switching time is one second for CPB, and 0.005 s for LPMB and LPB. Plans were robustly optimized on the gross tumor volume (GTV) using each individual phase of four-dimensional computed tomography (4DCT) scans. Initially, single-field optimization (SFO) plans were evaluated; if the plan quality did not meet the dosimetric requirement, multi-field optimization (MFO) was used. MFO plans were created for all patients for comparisons. For each patient, all plans were normalized to have the same dose received by 99% of the GTV. Interplay effects were evaluated by computing the dose on 10 breathing phases, based on the spot distribution. Volumetric repainting (VR) was performed 2–6 times for each plan. We compared volume receiving 100% of the prescribed dose (V<sub>100%RX</sub>) of the GTV, and normal lung V<sub>20Gy</sub>. Results: Twelve of 20 plans can be optimized sufficiently with SFO. SFO plans were less sensitive to the interplay effect compared to MFO plans in terms of target coverage for both LPB and LPMB. The following comparisons showed results utilizing the MFO technique. In the interplay evaluation without repainting, the mean V<sub>100%RX</sub> of the GTV were 99.42 ± 0.6%, 97.52 ± 3.9%, and 94.49 ± 7.3% for CPB, LPB, and LPMB plans, respectively. Following VR (2 × for CPB; 3 × for LPB; 5 × for LPMB), V<sub>100%RX</sub> of the GTV were improved (on average) by 0.13%, 1.84%, and 4.63%, respectively, achieving the acceptance criteria of V<sub>100%RX</sub> > 95%. Because of fast energy switch in linear accelerator proton machines, the delivery time for VR plans was the lowest for LPB plans, while delivery time for LPMB was on average 1 min longer than CPB plans. The advantage of small spot machines was better sparing in normal lung V<sub>20Gy</sub>, even when VR was applied. Conclusion: In the absence of repainting, proton machines with large spot sizes generated more robust plans against interplay effects. The number of VR increased with decreasing spot sizes to achieve the acceptance criteria. VR improved the plan robustness against interplay effects for modalities with small spot sizes and fast energy changes, preserving the low dose sparing aspect of the LPMB, even when motion is included. © 2024 American Association of Physicists in Medicine.",2024,2026-05-15 01:56:50,2026-05-15 01:56:50,,3985 - 3994,,6,51,,,,,,,,,,,,,,,,,Type: Article,<p>Cited by: 4; All Open Access; Bronze Open Access</p>,,,,,,,,,,,,,,,,,,,,,,,,,,,,,,,,,,,,,,,,,,,,,,,,,,,Scopus,pass,,Medical Physics,SJR,,Q1,Cat3 [Clinical / Medical],Cat3 [Clinical / Medical]::\bpatient[s]?\b
NXS4MGZF,journalArticle,2024,"Tam, Mark T.K.; Cheng, Yuet-Wong; Chan, Joseph Y.S.; Chan, Chin-Pang; Au, Alex C.K.; Fan, Katie W.S.; Chim, Thomas M.Y.; Kwok, Wan-Ying; Fong, Fuk-Kei; Lai, Angel; Tan, Guang-Ming; Yan, Bryan P.",Aveir VR real-world performance and chronic pacing threshold prediction using mapping and fixation electrical data,Europace,,10995129,10.1093/europace/euae051,https://www.scopus.com/pages/publications/85187539486?origin=resultslist,"Aims Aveir VR performance and predictors for its pacing threshold (PCT) in a real-world cohort were investigated. Methods Electrical measurements at various stages of an Aveir VR implant were prospectively collected. Predictors for 3-month PCT were studied. A retrospective cohort of consecutive 139 Micra implants was used to compare the PCT evolution. High PCT was defined as ≥1.5 V, using a pulse width of 0.4 ms for Aveir and 0.24 ms for Micra. Excellent PCT was defined as ≤0.5 V at the respective pulse width. Results Among the 123 consecutive Aveir VR implant attempts, 122 (99.2%) were successful. The majority were of advanced age (mean 79.7) and small body size (mean BSA 1.60). Two patients (1.6%) experienced complications, including one pericardial effusion after device reposition and one intraoperative device dislodgement. Eighty-eight patients reached a 3-month followup. Aveir 3-month PCT was correlated with impedance at mapping (P = 0.015), tether mode (P < 0.001), end-of-procedure (P < 0.001), and mapping PCT (P = 0.035), but not with PCTs after fixation (P > 0.05). Tether mode impedance >470 ohms had 88% sensitivity and 71% specificity in predicting excellent 3-month PCT. Although it is more common for Aveir to have high PCT at end of procedure (11.5% for Aveir and 2.2% for Micra, P = 0.004), the rate at 3 months was similar (2.3% for Aveir and 3.1% for Micra, P = 1.000). Conclusion Aveir VR demonstrated satisfactory performance in this high-risk cohort. Pacing thresholds tend to improve to a greater extent than Micra after implantation. The PCT after fixation, even after a waiting period, has limited predictive value for the chronic threshold. Low-mapping PCT and high intraoperative impedance predict chronic low PCT. © The Author(s) 2024.",2024,2026-05-15 01:56:53,2026-05-15 01:56:53,,,,3,26,,,,,,,,,,,,,,,,,Type: Article,<p>Cited by: 23; All Open Access; Green Open Access; Hybrid Gold Open Access</p>,,,,,,,,,,,,,,,,,,,,,,,,,,,,,,,,,,,,,,,,,,,,,,,,,,,Scopus,pass,,Europace,SJR,,Q1,Cat3 [Clinical / Medical],Cat3 [Clinical / Medical]::\bpatient[s]?\b
XDZXHRL2,journalArticle,2024,"Clark, David S.; Moore, Brady P.; Somerson, Jeremy S.",Sensory neurapraxia after distal biceps repair is not associated with patient-reported outcomes or satisfaction: a retrospective cohort study,Journal of Shoulder and Elbow Surgery,,10582746,10.1016/j.jse.2024.05.059,https://www.scopus.com/pages/publications/85205915971?origin=resultslist,"Background: Cutaneous neurapraxia is the most common complication following distal biceps tendon repair (DBTR). Currently, no patient demographic factors have been implicated in its occurrence, course, or resolution. The purpose of this study is to explore various patient demographics and their association with postoperative neurapraxia. Further it investigates how mental health scores correlate with patient-reported outcomes, and whether occurrence of neurapraxia alters this association. Methods: This retrospective review evaluates a consecutive series of patients who underwent distal biceps repair with a single-incision cortical button technique. Patients with reported outcome data at a minimum of 1 year (n = 47) were included for analysis. Demographic data including age, sex, body mass index, diabetes, smoking status, and occurrence of neurapraxia were recorded. Patient-reported outcome measures include the American Shoulder and Elbow Surgeons-Elbow score, Single Assessment Numeric Evaluation score, Visual Analog Scale for pain, Disabilities of the Arm, Shoulder, and Hand Score, and Veterans RAND 12 (VR-12) Mental Component Score and Physical Component Score quality-of-life assessment. Results: Postoperative neurapraxia of any duration occurred in 45% (21/47) of patients in this cohort following DBTR. Of these, 62% (13/21) reported resolution of symptoms by the latest follow-up. Mean time to resolution of neurapraxia was 148 days. Patient age, body mass index, smoking history, time to surgery, tear thickness, and increasing surgeon experience across the study period were not significantly associated with the incidence or time to resolution of postoperative neurapraxia. Scores for patient satisfaction, Visual Analog Scale, American Shoulder and Elbow Surgeons, Disabilities of the Arm, Shoulder, and Hand Score, Single Assessment Numeric Evaluation, VR-12 Mental Component Score, VR-12 Physical Component Score, and flexion ROM did not differ significantly between patients with and without postoperative neurapraxia. Conclusion: Patient satisfaction following DBTR was not significantly associated with postoperative neurapraxia. Patient and surgical characteristics did not influence the occurrence or time to resolution of neurapraxia. The occurrence of postoperative neurapraxia did not result in significant functional limitations. © 2024 Journal of Shoulder and Elbow Surgery Board of Trustees",2024,2026-05-15 01:56:53,2026-05-15 01:56:53,,2695 - 2701,,12,33,,,,,,,,,,,,,,,,,Type: Article,<p>Cited by: 2</p>,,,,,,,,,,,,,,,,,,,,,,,,,,,,,,,,,,,,,,,,,,,,,,,,,,,Scopus,pass,,Journal of Shoulder and Elbow Surgery,SJR,,Q1,Cat3 [Clinical / Medical],Cat3 [Clinical / Medical]::\bsurgery\b | Cat3 [Clinical / Medical]::\bpatient[s]?\b
V634UJSZ,journalArticle,2024,"Hu, Junying",Augmented-reality based brain-computer interface of robot control,Heliyon,,24058440,10.1016/j.heliyon.2024.e26255,https://www.scopus.com/pages/publications/85186380224?origin=resultslist,"Brain Computer Interface (BCI) is a new approach to human-computer interaction. It can control the external devices directly with the brain without words and body movements. Brain-controlled robot is a major research area in the field of BCI, which organically integrates BCI with robotic systems to achieve safe and effective real-time control of robots using the user's electroencephalogram (EEG). Currently, there are two types of control methods for brain-controlled robots. One is direct control and the other is shared control. Direct brain control has its shortcomings, namely, low control efficiency and easy user fatigue. Shared control technique can effectively improve the control of brain-controlled robots and reduce the thinking ability of brain-controlled robots, thus making it the main control method of brain-controlled robots. The brain-computer collaborative control system based on augmented reality (AR) technology studied in this paper is a human-computer shared control method. In the experimental analysis of virtual reality (VR) systems and AR systems, this paper processes polylines through a series of control vertices with specific coordinates, using the relative distance measured between each point and the starting point as the relative coordinates, and calculates the operational errors of the two types of systems. In the system error of machining broken lines, when the relative coordinates are (10, 20), (40, 50), and (70, 80), the error values of the VR system are 0.17 mm, 0.36 mm, and 0.55 mm, respectively, while the error values of the AR system are 0.11 mm, 0.24 mm, and 0.41 mm, respectively. Therefore, the studies have illustrated the importance of AR systems for the study of brain-computer collaborative control of robots. © 2024 The Author",2024,2026-05-15 01:56:59,2026-05-15 01:56:59,,,,5,10,,,,,,,,,,,,,,,,,Type: Article,<p>Cited by: 12; All Open Access; Gold Open Access; Green Open Access</p>,,,,,,,,,,,,,,,,,,,,,,,,,,,,,,,,,,,,,,,,,,,,,,,,,,,Scopus,pass,,Heliyon,SJR,,Q1,Cat1 [Not VR / Out of Scope],Cat1 [Not VR / Out of Scope]::\baugmented reality\b | Cat1 [Not VR / Out of Scope]::\bar\b
8K4QSXX2,journalArticle,2025,"Huang, BinHao; Lv, Jian; Qiang, Ligang","Enhancing Experience: Exploring the Impact of Different Lower Limb Redirection Methods in Rehabilitation Robot-Assisted VR Training Tasks on Participants’ Motivation, Engagement, and Sense of Body Ownership",International Journal of Human-Computer Interaction,,10447318,10.1080/10447318.2025.2556228,https://www.scopus.com/pages/publications/105016507717?origin=resultslist,"This study addresses the challenge of sustaining motivation and engagement in long-term lower-limb training, particularly during home-based recovery. Lower-limb motor dysfunction, often due to neurological conditions, hinders daily activities, making effective training essential. Traditional methods struggle to maintain engagement during the transition from facility-based to home-based training. We developed a VR-based Seated knee extension exercise system integrated with a rehabilitation robot, testing three redirection strategies: pre-offset, scale offset, and rear offset. Results showed all strategies improved task performance and engagement, with the rear offset strategy uniquely preserving body ownership and spatial awareness. In contrast, pre-offset and scale offset strategies enhanced performance but slightly reduced spatial coherence. The study highlights the importance of choosing suitable redirection strategies to optimize training outcomes and supports VR-integrated rehabilitation robots for improved home-based recovery. © 2025 Taylor & Francis Group, LLC.",2025,2026-05-15 01:57:02,2026-05-15 01:57:02,,,,,,,,,,,,,,,,,,,,,,Type: Article,<p>Cited by: 0</p>,,,,,,,,,,,,,,,,,,,,,,,,,,,,,,,,,,,,,,,,,,,,,,,,,,,Scopus,pass,,International Journal of Human-Computer Interaction,SJR,,Q1,Cat3 [Clinical / Medical],Cat3 [Clinical / Medical]::\brehabilitation\b
MZRWUQWQ,journalArticle,2024,"Edalat, Abbas; Polydorou, Neophytos; Ryan, Frank; Gilbert, Barnabas J.; Nicholls, Dasha",Affectional interactions with your animated child avatar can enhance wellbeing,Frontiers in Virtual Reality,,26734192,10.3389/frvir.2024.1424217,https://www.scopus.com/pages/publications/85203430861?origin=resultslist,"Introduction: The aim of this proof-of-concept study was to evaluate the efficacy of a new virtual reality (VR) platform for practising the Self-Attachment Technique (SAT) in a non-clinical population. The growing prevalence of mental health problems underscores the urgent need for scalable and effective interventions. SAT is a self-administered psychotherapeutic technique where the individual creates an affectional bond with their childhood self and vows to re-raise this child to emotional wellbeing. Digital technologies like VR and avatars can naturally enhance SAT by improving imaginative interactions with the childhood self. Methods: Over an 8-week period, participants practised the SAT exercises either by animating their personalised childhood avatar into different emotional states in VR or by imaginatively using their childhood photos. Participants’ measurements were collected before and after the intervention as well as at 3-month follow-up, and analysed to understand whether changes over time, in the areas of wellbeing, self-compassion and psychological capital, are significant. Results: Overall, participants experienced significant improvement in wellbeing (primary outcome) with large effect size (Formula presented.). Further exploratory analysis of our findings indicated that the effect of VR (Formula presented.) was better compared to the childhood photos (Formula presented.). Qualitative evidence from the present study suggested that the intervention had a positive impact on participants’ daily lives. Discussion: This study showed that practising SAT using the participant’s childhood avatar in a virtual environment has potential for enduring effects that need to be validated in future randomised trials. Copyright © 2024 Edalat, Polydorou, Ryan, Gilbert and Nicholls.",2024,2026-05-15 01:57:02,2026-05-15 01:57:02,,,,,5,,,,,,,,,,,,,,,,,Type: Article,<p>Cited by: 1; All Open Access; Gold Open Access</p>,,,,,,,,,,,,,,,,,,,,,,,,,,,,,,,,,,,,,,,,,,,,,,,,,,,Scopus,pass,,Frontiers in Virtual Reality,SJR(alias),,Q1,Cat3 [Clinical / Medical],Cat3 [Clinical / Medical]::\bclinical\s+(?:trial|study|outcome|setting|population)\b
PM6ZL5TJ,journalArticle,2025,"Maggio, Maria Grazia; Bonanno, Mirjam; Calderone, Andrea; Rizzo, Amelia; Bulut, Nebahat; Bahramizadeh, Mahmood; Benenati, Alessandra; Tomaiuolo, Francesco; Quartarone, Angelo; Floridia, Daniela; Calabrò, Rocco Salvatore",Remapping Body Representation Using Virtual Reality in Chronic Neuropathic Pain: Systematic Review,Journal of Medical Internet Research,,14388871,10.2196/71074,https://www.scopus.com/pages/publications/105007790371?origin=resultslist,"Background: Chronic neuropathic pain (CNP) is a common consequence of neurological conditions such as spinal cord injury (SCI), complex regional pain syndrome (CRPS), and phantom limb pain (PLP). These conditions are often associated with distorted body representation (BR) and altered sensory processing. Virtual reality (VR) offers immersive, multisensory experiences that can modulate attention, recalibrate BR, and potentially alleviate pain. Objective: This systematic review aims to synthesize evidence on the use of VR-based interventions for managing CNP in patients with neurological conditions. It explores how VR can influence pain perception through body remapping. Furthermore, this review seeks to identify gaps in current research, offering recommendations for future research directions and clinical applications. Methods: We performed a comprehensive literature search in PubMed, Web of Science, and Scopus for studies published between January 2014 and December 2024. We included original studies that examined VR interventions in patients with neurological conditions and CNP, assessing pain reduction, improvements in BR, or functional recovery. We excluded reviews, animal model studies, migraine-related studies, and those lacking a clear VR intervention or relevant clinical outcome data. The quality of the included studies was evaluated using the revised Cochrane Risk of Bias Tool for Randomized Trials and the Cochrane Risk of Bias in Nonrandomized Studies of Interventions tool. Given the heterogeneity in study design, VR protocols, and outcome measures, a qualitative synthesis approach was adopted based on the synthesis without meta-analysis framework. Results: Ten studies—both randomized controlled trials and uncontrolled experimental designs—met the inclusion criteria. These studies focused on the application of VR in SCI (n=4, 40%), CRPS (n=4, 40%), and PLP (n=2, 20%), using interventions such as immersive VR, mirror visual feedback, visuotactile stimulation, and virtual body illusions. Sample sizes ranged from 9 to 70 participants, with varying degrees of neurological impairment. Most of the studies (n=7, 70%) reported substantial reductions in pain intensity and improvements in embodiment and perceived body ownership. In SCI, combining VR with neuromodulation techniques enhanced analgesic effects. In CRPS, modifying the visual appearance of the affected limb improved body image and decreased pain perception. In PLP, kinesthetic and visual feedback delivered through VR environments significantly reduced PLP and improved movement representation. Conclusions: Overall, the quality of evidence ranged from moderate to low, mainly due to small sample sizes, protocol heterogeneity, and risk of bias. Evidence regarding adherence to VR therapy was particularly limited. Nonetheless, VR shows strong potential as a noninvasive, patient-tailored therapeutic tool for CNP. VR could provide innovative and engaging strategies to reduce pain and enhance functional outcomes in populations with neurological conditions. Future research should focus on developing standardized protocols and conducting large-scale, high-quality trials to validate VR’s long-term efficacy and integration into routine clinical practice. ©Maria Grazia Maggio, Mirjam Bonanno, Andrea Calderone, Amelia Rizzo, Nebahat Bulut, Mahmood Bahramizadeh, Alessandra Benenati, Francesco Tomaiuolo, Angelo Quartarone, Daniela Floridia, Rocco Salvatore Calabrò.",2025,2026-05-15 01:57:03,2026-05-15 01:57:03,,,,,27,,,,,,,,,,,,,,,,,Type: Review,<p>Cited by: 4; All Open Access; Gold Open Access; Green Open Access</p>,,,,,,,,,,,,,,,,,,,,,,,,,,,,,,,,,,,,,,,,,,,,,,,,,,,Scopus,pass,,Journal of Medical Internet Research,SJR,,Q1,Cat3 [Clinical / Medical],Cat3 [Clinical / Medical]::\bpatient[s]?\b | Cat3 [Clinical / Medical]::\bclinical\s+(?:trial|study|outcome|setting|population)\b
LSUJQFSD,journalArticle,2025,"Tabassum, Aliya; Ghaznavi, Ibrahim; Abd-Alrazaq, Alaa; Qadir, Junaid",Exploring the Application of AI and Extended Reality Technologies in Metaverse-Driven Mental Health Solutions: Scoping Review,Journal of Medical Internet Research,,14388871,10.2196/72400,https://www.scopus.com/pages/publications/105013505795?origin=resultslist,"Background: Mental health systems worldwide face unprecedented strain due to rising psychological distress, limited access to care, and an insufficient number of trained professionals. Even in high-income countries, the ratio of patients to health care providers remains inadequate to address demand. Emerging technologies such as artificial intelligence (AI) and extended reality (XR) are being explored to improve access, engagement, and scalability of mental health interventions. When integrated into immersive metaverse environments, these technologies offer the potential to deliver personalized and emotionally responsive mental health care. Objective: This scoping review explores the state-of-the-art applications of AI and XR technologies in metaverse frameworks for mental health. It identifies technological capabilities, therapeutic benefits, and ethical limitations, focusing on governance gaps related to data privacy, patient-clinician dynamics, algorithmic bias, digital inequality, and psychological dependency. Methods: A systematic search was conducted across 5 electronic databases—PubMed, Scopus, IEEE Xplore, PsycINFO, and Google Scholar—for peer-reviewed literature published between January 2014 and October 2024. Search terms included combinations of “AI,” “XR,” “VR,” “mental health,” “psychotherapy,” and “metaverse.” Studies were eligible if they (1) involved mental health interventions; (2) used AI or XR within immersive or metaverse-like environments; and (3) were empirical, peer-reviewed articles in English. Editorials, conference summaries, and articles lacking clinical or technical depth were excluded. Two reviewers independently screened titles, abstracts, and full texts using predefined inclusion and exclusion criteria, with Cohen κ values of 0.85 and 0.80 indicating strong interrater agreement. Risk of bias was not assessed due to the scoping nature of the review. Data synthesis followed a narrative approach. Results: Of 1288 articles identified, 48 studies met the inclusion criteria. The included studies varied in design and scope, with most studies conducted in high-income countries. AI applications included emotion detection, conversational agents, and clinical decision-support systems. XR interventions ranged from virtual reality–based cognitive behavioral therapy and exposure therapy to avatar-guided mindfulness. Several studies reported improvements in patient engagement, symptom reduction, and treatment adherence. However, many studies were limited by small sample sizes, single-institution settings, and lack of longitudinal validation. Ethical risks identified included opaque algorithmic processes, risks of psychological overdependence, weak data governance, and the exclusion of digitally marginalized populations. Conclusions: AI and XR technologies integrated within metaverse settings represent promising tools for enhancing mental health care delivery through personalization, scalability, and immersive engagement. However, the current evidence base is limited by methodological inconsistencies and a lack of long-term validation. Future research should use disorder-specific frameworks; adopt standardized efficacy measures; and ensure inclusive, ethical, and transparent development practices. Strong interdisciplinary governance models are essential to support the responsible and equitable integration of AI-driven XR technologies into mental health care. The narrative synthesis limits generalizability, and the absence of a risk of bias assessment hinders critical appraisal. ©Aliya Tabassum, Ibrahim Ghaznavi, Alaa Abd-Alrazaq, Junaid Qadir.",2025,2026-05-15 01:57:06,2026-05-15 01:57:06,,,,1,27,,,,,,,,,,,,,,,,,Type: Review,<p>Cited by: 10; All Open Access; Gold Open Access; Green Open Access</p>,,,,,,,,,,,,,,,,,,,,,,,,,,,,,,,,,,,,,,,,,,,,,,,,,,,Scopus,pass,,Journal of Medical Internet Research,SJR,,Q1,Cat3 [Clinical / Medical],Cat3 [Clinical / Medical]::\bcognitive\s+(?:behavioural|behavioral)\s+therapy\b | Cat3 [Clinical / Medical]::\bexposure\s+therapy\b | Cat3 [Clinical / Medical]::\bpatient[s]?\b
TF8MQ5F7,journalArticle,2025,"Liikkanen, Sammeli; Jalkanen, Tero; Mäkinen, Mika; Huttunen, Teppo; Kilpeläinen, Reijo; Reijula, Jori; Heimonen, Jonna; Mäkiniemi, Anssi; Gentile, Giovanni; Eccleston, Christopher",Body movement as a digital biomarker in chronic pain rehabilitation: a real-world pilot study using virtual reality,Frontiers in Virtual Reality,,26734192,10.3389/frvir.2025.1601823,https://www.scopus.com/pages/publications/105010913660?origin=resultslist,"Introduction: Chronic pain (CP) is a major public health problem. Reliable measurement of movement, activity, and other changes due to chronic pain and its treatment is a challenge in healthcare. Wearable data collected from randomized clinical trials contains potential signals that could be further developed into digital biomarkers. Methods: In a community clinic setting patients suffering from musculoskeletal disorders with chronic pain used a novel digital therapeutic intervention using virtual reality (Rohkea™ VR Therapy). Movement and clinical assessment data were collected using the sensors in the Oculus Quest. Wearable data were collected during the study interventions (frequent treatment sessions of Rohkea™ VR Therapy). Data were analyzed using exploratory statistical analysis. Results: In line with the earlier research, participants with chronic pain were able to increase the movement speed of the hand controllers during the intervention. They were also more cautious in moving their head compared to a reference group. Participants were less likely to reach out with their active hand than the reference group. Additionally, those with chronic pain had more difficulties with exercises in which they were required to pick up virtual objects situated lower in the virtual reality environment. Participants were able to increase their range of motion during the intervention. Given the small sample size, the results should be viewed as tentative and supportive of earlier findings from randomized controlled trials. Discussion/Conclusion: The findings reinforce previous results observed in the randomized controlled trials. That similar findings occur in both a clinical trial and a real-world environment is encouraging and is further support for implementation of a virtual reality intervention in everyday clinical settings. Copyright © 2025 Liikkanen, Jalkanen, Mäkinen, Huttunen, Kilpeläinen, Reijula, Heimonen, Mäkiniemi, Gentile and Eccleston.",2025,2026-05-15 01:57:07,2026-05-15 01:57:07,,,,,6,,,,,,,,,,,,,,,,,Type: Article,<p>Cited by: 1; All Open Access; Gold Open Access; Green Open Access</p>,,,,,,,,,,,,,,,,,,,,,,,,,,,,,,,,,,,,,,,,,,,,,,,,,,,Scopus,pass,,Frontiers in Virtual Reality,SJR(alias),,Q1,Cat3 [Clinical / Medical],Cat3 [Clinical / Medical]::\brehabilitation\b | Cat3 [Clinical / Medical]::\btherapeutic\s+intervention\b | Cat3 [Clinical / Medical]::\bpatient[s]?\b | Cat3 [Clinical / Medical]::\bclinical\s+(?:trial|study|outcome|setting|population)\b | Cat3 [Clinical / Medical]::\bchronic\s+pain\b
722JTKHH,journalArticle,2024,"Petsani, Despoina; Santonen, Teemu; Merino-Barbancho, Beatriz; Epelde, Gorka; Bamidis, Panagiotis; Konstantinidis, Evdokimos",Categorizing digital data collection and intervention tools in health and wellbeing living lab settings: A modified Delphi study,International Journal of Medical Informatics,,13865056,10.1016/j.ijmedinf.2024.105408,https://www.scopus.com/pages/publications/85187961267?origin=resultslist,"Background: Health and Wellbeing Living Labs are a valuable research infrastructure for exploring innovative solutions to tackle complex healthcare challenges and promote overall wellbeing. A knowledge gap exists in categorizing and understanding the types of ICT tools and technical devices employed by Living Labs. Aim: Define a comprehensive taxonomy that effectively categorizes and organizes the digital data collection and intervention tools employed in Health and Wellbeing Living Lab research studies. Methods: A modified consensus-seeking Delphi study was conducted, starting with a pre-study involving a survey and semistructured interviews (N=30) to gather information on existing equipment. The follow-up three Delphi rounds with a panel of living lab experts (R1 N=18, R2 - 3 N=15) from 10 different countries focused on achieving consensus on the category definitions, ease of reading, and included subitems for each category. Due to the controversial results in the 2nd round of qualitative feedback, an online workshop was organized to clarify the contradictory issues. Results: The resulting taxonomy included 52 subitems, which were divided into three levels as follows: The first level consists of 'devices for data monitoring and collection' and 'technologies for intervention.' At the second level, the 'data monitoring and collection' category is further divided into 'environmental' and 'human' monitoring. The latter includes the following third-level categories: 'biometrics,' 'activity and behavioral monitoring,' 'cognitive ability and mental processes,' 'electrical biosignals and physiological monitoring measures,' '(primary) vital signs,' and 'body size and composition.' At the second level, 'technologies for intervention' consists of 'assistive technology,' 'extended reality – XR (VR & AR),' and 'serious games' categories. Conclusion: A common language and standardized terminology are established to enable effective communication with living labs and their customers. The taxonomy opens a roadmap for further studies to map related devices based on their functionality, features, target populations, and intended outcomes, fostering collaboration and enhancing data capture and exploitation. © 2024 The Authors",2024,2026-05-15 01:57:07,2026-05-15 01:57:07,,,,,185,,,,,,,,,,,,,,,,,Type: Article,<p>Cited by: 5; All Open Access; Green Open Access; Hybrid Gold Open Access</p>,,,,,,,,,,,,,,,,,,,,,,,,,,,,,,,,,,,,,,,,,,,,,,,,,,,Scopus,pass,,International Journal of Medical Informatics,SJR,,Q1,Cat1 [Not VR / Out of Scope],Cat1 [Not VR / Out of Scope]::\bar\b
9FKL8BXJ,journalArticle,2024,"Skrzatek, Anna; Nuic, Dijana; Cherif, Saoussen; Beranger, Benoit; Gallea, Cecile; Bardinet, Eric; Welter, Marie-Laure",Brain modulation after exergaming training in advanced forms of Parkinson’s disease: a randomized controlled study,Journal of NeuroEngineering and Rehabilitation,,17430003,10.1186/s12984-024-01430-w,https://www.scopus.com/pages/publications/85200500733?origin=resultslist,"Background: Physical activity combined with virtual reality and exergaming has emerged as a new technique to improve engagement and provide clinical benefit for gait and balance disorders in people with Parkinson’s disease (PD). Objective: To investigate the effects of a training protocol using a home-based exergaming system on brain volume and resting-state functional connectivity (rs-FC) in persons with PD. Methods: A single blind randomized controlled trial was conducted in people with PD with gait and/or balance disorders. The experimental (active) group performed 18 training sessions at home by playing a custom-designed exergame with full body movements, standing in front of a RGB-D Kinect<sup>®</sup> motion sensor, while the control group played using the computer keyboard. Both groups received the same training program. Clinical scales, gait recordings, and brain MRI were performed before and after training. We assessed the effects of both training on both the grey matter volumes (GVM) and rs-FC, within and between groups. Results: Twenty-three patients were enrolled and randomly assigned to either the active (n = 11) or control (n = 12) training groups. Comparing pre- to post-training, the active group showed significant improvements in gait and balance disorders, with decreased rs-FC between the sensorimotor, attentional and basal ganglia networks, but with an increase between the cerebellar and basal ganglia networks. In contrast, the control group showed no significant changes, and rs-FC significantly decreased in the mesolimbic and visuospatial cerebellar and basal ganglia networks. Post-training, the rs-FC was greater in the active relative to the control group between the basal ganglia, motor cortical and cerebellar areas, and bilaterally between the insula and the inferior temporal lobe. Conversely, rs FC was lower in the active relative to the control group between the pedunculopontine nucleus and cerebellar areas, between the temporal inferior lobes and the right thalamus, between the left putamen and dorsolateral prefrontal cortex, and within the default mode network. Conclusions: Full-body movement training using a customized exergame induced brain rs-FC changes within the sensorimotor, attentional and cerebellar networks in people with PD. Further research is needed to comprehensively understand the neurophysiological effects of such training approaches. Trial registration ClinicalTrials.gov NCT03560089. © The Author(s) 2024.",2024,2026-05-15 01:57:08,2026-05-15 01:57:08,,,,1,21,,,,,,,,,,,,,,,,,Type: Article,<p>Cited by: 10; All Open Access; Gold Open Access; Green Open Access</p>,,,,,,,,,,,,,,,,,,,,,,,,,,,,,,,,,,,,,,,,,,,,,,,,,,,Scopus,pass,,Journal of NeuroEngineering and Rehabilitation,SJR,,Q1,Cat3 [Clinical / Medical],Cat3 [Clinical / Medical]::\bpatient[s]?\b
F4FP3ZG7,journalArticle,2024,"Alieldin, Riham; Peyre, Sarah; Nofziger, Anne; Borasi, Raffaella",Effectiveness of immersive virtual reality in teaching empathy to medical students: a mixed methods study,Virtual Reality,,13594338,10.1007/s10055-024-01019-7,https://www.scopus.com/pages/publications/85197312746?origin=resultslist,"Empathy in healthcare has been associated with positive outcomes such as increased patient satisfaction and reduced medical errors. However, research has indicated a decline in empathy among medical professionals. This study examined the effectiveness of Immersive Virtual Reality (IVR) for empathy training in medical education. A convergent mixed methods pretest posttest design was utilized. Participants were 1st-year medical students who engaged in an empathy training IVR educational intervention around a scenario depicting older adults struggling with social isolation. Jefferson Scale of Empathy (JSE) questionnaire was administered before and after the intervention to measure the change in empathy levels. Data were analyzed using a paired sample t-test on the pre-/post-test JSE empathy scores to assess the change in empathy scores. Nineteen qualitative semi structured interviews were conducted immediately after the IVR experience and follow-up interviews were conducted six months later. Qualitative data collected from the interviews’ transcripts were analyzed using a thematic and content analysis approach to capture individual experiences. Students (n = 19) scored 5.94 points higher on the posttest JSE questionnaire compared to pretest (p < 0.01) indicating an improvement in empathy levels. Qualitative analysis showed that the IVR training was well received by the students as a valuable empathy-teaching tool. Immersion, presence, and embodiment were identified as the main features of IVR technology that enhanced empathy and understanding of patients’ experiences. The debriefing sessions were identified as a key element of the training. IVR-based training could be an effective teaching tool for empathy training in medical education and one that is well received by learners. Results from the study offer preliminary evidence that using IVR to evoke empathy is achievable. © The Author(s) 2024.",2024,2026-05-15 01:57:10,2026-05-15 01:57:10,,,,3,28,,,,,,,,,,,,,,,,,Type: Article,<p>Cited by: 17; All Open Access; Gold Open Access</p>,,,,,,,,,,,,,,,,,,,,,,,,,,,,,,,,,,,,,,,,,,,,,,,,,,,Scopus,pass,,Virtual Reality,SJR,,Q1,Cat3 [Clinical / Medical],Cat3 [Clinical / Medical]::\bpatient[s]?\b
I9QAVXUV,journalArticle,2024,"Medina, Giovanna; Quattrocelli, Mathew; Lowenstein, Natalie; Collins, Jamie; Matzkin, Elizabeth",Improved patient reported outcomes with knotless double-row rotator cuff repair with and without lateral row biceps tenodesis at 2- and 5-years,JSES International,,26666383,10.1016/j.jseint.2024.06.013,https://www.scopus.com/pages/publications/85202941972?origin=resultslist,"Background: The purpose of this study is to report outcomes of an arthroscopic knotless double-row (DR) rotator cuff repair (RCR) technique at 2- and 5- years postoperatively, and to compare clinical outcomes in patients undergoing knotless DR RCR with incorporated lateral row biceps tenodesis (LRT) vs. those without LRT. Methods: All primary RCR surgeries were performed by a single surgeon at a single institution using a knotless transosseous equivalent (TOE) technique. The postoperative rehabilitation protocol was standardized for all patients. The primary outcomes collected included American Shoulder and Elbow Surgeons (ASES) Function, ASES Index, Single Assessment Numeric Evaluation (SANE), Simple Shoulder Test (SST), Veterans RAND 12-Item Health Survey (VR-12) physical and mental, and Visual Analogue Scale (VAS) scores. Results: Three hundred forty-two patients met inclusion criteria, of which 262 patients underwent isolated RCR and 61 underwent RCR with a concomitant LRT, 15 underwent RCR with concomitant tenotomy and 4 had RCR with débridement of the biceps. Significant improvements in VAS, ASES, SANE, SST, and VR-12 scores were observed at all-time points in all patient groups. No statistically significant differences in outcomes were noted in patients undergoing RCR with a lateral row tenodesis vs. those undergoing RCR alone. Similarly, no differences were seen when stratified by age, sex, body mass index, Worker's Compensation status, smoking, and diabetes mellitus. Based on ASES, 81% of patients met minimum clinically important difference, and 64% met maximal outcome improvement at 1-year postoperatively. Conclusion: Knotless DR TOE arthroscopic RCR significantly improves patient-reported clinical outcomes at 1-, 2- and 5-year follow-ups. These results are reflected in clinical practice because 80% achieve minimum clinically important difference postoperatively. Patient-related factors, including body mass index, age, sex, Worker's Compensation, and diabetes mellitus do not significantly affect patient-reported outcomes in the first 5 years after surgery. Smokers have worse baseline scores which persist at 2-year follow-up. Lastly, adding an arthroscopic LRT in knotless DR TOE arthroscopic RCR provides similar clinical outcomes to knotless DR TOE arthroscopic RCR without biceps tenodesis. © 2024 The Author(s)",2024,2026-05-15 01:57:12,2026-05-15 01:57:12,,1189 - 1195,,6,8,,,,,,,,,,,,,,,,,Type: Article,<p>Cited by: 0; All Open Access; Gold Open Access; Green Open Access</p>,,,,,,,,,,,,,,,,,,,,,,,,,,,,,,,,,,,,,,,,,,,,,,,,,,,Scopus,pass,,JSES International,SJR,,Q1,Cat3 [Clinical / Medical],Cat3 [Clinical / Medical]::\brehabilitation\b | Cat3 [Clinical / Medical]::\bsurgery\b | Cat3 [Clinical / Medical]::\bpatient[s]?\b
VERG4AEZ,journalArticle,2023,"Lier, Elisabeth J.; De Vries, Marjan; Steggink, Eline M.; Ten Broek, Richard P.G.; Van Goor, Harry",Effect modifiers of virtual reality in pain management: a systematic review and meta-regression analysis,Pain,,03043959,10.1097/j.pain.0000000000002883,https://www.scopus.com/pages/publications/85160949806?origin=resultslist,"There is a rapidly growing body of evidence for the application of virtual reality (VR) in pain management, however, with varying effectiveness. Little is known about patient-related and VR-related factors affecting efficacy of VR. A systematic review and meta-analysis was performed including 122 randomised controlled trials (9138 patients), reporting on subjectively reported pain scores comparing an immersive VR intervention to a non-VR control group. Virtual reality significantly reduced pain in the pooled analysis (standardized mean difference = -0.65, 95% CI -0.76 to -0.54, P < 0.001). Subgroup analyses showed no significant differences between type of pain, ie, VR effects were similar in acute, chronic, and procedural pain conditions. Univariate and multivariate meta-regression analyses were performed to investigate the effect of intervention, patient, and pain characteristics on VR. Virtual reality effectively reduced pain, especially in patients reporting moderate to severe pain and in younger subjects. Studies comparing VR with a control group receiving no distraction methods were associated with higher effect sizes. The effect of VR was not related to a specific frequency or duration of use. Type of software and interaction level were related to VR effects in the univariable, but not in the multivariable, meta-regression analysis. Heterogeneity was considerable for all meta-analyses, and risk of bias was moderate to high in most included studies. Studies on mechanisms behind VR analgesia in younger patients and patients reporting moderate to severe pain are recommended to confirm our hypotheses while taking into account risk of bias and the comparator. Optimal application of VR using treatment modules for long-term pain conditions are an important issue for future research. © 2023 Lippincott Williams and Wilkins. All rights reserved.",2023,2026-05-15 01:57:14,2026-05-15 01:57:14,,1658 - 1665,,8,164,,,,,,,,,,,,,,,,,Type: Review,<p>Cited by: 52; All Open Access; Green Open Access; Hybrid Gold Open Access</p>,,,,,,,,,,,,,,,,,,,,,,,,,,,,,,,,,,,,,,,,,,,,,,,,,,,Scopus,pass,,Pain,SJR,,Q1,Cat3 [Clinical / Medical],Cat3 [Clinical / Medical]::\bpatient[s]?\b | Cat3 [Clinical / Medical]::\bpain\s+management\b
LV25BQ6R,journalArticle,2023,"Behrens, Simone C; Tesch, Joachim; Sun, Philine J.B.; Starke, Sebastian; Black, Michael J; Schneider, Hannah; Pruccoli, Jacopo; Zipfel, Stephan; Giel, Katrin E.",Virtual Reality Exposure to a Healthy Weight Body Is a Promising Adjunct Treatment for Anorexia Nervosa,Psychotherapy and Psychosomatics,,00333190,10.1159/000530932,https://www.scopus.com/pages/publications/85163801730?origin=resultslist,"Introduction/Objective: Treatment results of anorexia nervosa (AN) are modest, with fear of weight gain being a strong predictor of treatment outcome and relapse. Here, we present a virtual reality (VR) setup for exposure to healthy weight and evaluate its potential as an adjunct treatment for AN. Methods: In two studies, we investigate VR experience and clinical effects of VR exposure to higher weight in 20 women with high weight concern or shape concern and in 20 women with AN. Results: In study 1, 90% of participants (18/20) reported symptoms of high arousal but verbalized low to medium levels of fear. Study 2 demonstrated that VR exposure to healthy weight induced high arousal in patients with AN and yielded a trend that four sessions of exposure improved fear of weight gain. Explorative analyses revealed three clusters of individual reactions to exposure, which need further exploration. Conclusions: VR exposure is a well-accepted and powerful tool for evoking fear of weight gain in patients with AN. We observed a statistical trend that repeated virtual exposure to healthy weight improved fear of weight gain with large effect sizes. Further studies are needed to determine the mechanisms and differential effects. © 2023 The Author(s). Published by S. Karger AG, Basel. This article is licensed under the Creative Commons Attribution 4.0 International License (CC BY). Usage, derivative works and distribution are permitted provided that proper credit is given to the author and the original publisher.",2023,2026-05-15 01:57:14,2026-05-15 01:57:14,,170 - 179,,3,92,,,,,,,,,,,,,,,,,Type: Article,<p>Cited by: 18; All Open Access; Green Open Access; Hybrid Gold Open Access</p>,,,,,,,,,,,,,,,,,,,,,,,,,,,,,,,,,,,,,,,,,,,,,,,,,,,Scopus,pass,,Psychotherapy and Psychosomatics,SJR,,Q1,Cat3 [Clinical / Medical],Cat3 [Clinical / Medical]::\bpatient[s]?\b
SHBHL2PQ,journalArticle,2023,"Huang, Tseng-Lung; Chung, Henry F.L.; Chen, Xiang",Digital modality richness drives vivid memory experience,Journal of Research in Interactive Marketing,,20407122,10.1108/JRIM-10-2022-0334,https://www.scopus.com/pages/publications/85160664909?origin=resultslist,"Purpose: The purpose of this study is to clarify the role of various levels of modality richness [text-visual, audiovisual and augmented reality interactive technology (ARIT)] on vivid memories (visual sensory detailed, emotionally intense, first-person perspective and coherent) and exploratory behavior. To clarify which modality richness online retailers use is more appropriate to create a virtual reality simulation experience to fill a significant gap in the sensory interactive marketing paradigm. Design/methodology/approach: A task-based laboratory study was conducted to provide users with private try-on space. A total of 429 valid questionnaires were collected, and partial least squares path modeling was adopted to test hypotheses. Findings: The results indicate that various levels of modality richness (text-visual, audiovisual and ARIT) positively affect vivid memories (visual sensory detailed, emotionally intense, first-person perspective and coherent), and vivid memories successfully induce exploratory behavior. Practical implications: The study results could also help retailers and brands with clear guidance in designing and creating simulation experience services and choosing the best way to present products. With the results of this research, retailers will also be able to grasp better the critical points of introducing innovative technology into the service experience and then create the benefits of digital economic growth. Originality/value: Exploring which digital interactive technology online retailers use is more appropriate to create a virtual reality shopping experience to fill a significant gap in the sensory interactive marketing paradigm. Exploring the antecedents of vivid memories in a digital sensory interactive experience contributes to the body schema literature and the script theory. We draw from construal level theory (CLT) to clarify the impact of various levels of modality richness on driving the difference in sensory simulation schema to break through the limited findings of previous studies, namely using CLT to interpret psychological distance. © 2023, Emerald Publishing Limited.",2023,2026-05-15 01:57:17,2026-05-15 01:57:17,,921 - 939,,6,17,,,,,,,,,,,,,,,,,Type: Article,<p>Cited by: 19</p>,,,,,,,,,,,,,,,,,,,,,,,,,,,,,,,,,,,,,,,,,,,,,,,,,,,Scopus,pass,,Journal of Research in Interactive Marketing,SJR,,Q1,Cat1 [Not VR / Out of Scope],Cat1 [Not VR / Out of Scope]::\baugmented reality\b
NL6FW74J,journalArticle,2023,"Chu, Liting; Shen, Li; Ma, Chenhuan; Chen, Jinjin; Tian, Yuan; Zhang, Chuncao; Gong, Zilan; Li, Mengfan; Wang, Chengjie; Pan, Lizhu; Zhu, Peiying; Wu, Danmai; Wang, Yu; Yu, Guangjun",Effects of a Nonwearable Digital Therapeutic Intervention on Preschoolers With Autism Spectrum Disorder in China: Open-Label Randomized Controlled Trial,Journal of Medical Internet Research,,14388871,10.2196/45836,https://www.scopus.com/pages/publications/85168598960?origin=resultslist,"Background: Autism spectrum disorder (ASD) is a neurodevelopmental disorder that can cause difficulty with communication and social interactions as well as complicated family dynamics. Digital health interventions can reduce treatment costs and promote healthy lifestyle changes. These therapies can be adjunctive or replace traditional treatments. However, issues with cooperation and compliance prevent preschool patients with ASD from applying these tools. In this open-label, randomized controlled trial, we developed a nonwearable digital therapy called virtual reality–incorporated cognitive behavioral therapy (VR-CBT). Objective: The aim of this study was to assess the adjunctive function of VR-CBT by comparing the effects of VR-CBT plus learning style profile (LSP) intervention with those of LSP-only intervention in preschool children with ASD. Methods: This trial was performed in China on 78 preschool children (age 3-6 years, IQ>70) diagnosed with ASD who were randomized to receive a 20-week VR-CBT plus LSP intervention (intervention group, 39/78, 50%) or LSP intervention only (control group, 39/78, 50%). The primary outcome was the change of scores from baseline to week 20, assessed by using the parent-rated Autism Behavior Checklist (ABC). Secondary outcomes included the Childhood Autism Rating Scale (CARS), Attention-Deficit/Hyperactivity Disorder Rating Scale-IV (ADHD-RS-IV), and behavioral performance data (accuracy and reaction time) in go/no-go tasks. All primary and secondary outcomes were analyzed in the intention-to-treat population. Results: After the intervention, there was an intervention effect on total ABC (β=–5.528; P<.001) and CARS scores (β=–1.365; P=.02). A similar trend was observed in the ABC subscales: sensory (β=–1.133; P=.047), relating (β=–1.512; P=.03), body and object use (β=–1.211; P=.03), and social and self-help (β=–1.593; P=.03). The intervention also showed statistically significant effects in improving behavioral performance (go/no-go task, accuracy, β=2.923; P=.04). Moreover, a significant improvement of ADHD hyperactivity-impulsivity symptoms was observed in 53 children with comorbid ADHD based on ADHD-RS-IV (β=–1.269; P=.02). No statistically significant intervention effect was detected in the language subscale of ABC (β=–.080; P=.83). Intervention group girls had larger improvements in ABC subscales, that is, sensory and body and object use and in the CARS score and accuracy of go/no-go task (all P<.05) than the control group girls. Statistically significant intervention effects could be observed in hyperactivity-impulsivity symptoms in the intervention group boys with comorbid ADHD compared with those in the control group boys (β=–1.333; P=.03). Conclusions: We found potentially positive effects of nonwearable digital therapy plus LSP on core symptoms associated with ASD, leading to a modest improvement in the function of sensory, motor, and response inhibition, while reducing impulsivity and hyperactivity in preschoolers with both ASD and ADHD. VR-CBT was found to be an effective and feasible adjunctive digital tool. ©Liting Chu, Li Shen, Chenhuan Ma, Jinjin Chen, Yuan Tian, Chuncao Zhang, Zilan Gong, Mengfan Li, Chengjie Wang, Lizhu Pan, Peiying Zhu, Danmai Wu, Yu Wang, Guangjun Yu.",2023,2026-05-15 01:57:22,2026-05-15 01:57:22,,,,,25,,,,,,,,,,,,,,,,,Type: Article,<p>Cited by: 33; All Open Access; Gold Open Access; Green Open Access</p>,,,,,,,,,,,,,,,,,,,,,,,,,,,,,,,,,,,,,,,,,,,,,,,,,,,Scopus,pass,,Journal of Medical Internet Research,SJR,,Q1,Cat3 [Clinical / Medical],Cat3 [Clinical / Medical]::\bcognitive\s+(?:behavioural|behavioral)\s+therapy\b | Cat3 [Clinical / Medical]::\btherapeutic\s+intervention\b | Cat3 [Clinical / Medical]::\bpatient[s]?\b | Cat3 [Clinical / Medical]::\bautism\s+spectrum\b
AWY5AXSN,journalArticle,2023,"Suglia, Vladimiro; Brunetti, Antonio; Pasquini, Guido; Caputo, Mariapia; Marvulli, Tommaso Maria; Sibilano, Elena; Della Bella, Sara; Carrozza, Paola; Beni, Chiara; Naso, David; Monaco, Vito; Cristella, Giovanna; Bevilacqua, Vitoantonio; Buongiorno, Domenico",A Serious Game for the Assessment of Visuomotor Adaptation Capabilities during Locomotion Tasks Employing an Embodied Avatar in Virtual Reality,Sensors,,14248220,10.3390/s23115017,https://www.scopus.com/pages/publications/85161596974?origin=resultslist,"The study of visuomotor adaptation (VMA) capabilities has been encompassed in various experimental protocols aimed at investigating human motor control strategies and/or cognitive functions. VMA-oriented frameworks can have clinical applications, primarily in the investigation and assessment of neuromotor impairments caused by conditions such as Parkinson’s disease or post-stroke, which affect the lives of tens of thousands of people worldwide. Therefore, they can enhance the understanding of the specific mechanisms of such neuromotor disorders, thus being a potential biomarker for recovery, with the aim of being integrated with conventional rehabilitative programs. Virtual Reality (VR) can be entailed in a framework targeting VMA since it allows the development of visual perturbations in a more customizable and realistic way. Moreover, as has been demonstrated in previous works, a serious game (SG) can further increase engagement thanks to the use of full-body embodied avatars. Most studies implementing VMA frameworks have focused on upper limb tasks and have utilized a cursor as visual feedback for the user. Hence, there is a paucity in the literature about VMA-oriented frameworks targeting locomotion tasks. In this article, the authors present the design, development, and testing of an SG-based framework that addresses VMA in a locomotion activity by controlling a full-body moving avatar in a custom VR environment. This workflow includes a set of metrics to quantitatively assess the participants’ performance. Thirteen healthy children were recruited to evaluate the framework. Several quantitative comparisons and analyses were run to validate the different types of introduced visuomotor perturbations and to evaluate the ability of the proposed metrics to describe the difficulty caused by such perturbations. During the experimental sessions, it emerged that the system is safe, easy to use, and practical in a clinical setting. Despite the limited sample size, which represents the main limitation of the study and can be compensated for with future recruitment, the authors claim the potential of this framework as a useful instrument for quantitatively assessing either motor or cognitive impairments. The proposed feature-based approach gives several objective parameters as additional biomarkers that can integrate the conventional clinical scores. Future studies might investigate the relation between the proposed biomarkers and the clinical scores for specific disorders such as Parkinson’s disease and cerebral palsy. © 2023 by the authors.",2023,2026-05-15 01:57:23,2026-05-15 01:57:23,,,,11,23,,,,,,,,,,,,,,,,,Type: Article,<p>Cited by: 10; All Open Access; Gold Open Access; Green Open Access</p>,,,,,,,,,,,,,,,,,,,,,,,,,,,,,,,,,,,,,,,,,,,,,,,,,,,Scopus,pass,,Sensors,SJR,,Q1,Cat3 [Clinical / Medical],Cat3 [Clinical / Medical]::\bclinical\s+(?:trial|study|outcome|setting|population)\b
CEN7SLC3,journalArticle,2023,"B Aledi, Luciane; Flumignan, Carolina DQ; Trevisani, Virginia FM; Miranda Jr, Fausto",Interventions for motor rehabilitation in people with transtibial amputation due to peripheral arterial disease or diabetes,Cochrane Database of Systematic Reviews,,14651858,10.1002/14651858.CD013711.pub2,https://www.scopus.com/pages/publications/85160980757?origin=resultslist,"Background: Amputation is described as the removal of an external part of the body by trauma, medical illness or surgery. Amputations caused by vascular diseases (dysvascular amputations) are increasingly frequent, commonly due to peripheral arterial disease (PAD), associated with an ageing population, and increased incidence of diabetes and atherosclerotic disease. Interventions for motor rehabilitation might work as a precursor to enhance the rehabilitation process and prosthetic use. Effective rehabilitation can improve mobility, allow people to take up activities again with minimum functional loss and may enhance the quality of life (QoL). Strength training is a commonly used technique for motor rehabilitation following transtibial (below-knee) amputation, aiming to increase muscular strength. Other interventions such as motor imaging (MI), virtual environments (VEs) and proprioceptive neuromuscular facilitation (PNF) may improve the rehabilitation process and, if these interventions can be performed at home, the overall expense of the rehabilitation process may decrease. Due to the increased prevalence, economic impact and long-term rehabilitation process in people with dysvascular amputations, a review investigating the effectiveness of motor rehabilitation interventions in people with dysvascular transtibial amputations is warranted. Objectives: To evaluate the benefits and harms of interventions for motor rehabilitation in people with transtibial (below-knee) amputations resulting from peripheral arterial disease or diabetes (dysvascular causes). Search methods: We used standard, extensive Cochrane search methods. The latest search date was 9 January 2023. Selection criteria: We included randomised controlled trials (RCT) in people with transtibial amputations resulting from PAD or diabetes (dysvascular causes) comparing interventions for motor rehabilitation such as strength training (including gait training), MI, VEs and PNF against each other. Data collection and analysis: We used standard Cochrane methods. Our primary outcomes were 1. prosthesis use, and 2. adverse events. Our secondary outcomes were 3. mortality, 4. QoL, 5. mobility assessment and 6. phantom limb pain. We use GRADE to assess certainty of evidence for each outcome. Main results: We included two RCTs with a combined total of 30 participants. One study evaluated MI combined with physical practice of walking versus physical practice of walking alone. One study compared two different gait training protocols. The two studies recruited people who already used prosthesis; therefore, we could not assess prosthesis use. The studies did not report mortality, QoL or phantom limb pain. There was a lack of blinding of participants and imprecision as a result of the small number of participants, which downgraded the certainty of the evidence. We identified no studies that compared VE or PNF with usual care or with each other. MI combined with physical practice of walking versus physical practice of walking (one RCT, eight participants) showed very low-certainty evidence of no difference in mobility assessment assessed using walking speed, step length, asymmetry of step length, asymmetry of the mean amount of support on the prosthetic side and on the non-amputee side and Timed Up-and-Go test. The study did not assess adverse events. One study compared two different gait training protocols (one RCT, 22 participants). The study used change scores to evaluate if the different gait training strategies led to a difference in improvement between baseline (day three) and post-intervention (day 10). There were no clear differences using velocity, Berg Balance Scale (BBS) or Amputee Mobility Predictor with PROsthesis (AMPPRO) in training approaches in functional outcome (very low-certainty evidence). There was very low-certainty evidence of little or no difference in adverse events comparing the two different gait training protocols. Authors' conclusions: Overall, there is a paucity of research in the field of motor rehabilitation in dysvascular amputation. We identified very low-certainty evidence that gait training protocols showed little or no difference between the groups in mobility assessments and adverse events. MI combined with physical practice of walking versus physical practice of walking alone showed no clear difference in mobility assessment (very low-certainty evidence). The included studies did not report mortality, QoL, and phantom limb pain, and evaluated participants already using prosthesis, precluding the evaluation of prosthesis use. Due to the very low-certainty evidence available based on only two small trials, it remains unclear whether these interventions have an effect on the prosthesis use, adverse events, mobility assessment, mortality, QoL and phantom limb pain. Further well-designed studies that address interventions for motor rehabilitation in dysvascular transtibial amputation may be important to clarify this uncertainty. Copyright © 2023 The Cochrane Collaboration. Published by John Wiley & Sons, Ltd.",2023,2026-05-15 01:57:30,2026-05-15 01:57:30,,,,6,2023,,,,,,,,,,,,,,,,,Type: Article,<p>Cited by: 3; All Open Access; Green Open Access</p>,,,,,,,,,,,,,,,,,,,,,,,,,,,,,,,,,,,,,,,,,,,,,,,,,,,Scopus,pass,,Cochrane Database of Systematic Reviews,SJR,,Q1,Cat3 [Clinical / Medical],Cat3 [Clinical / Medical]::\brehabilitation\b | Cat3 [Clinical / Medical]::\bsurgery\b
MJVBDUZU,journalArticle,2024,"Ahmad, Christopher S; Hellwinkel, Justin E; Ahmed, Rifat; Alexander, Frank J; Reynolds, Alan W; Piasecki, Dana P; Bottiglieri, Thomas S; Lynch, T Sean; Popkin, Charles A; Saltzman, Bryan M; Trofa, David P",Impacts of the Early COVID-19 Pandemic on Depressive Symptoms and Mental Health Among Student-Athletes,Open Access Journal of Sports Medicine,,11791543,10.2147/OAJSM.S392977,https://www.scopus.com/pages/publications/85188240183?origin=resultslist,"Objective: Social distancing protocols due to the COVID-19 pandemic resulted in premature ending of athletic seasons and cancellation of upcoming seasons, placing significant stress on young athletes. Inability to play or forced early retirement has significant consequences on athlete’s mental health, as demonstrated by an extensive body of injury literature. We hypothesize that premature suspension and cancellation of athletic events due to the COVID-19 pandemic leads to higher incidence of depressive symptoms among high-school and collegiate athletes. Further, athletes who strongly derive their sense of self-worth centered around athletics would have higher rates of depressive symptoms. Methods: High school and collegiate athletes were evaluated for depressive symptoms, emotional health and athletic identity measures through validated assessment instruments from May 2020 through July 2020. The Patient-Reported Outcomes Measurement Information System Depression Computer Adaptive Test (PROMIS-10 Depression CAT), Veterans RAND-12 (VR-12), which comprises both a physical and mental health component, and Athletic Identity Measurement Scale (AIMS) were utilized. Results: Mental health assessments were completed by 515 athletes (52.4% male, 47.6% female;.84.5% collegiate, 15.5% high school). Female athletes scored significantly worse than males on VR-12 mental health assessments, as well as PROMIS-10 Depression scores; however, males scored significantly lower than females on VR-12 physical health assessments, irrespective of education level. Athletes who had strong associations with athletics as central to their personal identity exhibited worse psychologic impact on VR-12 mental health and PROMIS-10 Depression measures and female athletes in this cohort reported greater depressive symptoms than males. Conclusion: Social distancing protocols due to the COVID-19 pandemic have limited athlete’s ability to participate in sports at the training and competition level. Higher rates of depressive symptoms in high school and college athletes have resulted among female athletes and those who identify strongly as an athlete. © 2024 Ahmad et al.",2024,2026-05-15 01:57:30,2026-05-15 01:57:30,,19 - 28,,,15,,,,,,,,,,,,,,,,,Type: Article,<p>Cited by: 2; All Open Access; Gold Open Access; Green Open Access</p>,,,,,,,,,,,,,,,,,,,,,,,,,,,,,,,,,,,,,,,,,,,,,,,,,,,Scopus,pass,,Open Access Journal of Sports Medicine,SJR,,Q1,Cat3 [Clinical / Medical],Cat3 [Clinical / Medical]::\bpatient[s]?\b
WPIIJ9ZK,journalArticle,2023,"Cappadona, Irene; Ielo, Augusto; La Fauci, Margherita; Tresoldi, Maria; Settimo, Carmela; De Cola, Maria Cristina; Muratore, Rosalia; De Domenico, Carmela; Di Cara, Marcella; Corallo, Francesco; Tripodi, Emanuela; Impallomeni, Caterina; Quartarone, Angelo; Cucinotta, Francesca",Feasibility and Effectiveness of Speech Intervention Implemented with a Virtual Reality System in Children with Developmental Language Disorders: A Pilot Randomized Control Trial,Children,,22279067,10.3390/children10081336,https://www.scopus.com/pages/publications/85168870693?origin=resultslist,"Language disorders are characterized by impairments in verbal expression/understanding, including difficulties with one or more language components. The Virtual Reality Rehabilitation System (VRRS) is a bioelectromedical device equipped with exercise sections aimed at improving cognitive and language deficits. It also increases patient motivation and engagement. The aim of our study was to test the feasibility and efficacy of VRRS intervention to improve speech therapy treatment for children with speech disorders. Thirty-two patients were enrolled in this study and randomly assigned to the experimental (EG) or control group (CG). The CG underwent conventional speech therapy, while EG underwent VRRS-implemented speech therapy. Both groups were evaluated before (T0) and after (T1) the intervention using the Language Assessment Test. The results showed improvements in both groups. However, the EG group showed greater improvement in various areas, including comprehension of total words, repetition, naming of body parts, naming of everyday objects, total naming, morphosyntactic accuracy, sentence construction, average length of utterance, and spontaneous word production. This study demonstrated that VRRS can be a valuable tool for implementing effective speech rehabilitation. Further studies are needed, as the use of VRRS is still in its early stages, requiring larger samples sizes and long-term follow-up. © 2023 by the authors.",2023,2026-05-15 01:57:30,2026-05-15 01:57:30,,,,8,10,,,,,,,,,,,,,,,,,Type: Article,<p>Cited by: 15; All Open Access; Gold Open Access; Green Open Access</p>,,,,,,,,,,,,,,,,,,,,,,,,,,,,,,,,,,,,,,,,,,,,,,,,,,,Scopus,pass,,Children,SJR,,Q1,Cat3 [Clinical / Medical],Cat3 [Clinical / Medical]::\brehabilitation\b | Cat3 [Clinical / Medical]::\bpatient[s]?\b
8K79TNRA,journalArticle,2023,"Zhao, Qian; He, Yapeng; Wu, Ning; Wang, Lili; Dai, Jinghua; Wang, Juzi; Ma, Ji",Non-Pharmacological Interventions to Improve Physical Function in Patients with End-Stage Renal Disease: A Network Meta-Analysis,American Journal of Nephrology,,02508095,10.1159/000530219,https://www.scopus.com/pages/publications/85160873911?origin=resultslist,"Introduction: Chronic kidney disease is estimated to become the fifth leading cause of death globally by 2040. Due to the high incidence of fatigue in patients with end-stage renal disease without reliable pharmacological treatments, more and more studies on non-pharmacological interventions to improve physical function appear; which might be the best approach remains unknown. This study aimed to compare and rank the efficacy of all known non-pharmacological interventions on improving physical function from multiple outcomes for adults with end-stage renal disease. Methods: This systematic review and network meta-analysis included searches of PubMed, Embase, CINAHL, and Cochrane Library from inception to September 1, 2022, for randomized controlled trials of non-pharmacological interventions to improve physical function in adults with end-stage renal disease. Literature screening, data extraction, and quality appraisal were performed systematically by two independent reviewers. The frequentist random-effect network meta-analysis was adopted to pool the evidence from five outcomes, namely, 6-min walk test, handgrip strength, knee extension strength, physical component summary, and mental component summary, respectively. Results: A total of 1,921 citations were identified by this search, of which 44 eligible trials enrolled 2,250 participants, and 16 interventions were identified. All subsequent figures refer to comparisons with usual care. For increasing walking distance, the combined resistance and aerobic exercise with virtual reality or music were the most effective interventions, with a mean difference plus 95% confidence interval of 90.69 (8.92-172.46) and 92.59 (23.13-162.06), respectively. Resistance exercise with blood flow restriction (8.13, 0.09-16.17) was the best treatment to improve handgrip strength. Combined resistance and aerobic exercise (11.93, 3.63-20.29) and whole-body vibration (6.46, 1.71-11.20) were associated with improving knee extension strength. For life quality, all treatment effects did not show statistically significant differences. Conclusions: It was found via network meta-analysis that combined resistance and aerobic exercise is the most effective intervention. Besides, if virtual reality or music is added to the training, there will be better results. Resistance exercise with blood flow restriction and whole-body vibration might be good alternative treatments for improving muscle strength. None of the interventions improved quality of life, suggesting a need for alternative interventions in this regard. The results of this study contribute evidence-based data to decision-making. © 2023 Authors. All rights reserved.",2023,2026-05-15 01:57:34,2026-05-15 01:57:34,,35 - 41,,1-2,54,,,,,,,,,,,,,,,,,Type: Article,<p>Cited by: 6</p>,,,,,,,,,,,,,,,,,,,,,,,,,,,,,,,,,,,,,,,,,,,,,,,,,,,Scopus,pass,,American Journal of Nephrology,SJR,,Q1,Cat3 [Clinical / Medical],Cat3 [Clinical / Medical]::\bpatient[s]?\b
UYAAHKQJ,journalArticle,2023,"Betka, Sophie; Kannape, Oliver Alan; Fasola, Jemina; Lance, Florian; Cardin, Sylvain; Schmit, Aline; Similowski, Thomas; Soccal, Paola Marina; Herbelin, Bruno; Adler, Dan; Blanke, Olaf",Virtual reality intervention alleviates dyspnoea in patients recovering from COVID-19 pneumonia,ERJ Open Research,,23120541,10.1183/23120541.00570-2022,https://www.scopus.com/pages/publications/85177656345?origin=resultslist,"Background Immersive virtual reality (iVR)-based digital therapeutics are gaining clinical attention in the field of pain management. Based on known analogies between pain and dyspnoea, we investigated the effects of visual respiratory feedback on persistent dyspnoea in patients recovering from coronavirus disease 2019 (COVID-19) pneumonia. Methods We performed a controlled, randomised, single-blind, crossover proof-of-concept study (feasibility and initial clinical efficacy) to evaluate an iVR-based intervention to alleviate dyspnoea in patients recovering from COVID-19 pneumonia. Included patients reported persistent dyspnoea (⩾5 on a 10-point scale) and preserved cognitive function (Montreal Cognitive Assessment score >24). Assignment was random and concealed. Patients received synchronous (intervention) or asynchronous (control) feedback of their breathing, embodied via a gender-matched virtual body. The virtual body flashed in a waxing and waning visual effect that could be synchronous or asynchronous to the patient’s respiratory movements. Outcomes were assessed using questionnaires and breathing recordings. Results Study enrolment was open between November 2020 and April 2021. 26 patients were enrolled (27% women; median age 55 years, interquartile range (IQR) 18 years). Data were available for 24 of 26 patients. The median rating on a 7-point Likert scale of breathing comfort improved from 1 (IQR 2) at baseline to 2 (IQR 1) for synchronous feedback, but remained unchanged at 1 (IQR 1.5) for asynchronous feedback (p<0.05 between iVR conditions). Moreover, 91.2% of all patients were satisfied with the intervention (p<0.0001) and 66.7% perceived it as beneficial for their breathing (p<0.05). Conclusion Our iVR-based digital therapy presents a feasible and safe respiratory rehabilitation tool that improves breathing comfort in patients recovering from COVID-19 infection presenting with persistent dyspnoea. Future research should investigate the intervention’s generalisability to persistent dyspnoea with other aetiologies and its potential for preventing chronification. © The authors 2023.",2023,2026-05-15 01:57:35,2026-05-15 01:57:35,,,,6,9,,,,,,,,,,,,,,,,,Type: Article,<p>Cited by: 11; All Open Access; Gold Open Access; Green Open Access</p>,,,,,,,,,,,,,,,,,,,,,,,,,,,,,,,,,,,,,,,,,,,,,,,,,,,Scopus,pass,,ERJ Open Research,SJR,,Q1,Cat3 [Clinical / Medical],Cat3 [Clinical / Medical]::\brehabilitation\b | Cat3 [Clinical / Medical]::\bpatient[s]?\b | Cat3 [Clinical / Medical]::\bpain\s+management\b
BQ7YWD5A,journalArticle,2023,"Oh, Saewoong; Song, Tae-Eun; Mahato, Manmatha; Kim, Ji-Seok; Yoo, Hyunjoon; Lee, Myung-Joon; Khan, Mannan; Yeo, Woon-Hong; Oh, Il-Kwon",Easy-To-Wear Auxetic SMA Knot-Architecture for Spatiotemporal and Multimodal Haptic Feedbacks,Advanced Materials,,09359648,10.1002/adma.202304442,https://www.scopus.com/pages/publications/85173438108?origin=resultslist,"Wearable haptic interfaces prioritize user comfort, but also value the ability to provide diverse feedback patterns for immersive interactions with the virtual or augmented reality. Here, to provide both comfort and diverse tactile feedback, an easy-to-wear and multimodal wearable haptic auxetic fabric (WHAF) is prepared by knotting shape-memory alloy wires into an auxetic-structured fabric. This unique meta-design allows the WHAF to completely expand and contract in 3D, providing superior size-fitting and shape-fitting capabilities. Additionally, a microscale thin layer of Parylene is coated on the surface to create electrically separated zones within the WHAF, featuring zone-specified actuation for conveying diverse spatiotemporal information to users with using the WHAF alone. Depending on the body part it is worn on, the WHAF conveys either cutaneous or kinesthetic feedback, thus, working as a multimodal wearable haptic interface. As a result, when worn on the forearm, the WHAF intuitively provides spatiotemporal information to users during hands-free navigation and teleoperation in virtual reality, and when worn on the elbow, the WHAF guides users to reach the desired elbow flexion, like a personal exercise advisor. © 2023 Wiley-VCH GmbH.",2023,2026-05-15 01:57:37,2026-05-15 01:57:37,,,,47,35,,,,,,,,,,,,,,,,,Type: Article,<p>Cited by: 47; All Open Access; Bronze Open Access</p>,,,,,,,,,,,,,,,,,,,,,,,,,,,,,,,,,,,,,,,,,,,,,,,,,,,Scopus,pass,,Advanced Materials,SJR,,Q1,Cat1 [Not VR / Out of Scope],Cat1 [Not VR / Out of Scope]::\baugmented reality\b
NYQ5A943,journalArticle,2023,"Senden, Rachel; Marcellis, Rik; Meijer, Kenneth; Willems, Paul; Lenssen, Ton; Staal, Heleen; Janssen, Yvonne; Groen, Vincent; Vermeulen, Roland Jeroen; Witlox, Marianne",Dataset of 3D gait analysis in typically developing children walking at three different speeds on an instrumented treadmill in virtual reality,Data in Brief,,23523409,10.1016/j.dib.2023.109142,https://www.scopus.com/pages/publications/85153523258?origin=resultslist,"In this article, gait data of typically developing (TD) children (24 boys/31 girls, mean (95% confidence interval) age 9.38 (8.51 – 10.25) years, body mass 35.67 (31.40 – 39.94) kg, leg length 0.73 (0.70 – 0.76) m, and height 1.41 (1.35 – 1.46) m) walking at different walking speeds is shared publicly. Raw and processed data is presented for each child separately and includes data of each single step of both legs. Beside, the subject demographics and the results from the physical examination are presented allowing to select TD children from the database to create a matched group, based on specific parameters (e.g. sex and body weight). For clinical application, gait data is also presented per age group, which provides quick insight into the normal gait pattern of TD children of varying age. Gait analysis was performed during treadmill walking in a virtual environment using the Computer Assisted Rehabilitation Environment (CAREN). The human body lower limb model with trunk markers (HBM2) was used as biomechanical model. Children walked at comfortable walking speed, 30% slower and 30% faster (random sequence) while wearing gymnastic shoes and a safety harness to prevent falling. For each speed condition, 250 steps were recorded. Data quality check, step detection and the calculation of gait parameters was done by custom made Matlab algorithms. Raw data files are provided per walking speed, for each child separately. The raw data is exported from the CAREN software (D-flow) and is provided in.mox and.txt files. It includes the output from the models such as subject data, marker and force data, kinematic data (joint angles), kinetic data (joint moments, GRFs, joint powers), as well as CoM data and EMG data (the last two are not described in this manuscript), for each speed condition and each child. Unfiltered and filtered data are included. C3D files with raw marker and GRF data were recorded in Nexus (Vicon software) and are available upon request. After analyzing the raw data into Matlab (R2016a, Mathworks) using custom made Matlab algorithms, processed data is obtained. The processed data is provided in.xls files and is also presented for each child separately. It contains spatiotemporal parameters, 3D joint angles, anterior-posterior and vertical ground reaction forces (GRF), 3D joint moments and sagittal joint power of each step of the left and right leg. In addition to each individual's data, overview files (.xls) are created per walking speed condition. These overviews present the averaged gait parameter (e.g. joint angle), calculated over all valid steps, of each child. © 2023 The Author(s)",2023,2026-05-15 01:57:41,2026-05-15 01:57:41,,,,,48,,,,,,,,,,,,,,,,,Type: Data paper,<p>Cited by: 14; All Open Access; Gold Open Access; Green Open Access</p>,,,,,,,,,,,,,,,,,,,,,,,,,,,,,,,,,,,,,,,,,,,,,,,,,,,Scopus,pass,,Data in Brief,SJR,,Q1,Cat3 [Clinical / Medical],Cat3 [Clinical / Medical]::\brehabilitation\b
ZQ7KDQVN,journalArticle,2023,"Liang, Nana; Li, Xinrong; Guo, Xianju; Liu, Sha; Liu, Yao; Zhao, Wentao; Wen, Yujiao; Li, Yue; Li, Jing; Li, Fangya; Wu, Haiyan; Li, Jianhong; Li, Qiqi; Guo, Jianxia; Xu, Yong",P50 sensory gating as a neurophysiological correlate of symptomatic improvement by virtual reality-based computer avatar therapy system in patients with auditory verbal hallucinations: A pilot study,Schizophrenia Research,,,10.1016/j.schres.2023.01.023,https://www.scopus.com/pages/publications/85146828681?origin=resultslist,,2023,2026-05-15 01:57:43,2026-05-15 01:57:43,,296 - 299,,,252,,,,,,,,,,,,,,,,,Type: Letter,<p>Cited by: 5</p>,,,,,,,,,,,,,,,,,,,,,,,,,,,,,,,,,,,,,,,,,,,,,,,,,,,Scopus,hold,要旨なしのため判定不能(フェイルセーフで保留),Schizophrenia Research,SJR,,Q1,Cat3 [Clinical / Medical],Cat3 [Clinical / Medical]::\bpatient[s]?\b
XA8P6FBX,journalArticle,2023,"Sunkara, Charvi; Thakkar, Rajvi; Ong, Triton; Bunnell, Brian E.",Characterizing Consumer Smartphone Apps for Virtual Reality–Based Exposure Therapy: Content Analysis,Journal of Medical Internet Research,,14388871,10.2196/41807,https://www.scopus.com/pages/publications/85152627480?origin=resultslist,"Background: In vivo exposure therapy is the most effective treatment for phobias but is often impractical. Virtual reality exposure therapy (VRET) can help overcome critical barriers to in vivo exposure therapy. However, accessible mobile software related to VRET is not well understood. Objective: The purpose of our study is to describe the landscape of accessible smartphone apps with potential utility for clinical VRET. Methods: We conducted a content analysis of publicly available smartphone apps related to virtual reality on the Google Play Store and the Apple App Store as of March 2020. Results: The initial search yielded 525 apps, with 84 apps (52 on the Google Play Store and 32 on the Apple App Store) included for analysis. The most common phobic stimulus depicted was bodies of water or weather events (25/84, 29.8%), followed by heights (24/84, 28.6%), and animals (23/84, 27.4%). More than half of the apps were visually abstract (39/84, 53.5%). Most apps were free to use (48/84, 57.1%), while the rest were free to try (22/84, 26.2%) or required payment for use (14/84, 16.7%), with the highest cost for use being US $6. The average overall app rating was 2.9 stars out of 5, but the number of ratings ranged from 0 to 49,233. None of the 84 apps advertised compliance with the Health Insurance Portability and Accountability Act, offered the ability to monitor data, provided clinician control over variables in the app experiences, or explicitly stated use by or development with clinicians. Conclusions: None of the smartphone apps reviewed were explicitly developed for phobia therapy. However, 16 of the 84 included apps were considered ideal candidates to investigate further as part of treatment due to their accessibility, depiction of phobia-relevant stimuli, low or no cost, and high user scores. Most of these apps were visually abstract and free to use, making them accessible and potentially flexible as part of clinical exposure hierarchies. However, none of the apps were designed for clinical use, nor did they provide tools for clinician workflows. Formal evaluation of these accessible smartphone apps is needed to understand the clinical potential of accessible VRET solutions. © Charvi Sunkara, Rajvi Thakkar, Triton Ong, Brian E Bunnell. Originally published in the Journal of Medical Internet Research.",2023,2026-05-15 01:57:45,2026-05-15 01:57:45,,,,,25,,,,,,,,,,,,,,,,,Type: Article,<p>Cited by: 5; All Open Access; Gold Open Access; Green Open Access</p>,,,,,,,,,,,,,,,,,,,,,,,,,,,,,,,,,,,,,,,,,,,,,,,,,,,Scopus,pass,,Journal of Medical Internet Research,SJR,,Q1,Cat1 [Not VR / Out of Scope] | Cat3 [Clinical / Medical],Cat1 [Not VR / Out of Scope]::\bsmartphone\b | Cat3 [Clinical / Medical]::\bexposure\s+therapy\b | Cat3 [Clinical / Medical]::\bphobia\b
9YZHMR5X,journalArticle,2023,"Abbate, Gabriele; Giusti, Alessandro; Randazzo, Luca; Paolillo, Antonio","A mirror therapy system using virtual reality and an actuated exoskeleton for the recovery of hand motor impairments: a study of acceptability, usability, and embodiment",Scientific Reports,,20452322,10.1038/s41598-023-49571-7,https://www.scopus.com/pages/publications/85180247285?origin=resultslist,"Hand motor impairments are one of the main causes of disabilities worldwide. Rehabilitation procedures like mirror therapy are given crucial importance. In the traditional setup, the patient moves the healthy hand in front of a mirror; the view of the mirrored motion tricks the brain into thinking that the impaired hand is moving as well, stimulating the recovery of the lost hand functionalities. We propose an innovative mirror therapy system that leverages and couples cutting-edge technologies. Virtual reality recreates an immersive and effective mirroring effect; a soft hand exoskeleton accompanies the virtual visual perception by physically inducing the mirrored motion to the real hand. Three working modes of our system have been tested with 21 healthy users. The system is ranked as acceptable by the system usability scale; it does not provoke adverse events or sickness in the users, according to the simulator sickness questionnaire; the three execution modes are also compared w.r.t. the sense of embodiment, evaluated through another customized questionnaire. The achieved results show the potential of our system as a clinical tool and reveal its social and economic impact. © 2023, The Author(s).",2023,2026-05-15 01:57:45,2026-05-15 01:57:45,,,,1,13,,,,,,,,,,,,,,,,,Type: Article,<p>Cited by: 9; All Open Access; Gold Open Access; Green Open Access</p>,,,,,,,,,,,,,,,,,,,,,,,,,,,,,,,,,,,,,,,,,,,,,,,,,,,Scopus,pass,,Scientific Reports,SJR,,Q1,Cat3 [Clinical / Medical],Cat3 [Clinical / Medical]::\brehabilitation\b | Cat3 [Clinical / Medical]::\bpatient[s]?\b
WMA25LK5,journalArticle,2023,"Cerda, Lisa; Del-Monte, Jonathan; Graziani, Pierluigi",Social priming influences the perception of a virtual audience: Exploratory study,Current Psychology,,10461310,10.1007/s12144-021-01869-3,https://www.scopus.com/pages/publications/85106467265?origin=resultslist,"Virtual reality is an effective therapeutic tool in many psychiatric disorders. However, some patients are not very sensitive to these new treatments due to a difficulty in considering these virtual environments as plausible. The aim of this study is to evaluate the influence of conceptual priming on the perception of virtual environments in healthy participants. We primed participants with a pro-social, non-social or anti-social priming. The participants then had to present themselves for 2 min to an audience of avatars in a virtual amphitheater. We used the ITC-SOPI and the Presence scale to assess participants’ perception of the environments. Our results suggest that there are significant differences between the three priming conditions concerning the perception scale (F<sub>(2,75)</sub> = 4.579; p = 0.013). More specifically, the pro-social condition significantly favours the positive perception of a virtual audience compared to the anti-social condition (respectively: Mean = 33.31 / SD = 8.76; Mean = 25.38 / SD = 9.26; t = 3.249; p = 0.005). This study shows that an experimental priming task can influence the perception of an environment in virtual reality. Experimental priming can become a very interesting tool for maximizing the therapeutic effects of virtual reality in patients who are not very sensitive to digital tools. © 2021, The Author(s), under exclusive licence to Springer Science+Business Media, LLC, part of Springer Nature.",2023,2026-05-15 01:57:49,2026-05-15 01:57:49,,5441 - 5446,,7,42,,,,,,,,,,,,,,,,,Type: Article,<p>Cited by: 1</p>,,,,,,,,,,,,,,,,,,,,,,,,,,,,,,,,,,,,,,,,,,,,,,,,,,,Scopus,pass,,Current Psychology,SJR,,Q1,Cat3 [Clinical / Medical],Cat3 [Clinical / Medical]::\bpatient[s]?\b
2N5VKEF2,journalArticle,2023,"Stramba-Badiale, Chiara; Tuena, Cosimo; Goulene, Karine Marie; Cipresso, Pietro; Morelli, Sandra; Rossi, Mirko; D’Avenio, Giuseppe; Stramba-Badiale, Marco; Riva, Giuseppe",Enhancing spatial navigation skills in mild cognitive impairment patients: a usability study of a new version of ANTaging software,Frontiers in Human Neuroscience,,,10.3389/fnhum.2023.1310375,https://www.scopus.com/pages/publications/85182656233?origin=resultslist,"Introduction: Mild Cognitive Impairment (MCI) often presents challenges related to spatial navigation and retention of spatial information. Navigating space involves intricate integration of bodily and environmental cues. Spatial memory is dependent on two distinct frame of reference systems for organizing this information: egocentric and allocentric frames of reference. Virtual Reality (VR) has emerged as a promising technology for enhancing spatial navigation skills and spatial memory by facilitating the manipulation of bodily, environmental, and cognitive cues. Methods: This usability study was based on a fully within-subjects design in which seven MCI patients underwent two kinds of VR conditions: participants were required to complete the ANTaging demo both in Oculus Rift S (immersive condition) and in Samsung UHD 4K monitor (semi-immersive condition). Participants were seated and they had to use a foot-motion pad to navigate and explore the environment to collect and relocate some objects in the virtual environment. Post-interaction, users provided feedback on their experiences. Additionally, usability, potential side effects, data analysis feasibility, and user preferences with immersive and semi-immersive technologies were assessed through questionnaires. Results: Results indicated higher usability ratings for the semi-immersive setup, with fewer negative effects reported compared to the immersive counterpart. According to qualitative analyses of the interviews, patients do seem to like both VR apparatuses even though the semi-immersive condition was perceived as the most suitable choice because of the size of the screen. Patients generally found it difficult to remember object locations. Participants expressed the need for more practice with the foot-motion pad, despite an overall positive experience. They generally would like to use this system to improve their memory. Discussion: Identifying these key aspects was crucial for refining the system before the upcoming clinical trial. This study sheds light on the potential of semi-immersive VR in aiding individuals with MCI, paving the way for enhanced spatial navigation interventions. Copyright © 2024 Stramba-Badiale, Tuena, Goulene, Cipresso, Morelli, Rossi, D’Avenio, Stramba-Badiale and Riva.",2023,2026-05-15 01:57:51,2026-05-15 01:57:51,,,,,17,,,,,,,,,,,,,,,,,Type: Article,<p>Cited by: 6; All Open Access; Gold Open Access; Green Open Access</p>,,,,,,,,,,,,,,,,,,,,,,,,,,,,,,,,,,,,,,,,,,,,,,,,,,,Scopus,pass,,Frontiers in Human Neuroscience,SJR,,Q1,Cat3 [Clinical / Medical],Cat3 [Clinical / Medical]::\bpatient[s]?\b | Cat3 [Clinical / Medical]::\bclinical\s+(?:trial|study|outcome|setting|population)\b
XU4WMKLP,journalArticle,2024,"Liu, Justina Yat Wa; Mak, Pui Ying; Chan, Kitty; Cheung, Daphne Sze Ki; Cheung, Kin; Fong, Kenneth N.K.; Kor, Patrick Pui Kin; Lai, Timothy Kam Hung; Maximo, Tulio",The Effects of Immersive Virtual Reality-Assisted Experiential Learning on Enhancing Empathy in Undergraduate Health Care Students Toward Older Adults With Cognitive Impairment: Multiple-Methods Study,JMIR Medical Education,,23693762,10.2196/48566,https://www.scopus.com/pages/publications/85186260178?origin=resultslist,"Background: Immersive virtual reality (IVR)-assisted experiential learning has the potential to foster empathy among undergraduate health care students toward older adults with cognitive impairment by facilitating a sense of embodiment. However, the extent of its effectiveness, including enhancing students' learning experiences and achieving intended learning outcomes, remains underexplored. Objective: This study aims to evaluate the impacts of IVR-assisted experiential learning on the empathy of undergraduate health care students toward older people with cognitive impairment as the primary outcome (objective 1) and on their learning experience (objective 2) and their attainment of learning outcomes as the secondary outcomes (objective 3). Methods: A multiple-methods design was used, which included surveys, focus groups, and a review of the students' group assignments. Survey data were summarized using descriptive statistics, whereas paired 2-tailed t tests were used to evaluate differences in empathy scores before and after the 2-hour IVR tutorial (objective 1). Focus groups were conducted to evaluate the impacts of IVR-assisted experiential learning on the empathy of undergraduate health care students toward older people with cognitive impairment (objective 1). Descriptive statistics obtained from surveys and thematic analyses of focus groups were used to explore the students' learning experiences (objective 2). Thematic analysis of group assignments was conducted to identify learning outcomes (objective 3). Results: A total of 367 undergraduate nursing and occupational therapy students were recruited via convenience sampling. There was a significant increase in the students' empathy scores, measured using the Kiersma-Chen Empathy Scale, from 78.06 (SD 7.72) before to 81.17 (SD 8.93) after (P<.001). Students expressed high satisfaction with the IVR learning innovation, with a high satisfaction mean score of 20.68 (SD 2.55) and a high self-confidence mean score of 32.04 (SD 3.52) on the Student Satisfaction and Self-Confidence scale. Students exhibited a good sense of presence in the IVR learning environment, as reflected in the scores for adaptation (41.30, SD 6.03), interface quality (11.36, SD 3.70), involvement (62.00, SD 9.47), and sensory fidelity (31.47, SD 5.23) on the Presence Questionnaire version 2.0. In total, 3 major themes were identified from the focus groups, which involved 23 nursing students: enhanced sympathy toward older adults with cognitive impairment, improved engagement in IVR learning, and confidence in understanding the key concepts through the learning process. These themes supplement and align with the survey results. The analysis of the written assignments revealed that students attained the learning outcomes of understanding the challenges faced by older adults with cognitive impairment, the importance of providing person-centered care, and the need for an age-friendly society. Conclusions: IVR-assisted experiential learning enhances students' knowledge and empathy in caring for older adults with cognitive impairment. These findings suggest that IVR can be a valuable tool in professional health care education. © 2024 JMIR Publications Inc.. All rights reserved.",2024,2026-05-15 01:57:52,2026-05-15 01:57:52,,,,1,10,,,,,,,,,,,,,,,,,Type: Article,<p>Cited by: 31; All Open Access; Gold Open Access; Green Open Access</p>,,,,,,,,,,,,,,,,,,,,,,,,,,,,,,,,,,,,,,,,,,,,,,,,,,,Scopus,pass,,JMIR Medical Education,SJR,,Q1,Cat3 [Clinical / Medical],Cat3 [Clinical / Medical]::\boccupational\s+therapy\b
GQU39LN8,journalArticle,2023,"Bonura, Adriano; Motolese, Francesco; Capone, Fioravante; Iaccarino, Gianmarco; Alessiani, Michele; Ferrante, Mario; Calandrelli, Rosalinda; Di Lazzaro, Vincenzo; Pilato, Fabio",Smartphone App in Stroke Management: A Narrative Updated Review,Journal of Stroke,,22876391,10.5853/jos.2022.01410.e1,https://www.scopus.com/pages/publications/85163129675?origin=resultslist,"Journal of Stroke 2022;24(3):323-334 https://doi.org/10.5853/jos.2022.01410 In the article, there is a mistake in the references in Table 1. On pages 326 and 327, the references 22, 25, 29-35, 39-44, 46, 50-56, 58-61, 67-72, and 74-80 from Table 1 were misplaced in the previous version of the Review, and the correct table is as follows; (Table present) 22. Krishnamurthi R, Hale L, Barker-Collo S, Theadom A, Bhattacharjee R, George A, et al. Mobile technology for primary stroke preven-tion. Stroke 2019;50:196-8. 25. Mat Said Z, Musa KI, Tengku Ismail TA, Abdul Hamid A, Sahathevan R, Abdul Aziz Z, et al. The Effectiveness of Stroke Riskometer™ in improving stroke risk awareness in Malaysia: a study protocol of a cluster-randomized controlled trial. Neuroepidemiology 2021;55: 436-446. 29. Yao K, Wong KK, Yu X, Volpi J, Wong ST. An intelligent augmented lifelike avatar app for virtual physical examination of suspected strokes. Annu Int Conf IEEE Eng Med Biol Soc 2021;2021:1727-1730. 30. Nakae T, Kataoka H, Kuwata S, Iihara K. Smartphone-assisted prehospital medical information system for analyzing data on prehospi-tal stroke care. Stroke 2014;45:1501-1504. 31. Nogueira RG, Silva GS, Lima FO, Yeh YC, Fleming C, Branco D, et al. The FAST-ED App: a smartphone platform for the field triage of patients with stroke. Stroke 2017;48:1278-1284. 32. Lima FO, Silva GS, Furie KL, Frankel MR, Lev MH, Camargo ÉC, et al. Field assessment stroke triage for emergency destination: a simple and accurate prehospital scale to detect large vessel occlusion strokes. Stroke 2016;47:1997-2002. 33. Frank B, Fabian F, Brune B, Bozkurt B, Deuschl C, Nogueira RG, et al. Validation of a shortened FAST-ED algorithm for smartphone app guided stroke triage. Ther Adv Neurol Disord 2021;14:17562864211057639. 34. Mansour OY, Ramadan I, Elfatatry A, Hamdi M, Abudu A, Hassan T, et al. Using ESN-smartphone application to maximize AIS reperfu-sion therapy in Alexandria Stroke Network: a stroke chain of survival organizational model. Front Neurol 2021;12:597717. 35. Nam HS, Heo J, Kim J, Kim YD, Song TJ, Park E, et al. Development of smartphone application that aids stroke screening and identify-ing nearby acute stroke care hospitals. Yonsei Med J 2014;55:25-29. 39. Munich SA, Tan LA, Nogueira DM, Keigher KM, Chen M, Crowley RW, et al. Mobile real-time tracking of acute stroke patients and in-stant, secure inter-team communication: the Join App. Neurointervention 2017;12:69-76. 40. Martins SC, Weiss G, Almeida AG, Brondani R, Carbonera LA, de Souza AC, et al. Validation of a smartphone application in the evaluation and treatment of acute stroke in a comprehensive stroke center. Stroke 2020;51:240-246. 41. Takao H, Sakai K, Mitsumura H, Komatsu T, Yuki I, Takeshita K, et al. A smartphone application as a telemedicine tool for stroke care management. Neurol Med Chir (Tokyo) 2021;61:260-267. 42. Sakai K, Sato T, Komatsu T, Mitsumura H, Iguchi Y, Ishibashi T, et al. Communication-type smartphone application can contribute to reducing elapsed time to reperfusion therapy. Neurol Sci 2021;42:4563-4568. 43. Andrew BY, Stack CM, Yang JP, Dodds JA. mStroke: “Mobile Stroke”-improving acute stroke care with smartphone technology. J Stroke Cerebrovasc Dis 2017;26:1449-1456. 44. Noone ML, Moideen F, Krishna RB, Pradeep Kumar VG, Karadan U, Chellenton J, et al. Mobile app based strategy improves door-to-needle time in the treatment of acute ischemic stroke. J Stroke Cerebrovasc Dis 2020;29:105319. 46. Rubin MN, Fugate JE, Barrett KM, Rabinstein AA, Flemming KD. An acute stroke evaluation app: a practice improvement project. Neu-rohospitalist 2015;5:63-69. 50. Zhang MW, Chew PY, Yeo LL, Ho RC. The untapped potential of smartphone sensors for stroke rehabilitation and after-care. Technol Health Care 2016;24:139-143. 51. Lin NC, Hayward KS, D’Cruz K, Thompson E, Li X, Lannin NA. Validity and reliability of a smartphone inclinometer app for measuring passive upper limb range of motion in a stroke population. Disabil Rehabil 2020;42:3243-3249. 52. Lawson S, Tang Z, Feng J. Supporting stroke motor recovery through a mobile application: a pilot study. Am J Occup Ther 2017;71: 7103350010p1-7103350010p5. 53. Chae SH, Kim Y, Lee KS, Park HS. Development and clinical evaluation of a web-based upper limb home rehabilitation system using a smart-watch and machine learning model for chronic stroke survivors: prospective comparative study. JMIR Mhealth Uhealth 2020;8:e17216. 54. Hou YR, Chiu YL, Chiang SL, Chen HY, Sung WH. Development of a smartphone-based balance assessment system for subjects with stroke. Sensors (Basel) 2019;20:88. 55. Cai H, Lin T, Chen L, Weng H, Zhu R, Chen Y, et al. Evaluating the effect of immersive virtual reality technology on gait rehabilitation in stroke patients: a study protocol for a randomized controlled trial. Trials 2021;22:91. 56. Lee K. Speed-interactive pedaling training using smartphone virtual reality application for stroke patients: single-blinded, randomized clinical trial. Brain Sci 2019;9:295. 58. Hancock NJ, Collins K, Dorer C, Wolf SL, Bayley M, Pomeroy VM. Evidence-based practice ‘on-the-go’: using ViaTherapy as a tool to enhance clinical decision making in upper limb rehabilitation after stroke, a quality improvement initiative. BMJ Open Qual 2019;8:e000592. 59. Xu J, Qian X, Yuan M, Wang C. Effects of mobile phone App-based continuing nursing care on self-efficacy, quality of life, and motor function of stroke patients in the community. Acta Neurol Belg 2021 Mar 16 [Epub]. https://doi.org/10.1007/s13760-021-01628-y. 60. Li L, Huang J, Wu J, Jiang C, Chen S, Xie G, et al. A mobile health app for the collection of functional outcomes after inpatient stroke rehabilitation: pilot randomized controlled trial. JMIR Mhealth Uhealth 2020;8:e17219. 61. Allegue DR, Kairy D, Higgins J, Archambault P, Michaud F, Miller W, et al. Optimization of upper extremity rehabilitation by combining telerehabilitation with an exergame in people with chronic stroke: protocol for a mixed methods study. JMIR Res Protoc 2020;9:e14629. 67. Fruhwirth V, Berger L, Gattringer T, Fandler-Höfler S, Kneihsl M, Schwerdtfeger A, et al. Evaluation of a newly developed smartphone app for risk factor management in young patients with ischemic stroke: a pilot study. Front Neurol 2022;12:791545. 68. Seo WK, Kang J, Jeon M, Lee K, Lee S, Kim JH, et al. Feasibility of using a mobile application for the monitoring and management of stroke-associated risk factors. J Clin Neurol 2015;11:142-148. 69. Ifejika NL, Bhadane M, Cai CC, Noser EA, Grotta JC, Savitz SI. Use of a smartphone-based mobile app for weight management in obese minority stroke survivors: pilot randomized controlled trial with open blinded end point. JMIR Mhealth Uhealth 2020;8:e17816. 70. Ifejika NL, Noser EA, Grotta JC, Savitz SI. Swipe out stroke: feasibility and efficacy of using a smart-phone based mobile application to improve compliance with weight loss in obese minority stroke patients and their carers. Int J Stroke 2016;11:593-603. 71. Patomella AH, Farias L, Eriksson C, Guidetti S, Asaba E. Engagement in everyday activities for prevention of stroke: feasibility of an mHealth-supported program for people with TIA. Healthcare (Basel) 2021;9:968. 72. Kamal A, Khoja A, Usmani B, Magsi S, Malani A, Peera Z, et al. Effect of 5-minute movies shown via a mobile phone app on risk factors and mortality after stroke in a low-to middle-income country: randomized controlled trial for the stroke caregiver dyad education intervention (Movies4Stroke). JMIR Mhealth Uhealth 2020;8:e12113. 74. Beerten SG, Proesmans T, Vaes B. A heart rate monitoring app (FibriCheck) for atrial fibrillation in general practice: pilot usability study. JMIR Form Res 2021;5:e24461. 75. Santala OE, Halonen J, Martikainen S, Jäntti H, Rissanen TT, Tarvainen MP, et al. Automatic mobile health arrhythmia monitoring for the detection of atrial fibrillation: prospective feasibility, accuracy, and user experience study. JMIR Mhealth Uhealth 2021;9:e29933. 76. Tu HT, Chen Z, Swift C, Churilov L, Guo R, Liu X, et al. Smartphone electrographic monitoring for atrial fibrillation in acute ischemic stroke and transient ischemic attack. Int J Stroke 2017;12:786-789. 77. Magnusson P, Lyren A, Mattsson G. Diagnostic yield of chest and thumb ECG after cryptogenic stroke, Transient ECG Assessment in Stroke Evaluation (TEASE): an observational trial. BMJ Open 2020;10:e037573. 78. Magnusson P, Koyi H, Mattsson G. A protocol for a prospective observational study using chest and thumb ECG: transient ECG assessment in stroke evaluation (TEASE) in Sweden. BMJ Open 2018;8:e019933. 79. Kapoor A, Hayes A, Patel J, Patel H, Andrade A, Mazor K, et al. Usability and perceived usefulness of the AFib 2gether mobile app in a clinical setting: single-arm intervention study. JMIR Cardio 2021;5:e27016. 80. Kapoor A, Andrade A, Hayes A, Mazor K, Possidente C, Nolen K, et al. Usability, perceived usefulness, and shared decision-making features of the AFib 2gether mobile app: protocol for a single-arm intervention study. JMIR Res Protoc 2021;10:e21986. On page 328, there is a misplaced reference in the previous version of the article (56 instead of 55). The correct reference is as follows: “Speed interactive pedalling training (SIPT), for example, using smartphone-based motion-tracking technology has been shown to improve strength, balance, and gait in stroke patients.<sup>55</sup>” 55. Cai H, Lin T, Chen L, Weng H, Zhu R, Chen Y, et al. Evaluating the effect of immersive virtual reality technology on gait rehabilitation in stroke patients: a study protocol for a randomized controlled trial. Trials 2021;22:91. We apologize for any inconvenience that this may have caused. © 2023 Korean Stroke Society.",2023,2026-05-15 01:57:53,2026-05-15 01:57:53,,320 - 324,,2,25,,,,,,,,,,,,,,,,,Type: Erratum,<p>Cited by: 5; All Open Access; Gold Open Access; Green Open Access</p>,,,,,,,,,,,,,,,,,,,,,,,,,,,,,,,,,,,,,,,,,,,,,,,,,,,Scopus,pass,,Journal of Stroke,SJR,,Q1,Cat1 [Not VR / Out of Scope] | Cat3 [Clinical / Medical],Cat1 [Not VR / Out of Scope]::\bmr\b | Cat1 [Not VR / Out of Scope]::\bsmartphone\b | Cat1 [Not VR / Out of Scope]::\bmobile phone\b | Cat3 [Clinical / Medical]::\brehabilitation\b | Cat3 [Clinical / Medical]::\bstroke\s+(?:patient|rehabilitation|survivor|recovery)\b | Cat3 [Clinical / Medical]::\bpatient[s]?\b | Cat3 [Clinical / Medical]::\bclinical\s+(?:trial|study|outcome|setting|population)\b
N9YNEVWK,journalArticle,2023,"Vidal, Manuel; Mills, Suzanne C.; Gairin, Emma; Bertucci, Frédéric; Lecchini, David",Validation of a novel immersive virtual reality set-up with responses of wild-caught freely moving coral reef fish,Animal Behaviour,,00033472,10.1016/j.anbehav.2023.09.013,https://www.scopus.com/pages/publications/85162268070?origin=resultslist,"Virtual reality (VR) enables standardized stimuli to provoke behavioural responses in animals; however, in fish studies VR has been limited to either basic virtual simulation projected below the bowl for freely swimming individuals or a simple virtual arena rendered over a large field of view for head-restrained individuals. We developed a novel immersive VR set-up with real-time rendering of animated 3D scenarios, validated in a proof-of-concept study on the behaviour of coral reef postlarval fish. Fish use a variety of cues to select a habitat during the recruitment stage, and to recognize conspecifics and predators, but which visual cues are used remains unknown. We measured behavioural responses of groups of five convict postlarval surgeonfish, Acanthurus triostegus, to simulations of habitats, static or moving shoals of conspecifics, predators and nonaggressive heterospecifics. Postlarval fish were consistently attracted to virtual corals and conspecifics presented statically, but repulsed by their predators (bluefin jacks, Caranx melampygus). When simulated shoals repeatedly passed nearby, they were again attracted by conspecifics, showing a tendency to follow the shoal, whereas they moved repeatedly to the back of the passing predator shoal. They also discriminated between species of similar sizes: they were attracted more to conspecifics than butterflyfish, Forcipiger longirostris, and repulsed more by predators than parrotfish, Scarus psittacus. The quality of visual simulations was high enough to identify visual cues (size, body shape, colour pattern) used by postlarval fish in species recognition. Despite a tracking technology limited to fish 2D positions in the aquarium, preventing the real-time updating of the rendered viewpoint, we could show that VR and modern tracking technologies offer new possibilities to investigate fish behaviour through the quantitative analysis of their physical reactions to highly controlled scenarios. © 2023 The Author(s)",2023,2026-05-15 01:57:59,2026-05-15 01:57:59,,99 - 123,,,206,,,,,,,,,,,,,,,,,Type: Article,<p>Cited by: 6; All Open Access; Green Open Access; Hybrid Gold Open Access</p>,,,,,,,,,,,,,,,,,,,,,,,,,,,,,,,,,,,,,,,,,,,,,,,,,,,Scopus,pass,,Animal Behaviour,SJR,,Q1,Cat2 [Tech / Non-Empirical],Cat2 [Tech / Non-Empirical]::\breal[- ]?time\s+rendering\b
7KDNZ3CA,journalArticle,2024,"Kleiner, Ilia; Mor, Liat; Friedman, Matan; Abeid, Amir Abu; Shoshan, Noa Ben; Toledano, Ella; Bar, Jacob; Weiner, Eran; Barda, Giulia",The use of virtual reality during extra-amniotic balloon insertion for pain and anxiety relief—a randomized controlled trial,American Journal of Obstetrics and Gynecology MFM,,25899333,10.1016/j.ajogmf.2023.101222,https://www.scopus.com/pages/publications/85182501835?origin=resultslist,"BACKGROUND: Induction of labor with an extra-amniotic balloon catheter is a procedure commonly associated with maternal discomfort, pain, and anxiety. OBJECTIVE: We aimed to investigate the distractive effect of virtual reality technology on pain and anxiety among pregnant patients who underwent induction of labor with an extra-amniotic balloon catheter. STUDY DESIGN: In this randomized controlled trial, pregnant patients who were undergoing planned induction of labor using an extra-amniotic balloon catheter at term for various obstetrical indications were recruited and randomized in a 1:1 ratio into 2 groups. Patients in the virtual reality group were exposed to a virtual reality technology clip (using SootheVR All-In-One virtual reality care system for pain and anxiety) during the entire extra-amniotic balloon catheter insertion, whereas patients in the control group received the institutional standard care for extra-amniotic balloon catheter insertion. Pain scores, expressed as visual analog scale scores, and maternal hemodynamic parameters were obtained before, during, and after extra-amniotic balloon catheter insertion. Anxiety was evaluated using the validated State-Trait Anxiety Inventory Scale before and after the procedure. Maternal satisfaction with the virtual reality technology was also recorded. The primary outcome was the change in visual analog scale score before and during extra-amniotic balloon catheter insertion. Among the secondary outcomes was the change in anxiety levels before and after extra-amniotic balloon catheter insertion. The study was powered to detect a 25% decrease in the primary outcome. RESULTS: A total of 132 pregnant patients were recruited (66 in each group). There were no differences between groups in terms of age, body mass index, gestational age at enrollment, indication for induction of labor, and preprocedural visual analog scale score and anxiety levels. The change in visual analog scale score (maximal visual analog scale score during the procedure minus the initial visual analog scale score before the procedure, ie, the primary outcome) was significantly lower in the virtual reality group than in the control group (2.78±3.0 vs 4.09±2.99; P=.01). In addition, the virtual reality group experienced a higher rate of anxiety relief, expressed as the difference between the preprocedure and postprocedure State-Trait Anxiety Inventory Scale scores (−6.46±9.6 vs −2.01±9.11; P=.007). Patients in the virtual reality group reported a very high overall (94%) satisfaction score. CONCLUSION: In this randomized controlled trial, we demonstrated that the use of virtual reality technology among patients who underwent induction of labor using an extra-amniotic balloon catheter was associated with lower visual analog scale scores during the procedure and a significant reduction in anxiety than patients who received standard care. There was also a very high satisfaction rate with the use of virtual reality technology. © 2023 Elsevier Inc.",2024,2026-05-15 01:58:03,2026-05-15 01:58:03,,,,1,6,,,,,,,,,,,,,,,,,Type: Article,<p>Cited by: 7</p>,,,,,,,,,,,,,,,,,,,,,,,,,,,,,,,,,,,,,,,,,,,,,,,,,,,Scopus,pass,,American Journal of Obstetrics and Gynecology MFM,SJR,,Q1,Cat3 [Clinical / Medical],Cat3 [Clinical / Medical]::\bpatient[s]?\b
UMJBF8XM,conferencePaper,2023,"Zhang, Siwei; Ma, Qianli; Zhang, Yan; Aliakbarian, Sadegh; Cosker, Darren; Tang, Siyu",Probabilistic Human Mesh Recovery in 3D Scenes from Egocentric Views,Proceedings of the IEEE International Conference on Computer Vision,,,10.1109/ICCV51070.2023.00734,https://www.scopus.com/pages/publications/85183303154?origin=resultslist,"Automatic perception of human behaviors during social interactions is crucial for AR/VR applications, and an essential component is estimation of plausible 3D human pose and shape of our social partners from the egocentric view. One of the biggest challenges of this task is severe body truncation due to close social distances in egocentric scenarios, which brings large pose ambiguities for unseen body parts. To tackle this challenge, we propose a novel scene-conditioned diffusion method to model the body pose distribution. Conditioned on the 3D scene geometry, the diffusion model generates bodies in plausible humanscene interactions, with the sampling guided by a physics-based collision score to further resolve human-scene inter-penetrations. The classifier-free training enables flexible sampling with different conditions and enhanced diversity. A visibility-aware graph convolution model guided by per-joint visibility serves as the diffusion denoiser to incorporate inter-joint dependencies and per-body-part control. Extensive evaluations show that our method generates bodies in plausible interactions with 3D scenes, achieving both superior accuracy for visible joints and diversity for invisible body parts. The code is available at https://sanweiliti.github.io/egohmr/egohmr.html. © 2023 IEEE.",2023,2026-05-15 01:58:04,2026-05-15 01:58:04,,7955 - 7966,,,,,,,,,,,,,,,,,,,,Type: Conference paper,<p>Cited by: 19</p>,,,,,,,,,,,,,,,,,,,,,,,,,,,,,,,,,,,,,,,,,,,,,,,,,,,Scopus,pass,,IEEE International Conference on Computer Vision,CORE,A*,,Cat1 [Not VR / Out of Scope],Cat1 [Not VR / Out of Scope]::\bar\b
MYBDDTKS,journalArticle,2023,"Tiwari, Chandan Kumar; Bhaskar, Preeti; Pal, Abhinav",Prospects of augmented reality and virtual reality for online education: a scientometric view,International Journal of Educational Management,,0951354X,10.1108/IJEM-10-2022-0407,https://www.scopus.com/pages/publications/85167356703?origin=resultslist,"Purpose: Augmented reality (AR) and virtual reality (VR) are becoming increasingly interwoven into people's daily lives, with applications in fields such as science, engineering, medical, the arts, education, finance and business. While much study has been conducted in the field of VR and AR in a variety of areas, less attention has been paid to online education. The purpose of this research is to conduct a systematic review of studies on AR and VR, as well as its applications in many disciplines of education, with a special emphasis on online education. Design/methodology/approach: The data were gathered from the SCOPUS database under the subject “Augmented and Virtual Reality Applications in Online Education.” The Preferred Reporting Items for Systematic Reviews and Meta-Analyses (PRISMA) format has been used to summarize the available literature and research in academics throughout the world. First, systematic literature reviews and later bibliometric analysis were conducted for performance and science mapping analysis. Findings: The research adds to the body of knowledge about the role of AR and VR in online education and its future prospects. AR and VR have demonstrated a substantial contribution to facilitating teaching in a variety of fields, including engineering, medicine, nursing and chemistry. Additionally, this research indicates that AR and VR can be utilized to teach various areas and specialties. Additionally, it can be used in other aspects of online education, such as admissions, industry visits, training, internationalization and specific courses for students with disabilities. Practical implications: This research lays the framework for educational institutions, legislators and researchers to investigate additional applications of VR and AR. Though this research suggests some possible uses for AR and VR in the online education system, more applications can be integrated into the online education system to fully leverage the potential of AR and VR worldwide. AR and VR have the potential to be a very cost-effective method of delivering online education on a wide scale in the future. Originality/value: The article explores the applicability of VR and AR in education using bibliometric analysis. This is one of the first studies to do an assessment of VR and AR, evaluating their strengths, drawbacks and current applications. Future application areas are also identified as a result of the investigation. © 2023, Emerald Publishing Limited.",2023,2026-05-15 01:58:05,2026-05-15 01:58:05,,1042 - 1066,,5,37,,,,,,,,,,,,,,,,,Type: Article,<p>Cited by: 45</p>,,,,,,,,,,,,,,,,,,,,,,,,,,,,,,,,,,,,,,,,,,,,,,,,,,,Scopus,pass,,International Journal of Educational Management,SJR,,Q1,Cat1 [Not VR / Out of Scope],Cat1 [Not VR / Out of Scope]::\baugmented reality\b | Cat1 [Not VR / Out of Scope]::\bar\b
7AHG4QVW,journalArticle,2023,"Berg, Alex van den; Vries, Bart de; Breedveld, Zoë; Mierlo, Annelouk van; Tijhuis, Marnix; Marchal-Crespo, Laura",Embodiment of virtual feet correlates with motor performance in a target-stepping task: a pilot study,Frontiers in Virtual Reality,,26734192,10.3389/frvir.2023.1104638,https://www.scopus.com/pages/publications/85166406385?origin=resultslist,"Immersive Virtual Reality (IVR) has gained popularity in neurorehabilitation for its potential to increase patients’ motivation and engagement. A crucial yet relatively unexplored aspect of IVR interfaces is the patients’ representation in the virtual world, such as with an avatar. A higher level of embodiment over avatars has been shown to enhance motor performance during upper limb training and has the potential to be employed to enhance neurorehabilitation. However, the relationship between avatar embodiment and gait performance remains unexplored. In this work, we present the results of a pilot study with 12 healthy young participants that evaluates the effect of different virtual lower limb representations on foot placement accuracy while stepping over a trail of 16 virtual targets. We compared three levels of virtual representation: i) a full-body avatar, ii) only feet, and iii) no representation. Full-body tracking is computed using standard VR trackers to synchronize the avatar with the participants’ motions. Foot placement accuracy is measured as the distance between the foot’s center of mass and the center of the selected virtual target. Additionally, we evaluated the level of embodiment over each virtual representation through a questionnaire. Our findings indicate that foot placement accuracy increases with some form of virtual representation, either full-body or foot, compared to having no virtual representation. However, the foot and full-body representations do not show significant differences in accuracy. Importantly, we found a negative correlation between the level of embodiment of the foot representation and the distance between the placed foot and the target. However, no such correlation was found for the full-body representation. Our results highlight the importance of embodying a virtual representation of the foot when performing a task that requires accurate foot placement. However, showing a full-body avatar does not appear to further enhance accuracy. Moreover, our results suggest that the level of embodiment of the virtual feet might modulate motor performance in this stepping task. This work motivates future research on the effect of embodiment over virtual representations on motor control to be exploited for IVR gait rehabilitation. Copyright © 2023 Berg, Vries, Breedveld, Mierlo, Tijhuis and Marchal-Crespo.",2023,2026-05-15 01:58:07,2026-05-15 01:58:07,,,,,4,,,,,,,,,,,,,,,,,Type: Article,<p>Cited by: 6; All Open Access; Gold Open Access; Green Open Access</p>,,,,,,,,,,,,,,,,,,,,,,,,,,,,,,,,,,,,,,,,,,,,,,,,,,,Scopus,pass,,Frontiers in Virtual Reality,SJR(alias),,Q1,Cat3 [Clinical / Medical],Cat3 [Clinical / Medical]::\brehabilitation\b | Cat3 [Clinical / Medical]::\bpatient[s]?\b
QQIDFFRE,journalArticle,2023,"Matsangidou, Maria; Frangoudes, Fotos; Schiza, Eirini; Neokleous, Kleanthis C.; Papayianni, Ersi; Xenari, Katerian; Avraamides, Marios; Pattichis, Constantinos S.",Participatory design and evaluation of virtual reality physical rehabilitation for people living with dementia,Virtual Reality,,13594338,10.1007/s10055-022-00639-1,https://www.scopus.com/pages/publications/85127720296?origin=resultslist,"Emerging research confirms the need for technologically enhanced solutions to support non-pharmacological interventions which can improve the quality of life, the mental and physical health of demented people. Several types of research examined if virtual reality can be an effective solution. This paper aims to present the cyclic process of prototyping, testing, analysing, and refining the VR system in real-world clinical settings. Seven people with moderate to severe dementia were recruited. The experiment required the patients to attend three virtual reality iterations of rapid prototyping with user testing. All three iterations involved training activities with upper body movements similar to their usual physical training. A mixed-methods design measured affect and emotional behaviour using the Observed Emotion Rating Scale and the Visual Analog Scale. Content analysis was conducted following observations and interviews. During each iteration of rapid prototyping with user testing, quantitative measurements of performance, independence and time were recorded. Eye tracking and movement information were captured by the system. Finally, a simplified version of the presence and usability scales evaluated the system. The results of this study provide further evidence that virtual reality can play a significant role in the improvement of people’s with dementia physical training and emotional health when is appropriately designed. The results present the vital factors which should be incorporated in a virtual reality system which are: 1) a simple interactions modality; 2) visible visual targets and continuous feedback; 3) personalized virtual environments; 4) personalized range of movements. © 2022, The Author(s).",2023,2026-05-15 01:58:09,2026-05-15 01:58:09,,421 - 438,,1,27,,,,,,,,,,,,,,,,,Type: Article,<p>Cited by: 31; All Open Access; Green Open Access; Hybrid Gold Open Access</p>,,,,,,,,,,,,,,,,,,,,,,,,,,,,,,,,,,,,,,,,,,,,,,,,,,,Scopus,pass,,Virtual Reality,SJR,,Q1,Cat3 [Clinical / Medical],Cat3 [Clinical / Medical]::\brehabilitation\b | Cat3 [Clinical / Medical]::\bpatient[s]?\b | Cat3 [Clinical / Medical]::\bdementia\b
MAGKP5UV,journalArticle,2024,"Baumann, Steffen; Stone, Richard T.; Genschel, Ulrike; Mgaedeh, Fatima",The Pi-CON Methodology Applied: Operator Errors and Preference Tracking of a Novel Ubiquitous Vital Signs Sensor and Its User Interface,International Journal of Human-Computer Interaction,,10447318,10.1080/10447318.2023.2201552,https://www.scopus.com/pages/publications/85158148090?origin=resultslist,"Remote Patient Monitoring has enjoyed strong growth to new heights driven by several factors, such as the COVID-19 pandemic or advances in technology, allowing consumers and patients to continuously record health data by themselves. This does not come without its challenges, however. A literature review was completed and highlights usability gaps when using wearables or home use medical devices in a virtual environment. Based on these findings, the Pi-CON methodology was applied to close these gaps by utilizing a novel sensor that allows the acquisition of vital signs at a distance, without any sensors touching the patient. Pi-CON stands for passive, continuous and non-contact, and describes the ability to acquire vital signs continuously and passively, with limited user interaction. The preference of vital sign acquisition with a newly developed sensor was tested and compared to vital sign tests taken with patient generated health-data devices (ear thermometer, pulse oximeter) measuring heart rate, respiratory rate and body temperature. In addition, the amount of operator errors and the user interfaces were tested and compared. Results show that participants preferred vital signs acquisition with the novel sensor and the developed user interface of the sensor. Results also revealed that participants had a mean error of.85 per vital sign measurement with the patient-generated health data devices and.33 with the developed sensor, confirming the beneficial impact available when using the developed sensor based on the Pi-CON methodology. © 2023 Taylor & Francis Group, LLC.",2024,2026-05-15 01:58:09,2026-05-15 01:58:09,,3782 - 3804,,14,40,,,,,,,,,,,,,,,,,Type: Article,<p>Cited by: 7</p>,,,,,,,,,,,,,,,,,,,,,,,,,,,,,,,,,,,,,,,,,,,,,,,,,,,Scopus,pass,,International Journal of Human-Computer Interaction,SJR,,Q1,Cat3 [Clinical / Medical],Cat3 [Clinical / Medical]::\bpatient[s]?\b
WKKFWYXU,journalArticle,2023,"Shah, Syed Hammad Hussain; Karlsen, Anniken Susanne T.; Solberg, Mads; Hameed, Ibrahim A.","A social VR-based collaborative exergame for rehabilitation: codesign, development and user study",Virtual Reality,,13594338,10.1007/s10055-022-00721-8,https://www.scopus.com/pages/publications/85142671412?origin=resultslist,"Immersive virtual reality (VR)-based exercise video games (exergames) are increasingly being employed as a supportive intervention in rehabilitation programs to promote engagement in physical activity, especially for elderly users. A multifaceted and iterative codesign process is essential to develop sustainable exergaming solutions. The social aspect is considered one of the key motivating factors in exergames; however, research on the social aspect of VR exergames has been limited. Previous studies have relied on competitiveness in exergames, but research has shown that competition can lead to adverse effects on users. With the aim of motivating elderly individuals to participate in physical exercise and improving social connectedness during rehabilitation, this work presents a social VR-based collaborative exergame codesigned with elderly participants and therapists. This exergame stimulates full-body exercise and supports social collaboration among users through a collaborative game task. Furthermore, this article presents a user study based on a mixed-methods approach to gather user feedback on exergame design and the effect of social collaboration versus playing alone in a VR exergame in terms of physical exertion and motivation. This study spanned five weeks (99 exergaming sessions) with 14 elderly participants divided into two groups, one playing collaboratively and the other playing individually. Between-group comparisons were performed at baseline (first week) and in the fourth week, and within-group comparisons were performed in the fifth week, when the participants played the exergame in counterbalanced order. In contrast to the first week, the participants exergaming collaboratively in the fourth week reported significantly higher intrinsic motivation on all subscales (enjoyment: p < 0.02, effort: p < 0.002, usefulness: p < 0.01) and physical exertion (p < 0.001) than those playing alone. Thereafter, exergaming in counterbalanced order during the fifth week resulted in significant differences (medium to large effect size) within groups. The participants found the social VR gameplay enjoyable and agreed that collaboration played a vital role in their motivation. They reported various health benefits, a minimal increase in symptoms of simulator sickness, and excellent usability scores (83.75±13.3). In this work, we also identify various key design principles to support healthcare professionals, researchers and industrial experts in developing ergonomic and sustainable VR-based exergames for senior citizens. © 2022, The Author(s).",2023,2026-05-15 01:58:13,2026-05-15 01:58:13,,3403 - 3420,,4,27,,,,,,,,,,,,,,,,,Type: Article,<p>Cited by: 61; All Open Access; Green Open Access; Hybrid Gold Open Access</p>,,,,,,,,,,,,,,,,,,,,,,,,,,,,,,,,,,,,,,,,,,,,,,,,,,,Scopus,pass,,Virtual Reality,SJR,,Q1,Cat3 [Clinical / Medical],Cat3 [Clinical / Medical]::\brehabilitation\b
H2TBNBNZ,journalArticle,2023,"Wang, Jinyao; Li, Qian; Cui, Jun; Tu, Shuangyan; Deng, Zhiqiang; Yang, Rong; Wang, Ying",Effectiveness of Virtual Reality on the Caregiving Competence and Empathy of Caregivers for Elderly with Chronic Diseases: A Systematic Review and Meta-Analysis,Journal of Nursing Management,,09660429,10.1155/2023/5449955,https://www.scopus.com/pages/publications/85162833987?origin=resultslist,"Aims. To synthesize evidence on the effectiveness of virtual reality-based training of caregivers for the elderly with chronic diseases. Background. With a growing number of elderly suffering from chronic diseases, caregivers who lack the necessary caregiving skills and competence need practical training. Nowadays, virtual reality in training is a promising approach due to technological advancements. Evaluation. We did a comprehensive search in the following six electronic databases (Web of Science, EMBASE, PubMed, SCOPUS, MEDLINE, and CINAHL) from their inception to April 2022 for original studies. We searched clinical trial registries of Clinical Trials.gov, International Standard Randomized Controlled Trial Number (ISRCTN) Registry, and the International Clinical Trials Registry Platform (ICTRP), for clinical trials. Key Issues. 7610 searched records were yielded, of which nine studies (four randomized controlled trials and five nonrandomized controlled trials) met the eligibility criteria and were included with 1090 caregivers. There was a small but significant overall effect of virtual reality-based interventions on caregivers' caregiving competence (effect size = 0.362, 95% CI 0.181-0.543, p<0.001, I2 = 25.636). The subgroup analysis results showed significant improvement in caregiving competence in caregivers trained by the Dementia LiveTM program (effect size = 0.322, 95% CI 0.046-0.597, p=0.022). Regarding empathy, we did not find a statistically significant overall effect. The subgroup analysis results indicated that caregivers showed improvement in empathy after exposure to the Into D'mentia program (effect size = 0.265, 95% CI 0.015-0.515, p=0.037). Conclusions. Findings of our meta-analysis demonstrated that virtual reality could have merits for improving the caregiving competence of caregivers taking care of the elderly with chronic diseases. Implications for Nursing Management. Virtual reality may be a training alternative for caregivers to improve their caregiving competence. However, empowering the embodiment of virtual reality programs remains a technological challenge that needs to be addressed in the future. © 2023 Jinyao Wang et al.",2023,2026-05-15 01:58:20,2026-05-15 01:58:20,,,,,2023,,,,,,,,,,,,,,,,,Type: Review,<p>Cited by: 24; All Open Access; Green Open Access; Hybrid Gold Open Access</p>,,,,,,,,,,,,,,,,,,,,,,,,,,,,,,,,,,,,,,,,,,,,,,,,,,,Scopus,pass,,Journal of Nursing Management,SJR,,Q1,Cat3 [Clinical / Medical],Cat3 [Clinical / Medical]::\bclinical\s+(?:trial|study|outcome|setting|population)\b | Cat3 [Clinical / Medical]::\bdementia\b
LIHASK7P,journalArticle,2023,"Fusaro, Martina; Fanti, Valentina; Chakrabarti, Bhismadev",Greater interpersonal distance in adults with autism,Autism Research,,19393792,10.1002/aur.3013,https://www.scopus.com/pages/publications/85169616268?origin=resultslist,"Social interactions are often shaped by the space we prefer to maintain between us and others, that is, interpersonal distance. Being too distant or too close to a stranger can often be perceived as odd, and lead to atypical social interactions. This calibration of appropriate interpersonal distance thus constitutes an important social skill. Individuals with autism spectrum disorder (ASD, hereafter autism) often experience difficulties with this skill, and anecdotal accounts suggest atypical interpersonal distances in their social interactions. In the current study, we systematically measured interpersonal distance in individuals with autism using immersive virtual reality (IVR) to recreate a naturalistic interaction with a full body avatar of a similar age. Participants observed their own virtual body in first-person perspective, and the other avatar in two tasks: in the first task, they approached the other avatar (active), in the second one they were approached by the other avatar (passive). Two groups of neurotypical and autistic adults, performed both tasks. Autistic adults showed greater interpersonal distance when compared to non-autistic adults. Additionally, the difference between the passive and active conditions was smaller for non-autistic compared to autistic adults. Across the full sample, greater interpersonal distance was associated with higher autism-related traits. This study provides systematic evidence for greater interpersonal distance in autistic adults using a paradigm with high ecological validity and can be useful in informing the design of appropriate environmental adjustments for shared spaces. © 2023 The Authors. Autism Research published by International Society for Autism Research and Wiley Periodicals LLC.",2023,2026-05-15 01:58:22,2026-05-15 01:58:22,,2002 - 2007,,10,16,,,,,,,,,,,,,,,,,Type: Article,<p>Cited by: 9; All Open Access; Green Open Access; Hybrid Gold Open Access</p>,,,,,,,,,,,,,,,,,,,,,,,,,,,,,,,,,,,,,,,,,,,,,,,,,,,Scopus,pass,,Autism Research,SJR,,Q1,Cat3 [Clinical / Medical],Cat3 [Clinical / Medical]::\bautism\s+spectrum\b
NKAEEBT7,journalArticle,2022,"Viceconte, Paolo Maria; Camoriano, Raffaello; Romualdi, Giulio; Ferigo, Diego; Dafarra, Stefano; Traversaro, Silvio; Oriolo, Giuseppe; Rosasco, Lorenzo; Pucci, Daniele",ADHERENT: Learning Human-like Trajectory Generators for Whole-body Control of Humanoid Robots,IEEE Robotics and Automation Letters,,23773766,10.1109/LRA.2022.3141658,https://www.scopus.com/pages/publications/85123304496?origin=resultslist,"Human-like trajectory generation and footstep planning represent challenging problems in humanoid robotics. Recently, research in computer graphics investigated machine-learning methods for character animation based on training human-like models directly on motion capture data. Such methods proved effective in virtual environments, mainly focusing on trajectory visualization. This letter presents ADHERENT, a system architecture integrating machine-learning methods used in computer graphics with whole-body control methods employed in robotics to generate and stabilize human-like trajectories for humanoid robots. Leveraging human motion capture locomotion data, ADHERENT yields a general footstep planner, including forward, sideways, and backward walking trajectories that blend smoothly from one to another. Furthermore, at the joint configuration level, ADHERENT computes data-driven whole-body postural reference trajectories coherent with the generated footsteps, thus increasing the human likeness of the resulting robot motion. Extensive validations of the proposed architecture are presented with both simulations and real experiments on the iCub humanoid robot, thus demonstrating ADHERENT to be robust to varying step sizes and walking speeds. © 2016 IEEE.",2022,2026-05-15 01:58:25,2026-05-15 01:58:25,,2779 - 2786,,2,7,,,,,,,,,,,,,,,,,Type: Article,<p>Cited by: 17; All Open Access; Green Open Access; Hybrid Gold Open Access</p>,,,,,,,,,,,,,,,,,,,,,,,,,,,,,,,,,,,,,,,,,,,,,,,,,,,Scopus,pass,,IEEE Robotics and Automation Letters,SJR,,Q1,Cat2 [Tech / Non-Empirical],Cat2 [Tech / Non-Empirical]::\bsystem\s+architecture\b
HVFFMVTW,journalArticle,2022,"Hocking, Darren R.; Ardalan, Adel; Abu-Rayya, Hisham M.; Farhat, Hassan; Andoni, Anna; Lenroot, Rhoshel; Kachnowski, Stan",Feasibility of a virtual reality-based exercise intervention and low-cost motion tracking method for estimation of motor proficiency in youth with autism spectrum disorder,Journal of NeuroEngineering and Rehabilitation,,17430003,10.1186/s12984-021-00978-1,https://www.scopus.com/pages/publications/85122689137?origin=resultslist,"Background: Motor impairment is widely acknowledged as a core feature in children with autism spectrum disorder (ASD), which can affect adaptive behavior and increase severity of symptoms. Low-cost motion capture and virtual reality (VR) game technologies hold a great deal of promise for providing personalized approaches to motor intervention in ASD. The present study explored the feasibility, acceptability and potential efficacy of a custom-designed VR game-based intervention (GaitWayXR™) for improving gross motor skills in youth with ASD. Methods: Ten children and adolescents (10–17 years) completed six, 20-min VR-based motor training sessions over 2 weeks while whole-body movement was tracked with a low-cost motion capture system. We developed a methodology for using motion tracking data to quantify whole-body movement in terms of efficiency, synchrony and symmetry. We then studied the relationships of the above quantities with standardized measures of motor skill and cognitive flexibility. Results: Our results supported our presumption that the VR intervention is safe, with no adverse events and very few minor to moderate side-effects, while a large proportion of parents said they would use the VR game at home, the most prohibitive reasons for adopting the system for home therapy were cost and space. Although there was little evidence of any benefits of the GaitWayXR™ intervention in improving gross motor skills, we showed several positive correlations between the standardized measures of gross motor skills in ASD and our measures of efficiency, symmetry and synchrony from low-cost motion capture. Conclusions: These findings, though preliminary and limited by small sample size, suggest that low-cost motion capture of children with ASD is feasible with movement exercises in a VR-based game environment. Based on these preliminary findings, we recommend conducting larger-scale studies with methods for improving adherence to VR gaming interventions over longer periods. © 2022, The Author(s).",2022,2026-05-15 01:58:26,2026-05-15 01:58:26,,,,1,19,,,,,,,,,,,,,,,,,Type: Article,<p>Cited by: 45; All Open Access; Gold Open Access; Green Open Access</p>,,,,,,,,,,,,,,,,,,,,,,,,,,,,,,,,,,,,,,,,,,,,,,,,,,,Scopus,pass,,Journal of NeuroEngineering and Rehabilitation,SJR,,Q1,Cat3 [Clinical / Medical],Cat3 [Clinical / Medical]::\bautism\s+spectrum\b
KPNXKJM4,journalArticle,2022,"Allegue, Dorra Rakia; Higgins, Johanne; Sweet, Shane N.; Archambault, Philippe S.; Michaud, Francois; Miller, William; Tousignant, Michel; Kairy, Dahlia",Rehabilitation of Upper Extremity by Telerehabilitation Combined with Exergames in Survivors of Chronic Stroke: Preliminary Findings from a Feasibility Clinical Trial,JMIR Rehabilitation and Assistive Technologies,,23692529,10.2196/33745,https://www.scopus.com/pages/publications/85133546628?origin=resultslist,"Background: Exergames are increasingly being used among survivors of stroke with chronic upper extremity (UE) sequelae to continue exercising at home after discharge and maintain activity levels. The use of virtual reality exergames combined with a telerehabilitation app (VirTele) may be an interesting alternative to rehabilitate the UE sequelae in survivors of chronic stroke while allowing for ongoing monitoring with a clinician. Objective: This study aimed to determine the feasibility of using VirTele in survivors of chronic stroke at home and explore the impact of VirTele on UE motor function, quantity and quality of use, quality of life, and motivation in survivors of chronic stroke compared with conventional therapy. Methods: This study was a 2-arm feasibility clinical trial. Eligible participants were randomly allocated to an experimental group (receiving VirTele for 8 weeks) or a control group (receiving conventional therapy for 8 weeks). Feasibility was measured from the exergame and intervention logs completed by the clinician. Outcome measurements included the Fugl-Meyer Assessment-UE, Motor Activity Log-30, Stroke Impact Scale-16, and Treatment Self-Regulation Questionnaire-15, which were administered to both groups at four time points: time point 1 (T1; before starting the intervention), time point 2 (after the intervention), time point 3 (1 month after the intervention), and time point 4 (T4; 2 months after the intervention). Results: A total of 11 survivors of stroke were randomized and allocated to an experimental or a control group. At the onset of the COVID-19 pandemic, participants pursued the allocated treatment for 3 months instead of 8 weeks. VirTele intervention dose was captured in terms of time spent on exergames, frequency of use of exergames, total number of successful repetitions, and frequency of videoconference sessions. Technical issues included the loss of passwords, internet issues, updates of the system, and problems with the avatar. Overall, most survivors of stroke found the technology easy to use and useful, except for 9% (1/11) of participants. For the Fugl-Meyer Assessment-UE and Motor Activity Log-30, both groups exhibited an improvement in >50%; of the participants, which was maintained over time (from time point 3 to T4). Regarding Stroke Impact Scale-16 scores, the control group reported improvement in activities of daily life (3/5, 60%), hand function (5/5, 100%), and mobility (2/5, 40%), whereas the experimental group reported varied and inconclusive results (from T1 to T4). For the Treatment Self-Regulation Questionnaire-15, 75% (3/4) of the experimental group demonstrated an increase in the autonomous motivation score (from T1 to time point 2), whereas, in the control group, this improvement was observed in only 9% (1/11) of participants. Conclusions: The VirTele intervention constitutes another therapeutic alternative, in addition to conventional therapy, to deliver an intense personalized rehabilitation program for survivors of chronic stroke with UE sequelae. ©Dorra Rakia Allegue, Johanne Higgins, Shane N Sweet, Philippe S Archambault, Francois Michaud, William Miller, Michel Tousignant, Dahlia Kairy.",2022,2026-05-15 01:58:28,2026-05-15 01:58:28,,,,2,9,,,,,,,,,,,,,,,,,Type: Review,<p>Cited by: 20; All Open Access; Gold Open Access; Green Open Access</p>,,,,,,,,,,,,,,,,,,,,,,,,,,,,,,,,,,,,,,,,,,,,,,,,,,,Scopus,pass,,JMIR Rehabilitation and Assistive Technologies,SJR,,Q1,Cat3 [Clinical / Medical],Cat3 [Clinical / Medical]::\brehabilitation\b | Cat3 [Clinical / Medical]::\bclinical\s+(?:trial|study|outcome|setting|population)\b
CFYBZFBL,journalArticle,2022,"Pais-Vieira, Carla; Gaspar, Pedro; Matos, Demétrio; Alves, Leonor Palminha; da Cruz, Bárbara Moreira; Azevedo, Maria João; Gago, Miguel; Poleri, Tânia; Perrotta, André; Pais-Vieira, Miguel",Embodiment Comfort Levels During Motor Imagery Training Combined With Immersive Virtual Reality in a Spinal Cord Injury Patient,Frontiers in Human Neuroscience,,16625161,10.3389/fnhum.2022.909112,https://www.scopus.com/pages/publications/85131766759?origin=resultslist,"Brain–machine interfaces combining visual, auditory, and tactile feedback have been previously used to generate embodiment experiences during spinal cord injury (SCI) rehabilitation. It is not known if adding temperature to these modalities can result in discomfort with embodiment experiences. Here, comfort levels with the embodiment experiences were investigated in an intervention that required a chronic pain SCI patient to generate lower limb motor imagery commands in an immersive environment combining visual (virtual reality -VR), auditory, tactile, and thermal feedback. Assessments were made pre-/ post-, throughout the intervention (Weeks 0–5), and at 7 weeks follow up. Overall, high levels of embodiment in the adapted three-domain scale of embodiment were found throughout the sessions. No significant adverse effects of VR were reported. Although sessions induced only a modest reduction in pain levels, an overall reduction occurred in all pain scales (Faces, Intensity, and Verbal) at follow up. A high degree of comfort in the comfort scale for the thermal-tactile sleeve, in both the thermal and tactile feedback components of the sleeve was reported. This study supports the feasibility of combining multimodal stimulation involving visual (VR), auditory, tactile, and thermal feedback to generate embodiment experiences in neurorehabilitation programs. Copyright © 2022 Pais-Vieira, Gaspar, Matos, Alves, da Cruz, Azevedo, Gago, Poleri, Perrotta and Pais-Vieira.",2022,2026-05-15 01:58:30,2026-05-15 01:58:30,,,,,16,,,,,,,,,,,,,,,,,Type: Article,<p>Cited by: 16; All Open Access; Gold Open Access; Green Open Access</p>,,,,,,,,,,,,,,,,,,,,,,,,,,,,,,,,,,,,,,,,,,,,,,,,,,,Scopus,pass,,Frontiers in Human Neuroscience,SJR,,Q1,Cat3 [Clinical / Medical],Cat3 [Clinical / Medical]::\brehabilitation\b | Cat3 [Clinical / Medical]::\bpatient[s]?\b | Cat3 [Clinical / Medical]::\bchronic\s+pain\b
JZ33VQC8,journalArticle,2021,"Vickers, Deborah; Salorio-Corbetto, Marina; Driver, Sandra; Rocca, Christine; Levtov, Yuli; Sum, Kevin; Parmar, Bhavisha; Dritsakis, Giorgos; Albanell Flores, Jordi; Jiang, Dan; Mahon, Merle; Early, Frances; Van Zalk, Nejra; Picinali, Lorenzo",Involving Children and Teenagers With Bilateral Cochlear Implants in the Design of the BEARS (Both EARS) Virtual Reality Training Suite Improves Personalization,Frontiers in Digital Health,,2673253X,10.3389/fdgth.2021.759723,https://www.scopus.com/pages/publications/85131235680?origin=resultslist,"Older children and teenagers with bilateral cochlear implants often have poor spatial hearing because they cannot fuse sounds from the two ears. This deficit jeopardizes speech and language development, education, and social well-being. The lack of protocols for fitting bilateral cochlear implants and resources for spatial-hearing training contribute to these difficulties. Spatial hearing develops with bilateral experience. A large body of research demonstrates that sound localisation can improve with training, underpinned by plasticity-driven changes in the auditory pathways. Generalizing training to non-trained auditory skills is best achieved by using a multi-modal (audio-visual) implementation and multi-domain training tasks (localisation, speech-in-noise, and spatial music). The goal of this work was to develop a package of virtual-reality games (BEARS, Both EARS) to train spatial hearing in young people (8–16 years) with bilateral cochlear implants using an action-research protocol. The action research protocol used formalized cycles for participants to trial aspects of the BEARS suite, reflect on their experiences, and in turn inform changes in the game implementations. This participatory design used the stakeholder participants as co-creators. The cycles for each of the three domains (localisation, spatial speech-in-noise, and spatial music) were customized to focus on the elements that the stakeholder participants considered important. The participants agreed that the final games were appropriate and ready to be used by patients. The main areas of modification were: the variety of immersive scenarios to cover age range and interests, the number of levels of complexity to ensure small improvements were measurable, feedback, and reward schemes to ensure positive reinforcement, and an additional implementation on an iPad for those who had difficulties with the headsets due to age or balance issues. The effectiveness of the BEARS training suite will be evaluated in a large-scale clinical trial to determine if using the games lead to improvements in speech-in-noise, quality of life, perceived benefit, and cost utility. Such interventions allow patients to take control of their own management reducing the reliance on outpatient-based rehabilitation. For young people, a virtual-reality implementation is more engaging than traditional rehabilitation methods, and the participatory design used here has ensured that the BEARS games are relevant. Copyright © 2021 Vickers, Salorio-Corbetto, Driver, Rocca, Levtov, Sum, Parmar, Dritsakis, Albanell Flores, Jiang, Mahon, Early, Van Zalk and Picinali.",2021,2026-05-15 01:58:35,2026-05-15 01:58:35,,,,,3,,,,,,,,,,,,,,,,,Type: Article,<p>Cited by: 22; All Open Access; Gold Open Access; Green Open Access</p>,,,,,,,,,,,,,,,,,,,,,,,,,,,,,,,,,,,,,,,,,,,,,,,,,,,Scopus,pass,,Frontiers in Digital Health,SJR,,Q1,Cat3 [Clinical / Medical],Cat3 [Clinical / Medical]::\brehabilitation\b | Cat3 [Clinical / Medical]::\bpatient[s]?\b | Cat3 [Clinical / Medical]::\bclinical\s+(?:trial|study|outcome|setting|population)\b
JCHLWSJ3,journalArticle,2022,"Kim, Won-Hyoung; Cho, Seo-Eun; Hong, Jin Pyo; Kim, Hyeyoung; Maeng, Seri; Kang, Jae Myeong; Na, Kyoung-Sae; Oh, Seok-Hee; Park, Jung Woon; Bae, Jae Nam; Cho, Seong-Jin",Effectiveness of virtual reality exposure treatment for posttraumatic stress disorder due to motor vehicle or industrial accidents,Virtual Reality,,13594338,10.1007/s10055-022-00623-9,https://www.scopus.com/pages/publications/85128718899?origin=resultslist,"Virtual reality exposure treatment (VRET) for post-traumatic stress disorder (PTSD) is an emerging treatment. The purpose of this study was to examine the effectiveness and safety of VRET in patients with PTSD due to motor vehicle or industrial accidents. Twenty-six patients with PTSD (19 motor vehicle accidents and 7 industrial accidents) and eighteen subjects without PTSD were enrolled in five VRET sessions that were conducted using a head-mounted display. The VRET was based on systematic desensitization and included psychoeducation and training for breathing and relaxation techniques. The effectiveness of VRET was evaluated using the Posttraumatic Stress Disorder Checklist-Civilian version (PCL-C), Impact of Event Scale-Revised (IES-R), Clinical Global Impression-Severity scale (CGI-S), and Sheehan Disability Scale (SDS). Safety was assessed using the Simulator Sickness Questionnaire and Presence Questionnaire. After controlling for age, sex, marital status, job, economic status, and body mass index, we found that the CGI-S (F = 12.76, p = 0.001), PCL-C (F = 11.87, p = 0.002), IES-R (total score; F-8.31, p = 0.007), and SDS-A (F = 7.53, p = 0.010) scores in the VRET group were lower than those in the control group. Responses to the Simulator Sickness and Presence questionnaires did not differ significantly between the VRET and control groups (p > 0.05). In conclusion, for patients with PTSD due to motor vehicle accidents, VRET is a safe and potentially effective treatment method. Future randomized controlled studies are needed to provide stronger evidence for the effectiveness of VRET in patients with PTSD. © 2022, The Author(s), under exclusive licence to Springer-Verlag London Ltd., part of Springer Nature.",2022,2026-05-15 01:58:36,2026-05-15 01:58:36,,1539 - 1549,,4,26,,,,,,,,,,,,,,,,,Type: Article,<p>Cited by: 4</p>,,,,,,,,,,,,,,,,,,,,,,,,,,,,,,,,,,,,,,,,,,,,,,,,,,,Scopus,pass,,Virtual Reality,SJR,,Q1,Cat3 [Clinical / Medical],Cat3 [Clinical / Medical]::\bpatient[s]?\b | Cat3 [Clinical / Medical]::\bptsd\b | Cat3 [Clinical / Medical]::\bpost[- ]traumatic\s+stress\b
52JDXU3I,journalArticle,2022,"Jung, Myeongul; Sim, Sangyong; Kim, Jejoong; Kim, Kwanguk",Impact of Personalized Avatars and Motion Synchrony on Embodiment and Users’ Subjective Experience: Empirical Study,JMIR Serious Games,,22919279,10.2196/40119,https://www.scopus.com/pages/publications/85145337608?origin=resultslist,"Background: Embodiment through a virtual avatar is a key element for people to feel that they are in the virtual world. Objective: This study aimed to elucidate the interaction between 2 methods of eliciting embodiment through a virtual avatar: motion synchronization and appearance similarity between a human and avatar, to understand embodiment (agency, body ownership, and self-location) and subjective experience (presence, simulator sickness, and emotion) in virtual reality. Methods: Using a full-body motion capture system, 24 participants experienced their virtual avatars with a 3D-scanned face and size-matched body from a first-person perspective. This study used a 2 (motion; sync and async) × 2 (appearance; personalized and generic) within-subject design. Results: The results indicated that agency and body ownership increased when motion and appearance were matched, whereas self-location, presence, and emotion were affected by motion only. Interestingly, if the avatar’s appearance was similar to the participants (personalized avatar), they formed an agency toward the avatar’s motion that was not performed by themselves. Conclusions: Our findings would be applicable in the field of behavioral therapy, rehabilitation, and entertainment applications, by eliciting higher agency with a personalized avatar. © Myeongul Jung, Sangyong Sim, Jejoong Kim, Kwanguk Kim.",2022,2026-05-15 01:58:37,2026-05-15 01:58:37,,,,4,10,,,,,,,,,,,,,,,,,Type: Article,<p>Cited by: 13; All Open Access; Gold Open Access; Green Open Access</p>,,,,,,,,,,,,,,,,,,,,,,,,,,,,,,,,,,,,,,,,,,,,,,,,,,,Scopus,pass,,JMIR Serious Games,SJR,,Q1,Cat3 [Clinical / Medical],Cat3 [Clinical / Medical]::\brehabilitation\b
7R7WPJ2I,journalArticle,2022,"Jung, Yong Gi; Chang, Hyun Jung; Jo, Eun Sol; Kim, Da Hye",The Effect of a Horse-Riding Simulator with Virtual Reality on Gross Motor Function and Body Composition of Children with Cerebral Palsy: Preliminary Study,Sensors,,14248220,10.3390/s22082903,https://www.scopus.com/pages/publications/85128738284?origin=resultslist,"This study aimed to evaluate the effect of a horse-riding simulator (HRS) with virtual reality (VR) on gross motor function, balance control, and body composition in children with spastic cerebral palsy (CP). Seventeen preschool and school-aged children with spastic CP were included; 10 children in the intervention group (HRS group) received 30 min of HRS with VR training twice a week for a total of 16 sessions in addition to conventional physiotherapy. Seven children in the control group were instructed to perform home-based aerobic exercises twice a week for 8 weeks in addition to conventional physiotherapy. Gross motor function measure (GMFM) and body composition were evaluated before the first session and after the last session. Before and after the 2-month intervention, Pediatric Balance Scale and Timed Up and Go test were evaluated for the HRS group. GMFM scores and body composition changed significantly in the HRS group (p < 0.05). However, no significant differences were observed in the control group. Changes in the GMFM total scores, GMFM dimension D scores, and skeletal muscle mass significantly differed between the HRS and control groups (p < 0.05). HRS with VR may be an effective adjunctive therapeutic approach for the rehabilitation of children with CP. © 2022 by the authors. Licensee MDPI, Basel, Switzerland",2022,2026-05-15 01:58:37,2026-05-15 01:58:37,,,,8,22,,,,,,,,,,,,,,,,,Type: Article,<p>Cited by: 21; All Open Access; Gold Open Access; Green Open Access</p>,,,,,,,,,,,,,,,,,,,,,,,,,,,,,,,,,,,,,,,,,,,,,,,,,,,Scopus,pass,,Sensors,SJR,,Q1,Cat3 [Clinical / Medical],Cat3 [Clinical / Medical]::\brehabilitation\b
84FXWSFT,journalArticle,2022,"Liikkanen, Sammeli; Mäkinen, Mika; Huttunen, Teppo; Sarapohja, Toni; Stenfors, Carina; Eccleston, Christopher",Body movement as a biomarker for use in chronic pain rehabilitation: An embedded analysis of an RCT of a virtual reality solution for adults with chronic pain,Frontiers in Pain Research,,2673561X,10.3389/fpain.2022.1085791,https://www.scopus.com/pages/publications/85163617323?origin=resultslist,"Introduction: Chronic low back pain (CLBP) is a major public health problem. Reliably measuring the effects of chronic pain on movement and activity, and any changes due to treatment, is a healthcare challenge. A recently published paper demonstrated that a novel digital therapeutic (DTxP) was efficacious in reducing fear of movement and increasing the quality of life of adult patients with moderate to severe CLBP. In this paper, we report a study of how data from wearable devices collected in this study could be used as a digital measure for use in studies of chronic low back pain. Methods: Movement, electrodermal recording, general activity and clinical assessment data were collected in a clinical trial of a novel digital therapeutic intervention (DTxP) by using the sensors in commercial Garmin Vivosmart 4, Empatica Embrace2 and Oculus Quest wearables. Wearable data were collected during and between the study interventions (frequent treatment sessions of DTxP). Data were analyzed using exploratory statistical analysis. Results: A pattern of increased longitudinal velocity in the movement data collected with right-hand, left-hand, and head sensors was observed in the study population. Correlations were observed with the changes in clinical scales (Tampa Scale of Kinesiophobia, EQ5D Overall health VAS, and EQ5D QoL score). The strongest correlation was observed with the increased velocity of head and right-hand sensors (Spearman correlation with increasing head sensor velocity and Tampa Scale of Kinesiophobia −0.45, Overall health VAS +0.67 and EQ5D QoL score −0.66). The sample size limited interpretation of electrodermal and general activity data. Discussion/Conclusion: We found a novel digital signal for use in monitoring the efficacy of a digital therapeutics (DTxP) in adults with CLBP. We discuss the potential use of such movement based digital markers as surrogate or additional endpoints in studies of chronic musculoskeletal pain. Clinical Trial Registration: https://clinicaltrials.gov/ct2/show/NCT04225884?cond=NCT04225884&draw=2&rank=1, identifier: NCT04225884. 2022 Liikkanen, Mäkinen, Huttunen, Sarapohja, Stenfors and Eccleston.",2022,2026-05-15 01:58:38,2026-05-15 01:58:38,,,,,3,,,,,,,,,,,,,,,,,Type: Article,<p>Cited by: 12; All Open Access; Gold Open Access; Green Open Access</p>,,,,,,,,,,,,,,,,,,,,,,,,,,,,,,,,,,,,,,,,,,,,,,,,,,,Scopus,pass,,Frontiers in Pain Research,SJR,,Q1,Cat3 [Clinical / Medical],Cat3 [Clinical / Medical]::\brehabilitation\b | Cat3 [Clinical / Medical]::\btherapeutic\s+intervention\b | Cat3 [Clinical / Medical]::\bpatient[s]?\b | Cat3 [Clinical / Medical]::\bclinical\s+(?:trial|study|outcome|setting|population)\b | Cat3 [Clinical / Medical]::\bchronic\s+pain\b
WDUN279F,journalArticle,2022,"Moon, Jiyoung; Jeong, Minho; Oh, Sangmin; Laine, Teemu H.; Seo, Jungryul",Data Collection Framework for Context-Aware Virtual Reality Application Development in Unity: Case of Avatar Embodiment,Sensors,,14248220,10.3390/s22124623,https://www.scopus.com/pages/publications/85132151116?origin=resultslist,"Virtual Reality (VR) has been adopted as a leading technology for the metaverse, yet most previous VR systems provide one-size-fits-all experiences to users. Context-awareness in VR enables personalized experiences in the metaverse, such as improved embodiment and deeper integration of the real world and virtual worlds. Personalization requires context data from diverse sources. We proposed a reusable and extensible context data collection framework, ManySense VR, which unifies data collection from diverse sources for VR applications. ManySense VR was implemented in Unity based on extensible context data managers collecting data from data sources such as an eye tracker, electroencephalogram, pulse, respiration, galvanic skin response, facial tracker, and Open Weather Map. We used ManySense VR to build a context-aware embodiment VR scene where the user’s avatar is synchronized with their bodily actions. The performance evaluation of ManySense VR showed good performance in processor usage, frame rate, and memory footprint. Additionally, we conducted a qualitative formative evaluation by interviewing five developers (two males and three females; mean age: 22) after they used and extended ManySense VR. The participants expressed advantages (e.g., ease-of-use, learnability, familiarity, quickness, and extensibility), disadvantages (e.g., inconvenient/error-prone data query method and lack of diversity in callback methods), future application ideas, and improvement suggestions that indicate potential and can guide future devel-opment. In conclusion, ManySense VR is an efficient tool for researchers and developers to easily integrate context data into their Unity-based VR applications for the metaverse. © 2022 by the authors. Licensee MDPI, Basel, Switzerland.",2022,2026-05-15 01:58:38,2026-05-15 01:58:38,,,,12,22,,,,,,,,,,,,,,,,,Type: Article,<p>Cited by: 25; All Open Access; Gold Open Access; Green Open Access</p>,,,,,,,,,,,,,,,,,,,,,,,,,,,,,,,,,,,,,,,,,,,,,,,,,,,Scopus,pass,,Sensors,SJR,,Q1,Cat2 [Tech / Non-Empirical],Cat2 [Tech / Non-Empirical]::\bframe\s+rate\b
72WZPMBM,journalArticle,2022,"Dordevic, Milos; Hoelzer, Sonja; Russo, Augusta; García Alanis, José C.; Müller, Notger G.",The Role of the Precuneus in Human Spatial Updating in a Real Environment Setting—A cTBS Study,Life,,20751729,10.3390/life12081239,https://www.scopus.com/pages/publications/85137340704?origin=resultslist,"As we move through an environment, we update positions of our body relative to other objects, even when some objects temporarily or permanently leave our field of view—this ability is termed egocentric spatial updating and plays an important role in everyday life. Still, our knowledge about its representation in the brain is still scarce, with previous studies using virtual movements in virtual environments or patients with brain lesions suggesting that the precuneus might play an important role. However, whether this assumption is also true when healthy humans move in real environments where full body-based cues are available in addition to the visual cues typically used in many VR studies is unclear. Therefore, in this study we investigated the role of the precuneus in egocentric spatial updating in a real environment setting in 20 healthy young participants who underwent two conditions in a cross-over design: (a) stimulation, achieved through applying continuous theta-burst stimulation (cTBS) to inhibit the precuneus and (b) sham condition (activated coil turned upside down). In both conditions, participants had to walk back with blindfolded eyes to objects they had previously memorized while walking with open eyes. Simplified trials (without spatial updating) were used as control condition, to make sure the participants were not affected by factors such as walking blindfolded, vestibular or working memory deficits. A significant interaction was found, with participants performing better in the sham condition compared to real stimulation, showing smaller errors both in distance and angle. The results of our study reveal evidence of an important role of the precuneus in a real-environment egocentric spatial updating; studies on larger samples are necessary to confirm and further investigate this finding. © 2022 by the authors.",2022,2026-05-15 01:58:41,2026-05-15 01:58:41,,,,8,12,,,,,,,,,,,,,,,,,Type: Article,<p>Cited by: 17; All Open Access; Gold Open Access; Green Open Access</p>,,,,,,,,,,,,,,,,,,,,,,,,,,,,,,,,,,,,,,,,,,,,,,,,,,,Scopus,pass,,Life,SJR,,Q1,Cat3 [Clinical / Medical],Cat3 [Clinical / Medical]::\bpatient[s]?\b
M9UP7WPK,journalArticle,2022,"LeBrun, Drake G.; Martino, Brooks; Biehl, Elizabeth; Fisher, Charles M.; Gonzalez Della Valle, Alejandro; Ast, Michael P.",Telerehabilitation has similar clinical and patient-reported outcomes compared to traditional rehabilitation following total knee arthroplasty,"Knee Surgery, Sports Traumatology, Arthroscopy",,09422056,10.1007/s00167-022-06931-6,https://www.scopus.com/pages/publications/85127331943?origin=resultslist,"Purpose: Telehealth rehabilitation (telerehab) is an increasingly popular cost-saving alternative to traditional rehabilitation after total joint arthroplasty. We compared the safety and efficacy of an institutional telerehab program to conventional “face-to-face” rehabilitation in a sample of patients undergoing total knee arthroplasty (TKA). Methods: A retrospective matched cohort study was performed. Medicare patients who utilized telerehab following unilateral TKA were matched in a 1:3 ratio to those utilizing conventional rehabilitation. Patients were matched on sex, body mass index (BMI, ± 5 kg/m2), preoperative extension (± 10 degrees), preoperative flexion (± 10 degrees), and Risk Assessment and Prediction Tool (RAPT) score (± 2 points). Ninety-day unplanned healthcare encounters, 120-day manipulations under anesthesia (MUAs), and 6-week and 3-month changes in the Knee Injury and Osteoarthritis Outcome Score for Joint Replacement (KOOS-JR), pain visual analog scale (VAS), Veterans RAND 12 (VR-12), and Lower-Extremity Activity Scale (LEAS) were compared between groups. Results: Eighty-two telerehab patients and 244 conventional rehab patients were included. After matching, there were no differences in 90-day unplanned healthcare encounters or 120-day MUA rates between groups. There were no differences in 6-week or 3-month changes in KOOS-JR, VAS pain, or VR-12 mental or physical sub-scores between groups. Telerehab patients had a greater improvement in LEAS score at 3 months compared to the conventional group (mean difference 1.9, P = 0.03). Conclusion: In a matched cohort study of 326 TKA patients, telerehab patients had similar rates of unplanned healthcare encounters and MUAs and similar patient-reported outcomes compared to conventional PT patients, suggesting that telerehab can be an equally effective alternative to conventional PT following TKA. Level of evidence: III © 2022, The Author(s) under exclusive licence to European Society of Sports Traumatology, Knee Surgery, Arthroscopy (ESSKA).",2022,2026-05-15 01:58:42,2026-05-15 01:58:42,,4098 - 4103,,12,30,,,,,,,,,,,,,,,,,Type: Article,<p>Cited by: 16</p>,,,,,,,,,,,,,,,,,,,,,,,,,,,,,,,,,,,,,,,,,,,,,,,,,,,Scopus,pass,,"Knee Surgery, Sports Traumatology, Arthroscopy",SJR,,Q1,Cat3 [Clinical / Medical],Cat3 [Clinical / Medical]::\brehabilitation\b | Cat3 [Clinical / Medical]::\bsurgery\b | Cat3 [Clinical / Medical]::\bpatient[s]?\b
KGCLS8VF,journalArticle,2021,"Horsak, Brian; Simonlehner, Mark; Schöffer, Lucas; Dumphart, Bernhard; Jalaeefar, Arian; Husinsky, Matthias",Overground Walking in a Fully Immersive Virtual Reality: A Comprehensive Study on the Effects on Full-Body Walking Biomechanics,Frontiers in Bioengineering and Biotechnology,,22964185,10.3389/fbioe.2021.780314,https://www.scopus.com/pages/publications/85121717067?origin=resultslist,"Virtual reality (VR) is an emerging technology offering tremendous opportunities to aid gait rehabilitation. To this date, real walking with users immersed in virtual environments with head-mounted displays (HMDs) is either possible with treadmills or room-scale (overground) VR setups. Especially for the latter, there is a growing interest in applications for interactive gait training as they could allow for more self-paced and natural walking. This study investigated if walking in an overground VR environment has relevant effects on 3D gait biomechanics. A convenience sample of 21 healthy individuals underwent standard 3D gait analysis during four randomly assigned walking conditions: the real laboratory (RLab), a virtual laboratory resembling the real world (VRLab), a small version of the VRlab (VRLab−), and a version which is twice as long as the VRlab (VRLab+). To immerse the participants in the virtual environment we used a VR-HMD, which was operated wireless and calibrated in a way that the virtual labs would match the real-world. Walking speed and a single measure of gait kinematic variability (GaitSD) served as primary outcomes next to standard spatio-temporal parameters, their coefficients of variant (CV%), kinematics, and kinetics. Briefly described, participants demonstrated a slower walking pattern (−0.09 ± 0.06 m/s) and small accompanying kinematic and kinetic changes. Participants also showed a markedly increased gait variability in lower extremity gait kinematics and spatio-temporal parameters. No differences were found between walking in VRLab+ vs. VRLab−. Most of the kinematic and kinetic differences were too small to be regarded as relevant, but increased kinematic variability (+57%) along with increased percent double support time (+4%), and increased step width variability (+38%) indicate gait adaptions toward a more conservative or cautious gait due to instability induced by the VR environment. We suggest considering these effects in the design of VR-based overground training devices. Our study lays the foundation for upcoming developments in the field of VR-assisted gait rehabilitation as it describes how VR in overground walking scenarios impacts our gait pattern. This information is of high relevance when one wants to develop purposeful rehabilitation tools. Copyright © 2021 Horsak, Simonlehner, Schöffer, Dumphart, Jalaeefar and Husinsky.",2021,2026-05-15 01:58:42,2026-05-15 01:58:42,,,,,9,,,,,,,,,,,,,,,,,Type: Article,<p>Cited by: 41; All Open Access; Gold Open Access; Green Open Access</p>,,,,,,,,,,,,,,,,,,,,,,,,,,,,,,,,,,,,,,,,,,,,,,,,,,,Scopus,pass,,Frontiers in Bioengineering and Biotechnology,SJR,,Q1,Cat3 [Clinical / Medical],Cat3 [Clinical / Medical]::\brehabilitation\b
DB8CLH5F,journalArticle,2022,"Nisar, Hareem; Groves, Leah; Cardarelli-Leite, Leandro; Peters, Terry M.; Chen, Elvis C.S.",Toward Fluoro-Free Interventions: Using Radial Intracardiac Ultrasound for Vascular Navigation,Ultrasound in Medicine and Biology,,03015629,10.1016/j.ultrasmedbio.2022.02.025,https://www.scopus.com/pages/publications/85130656166?origin=resultslist,"Transcatheter cardiovascular interventions have the advantage of patient safety, reduced surgery time and minimal trauma to the patient's body. Transcathether interventions, which are performed percutaneously, are limited by the lack of direct line of sight with the procedural tools and the patient anatomy. Therefore, such interventional procedures rely heavily on image guidance for navigating toward and delivering therapy at the target site. Vascular navigation via the inferior vena cava, from the groin to the heart, is an imperative part of most transcatheter cardiovascular interventions including heart valve repair surgeries and ablation therapy. Traditionally, the inferior vena cava is navigated using fluoroscopic techniques such as venography and computed tomography venography. These X-ray–based techniques can have detrimental effects on the patient as well as the surgical team, causing increased radiation exposure, leading to risk of cancer, fetal defects and eye cataracts. The use of a heavy lead apron has also been reported to cause back pain and spine issues, thus leading to interventionalist's disc disease. We propose the use of a catheter-based ultrasound augmented with electromagnetic tracking technology to generate a vascular roadmap in real time and perform navigation without harmful radiation. In this pilot study, we used spatially tracked intracardiac echocardiography to reconstruct a vessel from a phantom in a 3-D virtual environment. We illustrate how the proposed ultrasound-based navigation will appear in a virtual environment, by navigating a tracked guidewire within the vessels in the phantom without any radiation-based imaging. The geometric accuracy is assessed using a computed tomography scan of the phantom, with a Dice coefficient of 0.79. The average distance between the surfaces of the two models comes out to be 1.7 ± 1.12 mm. © 2022 The Authors",2022,2026-05-15 01:58:44,2026-05-15 01:58:44,,1290 - 1298,,7,48,,,,,,,,,,,,,,,,,Type: Article,<p>Cited by: 4; All Open Access; Hybrid Gold Open Access</p>,,,,,,,,,,,,,,,,,,,,,,,,,,,,,,,,,,,,,,,,,,,,,,,,,,,Scopus,pass,,Ultrasound in Medicine and Biology,SJR,,Q1,Cat3 [Clinical / Medical],Cat3 [Clinical / Medical]::\bsurgery\b | Cat3 [Clinical / Medical]::\bpatient[s]?\b
K3SH7WP3,journalArticle,2022,"Ting, Chee Han; Scholes, Corey; Zbrojkiewicz, David; Bell, Christopher",Baseline Analysis of Patients Presenting for Surgical Review of Anterior Cruciate Ligament Rupture Reveals Heterogeneity in Patient-Reported Outcome Measures,Journal of Knee Surgery,,15388506,10.1055/s-0040-1713658,https://www.scopus.com/pages/publications/85087862126?origin=resultslist,"Despite the establishment of successful surgical techniques and rehabilitation protocols for anterior cruciate ligament (ACL) reconstruction, published return to sport rates are less than satisfactory. This has led orthopaedic surgeons and researchers to develop more robust patient selection methods, and investigate prognostic patient characteristics. No previous studies have integrated baseline characteristics and responses to patient-reported outcome measures (PROMs) of patients with ACL rupture presenting for surgical review. Patients electing to undergo ACL reconstruction under the care of a single orthopaedic surgeon at a metropolitan public hospital were enrolled in a clinical quality registry. Patients completed Veterans RAND 12-item Health Survey (VR-12) Physical Component Summary and Mental Component Summary scores, Tegner activity scale, and International Knee Documentation Committee (IKDC) questionnaires at presentation. Total scores were extracted from the electronic registry, and a machine learning approach (k -means) was used to identify subgroups based on similarity of questionnaire responses. The average scores in each cluster were compared using analysis of variance (ANOVA; Kruskal-Wallis) and nominal logistic regression was performed to determine relationships between cluster membership and patient age, gender, body mass index (BMI), and injury-to-examination delay. A sample of 107 patients with primary ACL rupture were extracted, with 97 (91%) available for analysis with complete datasets. Four clusters were identified with distinct patterns of PROMs responses. These ranged from lowest (Cluster 1) to highest scores for VR-12 and IKDC (Cluster 4). In particular, Cluster 4 returned median scores within 6 points of the patient acceptable symptom state for the IKDC score for ACL reconstruction (70.1, interquartile range: 59-78). Significant (p < 0.05) differences in PROMs between clusters were observed using ANOVA, with variance explained ranging from 40 to 69%. However, cluster membership was not significantly associated with patient age, gender, BMI, or injury-to-examination delay. Patients electing to undergo ACL reconstruction do not conform to a homogenous group but represent a spectrum of knee function, general physical and mental health, and preinjury activity levels, which may not lend itself to uniform treatment and rehabilitation protocols. The factors driving these distinct responses to PROMs remain unknown but are unrelated to common demographic variables. © 2022 Georg Thieme Verlag. All rights reserved.",2022,2026-05-15 01:58:45,2026-05-15 01:58:45,,159 - 166,,2,35,,,,,,,,,,,,,,,,,Type: Article,<p>Cited by: 0; All Open Access; Bronze Open Access</p>,,,,,,,,,,,,,,,,,,,,,,,,,,,,,,,,,,,,,,,,,,,,,,,,,,,Scopus,pass,,Journal of Knee Surgery,SJR,,Q1,Cat3 [Clinical / Medical],Cat3 [Clinical / Medical]::\brehabilitation\b | Cat3 [Clinical / Medical]::\bpatient[s]?\b
GR4RIU5S,journalArticle,2022,"Peebles, Alexander T.; Van der Veen, Susanne; Stamenkovic, Alexander; France, Christopher R.; Pidcoe, Peter E.; Thomas, James S.",A Virtual Reality Game Suite for Graded Rehabilitation in Patients With Low Back Pain and a High Fear of Movement: Within-Subject Comparative Study,JMIR Serious Games,,22919279,10.2196/32027,https://www.scopus.com/pages/publications/85128141048?origin=resultslist,"Background: Complex movement pathologies that are biopsychosocial in nature (eg, back pain) require a multidimensional approach for effective treatment. Virtual reality is a promising tool for rehabilitation, where therapeutic interventions can be gamified to promote and train specific movement behaviors while increasing enjoyment, engagement, and retention. We have previously created virtual reality-based tools to assess and promote lumbar excursion during reaching and functional gameplay tasks by manipulating the position of static and dynamic contact targets. Based on the framework of graded exposure rehabilitation, we have created a new virtual reality therapy aimed to alter movement speed while retaining the movement-promoting features of our other developments. Objective: This study aims to compare lumbar flexion excursion and velocity across our previous and newly developed virtual reality tools in a healthy control cohort. Methods: A total of 31 healthy participants (16 males, 15 females) took part in 3 gamified virtual reality therapies (ie, Reachality, Fishality, and Dodgeality), while whole-body 3D kinematics were collected at 100 Hz using a 14-camera motion capture system. Lumbar excursion, lumbar flexion velocity, and actual target impact location in the anterior and vertical direction were compared across each virtual reality task and between the 4 anthropometrically defined intended target impact locations using separate 2-way repeated measures analysis of variance models. Results: There was an interaction between game and impact height for each outcome (all P<.001). Post-hoc simple effects models revealed that lumbar excursion was reduced during Reachality and Fishality relative to that during Dodgeality for the 2 higher impact heights but was greater during Reachality than during Fishality and Dodgeality for the lowest impact height. Peak lumbar flexion velocity was greater during Dodgeality than during Fishality and Reachality across heights. Actual target impact locations during Dodgeality and Fishality were lower relative to those during Reachality at higher intended impact locations but higher at lower intended impact locations. Finally, actual target impact location was further in the anterior direction for Reachality compared to that for Fishality and for Fishality relative to that for Dodgeality. Conclusions: Lumbar flexion velocity was reduced during Fishality relative to that during Dodgeality and resembled velocity demands more similar to those for a self-paced reaching task (ie, Reachality). Additionally, lumbar motion and target impact location during Fishality were more similar to those during Reachality than to those during Dodgeality, which suggests that this new virtual reality game is an effective tool for shaping movement. These findings are encouraging for future research aimed at developing an individualized and graded virtual reality intervention for patients with low back pain and a high fear of movement. © 2022 JMIR Publications Inc.. All Rights Reserved.",2022,2026-05-15 01:58:45,2026-05-15 01:58:45,,,,1,10,,,,,,,,,,,,,,,,,Type: Article,<p>Cited by: 5; All Open Access; Gold Open Access; Green Open Access</p>,,,,,,,,,,,,,,,,,,,,,,,,,,,,,,,,,,,,,,,,,,,,,,,,,,,Scopus,pass,,JMIR Serious Games,SJR,,Q1,Cat3 [Clinical / Medical],Cat3 [Clinical / Medical]::\brehabilitation\b | Cat3 [Clinical / Medical]::\bpatient[s]?\b
S3H5U7QJ,journalArticle,2023,"Kerr, Andy; Keogh, Maisie; Slachetka, Milena; Grealy, Madeleine; Rowe, Philip",An Intensive Exercise Program Using a Technology-Enriched Rehabilitation Gym for the Recovery of Function in People With Chronic Stroke: Usability Study,JMIR Rehabilitation and Assistive Technologies,,23692529,10.2196/46619,https://www.scopus.com/pages/publications/85167576899?origin=resultslist,"Background: Rehabilitation improves poststroke recovery with greater effect for many when applied intensively within enriched environments. The failure of health care providers to achieve minimum recommendations for rehabilitation motivated the development of a technology-enriched rehabilitation gym (TERG) that enables individuals under supervision to perform high-intensity self-managed exercises safely in an enriched environment. Objective: This study aimed to assess the feasibility of the TERG approach and gather preliminary evidence of its effect for future research. Methods: This feasibility study recruited people well enough to exercise but living with motor impairment following a stroke at least 12 months previously. Following assessment, an 8-week exercise program using a TERG (eg, virtual reality treadmills, power-assisted equipment, balance trainers, and upper limb training systems) was structured in partnership with participants. The feasibility was assessed through recruitment, retention, and adherence rates along with participant interviews. Effect sizes were calculated from the mean change in standard outcome measures. Results: In total, 70 individuals registered interest, the first 50 were invited for assessment, 39 attended, and 31 were eligible and consented. Following a pilot study (n=5), 26 individuals (mean age 60.4, SD 13.3 years; mean 39.0, SD 29.2 months post stroke; n=17 males; n=10 with aphasia) were recruited to a feasibility study, which 25 individuals completed. Participants attended an average of 18.7 (SD 6.2) sessions with an 82% attendance rate. Reasons for nonattendance related to personal life, illness, weather, care, and transport. In total, 19 adverse events were reported: muscle or joint pain, fatigue, dizziness, and viral illness, all resolved within a week. Participants found the TERG program to be a positive experience with the equipment highly usable albeit with some need for individual tailoring to accommodate body shape and impairment. The inclusion of performance feedback and gamification was well received. Mean improvements in outcome measures were recorded across all domains with low to medium effect sizes. Conclusions: This study assessed the feasibility of a holistic technology-based solution to the gap between stroke rehabilitation recommendations and provision. The results clearly demonstrate a rehabilitation program delivered through a TERG is feasible in terms of recruitment, retention, adherence, and user acceptability and may lead to considerable improvement in function, even in a chronic stroke population. © Andy Kerr, Maisie Keogh, Milena Slachetka, Madeleine Grealy, Philip Rowe.",2023,2026-05-15 01:58:48,2026-05-15 01:58:48,,,,,10,,,,,,,,,,,,,,,,,Type: Article,<p>Cited by: 6; All Open Access; Gold Open Access; Green Open Access</p>,,,,,,,,,,,,,,,,,,,,,,,,,,,,,,,,,,,,,,,,,,,,,,,,,,,Scopus,pass,,JMIR Rehabilitation and Assistive Technologies,SJR,,Q1,Cat3 [Clinical / Medical],Cat3 [Clinical / Medical]::\brehabilitation\b | Cat3 [Clinical / Medical]::\bstroke\s+(?:patient|rehabilitation|survivor|recovery)\b
VLM4ZNSQ,journalArticle,2021,"Cao, Lizhou; Peng, Chao; Dong, Yangzi",Ellic’s Exercise Class: promoting physical activities during exergaming with immersive virtual reality,Virtual Reality,,13594338,10.1007/s10055-020-00477-z,https://www.scopus.com/pages/publications/85092793531?origin=resultslist,"This work presents the design and evaluation of a set of three mini exercise games (exergames), called “Ellic’s Exercise Class,” which allows people to play in virtual reality (VR) using a head-mounted display (HMD) with the intention to promote physical activities. The exergames require the player to move hands, arms, and body to interact with sporting gameplay events. The game design methodology considers both display advantages and physical limitations in VR technologies. The games are evaluated in a usability study with the goal to understand participants’ performance, gaming experience, effectiveness in motivating them to move, and their exercise intensity levels. In the study, we compare play of games in a VR environment simulated through an HMD with the play in front of a standard large flat-screen display (LFD), while ensuring the difficulty level of gameplay to be same in both. The participants’ moving distances and their answers in questionnaires show that they become more active and engaged when playing exergames with HMD, but according to heart rate data, there is not significant evidence that playing with HMD would be better than that with LFD in terms of increasing the energy expenditure. We discuss the findings in accordance with the relationship and independence between engagement and exertion in exergaming. © 2020, Springer-Verlag London Ltd., part of Springer Nature.",2021,2026-05-15 01:58:51,2026-05-15 01:58:51,,597 - 612,,3,25,,,,,,,,,,,,,,,,,Type: Article,<p>Cited by: 35</p>,,,,,,,,,,,,,,,,,,,,,,,,,,,,,,,,,,,,,,,,,,,,,,,,,,,Scopus,pass,,Virtual Reality,SJR,,Q1,Cat1 [Not VR / Out of Scope],Cat1 [Not VR / Out of Scope]::\bflat[- ]screen\b
888HPXB6,journalArticle,2022,"Liang, Huey-Wen; Tai, Tzu-Ling; Li, Yue-Hua; Chen, Ying-Chun",Application of a virtual reality tracker-based system to measure seated postural stability in stroke patients,Journal of NeuroEngineering and Rehabilitation,,17430003,10.1186/s12984-022-01052-0,https://www.scopus.com/pages/publications/85133983754?origin=resultslist,"Background: Postural stability while sitting is an important indicator of balance and an early predictor for future functional improvement in neurorehabilitation, but the evaluation is usually dependent on clinical balance function measures. Meanwhile, instrumental posturography has been used widely to obtain quantitative data and characterize balance abilities and underlying control mechanisms, but not as often for sitting balance. Moreover, traditional kinetic methods using a force platform to test sitting stability often require modification and are costly. We proposed a tracker-based posturography with a commercial virtual reality system, the VIVE Pro system (HTC, Inc. Taiwan), to record the trunk displacement (TD) path with a lumbar tracker for evaluation of sitting stability. The goals were to test the reliability and validity of the TD parameters among stroke patients. Methods: Twenty-one stroke individuals and 21 healthy adults had their postural sway measured with this system under four sitting conditions, i.e., sitting on a solid surface or a soft surface, with eyes open or closed. The test–retest reliability of the TD parameters was evaluated with intraclass correlation coefficients in 22 participants. We also tested the discriminative validity of these parameters to discriminate between stroke and healthy controls, and among four sitting conditions. Furthermore, the TD parameters were correlated with the three balance function tests: the Berg Balance Scale (BBS), the Postural Assessment Scale for Stroke Patients (PASS) and the Function in Sitting Test (FIST). Results: The results indicated that the TD parameters obtained by tracker-based posturography had mostly moderate to good reliability across the four conditions, with a few exceptions in the solid surface and eyes open tasks. The TD parameters could discriminate the postural stability between sitting on solid and soft surfaces. The stroke group had more seated postural sway than the control group, especially while sitting on a soft surface. In addition, velocity measures in the sagittal and frontal planes had moderate to high correlations with the PASS and BBS scores. Conclusions: This tracker-based system is a cost-effective option for the clinical assessment of body stability for stroke patients in a seated position and shows acceptable reliability and validity. © 2022, The Author(s).",2022,2026-05-15 01:58:52,2026-05-15 01:58:52,,,,1,19,,,,,,,,,,,,,,,,,Type: Article,<p>Cited by: 6; All Open Access; Gold Open Access; Green Open Access</p>,,,,,,,,,,,,,,,,,,,,,,,,,,,,,,,,,,,,,,,,,,,,,,,,,,,Scopus,pass,,Journal of NeuroEngineering and Rehabilitation,SJR,,Q1,Cat3 [Clinical / Medical],Cat3 [Clinical / Medical]::\bpatient[s]?\b
VSY64AHV,journalArticle,2022,"Vass, Edit; Simon, Viktória; Csukly, Gábor; Fekete, Zita; Kis, Balázs; Simon, Lajos",Virtual reality-based theory of mind intervention in schizophrenia: Preliminary efficacy results,Comprehensive Psychiatry,,0010440X,10.1016/j.comppsych.2022.152350,https://www.scopus.com/pages/publications/85140247336?origin=resultslist,"Background: In recent years, a growing body of literature has supported the core nature and functional significance of Theory of Mind (ToM) deficit in schizophrenia. These findings have made ToM impairment a promising treatment target. However, despite the encouraging results, its complexity makes it difficult to develop new interventions and even to understand the exact nature and scope of the deficit. Yet, further investigation has suggested that using modern technology and multilevel assessment may help solve the problem. Methods: Virtual Reality-based Theory of Mind Intervention (VR-ToMIS) is a recently developed structured method using the combination of cognitive and behavioral therapeutic techniques and the advantages of Virtual Reality (VR) technology. A controlled study with a three-month follow-up was conducted with 42 patients (suffering from schizophrenia or schizo-affective disorder) randomly assigned to either an experimental (VR-ToMIS) or control group (passive-VR). Repeated two-way factorial analysis of covariance was used to evaluate the effects of VR-ToMIS on symptoms, neuro- and social cognition, pragmatic skills, and quality of life when the effect of IQ was controlled. Results: Patients participating in VR-ToMIS showed significant improvements in all types of ToM tasks (except for hyper-ToM task, based on the results of Cartoon test, Faux pas test and and Baron-Cohen Minds in the Eyes Test) compared to the control group with moderate to large effect sizes. In the case of negative and cognitive symptoms, significant between-group differences were also supported. Improvement was moderated by IQ in the case of higher-order ToM, manner, and relevance implicatures. Results were proved to be sustainable three months after the treatment. Conclusion: Although the presented results are considered preliminary, they support the potential of the integration of modern technology and traditional methods for future interventions. © 2022",2022,2026-05-15 01:58:52,2026-05-15 01:58:52,,,,,119,,,,,,,,,,,,,,,,,Type: Article,<p>Cited by: 18; All Open Access; Gold Open Access; Green Open Access</p>,,,,,,,,,,,,,,,,,,,,,,,,,,,,,,,,,,,,,,,,,,,,,,,,,,,Scopus,pass,,Comprehensive Psychiatry,SJR,,Q1,Cat3 [Clinical / Medical],Cat3 [Clinical / Medical]::\bpatient[s]?\b | Cat3 [Clinical / Medical]::\bschizophrenia\b
B65DN5QI,journalArticle,2022,"Schneegans, S.; Gilg, J.; Ahlers, V.; Gerndt, A.",Real-Time Rendering of Eclipses without Incorporation of Atmospheric Effects,Computer Graphics Forum,,01677055,10.1111/cgf.14676,https://www.scopus.com/pages/publications/85150684287?origin=resultslist,"In this paper, we present a novel approach for real-time rendering of soft eclipse shadows cast by spherical, atmosphereless bodies. While this problem may seem simple at first, it is complicated by several factors. First, the extreme scale differences and huge mutual distances of the involved celestial bodies cause rendering artifacts in practice. Second, the surface of the Sun does not emit light evenly in all directions (an effect which is known as limb darkening). This makes it impossible to model the Sun as a uniform spherical light source. Finally, our intended applications include real-time rendering of solar eclipses in virtual reality, which require very high frame rates. As a solution to these problems, we precompute the amount of shadowing into an eclipse shadow map, which is parametrized so that it is independent of the position and size of the occluder. Hence, a single shadow map can be used for all spherical occluders in the Solar System. We assess the errors introduced by various simplifications and compare multiple approaches in terms of performance and precision. Last but not least, we compare our approaches to the state-of-the-art and to reference images. The implementation has been published under the MIT license. © 2023 The Authors. Computer Graphics Forum published by Eurographics - The European Association for Computer Graphics and John Wiley & Sons Ltd.",2022,2026-05-15 01:58:55,2026-05-15 01:58:55,,279 - 289,,7,41,,,,,,,,,,,,,,,,,Type: Article,<p>Cited by: 1; All Open Access; Green Open Access; Hybrid Gold Open Access</p>,,,,,,,,,,,,,,,,,,,,,,,,,,,,,,,,,,,,,,,,,,,,,,,,,,,Scopus,pass,,Computer Graphics Forum,SJR,,Q1,Cat2 [Tech / Non-Empirical],Cat2 [Tech / Non-Empirical]::\breal[- ]?time\s+rendering\b
6MNCUJBT,journalArticle,2022,"Chen, Guodong; Sun, Xinyu; Yu, Wenbo; Wang, Hao",Analysis Model of the Relationship between Public Spatial Forms in Traditional Villages and Scenic Beauty Preference Based on LiDAR Point Cloud Data,Land,,2073445X,10.3390/land11081133,https://www.scopus.com/pages/publications/85137568032?origin=resultslist,"Traditional villages are historically, culturally, scientifically and aesthetically valuable, and a beautiful landscape is the primary embodiment of a traditional village environment. Urbanization and modernization have had a great impact on village landscapes. As an important aspect of traditional village landscapes, creating beautiful public spaces is an effective way to attract tourists and improve the well-being of residents. Landscape aesthetic activities are the result of the interaction between landscape objects and aesthetic subjects. Research on the relationship between the form of traditional village public spaces and subjective aesthetic preferences has long been neglected. This research examined 31 public spaces in traditional villages in the Dongshan and Xishan areas in Lake Taihu, Suzhou. An index system of public spatial forms in traditional villages was created, basic data of spatial forms were collected using a hand-held 3D laser scanner, and the value of the spatial forms index was calculated using R language. The scenic beauty estimation (SBE) method was improved, with the estimation of the beauty of the scenic environment based on VR panorama rather than traditional photo media. Parameter screening was performed using correlation analysis and full subset regression analysis, and four models were used to fit the SBE scores and grades. The results show that the majority of public spaces had lower than average SBE scores, and the four key indicators of average contour upper height, solid-space ratio, vegetation cover, and comprehensive closure predicted SBE. In addition, the linear model (R<sup>2</sup> = 0.332, RMSE = 64.774) had the most accurate SBE level prediction and the stochastic forest model (R<sup>2</sup> = 0.405, RMSE = 63.311) was better at predicting specific SBE scores. The model provides managers, designers, and researchers with a method for the quantitative evaluation of visual landscape preferences and quantitative landscape spatial forms and provides a reference for the protection and renewal of traditional village landscapes. © 2022 by the authors.",2022,2026-05-15 01:58:55,2026-05-15 01:58:55,,,,8,11,,,,,,,,,,,,,,,,,Type: Article,<p>Cited by: 23; All Open Access; Gold Open Access; Green Open Access</p>,,,,,,,,,,,,,,,,,,,,,,,,,,,,,,,,,,,,,,,,,,,,,,,,,,,Scopus,pass,,Land,SJR,,Q1,Cat2 [Tech / Non-Empirical],Cat2 [Tech / Non-Empirical]::\bpoint\s+cloud\b
KBFLENZX,journalArticle,2022,"Subramanian, Sandeep K.; Cross, MacKenzie K.; Hirschhauser, Cole S.",Virtual reality interventions to enhance upper limb motor improvement after a stroke: commonly used types of platform and outcomes,Disability and Rehabilitation: Assistive Technology,,17483107,10.1080/17483107.2020.1765422,https://www.scopus.com/pages/publications/85085899839?origin=resultslist,"Introduction: Virtual Reality (VR) based platforms are useful in enhancing post-stroke sub-optimal upper limb (UL) motor improvement. A variety of options are available from expensive highly customizable platforms to low cost turnkey solutions. Clinical outcomes primarily help assess the effects of VR-based platforms. These outcomes mainly quantify how much improvement has occurred. Very few outcomes characterize the type (i.e. how) of recovery. We categorized the types of VR-based platforms and outcome measures commonly used for post-stroke UL motor improvement. Methods: We reviewed the published literature in English from 2000-2019. Different types of VR-based platforms were grouped into those available commercially and those developed by the various research groups. We initially classified outcomes from the retrieved studies under the appropriate International Classification of Functioning categories. Then, we divided the outcomes as those quantifying the type or extent of improvement. Results: We found a total of 125 studies. Majority of the studies used commercially available platforms. A total of 42 different outcome measures were used. Seventeen different outcomes were used to assess body structure and functions as well as in activity limitations. Eight outcomes assessed the effects of contextual factors and participation restrictions. The Fugl Meyer Assessment, Wolf Motor Function Test and Stroke Impact Scale were most often used across the three categories. Of the 125 studies, 52 used outcomes characterizing the type of recovery. Although a smaller proportion, 24 studies included movement patterns outcomes. Conclusion: A standardized set of outcomes can promote better comparisons between studies using different VR-based platforms for post-stroke UL motor improvement.Implications for Rehabilitation A wide variety of commercially available systems are present from expensive customizable systems to low-cost turnkey systems. The Fugl-Meyer Assessment and Wolf Motor Function Test along with the Stroke Impact Scale-Social Participation subscale were used most often across all studies as assessments of body structure and function, activity limitations and participation restriction. It is essential to include movement pattern outcomes addressing whether recovery of compensation occurs with the use of VR-based platforms. © 2020 Informa UK Limited, trading as Taylor & Francis Group.",2022,2026-05-15 01:58:57,2026-05-15 01:58:57,,107 - 115,,1,17,,,,,,,,,,,,,,,,,Type: Review,<p>Cited by: 18</p>,,,,,,,,,,,,,,,,,,,,,,,,,,,,,,,,,,,,,,,,,,,,,,,,,,,Scopus,pass,,Disability and Rehabilitation: Assistive Technology,SJR,,Q1,Cat3 [Clinical / Medical],Cat3 [Clinical / Medical]::\brehabilitation\b
5I8LEJC7,journalArticle,2022,"Tramontano, Marco; Belluscio, Valeria; Bergamini, Elena; Allevi, Giulia; De Angelis, Sara; Verdecchia, Giorgia; Formisano, Rita; Vannozzi, Giuseppe; Buzzi, Maria Gabriella",Vestibular Rehabilitation Improves Gait Quality and Activities of Daily Living in People with Severe Traumatic Brain Injury: A Randomized Clinical Trial,Sensors,,14248220,10.3390/s22218553,https://www.scopus.com/pages/publications/85141607025?origin=resultslist,"Neurorehabilitation research in patients with traumatic brain injury (TBI) showed how vestibular rehabilitation (VR) treatments positively affect concussion-related symptoms, but no studies have been carried out in patients with severe TBI (sTBI) during post-acute intensive neurorehabilitation. We aimed at testing this effect by combining sensor-based gait analysis and clinical scales assessment. We hypothesized that integrating VR in post-acute neurorehabilitation training might improve gait quality and activity of daily living (ADL) in sTBI patients. A two-arm, single-blind randomized controlled trial with 8 weeks of follow-up was performed including thirty sTBI inpatients that underwent an 8-week rehabilitation program including either a VR or a conventional program. Gait quality parameters were obtained using body-mounted magneto-inertial sensors during instrumented linear and curvilinear walking tests. A 4X2 mixed model ANOVA was used to investigate session–group interactions and main effects. Patients undergoing VR exhibited improvements in ADL, showing early improvements in clinical scores. Sensor-based assessment of curvilinear pathways highlighted significant VR-related improvements in gait smoothness over time (p < 0.05), whereas both treatments exhibited distinct improvements in gait quality. Integrating VR in conventional neurorehabilitation is a suitable strategy to improve gait smoothness and ADL in sTBI patients. Instrumented protocols are further promoted as an additional measure to quantify the efficacy of neurorehabilitation treatments. © 2022 by the authors.",2022,2026-05-15 01:58:59,2026-05-15 01:58:59,,,,21,22,,,,,,,,,,,,,,,,,Type: Article,<p>Cited by: 33; All Open Access; Gold Open Access; Green Open Access</p>,,,,,,,,,,,,,,,,,,,,,,,,,,,,,,,,,,,,,,,,,,,,,,,,,,,Scopus,pass,,Sensors,SJR,,Q1,Cat3 [Clinical / Medical],Cat3 [Clinical / Medical]::\brehabilitation\b | Cat3 [Clinical / Medical]::\bpatient[s]?\b | Cat3 [Clinical / Medical]::\bclinical\s+(?:trial|study|outcome|setting|population)\b
TXUITBH4,journalArticle,2022,"Barry, Kelly S.; Nimma, Sindhuja R.; Spaulding, Aaron C.; Wilke, Benjamin K.; Torp, Klaus D.; Ledford, Cameron K.",Perioperative Outcomes of Immersive Virtual Reality as Adjunct Anesthesia in Primary Total Hip and Knee Arthroplasty,Arthroplasty Today,,23523441,10.1016/j.artd.2022.09.015,https://www.scopus.com/pages/publications/85140318550?origin=resultslist,"Background: Immersive virtual reality (IVR) is utilized as an adjunct to anesthesia to distract patients from their intraoperative environment, thereby potentially reducing sedative and narcotic medication usage. This study evaluated intraoperative and acute postoperative results of patients undergoing primary total hip (THA) and total knee arthroplasty (TKA) with and without IVR. Methods: Utilizing IVR as an adjunct to spinal anesthesia, 18 primary THAs (n = 8) and TKAs (n = 10) were performed. These cases were 1:2 matched based on procedure type, age, sex, and body mass index to those performed without IVR. Intraoperative and postanesthesia care unit sedative/narcotic usage, vital signs, and pain scores were compared. Acute perioperative outcomes, including 24-hour oral morphine equivalent (OME), first ambulation distance, length of stay, and 30-day complications, were also analyzed. Pearson Chi-square and Wilcoxon-Mann-Whitney tests evaluated categorical and continuous variables, respectively. Results: When compared to non-IVR primary THAs and TKAs, those performed with IVR utilized significantly less intraoperative sedation (48 mg vs 708 mg of propofol; P < .001) and trended toward less narcotic usage (13 mcg vs 39 mcg of fentanyl; P = .07). In the postanesthesia care unit, IVR and non-IVR patients showed no significant differences (P > .3) in vital signs, pain scores, or OME received. Additionally, similar (P > .3) postoperative outcomes were noted in both cohorts’ 24-hour OME use, distance at first ambulation, length of stay, and 30-day complications. Conclusions: The use of spinal anesthesia with the IVR adjunct to perform primary THAs and TKAs appears to be well-tolerated and associated with less intraoperative sedative medication usage than spinal anesthesia alone. © 2022 The Authors",2022,2026-05-15 01:58:59,2026-05-15 01:58:59,,84 - 88,,,18,,,,,,,,,,,,,,,,,Type: Article,<p>Cited by: 14; All Open Access; Gold Open Access; Green Open Access</p>,,,,,,,,,,,,,,,,,,,,,,,,,,,,,,,,,,,,,,,,,,,,,,,,,,,Scopus,pass,,Arthroplasty Today,SJR,,Q1,Cat3 [Clinical / Medical],Cat3 [Clinical / Medical]::\bpatient[s]?\b
436E8ZY9,journalArticle,2022,"Alcañiz, Mariano; Chicchi-Giglioli, Irene Alice; Carrasco-Ribelles, Lucía A.; Marín-Morales, Javier; Minissi, Maria Eleonora; Teruel-García, Gonzalo; Sirera, Marian; Abad, Luis",Eye gaze as a biomarker in the recognition of autism spectrum disorder using virtual reality and machine learning: A proof of concept for diagnosis,Autism Research,,19393792,10.1002/aur.2636,https://www.scopus.com/pages/publications/85119596316?origin=resultslist,"The core symptoms of autism spectrum disorder (ASD) mainly relate to social communication and interactions. ASD assessment involves expert observations in neutral settings, which introduces limitations and biases related to lack of objectivity and does not capture performance in real-world settings. To overcome these limitations, advances in technologies (e.g., virtual reality) and sensors (e.g., eye-tracking tools) have been used to create realistic simulated environments and track eye movements, enriching assessments with more objective data than can be obtained via traditional measures. This study aimed to distinguish between autistic and typically developing children using visual attention behaviors through an eye-tracking paradigm in a virtual environment as a measure of attunement to and extraction of socially relevant information. The 55 children participated. Autistic children presented a higher number of frames, both overall and per scenario, and showed higher visual preferences for adults over children, as well as specific preferences for adults' rather than children's faces on which looked more at bodies. A set of multivariate supervised machine learning models were developed using recursive feature selection to recognize ASD based on extracted eye gaze features. The models achieved up to 86% accuracy (sensitivity = 91%) in recognizing autistic children. Our results should be taken as preliminary due to the relatively small sample size and the lack of an external replication dataset. However, to our knowledge, this constitutes a first proof of concept in the combined use of virtual reality, eye-tracking tools, and machine learning for ASD recognition. Lay Summary: Core symptoms in children with ASD involve social communication and interaction. ASD assessment includes expert observations in neutral settings, which show limitations and biases related to lack of objectivity and do not capture performance in real settings. To overcome these limitations, this work aimed to distinguish between autistic and typically developing children in visual attention behaviors through an eye-tracking paradigm in a virtual environment as a measure of attunement to, and extraction of, socially relevant information. © 2021 The Authors. Autism Research published by International Society for Autism Research and Wiley Periodicals LLC.",2022,2026-05-15 01:59:02,2026-05-15 01:59:02,,131 - 145,,1,15,,,,,,,,,,,,,,,,,Type: Article,<p>Cited by: 113; All Open Access; Green Open Access; Hybrid Gold Open Access</p>,,,,,,,,,,,,,,,,,,,,,,,,,,,,,,,,,,,,,,,,,,,,,,,,,,,Scopus,pass,,Autism Research,SJR,,Q1,Cat3 [Clinical / Medical],Cat3 [Clinical / Medical]::\bautism\s+spectrum\b
DQ745784,journalArticle,2022,"Cadete, Denise; Longo, Matthew R.",The long sixth finger illusion: The representation of the supernumerary finger is not a copy and can be felt with varying lengths,Cognition,,00100277,10.1016/j.cognition.2021.104948,https://www.scopus.com/pages/publications/85118868704?origin=resultslist,"We can have a distorted perception of our body, instantly induced with multisensory illusions, anaesthesia or Virtual Reality, and recent studies show we can also feel extra body parts. Newport and colleagues (Newport et al., 2016) created an illusion that induces the feeling of having a sixth finger on one's hand, for a brief moment. By changing the paradigm with a double back and forth stroking, we were able to extend the duration of this illusion (Cadete & Longo, 2020), which can reflect an endured representation of a supernumerary finger. This innovation allowed us to test one specific distortion in the supernumerary finger: length. Patients with supernumerary phantom limb syndrome feel like they have an extra limb, as if one of their limbs was duplicated (Staub et al., 2006), resembling the same size and shape of the existing one. It is unclear from existing studies whether a supernumerary limb is represented as a copy of the existing limb, or if it is represented independently, with its own features. We therefore aimed to investigate whether the properties of the supernumerary sixth finger could be altered, independently of the actual little finger. Hence, we tested whether we can embody a sixth finger with double the size of the average little finger, and half its size. Participants reported feeling a long and a short sixth finger, and gave visual judgements on the felt length of the supernumerary finger, that matched the condition length. Overall, the results show that the supernumerary sixth finger is not a mere copy of the little finger but is represented independently, with distinct features from the existing finger. Moreover, the representation of the supernumerary finger is flexible, allowing the embodiment of a long or a short sixth finger. © 2021 Elsevier B.V.",2022,2026-05-15 01:59:06,2026-05-15 01:59:06,,,,,218,,,,,,,,,,,,,,,,,Type: Article,<p>Cited by: 11</p>,,,,,,,,,,,,,,,,,,,,,,,,,,,,,,,,,,,,,,,,,,,,,,,,,,,Scopus,pass,,Cognition,SJR,,Q1,Cat3 [Clinical / Medical],Cat3 [Clinical / Medical]::\bpatient[s]?\b
R59BEDYQ,journalArticle,2021,"Redlinger, Eric; Shao, Claudia",Comparing brain activity in virtual and non-virtual environments: A VR & EEG study,Measurement: Sensors,,26659174,10.1016/j.measen.2021.100062,https://www.scopus.com/pages/publications/85122722529?origin=resultslist,"The use of virtual reality (VR) technology in marketing, education and training is growing rapidly. However, the body of quantitative research comparing the cognitive impact of virtual with non-virtual environments is still small. To address this, the present research invited subjects to perform the same cognitive visuospatial task using both an immersive, head-mounted display (HMD) and a tablet computer. Cortical activity was then measured and compared in both environments using EEG. The results showed significant differences in cognitive load for the HMD condition, particularly in the frontal midline theta rhythm (4–8 Hz), a range commonly associated with a variety of executive functions. Explanations for this effect include potential misattribution of distance/object size in virtual space and the relative novelty of VR itself. Further research is needed to determine the underlying parameters that impact cognitive responses to complex tasks while immersed in a virtual environment. © 2021",2021,2026-05-15 01:59:11,2026-05-15 01:59:11,,,,,18,,,,,,,,,,,,,,,,,Type: Conference paper,<p>Cited by: 19; All Open Access; Gold Open Access; Green Open Access</p>,,,,,,,,,,,,,,,,,,,,,,,,,,,,,,,,,,,,,,,,,,,,,,,,,,,Scopus,pass,,Measurement: Sensors,SJR,,Q1,Cat1 [Not VR / Out of Scope],Cat1 [Not VR / Out of Scope]::\btablet(?:\s+computer)?\b
YKRGU38B,journalArticle,2022,"Kashif, Muhammad; Ahmad, Ashfaq; Bandpei, Muhammad Ali Mohseni; Syed, Hafiza Aroosa; Raza, Ali; Sana, Vishal",A Randomized Controlled Trial of Motor Imagery Combined with Virtual Reality Techniques in Patients with Parkinson’s Disease,Journal of Personalized Medicine,,20754426,10.3390/jpm12030450,https://www.scopus.com/pages/publications/85126978305?origin=resultslist,"Background: Parkinson’s disease is the second most common neurological disease, affecting balance, motor function, and activities of daily living. Virtual reality and motor imagery are two emerging approaches for the rehabilitation of patients with Parkinson’s disease. This study aimed to determine the combined effects of virtual reality and motor imagery techniques with routine physical therapy on the motor function components of individuals with Parkinson’s disease. Methods: The study was a prospective, two-arm, parallel-design randomized controlled trial. Forty-four patients with idiopathic Parkinson’s disease were randomly assigned to one of two groups. Virtual reality and motor imagery were given together with physical therapy in the experimental group (N: 20), while physical therapy treatment alone was given in the control group (N: 21). Both groups received allocated treatment for 12 weeks, 3 days a week, on alternate days. Motor function was assessed at baseline, six weeks, twelve weeks, and sixteen weeks after discontinuing treatment with the Unified Parkinson’s Disease Rating Scale part III. SPSS 24 was used to analyze the data. Results: Study results indicate that the experimental group showed significant improvements in the motor function components: tremor at rest at the 6th week (p = 0.028), 12th week (p = 0.05), and 16th week (p = 0.001), rigidity at the 6th week (p = 0.03), 12th week (p = 0.000), and 16th week (p = 0.001), posture at the 12th week (p = 0.005) and 16th week (p = 0.004), and gait at the 6th week with a p-value of (p = 0.034). Conclusions: This study demonstrated that virtual reality and motor imagery training in combination with routine physical therapy can significantly improve resting tremors, rigidity, posture, gait, and body bradykinesia in individuals with PD in comparison to patients receiving only routine physical therapy. © 2022 by the authors. Licensee MDPI, Basel, Switzerland.",2022,2026-05-15 01:59:12,2026-05-15 01:59:12,,,,3,12,,,,,,,,,,,,,,,,,Type: Article,<p>Cited by: 20; All Open Access; Gold Open Access; Green Open Access</p>,,,,,,,,,,,,,,,,,,,,,,,,,,,,,,,,,,,,,,,,,,,,,,,,,,,Scopus,pass,,Journal of Personalized Medicine,SJR,,Q1,Cat3 [Clinical / Medical],Cat3 [Clinical / Medical]::\brehabilitation\b | Cat3 [Clinical / Medical]::\bphysical\s+therapy\b | Cat3 [Clinical / Medical]::\bpatient[s]?\b | Cat3 [Clinical / Medical]::\bneurological\s+(?:disorder|condition|rehabilitation|disease)\b
XLSCC487,journalArticle,2021,"Mei, Feng; Hu, Qian; Yang, Changxuan; Liu, Lingfeng",Arma-based segmentation of human limb motion sequences,Sensors,,14248220,10.3390/s21165577,https://www.scopus.com/pages/publications/85113135728?origin=resultslist,"With the development of human motion capture (MoCap) equipment and motion analysis technologies, MoCap systems have been widely applied in many fields, including biomedicine, computer vision, virtual reality, etc. With the rapid increase in MoCap data collection in different scenarios and applications, effective segmentation of MoCap data is becoming a crucial issue for further human motion posture and behavior analysis, which requires both robustness and compu-tation efficiency in the algorithm design. In this paper, we propose an unsupervised segmentation algorithm based on limb-bone partition angle body structural representation and autoregressive moving average (ARMA) model fitting. The collected MoCap data were converted into the angle sequence formed by the human limb-bone partition segment and the central spine segment. The limb angle sequences are matched by the ARMA model, and the segmentation points of the limb angle sequences are distinguished by analyzing the good of fitness of the ARMA model. A medial filtering algorithm is proposed to ensemble the segmentation results from individual limb motion sequences. A set of MoCap measurements were also conducted to evaluate the algorithm including typical body motions collected from subjects of different heights, and were labeled by manual segmentation. The proposed algorithm is compared with the principle component analysis (PCA), K-means clustering algorithm (K-means), and back propagation (BP) neural-network-based segmentation algorithms, which shows higher segmentation accuracy due to a more semantic description of human motions by limb-bone partition angles. The results highlight the efficiency and performance of the proposed algorithm, and reveals the potentials of this segmentation model on analyzing inter-and intra-motion sequence distinguishing. © 2021 by the authors. Licensee MDPI, Basel, Switzerland.",2021,2026-05-15 01:59:15,2026-05-15 01:59:15,,,,16,21,,,,,,,,,,,,,,,,,Type: Article,<p>Cited by: 6; All Open Access; Gold Open Access; Green Open Access</p>,,,,,,,,,,,,,,,,,,,,,,,,,,,,,,,,,,,,,,,,,,,,,,,,,,,Scopus,pass,,Sensors,SJR,,Q1,Cat2 [Tech / Non-Empirical],Cat2 [Tech / Non-Empirical]::\bsegmentation\s+algorithm\b
Y8QUJ66L,journalArticle,2022,"Saragiotto, Bruno T.; Sandal, Louise F.; Hartvigsen, Jan",Can you be a manual therapist without using your hands?,Chiropractic and Manual Therapies,,2045709X,10.1186/s12998-022-00457-x,https://www.scopus.com/pages/publications/85141947496?origin=resultslist,"Background: To align with current best practices, manual therapists have refined their treatment options to include exercise and pain education for people with chronic musculoskeletal pain. In this commentary, we suggest that manual therapists should also add telehealth to their toolbox. Thus, we aim to discuss the use of telehealth by manual therapists caring for patients with musculoskeletal disorders. Main body: Telehealth can be delivered to the patient in different modes, such as real-time clinical contact or asynchronously. Platforms vary from websites and smartphone apps to virtual reality systems. Telehealth may be an effective approach, especially for improving pain and function in people with musculoskeletal pain, and it has the potential to reduce the individual and socioeconomic burden of musculoskeletal conditions. However, the certainty of evidence reported in systematic reviews is often low. Factors such as convenience, flexibility, undivided attention from the clinician, user-friendly platforms, goal setting, and use of evidence-based information are all enablers for telehealth use and improving patients’ knowledge, self-efficacy, and self-management. Barriers to widening the use of telehealth in musculoskeletal care include the reliability of technology, data privacy issues, difficult to build therapeutic alliance, one-size-fits-all approaches, digital health literacy, and payment models. Conclusion: We suggest that practitioners of manual medicine make telehealth part of their clinical toolbox where it makes sense and where there is evidence that it is beneficial for people who seek their care. © 2022, The Author(s).",2022,2026-05-15 01:59:15,2026-05-15 01:59:15,,,,1,30,,,,,,,,,,,,,,,,,Type: Note,<p>Cited by: 4; All Open Access; Gold Open Access; Green Open Access</p>,,,,,,,,,,,,,,,,,,,,,,,,,,,,,,,,,,,,,,,,,,,,,,,,,,,Scopus,pass,,Chiropractic and Manual Therapies,SJR,,Q1,Cat1 [Not VR / Out of Scope] | Cat3 [Clinical / Medical],Cat1 [Not VR / Out of Scope]::\bsmartphone\b | Cat3 [Clinical / Medical]::\bpatient[s]?\b
FV6LPIJ6,journalArticle,2022,"Johnson, Maria; Tate, Aaron M.; Tate, Kathleen; Laane, Sarah A.; Chang, Zhengsi; Chapman, Sandra Bond",Charisma™ virtual social training: A digital health platform and protocol,Frontiers in Virtual Reality,,26734192,10.3389/frvir.2022.1004162,https://www.scopus.com/pages/publications/85142732814?origin=resultslist,"Low immersion virtual reality (LIVR) is a computer-generated, three-dimensional virtual environment that allows for authentic social interactions through a personal avatar, or digital representation of oneself. Lab-based delivery of LIVR social skills intervention has been shown to support social learning through controlled, targeted practice. Recent remote technological advancements allow LIVR-based social skills training to potentially overcome accessibility barriers by delivering to youth in their home. This study investigated the impact of 10-h of Charisma™ Virtual Social Training (CHARISMA-VST), a LIVR-based intervention, on social skill changes in children and adolescents who struggle socially via either in-person or remote training protocols. Specifically, the aims examined both the impact of training location (in-person vs remote access) and diagnosis (parent report of autism spectrum disorder (ASD) diagnosis versus parent report of other non-ASD diagnosis) on objective measures of social skill change following CHARISMA-VST. Researchers delivered the CHARISMA-VST via Charisma 1.0, a customized virtual gaming environment. Sixty-seven participants (49 males, 18 females) between the ages of 9–17, with parent reported social challenges, completed 10, 1-h CHARISMA-VST sessions during which nine social cognitive strategies were taught and then practiced within a LIVR environment with interspersed social coaching. Four social cognitive domains were measured pre-post training: emotion recognition, social inferencing, social attribution, and social self-schemata. Results revealed improvements in emotion recognition, social inferencing, social attribution, and social self-schemata with medium to large effect sizes following the CHARISMA-VST. There was no moderating effect of training location on emotion recognition, social inferencing, and social self-schemata, suggesting comparable gains whether participants accessed the technology in their own homes or from a school or specialty center. There was no moderating effect of ASD versus non-ASD diagnosis on performance measures, suggesting CHARISMA-VST may be effective in improving social skills in individuals beyond its initially designed use focused on individuals with ASD. These encouraging findings from this pilot intervention study provide some of the first evidence of potential new virtual technology tools, as exemplified by CHARISMA-VST, to improve one of the most important aspects of human behavior—social skills and human connectedness in youth with a range of social competency challenges. Copyright © 2022 Johnson, Tate, Tate, Laane, Chang and Chapman.",2022,2026-05-15 01:59:19,2026-05-15 01:59:19,,,,,3,,,,,,,,,,,,,,,,,Type: Article,<p>Cited by: 4; All Open Access; Gold Open Access; Green Open Access</p>,,,,,,,,,,,,,,,,,,,,,,,,,,,,,,,,,,,,,,,,,,,,,,,,,,,Scopus,pass,,Frontiers in Virtual Reality,SJR(alias),,Q1,Cat3 [Clinical / Medical],Cat3 [Clinical / Medical]::\bautism\s+spectrum\b
FF6K5WTF,journalArticle,2022,"Liu, Ann; Jin, Yike; Cottrill, Ethan; Khan, Majid; Westbroek, Erick; Ehresman, Jeff; Pennington, Zach; Lo, Sheng-Fu L.; Sciubba, Daniel M.; Molina, Camilo A.; Witham, Timothy F.",Clinical accuracy and initial experience with augmented reality-assisted pedicle screw placement: the first 205 screws,Journal of Neurosurgery: Spine,,15475654,10.3171/2021.2.SPINE202097,https://www.scopus.com/pages/publications/85127606705?origin=resultslist,"Objective: Augmented reality (AR) is a novel technology which, when applied to spine surgery, offers the potential for efficient, safe, and accurate placement of spinal instrumentation. The authors report the accuracy of the first 205 pedicle screws consecutively placed at their institution by using AR assistance with a unique head-mounted display (HMD) navigation system. Methods: A retrospective review was performed of the first 28 consecutive patients who underwent AR-assisted pedicle screw placement in the thoracic, lumbar, and/or sacral spine at the authors' institution. Clinical accuracy for each pedicle screw was graded using the Gertzbein-Robbins scale by an independent neuroradiologist working in a blinded fashion. Results: Twenty-eight consecutive patients underwent thoracic, lumbar, or sacral pedicle screw placement with AR assistance. The median age at the time of surgery was 62.5 (IQR 13.8) years and the median body mass index was 31 (IQR 8.6) kg/m2. Indications for surgery included degenerative disease (n = 12, 43%); deformity correction (n = 12, 43%); tumor (n = 3, 11%); and trauma (n = 1, 4%). The majority of patients (n = 26, 93%) presented with low-back pain, 19 (68%) patients presented with radicular leg pain, and 10 (36%) patients had documented lower extremity weakness. A total of 205 screws were consecutively placed, with 112 (55%) placed in the lumbar spine, 67 (33%) in the thoracic spine, and 26 (13%) at S1. Screw placement accuracy was 98.5% for thoracic screws, 97.8% for lumbar/S1 screws, and 98.0% overall. Conclusions: AR depicted through a unique HMD is a novel and clinically accurate technology for the navigated insertion of pedicle screws. The authors describe the first 205 AR-assisted thoracic, lumbar, and sacral pedicle screws consecutively placed at their institution with an accuracy of 98.0% as determined by a Gertzbein-Robbins grade of A or B. © 2022 AANS.",2022,2026-05-15 01:59:20,2026-05-15 01:59:20,,351 - 357,,3,36,,,,,,,,,,,,,,,,,Type: Article,<p>Cited by: 77; All Open Access; Bronze Open Access</p>,,,,,,,,,,,,,,,,,,,,,,,,,,,,,,,,,,,,,,,,,,,,,,,,,,,Scopus,pass,,Journal of Neurosurgery: Spine,SJR,,Q1,Cat1 [Not VR / Out of Scope] | Cat3 [Clinical / Medical],Cat1 [Not VR / Out of Scope]::\baugmented reality\b | Cat1 [Not VR / Out of Scope]::\bar\b | Cat3 [Clinical / Medical]::\bsurgery\b | Cat3 [Clinical / Medical]::\bpatient[s]?\b
WKIEV96N,journalArticle,2021,"Ryu, Hokyoung; Seo, Kyoungwon",The illusion of having a large virtual body biases action-specific perception in patients with mild cognitive impairment,Scientific Reports,,20452322,10.1038/s41598-021-03571-7,https://www.scopus.com/pages/publications/85121364895?origin=resultslist,"The illusion of having a large body makes us perceive objects as smaller than they really are. This action-specific perception effect occurs because we perceive the property of an object (i.e., size) differently according to our unique action capability (i.e., the affordance of body size). Although the body-ownership illusion contributing to this action-specific perception has been studied, its effects remain unclear in neurological patients. We examined the action-specific perception impairments of MCI patients by means of body-ownership illusion in a non-immersive virtual reality environment. Twenty healthy young adults, 21 healthy older adults, and 15 MCI patients were recruited. We assessed their “original-body action-specific perception” and “enlarged-body action-specific perception” using the original and enlarged sizes of their virtual bodies, respectively. The MCI patients’ original-body action-specific perception was no different than that of the healthy controls (p = 0.679). However, the enlarged-body action-specific perception of the MCI patients was significantly biased (p < 0.001). The inclusion of the enlarged-body action-specific perception provides additional discriminative power for early diagnosis of MCI (89.3% accuracy, 75.0% sensitivity, 100.0% specificity, and 87.5% balanced accuracy). © 2021, The Author(s).",2021,2026-05-15 01:59:23,2026-05-15 01:59:23,,,,1,11,,,,,,,,,,,,,,,,,Type: Article,<p>Cited by: 9; All Open Access; Gold Open Access; Green Open Access</p>,,,,,,,,,,,,,,,,,,,,,,,,,,,,,,,,,,,,,,,,,,,,,,,,,,,Scopus,pass,,Scientific Reports,SJR,,Q1,Cat3 [Clinical / Medical],Cat3 [Clinical / Medical]::\bpatient[s]?\b
5GV4B987,journalArticle,2022,"Lall, Ajay C.; Secretov, Erwin; Battaglia, Muriel R.; Chen, Sarah L.; Laseter, Joseph R.; Yelton, Mitchell J.; Chaharbakhshi, Edwin O.; Maldonado, David R.; Domb, Benjamin G.",Hip Arthroscopy Results in Similar Short-Term Function Compared to Total Hip Arthroplasty in Patients of Similar Demographic Profiles,"Arthroscopy, Sports Medicine, and Rehabilitation",,2666061X,10.1016/j.asmr.2022.06.013,https://www.scopus.com/pages/publications/85135937378?origin=resultslist,"Purpose: To review short-term functional outcomes in patients who underwent hip arthroscopy and to compare their outcomes to those of a demographically similar cohort who underwent total hip arthroplasty (THA). Methods: Data were prospectively collected and retrospectively reviewed for patients undergoing hip arthroscopy (SCOPE) between April 2008 and October 2015. SCOPE patients were included if they were ≥35 years, had preoperative and postoperative 2-year follow-up, and had no prior hip condition or ipsilateral hip surgery. SCOPE patients were matched 1:1 to a demographically similar cohort of patients who underwent THA at our institution. Matching criteria included similar age (within 5 years), gender, and body mass index (within 5). SCOPE patients were assessed with modified Harris Hip Score (mHHS), non-arthritic hip score, and visual analogue scale (VAS). THA patients were assessed with mHHS, forgotten joint score, and VAS. Results: Sixty-seven patients were included in each cohort. Patients who underwent hip arthroscopy for management of labral tears achieved nearly equivalent mHHS, Health Survey Short Form (SF-12) Mental, SF-12 Physical, Veterans RAND 12 Item Health Survey (VR-12) Mental, VR-12 Physical scores at latest follow-up compared to demographically similar patients who underwent THA. There was no significant difference in mHHS scores (SCOPE = 82.9 ± 16.4 vs THA = 87.3 ± 15, P = .095) between the 2 group groups. In addition, average patient satisfaction on a 10-point scale was 8.1 for the SCOPE cohort and 8.8 for the THA cohort (P = .052). Conclusions: Our results show that hip arthroscopy, when performed in patients with the appropriate indications, can lead to comparably excellent outcomes as total hip arthroplasty with significant pain relief at short term follow-up. Level of Evidence: Level III, retrospective cohort study. © 2022 The Authors",2022,2026-05-15 01:59:26,2026-05-15 01:59:26,,e1667 - e1674,,5,4,,,,,,,,,,,,,,,,,Type: Article,<p>Cited by: 3; All Open Access; Gold Open Access; Green Open Access</p>,,,,,,,,,,,,,,,,,,,,,,,,,,,,,,,,,,,,,,,,,,,,,,,,,,,Scopus,pass,,"Arthroscopy, Sports Medicine, and Rehabilitation",SJR,,Q1,Cat3 [Clinical / Medical],Cat3 [Clinical / Medical]::\bsurgery\b | Cat3 [Clinical / Medical]::\bpatient[s]?\b | Cat3 [Clinical / Medical]::\bpain\s+relief\b
Q2DARFZC,journalArticle,2022,"Park, Dong Heun; Han, Sang Sun; Han, Munsoo; Park, Seongbin; Kim, Hae Nim; Kim, Jiyeon; Aan, Hojun; Kim, Jimoon; Kim, Sungkean; Kim, Kibum; Choi, June",A clinical trial of a patient-customized virtual reality intervention for tinnitus,Scientific Reports,,20452322,10.1038/s41598-022-16764-5,https://www.scopus.com/pages/publications/85134482121?origin=resultslist,"Virtual reality (VR) has recently been used as a clinical treatment because it can efficiently simulate situations that are difficult to control in real-world settings. In our study, we assessed the potential of VR in patients with chronic subjective tinnitus. An evaluation of its clinical benefits was performed based on analyses of patient electroencephalograms (EEGs) and by questionnaire responses after 6–8 weeks of patient involvement in our VR-based alleviation program. Clinical trials were performed at a tertiary academic hospital. Nineteen patients (aged 33–64 years) who visited our hospital with chronic subjective tinnitus over 3 months were enrolled in the study. The intervention consisted of trashing the tinnitus avatar in VR. We expected that the patients would have the subjective feeling of controlling tinnitus through our intervention. The VR environment comprised four different sessions in four different settings: a bedroom, a living room, a restaurant, and a city street. We analyzed changes in the source activities of the prefrontal regions related to tinnitus in these patients using standardized low-resolution brain electromagnetic tomography. The Tinnitus Handicap Inventory (THI), the total score (from 50.11 to 44.21, P = 0.046) and the grade (from 3.16 to 2.79, P = 0.035) were significantly improved after the VR-based tinnitus treatment program (P < 0.05). The Pittsburgh Sleep Quality Index also showed improved outcomes (P = 0.025). On the other hand, a Tinnitus Handicap Questionnaire, Quality of Life Assessment (WHO-QOL), Hospital Anxiety and Depression Scale, Profile of Mood States revealed no significant change after the intervention. The baseline EEG data showed that brain activity in the orbitofrontal cortex significantly increased in the alpha and theta frequency bands. Furthermore, patients who showed a THI score improvement after the intervention showed specific increases in brain activity for the theta and high beta bands in the orbitofrontal cortex. Our findings suggest that the virtual reality-based program, as in parts of cognitive behavioral treatment, may help to alleviate tinnitus-related distress in patients with chronic subjective tinnitus. © 2022, The Author(s).",2022,2026-05-15 01:59:27,2026-05-15 01:59:27,,,,1,12,,,,,,,,,,,,,,,,,Type: Article,<p>Cited by: 13; All Open Access; Gold Open Access; Green Open Access</p>,,,,,,,,,,,,,,,,,,,,,,,,,,,,,,,,,,,,,,,,,,,,,,,,,,,Scopus,pass,,Scientific Reports,SJR,,Q1,Cat3 [Clinical / Medical],Cat3 [Clinical / Medical]::\bpatient[s]?\b | Cat3 [Clinical / Medical]::\bclinical\s+(?:trial|study|outcome|setting|population)\b
5E223I6D,journalArticle,2021,"Linge, Anita Dyb; Jensen, Chris; Laake, Petter; Bjørkly, Stål Kapstø","Changes to body mass index, work self-efficacy, health-related quality of life, and work participation in people with obesity after vocational rehabilitation: a prospective observational study",BMC Public Health,,14712458,10.1186/s12889-021-10954-y,https://www.scopus.com/pages/publications/85106003573?origin=resultslist,"Background: People on or at risk of sick leave from work due to obesity or obesity-related problems participated in a new vocational rehabilitation (VR). The study aimed to examine the outcome changes in the participants’ health-related quality of life (HRQoL), body mass index (BMI), return to work self-efficacy (RTWSE), work ability scale (WAS) and degree of work participation (DWP) after their participation in the 12-month VR programme. The secondary aim was to examine associations between the outcome changes and HRQoL at 12-month follow-up, measured with the HRQoL 15D instrument (15D). Methods: This prospective observational study included 95 participants. The one-year multidisciplinary VR programme with an integrated work and lifestyle intervention included 4 weeks of inpatient stay followed-up by 5 meetings. A paired sample t-test was used to examine changes in HRQoL, BMI, RTWSE, WAS, and DWP between baseline and the 12-month follow-up. Multiple linear regression analyses explored associations between changes in HRQoL and the outcome variables. Results: The participants achieved statistically significant changes in HRQoL (2.57, 95% CI: 1.35 to 3.79), BMI (− 2.33, 95% CI: − 3.10 to − 1.56), RTWSE (15.89, 95% CI: 4.07 to 27.71), WAS (1.51, 95% CI: 0.83 to 2.20) and DWP (18.69, 95% CI: 8.35 to 29.02). At 12 months, a significant association was found between HRQoL and BMI (B = − 0.34, 95% CI: − 0.65 to − 0.04), RTWSE (B = 0.02, 95% CI: 0.004 to 0.04), WAS (B = 0.91, 95% CI: 0.55 to 1.28), DWP (B = − 0.02, 95% CI: − 0.04 to 0.001) and work absence (B = − 0.01, 95% CI: − 0.02 to − 0.002). The regression model explained 71.8% of the HRQoL variance. Conclusion: The results indicated positive changes in HRQoL, BMI, RTWSE, WAS and DWP from baseline to the 12-month follow-up. Factors associated with HRQoL at the 12-month follow-up were decreased BMI, increased RTWSE, improved WAS and reduced work absence. Future studies examining VR programmes with lifestyle interventions for people with obesity are recommended. Trial registration: Norwegian Regional Committee for Medical and Health Research Ethics (REC) 2017/573, Clinical Trials NCT03286374, registered 18. September 2017. https://clinicaltrials.gov/ct2/results?cond=Obesity&term=Anita+Dyb+Linge&cntry=NO&state=&city=&dist=. © 2021, The Author(s).",2021,2026-05-15 01:59:28,2026-05-15 01:59:28,,,,1,21,,,,,,,,,,,,,,,,,Type: Article,<p>Cited by: 6; All Open Access; Gold Open Access; Green Open Access</p>,,,,,,,,,,,,,,,,,,,,,,,,,,,,,,,,,,,,,,,,,,,,,,,,,,,Scopus,pass,,BMC Public Health,SJR,,Q1,Cat3 [Clinical / Medical],Cat3 [Clinical / Medical]::\brehabilitation\b
QJR8CGJU,journalArticle,2021,"Lewis, Jennifer S.; Newport, Roger; Taylor, Gordon; Smith, Mike; McCabe, Candida S.",Visual illusions modulate body perception disturbance and pain in Complex Regional Pain Syndrome: A randomized trial,European Journal of Pain (United Kingdom),,10903801,10.1002/ejp.1766,https://www.scopus.com/pages/publications/85104112947?origin=resultslist,"Background: Effective treatment of longstanding Complex Regional Pain Syndrome (CRPS) is a challenge, as causal mechanisms remain elusive. People with CRPS frequently report distorted subjective perceptions of their affected limb. Evidence of pain reduction when the affected limb is visually altered in size suggests that visual illusions used to target central processing could restore coherence of this disrupted limb representation. We hypothesized that using virtual reality that alters hand image to match the patient's desired hand appearance would improve body perception disturbance and pain. Also, repeated exposure would maintain any therapeutic effect. Methods: A blinded randomized controlled trial of 45 participants with refractory upper-limb CRPS and body perception disturbance (BPD) viewed a digital image of their affected hand for 1 min. The image was digitally altered according to the patient's description of how they desired their hand to look in the experimental group and unaltered in the control group. BPD and pain were measured pre- and post-intervention. A subgroup was followed up 2 weeks after a course of repeated interventions. Results: BPD (mean-6, ±SD 7.9, p = 0.036, effect size [ES] = 0.6) and pain intensity (mean-0.43, ±SD 1.3, p = 0.047, ES = 0.5) reduced in 23 participants after single exposure compared to controls (n = 22). At follow-up, the subgroup (experimental n = 21; control n = 18) showed sustained pain reduction only (p = 0.037, ±SD 1.9, ES = 0.7), with an overall 1.2 decrease on an 11-point scale. Conclusions: Visually changing the CRPS hand to a desired appearance modulates BPD and pain suggesting therapeutic potential for those with refractory CRPS. Further research to optimize this therapeutic effect is required. Significance: Visual bodily illusions that change the shape and appearance of the painful CRPS hand to that desired by the patient result in a rapid amelioration of pain and body perception disturbance in people with longstanding CRPS. These findings highlight the future potential of this drug-free approach in the treatment of refractory CRPS. © 2021 The Authors. European Journal of Pain published by John Wiley & Sons Ltd on behalf of European Pain Federation - EFIC ®",2021,2026-05-15 01:59:28,2026-05-15 01:59:28,,1551 - 1563,,7,25,,,,,,,,,,,,,,,,,Type: Article,<p>Cited by: 29; All Open Access; Bronze Open Access; Green Open Access</p>,,,,,,,,,,,,,,,,,,,,,,,,,,,,,,,,,,,,,,,,,,,,,,,,,,,Scopus,pass,,European Journal of Pain,SJR,,Q1,Cat3 [Clinical / Medical],Cat3 [Clinical / Medical]::\bpatient[s]?\b
INMP487X,journalArticle,2022,"Garrido-Ardila, Elisa María; Santos-Domínguez, María; Rodríguez-Mansilla, Juan; Torres-Piles, Silvia Teresa; Rodríguez-Domínguez, María Trinidad; González-Sánchez, Blanca; Jiménez-Palomares, María",A Systematic Review of the Effectiveness of Virtual Reality-Based Interventions on Pain and Range of Joint Movement Associated with Burn Injuries,Journal of Personalized Medicine,,20754426,10.3390/jpm12081269,https://www.scopus.com/pages/publications/85137390457?origin=resultslist,"Background: Burns are mild or severe lesions produced in living tissue, due to the action of different agents. This pathology is considered the third cause of accidental death in the world by the World Health Organization. Among the most disabling sequelae in these patients, pain and range of motion have the greatest impact. A recommended tool to complement the treatment or management of the symptoms associated with burns is virtual reality. Objective: The objective of this study was to analyse the effectiveness of virtual-reality therapy for pain relief and the improvement of the range of joint movement in patients who have suffered burns. Methodology: This study is a systematic review conducted following the PRISMA statements. An electronic literature search was performed in the following databases: PubMed, Cochrane, Dialnet, Scopus and Science Direct. The inclusion criteria were: participants with burns in any part of the body, interventions with virtual reality with or without complementary treatment, studies in both Spanish and English, and outcome measures of pain and range of motion. Results: Finally, 10 studies were included in the review. The sample consisted of one pilot study, three randomized controlled clinical trials, one prospective randomized controlled clinical trial, one control group and treatment group trial, one interventional clinical trial and three comparative studies. The most commonly used assessment tools for pain were the graphic rating scale (GRS) and for range of motion the goniometer. The use of virtual-reality games significantly reduced pain scores during physiotherapy and occupational therapy treatments as well as in nursing care. The range of motion improved significantly during virtual-reality exercises performed during a physiotherapy treatment in 33% of studies included in this review. Conclusion: The results of the studies analysed in this systematic review suggest that the use of virtual reality for the management of pain and range of movement limitations associated with burn injuries could control these symptoms and decrease their negative consequences on the person. © 2022 by the authors.",2022,2026-05-15 01:59:29,2026-05-15 01:59:29,,,,8,12,,,,,,,,,,,,,,,,,Type: Review,<p>Cited by: 9; All Open Access; Gold Open Access; Green Open Access</p>,,,,,,,,,,,,,,,,,,,,,,,,,,,,,,,,,,,,,,,,,,,,,,,,,,,Scopus,pass,,Journal of Personalized Medicine,SJR,,Q1,Cat3 [Clinical / Medical],Cat3 [Clinical / Medical]::\boccupational\s+therapy\b | Cat3 [Clinical / Medical]::\bpatient[s]?\b | Cat3 [Clinical / Medical]::\bclinical\s+(?:trial|study|outcome|setting|population)\b | Cat3 [Clinical / Medical]::\bpain\s+relief\b
L9WRF7YC,journalArticle,2021,"Shin, Bokyoung; Oh, Jooyoung; Kim, Byung-Hoon; Kim, Hesun Erin; Kim, Hyunji; Kim, Suji; Kim, Jae-Jin",Effectiveness of self-guided virtual reality-based cognitive behavioral therapy for panic disorder: Randomized controlled trial,JMIR Mental Health,,23687959,10.2196/30590,https://www.scopus.com/pages/publications/85120167909?origin=resultslist,"Background: Virtual reality (VR) is as effective a technique as traditional cognitive behavioral therapy (CBT) and a promising tool for treating panic disorder symptoms because VR exposure can be safer and has better acceptability than in vivo exposure and is more immersive than exposure through imagination. CBT techniques can be delivered more effectively using VR as well. So far, VR has required high-quality devices, but the development of mobile VR technology has improved user availability. At the same time, a well-structured form of VR can be reproduced and used anywhere. This means that VR can be used to provide a self-guided form of treatment and address the high treatment costs of evidence-based therapy and the lack of professional therapists. This study aimed to investigate the potential of self-guided VR as an alternative to high-cost treatment. Objective: The main goal of this study was to offer data about the efficacy of a mobile app-based self-led VR CBT in the treatment of panic disorder. Methods: A total of 54 subjects with panic disorder were enrolled in this study and randomly assigned to either the VR treatment group or waitlist group. The VR treatment was designed to be total 12 sessions for 4 weeks. The VR treatment consists of 4 steps in which patients are gradually exposed to phobic stimuli while learning to cope with panic symptoms in each stage. The effectiveness of treatment was assessed through the Panic Disorder Severity Scale, Hamilton Rating Scale for Depression, Body Sensations Questionnaire, Albany Panic and Phobia Questionnaire, Anxiety Sensitivity Index, State-Trait Anxiety Inventory, Hospital Anxiety and Depression Scale, Korean Inventory of Social Avoidance and Distress Scale, Korean Inventory of Depressive Symptomatology, and Perceived Stress Scale. In addition, physiological changes using heart rate variability were evaluated. Results: In within-group analyses, the VR treatment group exhibited improvements in panic disorder symptoms, anxiety, and depression after 4 weeks, while the waitlist group did not show any significant improvement. Compared to the waitlist group, the VR treatment group showed significantly greater improvements in the Panic Disorder Severity Scale in both completer analysis and intention-to-treat analysis. Heart rate variability in the VR treatment group showed improvement in normalized high frequency from baseline to postassessment with no significant differences in any outcome measure between groups. Conclusions: The self-guided, mobile app-based VR intervention was effective in the treatment of panic symptoms and restoring the autonomic nervous system demonstrating the validity of the use of VR for self-guided treatment. VR treatment can be a cost-effective therapeutic approach. © 2021 JMIR Publications Inc.. All rights reserved.",2021,2026-05-15 01:59:31,2026-05-15 01:59:31,,,,11,8,,,,,,,,,,,,,,,,,Type: Article,<p>Cited by: 34; All Open Access; Gold Open Access; Green Open Access</p>,,,,,,,,,,,,,,,,,,,,,,,,,,,,,,,,,,,,,,,,,,,,,,,,,,,Scopus,pass,,JMIR Mental Health,SJR,,Q1,Cat3 [Clinical / Medical],Cat3 [Clinical / Medical]::\bcognitive\s+(?:behavioural|behavioral)\s+therapy\b | Cat3 [Clinical / Medical]::\bpatient[s]?\b | Cat3 [Clinical / Medical]::\bphobia\b
2GEIJKUC,journalArticle,2021,"Balas, Johanna S.; Phelps, Emily Broman; Shaw, Carrie; Washington, Erin; Glover, Crystal M.; Ludwig, Ghausia A.; Bennett, David A.; Fleischman, Debra A.; Volgman, Annabelle Santos; Aggarwal, Neelum T.",Leveraging virtual reality to train certified nursing assistants as essential dementia-care personnel in the age of COVID-19,Alzheimer's & dementia : the journal of the Alzheimer's Association,,15525279,10.1002/alz.051128,https://www.scopus.com/pages/publications/85123037726?origin=resultslist,"BACKGROUND: COVID-19 has placed an extraordinary and disproportionate level of responsibility and risk on certified nursing assistants (CNAs) caring for persons with dementia (PWD) relative to their training, resources, and compensation levels. Nearly one-quarter of COVID-19 deaths in the United States have been nursing home residents and staff. Despite providing the majority of direct care, CNAs are amongst the most under-resourced and under-trained frontline workers. Given their essentiality, it is critical to support CNAs during the COVID-19 pandemic. The purpose of this work is to provide CNAs with a space to strengthen their knowledge and confidence in caring for PWD. This pilot study applies a virtual reality (VR) curriculum to train CNAs regarding the lived experiences of PWD and their loved ones. The VR vignette portrays a Latinx woman, Beatriz, through progressive stages of Alzheimer's disease. METHOD: Chicago Methodist Senior Services (CMSS) CNAs were recruited (N=7; 86% female, 86% Black) for a seven-week online training program consisting of 1.5 hours per week. Each class included a didactic lecture and an Embodied Labs VR module depicting a first-person experience of dementia through a distributive model approach. The program concluded with two recorded focus groups. Participants completed the UCLA Geriatric Attitudes Scale, a dementia knowledge assessment, the Interpersonal Reactivity Index surveys, and a COVID-19 Impact questionnaire. Current analyses include qualitative content analysis for focus group data and descriptive, quantitative statistics for pre-and post-VR intervention surveys. RESULT: Preliminary results demonstrate that CNAs endorsed a positive change in attitudes toward older adults (p=0.069), a deepened understanding of dementia, and increased confidence in caregiving skills. Focus groups allowed CNAs to discuss changes in resident behavior and support one another through a virtual platform during a global pandemic. CONCLUSION: Combining traditional didactic lectures with VR-based curricula provided CNAs with foundational knowledge and first-hand experience of dementia pathology. Participants reported greater levels of insight and empathy for PWD. Future aims include expansion of training content to include end-of-life conversations, LGBTQIA aging, and Lewy body dementia. © 2021 the Alzheimer's Association.",2021,2026-05-15 01:59:33,2026-05-15 01:59:33,,e051128,,,17,,,,,,,,,,,,,,,,,Type: Article,<p>Cited by: 1; All Open Access; Green Open Access</p>,,,,,,,,,,,,,,,,,,,,,,,,,,,,,,,,,,,,,,,,,,,,,,,,,,,Scopus,pass,,Alzheimer's and Dementia,SJR,,Q1,Cat3 [Clinical / Medical],Cat3 [Clinical / Medical]::\bdementia\b | Cat3 [Clinical / Medical]::\balzheimer\b
9U7KKSEE,journalArticle,2022,"Kwon, Jung-Ah; Shin, Yoon-Kyum; Kim, Deok-Ju; Cho, Sung-Rae",Effects of Balance Training Using a Virtual Reality Program in Hemiplegic Patients,International Journal of Environmental Research and Public Health,,16617827,10.3390/ijerph19052805,https://www.scopus.com/pages/publications/85125407220?origin=resultslist,"Therapeutic goals for hemiplegic patients with neurological impairments are mainly focused on improving their independent lives. Based on the previously reported effectiveness of Wii Fit balance training, this study investigated the most influential outcomes after long-term intensive training (including balance and functional factors) on quality of life in hemiplegic patients. The intervention group (n = 21) received Nintendo Wii Fit balance training under supervision, and control group (n = 20) received conventional balance training by an occupational therapist. Two groups were matched based on age and onset duration. Both groups received a total of 15 treatments for 30 min per session, twice a week for 8 weeks. There were significant improvements not only in balance confidence and activities of daily living, but also in body composition, such as fat proportion and metabolic rate, in the intervention group compared to the control group (p < 0.05). In particular, balance confidence significantly affected EuroQoL Visual Analogue Scale according to stepwise multiple regression analyses in this study. These results demonstrated that Wii Fit balance training using virtual reality improved the quality of life of hemiplegic patients while overcoming the asymmetrical weight distribution of the affected side via the self-modulating biofeedback exercises. © 2022 by the authors. Licensee MDPI, Basel, Switzerland.",2022,2026-05-15 01:59:34,2026-05-15 01:59:34,,,,5,19,,,,,,,,,,,,,,,,,Type: Article,<p>Cited by: 9; All Open Access; Gold Open Access; Green Open Access</p>,,,,,,,,,,,,,,,,,,,,,,,,,,,,,,,,,,,,,,,,,,,,,,,,,,,Scopus,pass,,International Journal of Environmental Research and Public Health,SJR,,Q1,Cat3 [Clinical / Medical],Cat3 [Clinical / Medical]::\bpatient[s]?\b
IVW35NBI,journalArticle,2020,"Resnik, Linda J.; Borgia, Matthew L.; Clark, Melissa A.",A National Survey of Prosthesis Use in Veterans with Major Upper Limb Amputation: Comparisons by Gender,PM and R,,19341482,10.1002/pmrj.12351,https://www.scopus.com/pages/publications/85082960721?origin=resultslist,"Background: A better understanding of women veterans with upper limb amputation is needed. Objective: To compare prosthetic use and outcomes of female and male veterans with upper limb amputation. Design: Cross-sectional survey: Amputation characteristics, prosthesis use, and quality of life outcomes were compared by gender. Separate logistic regression models examined association of gender with prosthesis use and receipt of training to use a prosthesis. Separate linear regression models examined the relationship between gender and health-related quality of life (HRQoL) outcomes. Participants: Participants were veterans with major upper limb amputation who received care at the Department of Veterans Affairs (VA) in 2010-2015, identified from VA data sources. A total of 808 individuals (755 men, 21 women) were surveyed by telephone. Main Outcome Measures: Disabilities of the Arm, Shoulder and Hand (QuickDASH), VR-12 Physical Component Summary (PCS) and VR-12 Mental Component Summary (MCS), Trinity Amputation and Prosthetic Experience Scale satisfaction scale, Orthotics and Prosthetic User's Survey client satisfaction with devices scale. Setting: Telephone survey of community dwelling participants. Interventions: Not applicable. Results: Survey response rate was 47.3% for men and 62.8% for women. Women were less likely to have ever used a prosthesis (adjusted odds ratio [aOR] = 0.26; confidence interval [CI] 0.08-0.88), have received training for an initial prosthesis (aOR: 0.24; CI 0.08-0.70), be current users (aOR = 0.34; CI 0.12-1.01), and have received training for a current prosthesis (aOR: 0.15; 0.03-0.87). A greater proportion of women used cosmetic and a smaller proportion used body-powered devices compared to men (P <.05). Device heaviness or fatigue was the most common reason for abandonment. There were no significant differences in outcome measures by gender. Conclusions: Women were less likely than men to have ever used and currently use prostheses or to have received prosthetic training, more likely to use cosmetic devices, and less likely to use body-powered devices. Efforts to develop prostheses that are cosmetically acceptable, yet lightweight and functional, are needed. © 2020 American Academy of Physical Medicine and Rehabilitation. This article has been contributed to by US Government employees and their work is in the public domain in the USA.",2020,2026-05-15 01:59:35,2026-05-15 01:59:35,,1086 - 1098,,11,12,,,,,,,,,,,,,,,,,Type: Article,<p>Cited by: 18</p>,,,,,,,,,,,,,,,,,,,,,,,,,,,,,,,,,,,,,,,,,,,,,,,,,,,Scopus,pass,,PM&amp;R,SJR,,Q1,Cat3 [Clinical / Medical],Cat3 [Clinical / Medical]::\brehabilitation\b
TCUNQ59A,journalArticle,2020,"Maldonado, David R.; Chen, Sarah L.; Walker-Santiago, Rafael; Shapira, Jacob; Rosinsky, Philip J.; Lall, Ajay C.; Domb, Benjamin G.",An Intact Ligamentum Teres Predicts a Superior Prognosis in Patients With Borderline Dysplasia: A Matched-Pair Controlled Study With Minimum 5-Year Outcomes After Hip Arthroscopic Surgery,American Journal of Sports Medicine,,03635465,10.1177/0363546519898716,https://www.scopus.com/pages/publications/85079167345?origin=resultslist,"Background: Hip arthroscopic surgery in patients with borderline dysplasia continues to be controversial. In addition, it has been suggested that ligamentum teres (LT) tears may lead to inferior short-term patient-reported outcomes (PROs) when compared with a match-controlled group. Purposes: (1) To report minimum 5-year PROs in patients with borderline dysplasia and LT tears who underwent hip arthroscopic surgery and (2) to compare these PROs to those of a matched-pair control group of patients with borderline dysplastic hips without LT tears. Study Design: Cohort study; Level of evidence, 3. Methods: Data were prospectively collected for patients who underwent hip arthroscopic surgery between September 2008 and August 2013. Patients were included if they had a preoperative diagnosis of borderline dysplasia (lateral center-edge angle [LCEA], 18°-25°) and had preoperative and minimum 5-year postoperative modified Harris Hip Score (mHHS), Nonarthritic Hip Score (NAHS), and visual analog scale (VAS) for pain scores. Exclusion criteria were osteoarthritis of Tönnis grade >1, previous hip conditions, any previous ipsilateral hip surgery, or workers’ compensation status. There were 2 borderline dysplastic groups created. An LT tear group was matched 1:1 to a control group (no LT tear) with similar age, sex, body mass index (BMI), and laterality via propensity score matching. Significance was set at P <.05. Results: A total of 24 patients with an LT tear (24 hips) were matched to 24 patients without an LT tear (24 hips). There was no significant difference in age, sex, BMI, or laterality between groups. The mean age was 36.2 ± 17.2 and 34.9 ± 15.9 years for the control and LT tear groups, respectively (P =.783). There were 17 (70.8%) and 16 (66.7%) female patients in the control and LT tear groups, respectively, and the mean preoperative LCEA was 23.3° and 22.2° in the control and LT tear groups, respectively. No differences were observed between groups in baseline PROs, intraoperative findings, or surgical procedures. LT debridement was performed in 17 (70.8%) patients in the LT tear group compared with 0 (0.0%) in the control group. Also, 5-year postoperative PROs were comparable in both groups, with the control group exhibiting superior Veterans RAND 12-Item Health Survey (VR-12) mental (P =.041) and Short Form–12 (SF-12) mental (P =.042) scores. Finally, hips with an intact LT were significantly more likely (P =.022) to achieve the patient acceptable symptomatic state (PASS) for the mHHS (100.0% and 75.0%, respectively). No significant differences were present between the groups for the minimal clinically important difference (MCID) of the mHHS (P =.140), MCID of the Hip Outcome Score–Sport-Specific Subscale (HOS-SSS) (P =.550), or PASS of the HOS-SSS (P =.390). Conclusion: After hip arthroscopic surgery, patients with borderline dysplasia and LT tears demonstrated favorable PROs at a minimum 5-year follow-up. Outcomes were similar to a matched-pair control group without LT tears, with the group with intact LTs showing higher VR-12 mental and SF-12 mental scores. Furthermore, patients with borderline dysplasia and intact LTs were significantly more likely to achieve the PASS for the mHHS. © 2020 The Author(s).",2020,2026-05-15 01:59:35,2026-05-15 01:59:35,,673 - 681,,3,48,,,,,,,,,,,,,,,,,Type: Article,<p>Cited by: 41</p>,,,,,,,,,,,,,,,,,,,,,,,,,,,,,,,,,,,,,,,,,,,,,,,,,,,Scopus,pass,,American Journal of Sports Medicine,SJR,,Q1,Cat3 [Clinical / Medical],Cat3 [Clinical / Medical]::\bsurgery\b | Cat3 [Clinical / Medical]::\bpatient[s]?\b
TG5NZSA8,journalArticle,2021,"Domb, Benjamin G.; Kyin, Cynthia; Go, Cammille C.; Shapira, Jacob; Rosinsky, Philip J.; Lall, Ajay C.; Maldonado, David R.",Arthroscopic Circumferential Acetabular Labral Reconstruction for Irreparable Labra in the Revision Setting: Patient-Reported Outcome Scores and Rate of Achieving the Minimal Clinically Important Difference at a Minimum 2-Year Follow-up,American Journal of Sports Medicine,,03635465,10.1177/03635465211005742,https://www.scopus.com/pages/publications/85104399504?origin=resultslist,"Background: There is a paucity in the literature reporting patient-reported outcome (PRO) scores and the minimal clinically important difference (MCID) after revision hip arthroscopic surgery with circumferential labral reconstruction. Purpose: To report minimum 2-year PRO scores and the rate of achieving the MCID in patients who underwent revision hip arthroscopic surgery with circumferential labral reconstruction in the setting of irreparable labral tears. Study Design: Case series; Level of evidence, 4. Methods: Data were retrospectively reviewed for all patients who underwent revision hip arthroscopic surgery between February 2016 and November 2017. Patients were included if they had undergone circumferential labral reconstruction and had preoperative and postoperative scores for the modified Harris Hip Score (mHHS), Non-Arthritic Hip Score (NAHS), Hip Outcome Score Sport-Specific Subscale (HOS-SSS), International Hip Outcome Tool (iHOT-12), 12-Item Short Form Health Survey physical and mental components (SF-12 P and SF-12 M, respectively), Veterans RAND 12-Item Health Survey physical and mental components (VR-12 P and VR-12 M, respectively), and visual analog scale (VAS) for pain. Exclusion criteria were Tönnis grade >1, Legg-Calve-Perthes disease, slipped capital femoral epiphysis, fractures, hip dysplasia, or revision labral treatment different from circumferential labral reconstruction. The MCID was calculated. Secondary surgical procedures were documented. Results: A total of 26 hips (26 patients; 61.5% female) were included. The mean age and body mass index were 33.2 ± 10.4 years and 25.5 ± 4.9, respectively. Significant improvements were reported for the mHHS (17.0 ± 19.5; P =.0002), NAHS (17.9 ± 16.7; P <.0001), HOS-SSS (21.7 ± 23.1; P =.0005), VAS (–2.2 ± 3.0; P =.006), iHOT-12 (25.8 ± 32.5; P =.0007), SF-12 P (8.5 ± 11.2; P =.001), and VR-12 P (8.9 ± 11.6; P =.001). Rates of meeting the MCID for the mHHS, NAHS, HOS-SSS, iHOT-12, and VAS were 76.9%, 80.0%, 65.0%, 62.5%, and 69.2%, respectively. No case of re-revision arthroscopic surgery was documented, but 1 case of conversion to total hip arthroplasty was documented at 38.6 months. Conclusion: In the setting of revision hip arthroscopic surgery and irreparable labral tears, circumferential labral reconstruction resulted in significant improvements in all PRO and VAS scores at a minimum 2-year follow-up with a high rate of achieving the MCID. © 2021 The Author(s).",2021,2026-05-15 01:59:37,2026-05-15 01:59:37,,1750 - 1758,,7,49,,,,,,,,,,,,,,,,,Type: Article,<p>Cited by: 20</p>,,,,,,,,,,,,,,,,,,,,,,,,,,,,,,,,,,,,,,,,,,,,,,,,,,,Scopus,pass,,American Journal of Sports Medicine,SJR,,Q1,Cat3 [Clinical / Medical],Cat3 [Clinical / Medical]::\bsurgery\b | Cat3 [Clinical / Medical]::\bpatient[s]?\b
GQ24DFUI,journalArticle,2020,"Hornby, T. George; Reisman, Darcy S.; Ward, Irene G.; Scheets, Patricia L.; Miller, Allison; Haddad, David; Fox, Emily J.; Fritz, Nora E.; Hawkins, Kelly; Henderson, Christopher E.; Hendron, Kathryn L.; Holleran, Carey L.; Lynskey, James E.; Walter, Amber","Clinical Practice Guideline to Improve Locomotor Function Following Chronic Stroke, Incomplete Spinal Cord Injury, and Brain Injury",Journal of Neurologic Physical Therapy,,15570576,10.1097/NPT.0000000000000303,https://www.scopus.com/pages/publications/85076499651?origin=resultslist,"Background: Individuals with acute-onset central nervous system (CNS) injury, including stroke, motor incomplete spinal cord injury, or traumatic brain injury, often experience lasting locomotor deficits, as quantified by decreases in gait speed and distance walked over a specific duration (timed distance). The goal of the present clinical practice guideline was to delineate the relative efficacy of various interventions to improve walking speed and timed distance in ambulatory individuals greater than 6 months following these specific diagnoses. Methods: A systematic review of the literature published between 1995 and 2016 was performed in 4 databases for randomized controlled clinical trials focused on these specific patient populations, at least 6 months postinjury and with specific outcomes of walking speed and timed distance. For all studies, specific parameters of training interventions including frequency, intensity, time, and type were detailed as possible. Recommendations were determined on the basis of the strength of the evidence and the potential harm, risks, or costs of providing a specific training paradigm, particularly when another intervention may be available and can provide greater benefit. Results: Strong evidence indicates that clinicians should offer walking training at moderate to high intensities or virtual reality-based training to ambulatory individuals greater than 6 months following acute-onset CNS injury to improve walking speed or distance. In contrast, weak evidence suggests that strength training, circuit (ie, combined) training or cycling training at moderate to high intensities, and virtual reality-based balance training may improve walking speed and distance in these patient groups. Finally, strong evidence suggests that body weight-supported treadmill training, robotic-Assisted training, or sitting/standing balance training without virtual reality should not be performed to improve walking speed or distance in ambulatory individuals greater than 6 months following acute-onset CNS injury to improve walking speed or distance. Discussion: The collective findings suggest that large amounts of task-specific (ie, locomotor) practice may be critical for improvements in walking function, although only at higher cardiovascular intensities or with augmented feedback to increase patient's engagement. Lower-intensity walking interventions or impairment-based training strategies demonstrated equivocal or limited efficacy. Limitations: As walking speed and distance were primary outcomes, the research participants included in the studies walked without substantial physical assistance. This guideline may not apply to patients with limited ambulatory function, where provision of walking training may require substantial physical assistance. Summary: The guideline suggests that task-specific walking training should be performed to improve walking speed and distance in those with acute-onset CNS injury although only at higher intensities or with augmented feedback. Future studies should clarify the potential utility of specific training parameters that lead to improved walking speed and distance in these populations in both chronic and subacute stages following injury. Disclaimer: These recommendations are intended as a guide for clinicians to optimize rehabilitation outcomes for persons with chronic stroke, incomplete spinal cord injury, and traumatic brain injury to improve walking speed and distance. © 2020 Academy of Neurologic Physical Therapy, APTA.",2020,2026-05-15 01:59:38,2026-05-15 01:59:38,,49 - 100,,1,44,,,,,,,,,,,,,,,,,Type: Review,<p>Cited by: 300</p>,,,,,,,,,,,,,,,,,,,,,,,,,,,,,,,,,,,,,,,,,,,,,,,,,,,Scopus,pass,,Journal of Neurologic Physical Therapy,SJR,,Q1,Cat3 [Clinical / Medical],Cat3 [Clinical / Medical]::\brehabilitation\b | Cat3 [Clinical / Medical]::\bphysical\s+therapy\b | Cat3 [Clinical / Medical]::\bpatient[s]?\b
JHIIXA7S,journalArticle,2021,"Lee, Hyeon-Seung; Hong, Seok-Jin J.; Baxter, Tatiana; Scott, Jason; Shenoy, Sunil; Buck, Lauren; Bodenheimer, Bobby; Park, Sohee",Altered Peripersonal Space and the Bodily Self in Schizophrenia: A Virtual Reality Study,Schizophrenia Bulletin,,05867614,10.1093/schbul/sbab024,https://www.scopus.com/pages/publications/85111137251?origin=resultslist,"Self-disturbances such as an anomalous perception of one's own body boundary are central to the phenomenology of schizophrenia (SZ), but measuring the spatial parameters of the hypothesized self-other boundary has proved to be challenging. Peripersonal space (PPS) refers to the immediate zone surrounding the body where the self interacts physically with the environment; the space that corresponds to hypothesized self-other boundary. PPS is represented by enhanced multisensory integration and faster reaction time (RT) for objects near the body. Thus, multisensory RT tasks can be used to estimate self-other boundary. We aimed to quantify PPS in SZ using an immersive virtual reality visuotactile RT paradigm. Twenty-four participants with SZ and 24 demographically matched controls (CO) were asked to detect tactile vibration while watching a ball approaching them, thrown by either a machine (nonsocial condition) or an avatar (social condition). Parameters of PPS were estimated from the midpoint of the spatial range where the tactile RT decreased most rapidly (size) and the gradient of the RT change at this midpoint (slope). Overall, PPS was smaller in participants with SZ compared with CO. PPS slope for participants with SZ was shallower than CO in the social but not in nonsocial condition, indicating an increased uncertainty of self-other boundary across an extended zone in SZ. Social condition also increased false alarms for tactile detection in SZ. Clinical symptoms were not clearly associated with PPS parameters. These findings suggest the context-dependent nature of weakened body boundary in SZ and underscore the importance of reconciliating objective and subjective aspects of self-disturbances. © 2021 The Author(s) 2021. Published by Oxford University Press on behalf of the Maryland Psychiatric Research Center.All rights reserved. For permissions, please email: journals.permissions@oup.com.",2021,2026-05-15 01:59:39,2026-05-15 01:59:39,,927 - 937,,4,47,,,,,,,,,,,,,,,,,Type: Article,<p>Cited by: 54; All Open Access; Bronze Open Access; Green Open Access</p>,,,,,,,,,,,,,,,,,,,,,,,,,,,,,,,,,,,,,,,,,,,,,,,,,,,Scopus,pass,,Schizophrenia Bulletin,SJR,,Q1,Cat3 [Clinical / Medical],Cat3 [Clinical / Medical]::\bschizophrenia\b
VFX2DM4A,journalArticle,2020,"Nelson, Evan O.; Kliethermes, Stephanie; Heiderscheit, Bryan",Construct validity and responsiveness of the university of wisconsin running injury and recovery index,Journal of Orthopaedic and Sports Physical Therapy,,01906011,10.2519/jospt.2020.9698,https://www.scopus.com/pages/publications/85097003592?origin=resultslist,"OBJECTIVES: The University of Wisconsin Running Injury and Recovery Index (UWRI) is the first running-specific patient-reported outcome measure (PROM). The UWRI evaluates the key elements runners use to self-assess running ability during recovery. This study evaluated the construct-related validity and responsiveness of the UWRI as an evaluative PROM of running ability following running-related injury (RRI). DESIGN: Prospective longitudinal study. METHODS: Runners seeking care from a physical therapist for an RRI (n = 396) completed PROMs at baseline and 12 weeks later. Change in UWRI score was validated against the global rating of change (GROC), Veterans RAND 12-Item Health Survey (VR-12) change, and change in body region-specific PROMs. Responsiveness was evaluated using anchor-based and distribution-based techniques. RESULTS: Change in UWRI score (mean ± SD, 7.7 ± 8.9 points) was correlated with the GROC (r = 0.67), as well as with changes in the VR-12 Physical Component Summary (PCS) (r = 0.54) and Mental Component Summary (MCS) (r = 0.31). Change in UWRI score was correlated with changes in the Foot and Ankle Ability Measure sports subscale (r = 0.75), the 12-item International Hip Outcome Tool (r = 0.75), and the Anterior Knee Pain Scale (r = 0.48), but not with the Oswestry Disability Index Version 2.0 (r = 0.05). Change in UWRI score was significantly different in runners reporting significant improvement (12.2 ± 5.9 points), slight improvement (7.1 ± 6.6 points), no change (0.0 ± 9.1 points), and worsening (-14.6 ± 7.4 points) on the GROC anchor-based responsiveness assessment. The UWRI minimal important change and minimal clinically important difference were 5 and 8 points, respectively. CONCLUSION: The UWRI is a valid clinical tool for evaluating running ability following RRI; it demonstrated longitudinal validity (GROC), convergent validity (PCS and body region-specific PROMs), divergent validity (MCS), and responsiveness to changes in patient-perceived running ability. © 2020 Movement Science Media. All rights reserved.",2020,2026-05-15 01:59:40,2026-05-15 01:59:40,,702 - 710,,12,50,,,,,,,,,,,,,,,,,Type: Article,<p>Cited by: 17</p>,,,,,,,,,,,,,,,,,,,,,,,,,,,,,,,,,,,,,,,,,,,,,,,,,,,Scopus,pass,,Journal of Orthopaedic and Sports Physical Therapy,SJR,,Q1,Cat3 [Clinical / Medical],Cat3 [Clinical / Medical]::\bpatient[s]?\b
SHE2NWEZ,journalArticle,2021,"Maldonado, David R; Kyin, Cynthia; Walker-Santiago, Rafael; Rosinsky, Philip J; Shapira, Jacob; Lall, Ajay C; Domb, Benjamin G",Direct anterior approach versus posterior approach in primary total hip replacement: comparison of minimum 2-year outcomes,HIP International,,11207000,10.1177/1120700019881937,https://www.scopus.com/pages/publications/85074423936?origin=resultslist,"Introduction: The direct anterior approach (DAA) has gained popularity in recent years for total hip arthroplasty (THA). Several authors reported significantly better early outcomes when compared to the posterior approach (PA). Nevertheless, controversy exists regarding longer-term benefits of the DAA. Methods: Data was prospectively collected and retrospectively reviewed for primary THAs conducted between July 2008 and July 2016. Patients who underwent DAA and PA with minimum 2-year follow-up for Harris Hip Score (HHS), Forgotten Joint Score-12 (FJS-12), Veteran RAND 12 Mental (VR-12 Mental), Veteran RAND 12 Physical (VR-12 Physical), 12-Item Short Form Survey Mental (SF-12 Mental), 12-Item Short Form Survey Physical (SF-12 Physical), visual analogue scale, and patient satisfaction were included. Propensity score matching was performed on the DAA and PA cohorts (1:1) based on the following variables: age, sex, body mass index, and laterality. Results: 205 DAA hips were satisfactorily matched to 205 PA hips. The DAA group had higher scores at final follow-up for VR-12 Mental (p = 0.0145), VR-12 Physical (p = 0.0236), SF-12 Mental (p = 0.0393), and SF-12 Physical (p = 0.0391). The DAA and PA groups had comparable HHS (p = 0.0737) and FJS-12 (p = 0.2900). Conclusions: Although the DAA and PA groups had different follow-up periods, both the DAA and PA groups reported favourable outcomes at minimum 2-year follow-up. While both groups achieved comparable scores for the majority of PROs including VAS and patient satisfaction, the DAA group achieved superior quality of life outcomes when compared with a propensity score matched group of PA surgeries. © The Author(s) 2019.",2021,2026-05-15 01:59:43,2026-05-15 01:59:43,,166 - 173,,2,31,,,,,,,,,,,,,,,,,Type: Article,<p>Cited by: 34</p>,,,,,,,,,,,,,,,,,,,,,,,,,,,,,,,,,,,,,,,,,,,,,,,,,,,Scopus,pass,,HIP International,SJR,,Q1,Cat3 [Clinical / Medical],Cat3 [Clinical / Medical]::\bpatient[s]?\b
EGCL7H73,journalArticle,2020,"Schöberl, Florian; Zwergal, Andreas; Brandt, Thomas",Testing Navigation in Real Space: Contributions to Understanding the Physiology and Pathology of Human Navigation Control,Frontiers in Neural Circuits,,16625110,10.3389/fncir.2020.00006,https://www.scopus.com/pages/publications/85082380062?origin=resultslist,"Successful navigation relies on the flexible and appropriate use of metric representations of space or topological knowledge of the environment. Spatial dimensions (2D vs. 3D), spatial scales (vista-scale vs. large-scale environments) and the abundance of visual landmarks critically affect navigation performance and behavior in healthy human subjects. Virtual reality (VR)-based navigation paradigms in stationary position have given insight into the major navigational strategies, namely egocentric (body-centered) and allocentric (world-centered), and the cerebral control of navigation. However, VR approaches are biased towards optic flow and visual landmark processing. This major limitation can be overcome to some extent by increasingly immersive and realistic VR set-ups (including large-screen projections, eye tracking and use of head-mounted camera systems). However, the highly immersive VR settings are difficult to apply particularly to older subjects and patients with neurological disorders because of cybersickness and difficulties with learning and conducting the tasks. Therefore, a need for the development of novel spatial tasks in real space exists, which allows a synchronous analysis of navigational behavior, strategy, visual explorations and navigation-induced brain activation patterns. This review summarizes recent findings from real space navigation studies in healthy subjects and patients with different cognitive and sensory neurological disorders. Advantages and limitations of real space navigation testing and different VR-based navigation paradigms are discussed in view of potential future applications in clinical neurology. © Copyright © 2020 Schöberl, Zwergal and Brandt.",2020,2026-05-15 01:59:46,2026-05-15 01:59:46,,,,,14,,,,,,,,,,,,,,,,,Type: Review,<p>Cited by: 26; All Open Access; Gold Open Access; Green Open Access</p>,,,,,,,,,,,,,,,,,,,,,,,,,,,,,,,,,,,,,,,,,,,,,,,,,,,Scopus,pass,,Frontiers in Neural Circuits,SJR,,Q1,Cat3 [Clinical / Medical],Cat3 [Clinical / Medical]::\bpatient[s]?\b
E7LC8FGB,journalArticle,2021,"Wei, Xuyang; Chen, Yan; Jia, Xueyu; Chen, Yiting; Xie, Longhan",Muscle Activation Visualization System Using Adaptive Assessment and Forces-EMG Mapping,IEEE Access,,21693536,10.1109/ACCESS.2021.3067360,https://www.scopus.com/pages/publications/85103280652?origin=resultslist,"VR-based serious games are obtained without details about real-time guide and feedback in the rehabilitation after stroke, leading to undesirable recovery outcomes. This study investigated the feasibility of real-time visualization in muscle state feedback by sEMG. Then we explored the application in movement guide and diagnosis. We provided a force-sEMG mapping approach based on body weight to visualize the implicit bioinformation. And 10 healthy subjects participated in an experiment that the K-means cluster algorithm and the support vector regression are employed to filter the unexpected data and adjust the visualization parameter for each subject dynamically. The verification experiment demonstrates that force and sEMG can be mapped as a data pair by support vector regression and normalized by the low-cost calibration in 6-8 times reparative actions. We define the predictive accuracy as the ratio of the predicted to the practical tasks. And mean absolute value is the most suitable index to compete for most data scales which can provide a predictive accuracy of 89.84% ± 5.28% in biceps and 84.26% ± 6.44% in triceps. We present the motivation improvement for patients and supervision in online and offline application scenarios for therapists. This system can be applied in precision and telemedicine to improve the efficacy of rehabilitation by objective data and intuitive expression through visualization. © 2013 IEEE.",2021,2026-05-15 01:59:48,2026-05-15 01:59:48,,46374 - 46385,,,9,,,,,,,,,,,,,,,,,Type: Article,<p>Cited by: 5; All Open Access; Gold Open Access; Green Open Access</p>,,,,,,,,,,,,,,,,,,,,,,,,,,,,,,,,,,,,,,,,,,,,,,,,,,,Scopus,pass,,IEEE Access,SJR,,Q1,Cat3 [Clinical / Medical],Cat3 [Clinical / Medical]::\brehabilitation\b | Cat3 [Clinical / Medical]::\bpatient[s]?\b
928HFX96,journalArticle,2021,"Pazzaglia, Costanza; Imbimbo, Isabella; Tranchita, Eliana; Minganti, Carlo; Ricciardi, Diego; Monaco, Rita Lo; Parisi, Attilio; Padua, Luca",Reply to Letter to the Editor: ‘Comparison of virtual reality rehabilitation and conventional rehabilitation in Parkinson's disease: a randomised controlled trial’,Physiotherapy (United Kingdom),,,10.1016/j.physio.2020.07.001,https://www.scopus.com/pages/publications/85100368575?origin=resultslist,,2021,2026-05-15 01:59:50,2026-05-15 01:59:50,,88 - 89,,,110,,,,,,,,,,,,,,,,,Type: Letter,<p>Cited by: 1</p>,,,,,,,,,,,,,,,,,,,,,,,,,,,,,,,,,,,,,,,,,,,,,,,,,,,Scopus,hold,要旨なしのため判定不能(フェイルセーフで保留),Physiotherapy (United Kingdom),SJR,,Q1,Cat3 [Clinical / Medical],Cat3 [Clinical / Medical]::\brehabilitation\b
IG3PLA79,journalArticle,2021,"Linge, Anita Dyb; Bjørkly, Stål Kapstø; Jensen, Chris; Hasle, Bente","Bandura’s Self-Efficacy Model Used to Explore Participants’ Experiences of Health, Lifestyle, and Work After Attending a Vocational Rehabilitation Program with Lifestyle Intervention – A Focus Group Study",Journal of Multidisciplinary Healthcare,,11782390,10.2147/JMDH.S334620,https://www.scopus.com/pages/publications/85124725572?origin=resultslist,"Purpose: We aimed to use the self-efficacy model to examine the participants’ experience, attitudes, and viewpoints regarding the association between work, health and lifestyle factors that influence work participation after completing a new one-year multidisciplinary vocational rehabilitation (VR) programme with a lifestyle intervention for people on or at risk of sick leave due to obesity or obesity-related problems. Materials and Methods: This case study was based on focus group (FG) interviews with 11 previous participants. The interviews were conducted 2 to 4 years after they completed the program, between August and September 2019. The analysis followed Braun and Clarke’s six-phase reflexive thematic analysis (RTA) approach. Results: The main theme “Work participation enhances quality of life” was prominent and related to mastery experience. Four sub-themes directly and indirectly affect work participa-tion. The first sub-theme is “My attitude to life”, influenced by mastery experiences. Next, “Body size matters”, related to physiological and affective states. “Good physical capacity profit in everyday life” is associated to physiological and affective states, and the last “Support from the surroundings” influenced by vicarious experience and Verbal Persuasion. Conclusion: This study’s main finding highlights how participants value work participation as a meaningful activity that positively influences their work self-efficacy. Future VR programs should pay attention to interventions focusing on the workplace, cognitive approaches to develop skills for coping strategies, lifestyle change purposing BMI reduction, physical activity, and support from the surroundings. Clinical Trials: Technical information about the study on Clinical Trials NCT03286374. © 2021 Linge et al.",2021,2026-05-15 01:59:50,2026-05-15 01:59:50,,3533 - 3548,,,14,,,,,,,,,,,,,,,,,Type: Article,<p>Cited by: 25; All Open Access; Gold Open Access; Green Open Access</p>,,,,,,,,,,,,,,,,,,,,,,,,,,,,,,,,,,,,,,,,,,,,,,,,,,,Scopus,pass,,Journal of Multidisciplinary Healthcare,SJR,,Q1,Cat3 [Clinical / Medical],Cat3 [Clinical / Medical]::\brehabilitation\b
IWX7276F,journalArticle,2021,"Rubo, Marius; Gamer, Matthias",Stronger reactivity to social gaze in virtual reality compared to a classical laboratory environment,British Journal of Psychology,,00071269,10.1111/bjop.12453,https://www.scopus.com/pages/publications/85085685886?origin=resultslist,"People show a robust tendency to gaze at other human beings when viewing images or videos, but were also found to relatively avoid gaze at others in several real-world situations. This discrepancy, along with theoretical considerations, spawned doubts about the appropriateness of classical laboratory-based experimental paradigms in social attention research. Several researchers instead suggested the use of immersive virtual scenarios in eliciting and measuring naturalistic attentional patterns, but the field, struggling with methodological challenges, still needs to establish the advantages of this approach. Here, we show using eye-tracking in a complex social scenario displayed in virtual reality that participants show enhanced attention towards the face of an avatar at near distance and demonstrate an increased reactivity towards her social gaze as compared to participants who viewed the same scene on a computer monitor. The present study suggests that reactive virtual agents observed in immersive virtual reality can elicit natural modes of information processing and can help to conduct ecologically more valid experiments while maintaining high experimental control. © 2020 The Authors. British Journal of Psychology published by John Wiley & Sons Ltd on behalf of British Psychological Society",2021,2026-05-15 01:59:52,2026-05-15 01:59:52,,301 - 314,,1,112,,,,,,,,,,,,,,,,,Type: Article,<p>Cited by: 24; All Open Access; Green Open Access; Hybrid Gold Open Access</p>,,,,,,,,,,,,,,,,,,,,,,,,,,,,,,,,,,,,,,,,,,,,,,,,,,,Scopus,pass,,British Journal of Psychology,SJR,,Q1,Cat1 [Not VR / Out of Scope],Cat1 [Not VR / Out of Scope]::\bcomputer monitor\b
TZ2D7WFE,journalArticle,2020,"Miloff, Alexander; Carlbring, Per; Hamilton, William; Andersson, Gerhard; Reuterskiöld, Lena; Lindner, Philip",Measuring alliance toward embodied virtual therapists in the era of automated treatments with the Virtual Therapist Alliance Scale (VTAS): Development and psychometric evaluation,Journal of Medical Internet Research,,14388871,10.2196/16660,https://www.scopus.com/pages/publications/85082380039?origin=resultslist,"Background: Automated virtual reality exposure therapies (VRETs) are self-help treatments conducted by oneself and supported by a virtual therapist embodied visually and/or with audio feedback. This simulates many of the nonspecific relational elements and common factors present in face-to-face therapy and may be a means of improving adherence to and efficacy of self-guided treatments. However, little is known about alliance toward the virtual therapist, despite alliance being an important predictor of treatment outcome. Objective: In this study, we aimed to evaluate the first alliance instrument developed for use with embodied virtual therapists in an automated treatment format—the Virtual Therapist Alliance Scale (VTAS)—by (1) assessing its psychometric properties, (2) verifying the dimensionality of the scale, and (3) determining the predictive ability of the scale with treatment outcome. Methods: A psychometric evaluation and exploratory factor analysis of the VTAS was conducted using data from two samples of spider-fearful patients treated with VRET and the help of an embodied, voice-based virtual therapist (n=70). Multiple regression models and bivariate correlations were used to assess the VTAS relationship with treatment outcome, according to self-reported fear and convergence with presence and user-friendliness process measures. Results: The VTAS showed a sound two-factor solution composed of a primary factor covering task, goal, and copresence; adequate internal consistency; and good convergent validity, including moderate correlation (r=.310, P=.01) with outcomes over follow-up. Conclusions: These preliminary results suggest that alliance toward a virtual therapist is a significant predictor of treatment outcome, favors the importance of a task-goal over bond-factor, and should be explored in studies with larger sample sizes and in additional forms of embodiment. ©Alexander Miloff, Per Carlbring, William Hamilton, Gerhard Andersson, Lena Reuterskiöld, Philip Lindner.",2020,2026-05-15 01:59:53,2026-05-15 01:59:53,,,,3,22,,,,,,,,,,,,,,,,,Type: Article,<p>Cited by: 45; All Open Access; Gold Open Access; Green Open Access</p>,,,,,,,,,,,,,,,,,,,,,,,,,,,,,,,,,,,,,,,,,,,,,,,,,,,Scopus,pass,,Journal of Medical Internet Research,SJR,,Q1,Cat3 [Clinical / Medical],Cat3 [Clinical / Medical]::\bpatient[s]?\b
LPR4CF3R,journalArticle,2020,"Imaoka, Yu; Saba, Nadja; Vanhoestenberghe, Anne; de Bruin, Eling D.",Triggering Postural Movements With Virtual Reality Technology in Healthy Young and Older Adults: A Cross-Sectional Validation Study for Early Dementia Screening,Frontiers in Medicine,,2296858X,10.3389/fmed.2020.533675,https://www.scopus.com/pages/publications/85096929451?origin=resultslist,"With the ultimate aim of early diagnosis of dementia, a new body balance assessment system with integrated head-mounted display-based virtual reality (VR) has been developed. We hypothesized that people would sway more in anterior-posterior (AP) direction when they were exposed to a VR environment where we intentionally provoked movements in forward and backward directions. A total of 14 healthy older adults (OA) (73.14±4.26 years) and 15 healthy young adults (YA) (24.93±1.49 years) were assessed for group differences in sway behavior. Body sway speed in 22 different conditions with and without VR environments was analyzed. Significant differences and large effect sizes were observed in AP sway under the VR environments (OA with P < 0.02; effect size> 0.61, YA with P < 0.003; effect size> 0.72) compared to the baseline condition without the VR environments. In addition, significant differences were found between the two groups in AP sway in all test conditions (P < 0.01). Our study shows that a VR environment can trigger body sway in an expected direction, which may indicate that it is possible to enhance the sensitivity of balance assessment by integrating immersive VR environments. The result of this study warrants a cross-sectional study in which OA diagnosed with and without dementia are compared on their sway behavior. © Copyright © 2020 Imaoka, Saba, Vanhoestenberghe and de Bruin.",2020,2026-05-15 01:59:54,2026-05-15 01:59:54,,,,,7,,,,,,,,,,,,,,,,,Type: Article,<p>Cited by: 6; All Open Access; Gold Open Access; Green Open Access</p>,,,,,,,,,,,,,,,,,,,,,,,,,,,,,,,,,,,,,,,,,,,,,,,,,,,Scopus,pass,,Frontiers in Medicine,SJR,,Q1,Cat3 [Clinical / Medical],Cat3 [Clinical / Medical]::\bdementia\b
TMSA838L,journalArticle,2020,"Simões, Marco; Mouga, Susana; Pereira, Andreia C.; de Carvalho, Paulo; Oliveira, Guiomar; Castelo-Branco, Miguel",Virtual Reality Immersion Rescales Regulation of Interpersonal Distance in Controls but not in Autism Spectrum Disorder,Journal of Autism and Developmental Disorders,,01623257,10.1007/s10803-020-04484-6,https://www.scopus.com/pages/publications/85083398306?origin=resultslist,"Interpersonal distance (IPD) is a simple social regulation metric which is altered in autism. We performed a stop-distance paradigm to evaluate IPD regulation in autism spectrum disorder (ASD) and control groups in a real versus a virtual environment mimicking in detail the real one. We found a bimodal pattern of IPDs only in ASD. Both groups showed high IPD correlations between real and virtual environments, but the significantly larger slope in the control group suggests rescaling, which was absent in ASD. We argue that loss of nuances like non-verbal communication, such as perception of subtle body gestures in the virtual environment, lead to changed regulation of IPD in controls, whilst ASD participants show similar deficits in perceiving such subtle cues in both environments. © 2020, Springer Science+Business Media, LLC, part of Springer Nature.",2020,2026-05-15 01:59:55,2026-05-15 01:59:55,,4317 - 4328,,12,50,,,,,,,,,,,,,,,,,Type: Article,<p>Cited by: 25</p>,,,,,,,,,,,,,,,,,,,,,,,,,,,,,,,,,,,,,,,,,,,,,,,,,,,Scopus,pass,,Journal of Autism and Developmental Disorders,SJR,,Q1,Cat3 [Clinical / Medical],Cat3 [Clinical / Medical]::\bautism\s+spectrum\b
CZV6LNDB,journalArticle,2019,"Lange, Bastian; Pauli, Paul",Social anxiety changes the way we move — A social approach-avoidance task in a virtual reality CAVE system,PLoS ONE,,19326203,10.1371/journal.pone.0226805,https://www.scopus.com/pages/publications/85077185424?origin=resultslist,"Investigating approach-avoidance behavior regarding affective stimuli is important in broadening the understanding of one of the most common psychiatric disorders, social anxiety disorder. Many studies in this field rely on approach-avoidance tasks, which mainly assess hand movements, or interpersonal distance measures, which return inconsistent results and lack ecological validity. Therefore, the present study introduces a virtual reality task, looking at avoidance parameters (movement time and speed, distance to social stimulus, gaze behavior) during whole-body movements. These complex movements represent the most ecologically valid form of approach and avoidance behavior. These are at the core of complex and natural social behavior. With this newly developed task, the present study examined whether high socially anxious individuals differ in avoidance behavior when bypassing another person, here virtual humans with neutral and angry facial expressions. Results showed that virtual bystanders displaying angry facial expressions were generally avoided by all participants. In addition, high socially anxious participants generally displayed enhanced avoidance behavior towards virtual people, but no specifically exaggerated avoidance behavior towards virtual people with a negative facial expression. The newly developed virtual reality task proved to be an ecological valid tool for research on complex approach-avoidance behavior in social situations. The first results revealed that whole body approach-avoidance behavior relative to passive bystanders is modulated by their emotional facial expressions and that social anxiety generally amplifies such avoidance. © 2019 Lange, Pauli. This is an open access article distributed under the terms of the Creative Commons Attribution License, which permits unrestricted use, distribution, and reproduction in any medium, provided the original author and source are credited.",2019,2026-05-15 01:59:56,2026-05-15 01:59:56,,,,12,14,,,,,,,,,,,,,,,,,Type: Article,<p>Cited by: 48; All Open Access; Gold Open Access; Green Open Access</p>,,,,,,,,,,,,,,,,,,,,,,,,,,,,,,,,,,,,,,,,,,,,,,,,,,,Scopus,pass,,PLOS ONE,SJR,,Q1,Cat1 [Not VR / Out of Scope],Cat1 [Not VR / Out of Scope]::\bcave system\b
X7YK8MC5,journalArticle,2021,"Brander, Mischa; Egger, Stephan T; Hürlimann, Noa; Seifritz, Erich; Sumner, Robert W; Vetter, Stefan; Magnenat, Stéphane",Virtual reality human-human interface to deliver psychotherapy to people experiencing auditory verbal hallucinations: Development and usability study,JMIR Serious Games,,22919279,10.2196/26820,https://www.scopus.com/pages/publications/85107851509?origin=resultslist,"Background: Digital technologies have expanded the options for delivering psychotherapy, permitting for example, the treatment of schizophrenia using Avatar Therapy. Despite its considerable potential, this treatment method has not been widely disseminated. As a result, its operability and functionality remain largely unknown. Objective: We aimed to study the usability of a therapeutic virtual reality human-human interface, created in a game engine. Methods: Participants were psychiatric hospital staff who were introduced to the therapeutic platform in a hands-on session. The System Usability Scale (SUS) was employed for evaluation purposes. Statistical evaluation was conducted using descriptive statistics, the chi-square test, analysis of variance, and multilevel factor analysis. Results: In total, 109 staff members were introduced to the therapeutic tool and completed the SUS. The mean SUS global score was 81.49 (SD 11.1). Psychotherapists (mean 86.44, SD 8.79) scored significantly higher (F2,106=6.136; P=.003) than nursing staff (mean 79.01, SD 13.30) and administrative personnel (mean 77.98, SD 10.72). A multilevel factor analysis demonstrates a different factor structure for each profession. Conclusions: In all professional groups in this study, the usability of a digital psychotherapeutic tool developed using a game engine achieved the benchmark for an excellent system, scoring highest among the professional target group (psychotherapists). The usability of the system seems, to some extent, to be dependent on the professional background of the user. It is possible to create and customize novel psychotherapeutic approaches with gaming technologies and platforms. © 2021 Mischa Brander, Stephan T Egger, Noa Hürlimann, Erich Seifritz, Robert W Sumner, Stefan Vetter, Stéphane Magnenat.",2021,2026-05-15 01:59:56,2026-05-15 01:59:56,,,,2,9,,,,,,,,,,,,,,,,,Type: Article,<p>Cited by: 12; All Open Access; Gold Open Access; Green Open Access</p>,,,,,,,,,,,,,,,,,,,,,,,,,,,,,,,,,,,,,,,,,,,,,,,,,,,Scopus,pass,,JMIR Serious Games,SJR,,Q1,Cat3 [Clinical / Medical],Cat3 [Clinical / Medical]::\bschizophrenia\b
IME4MUYQ,journalArticle,2020,"Holmberg, Trine Theresa; Eriksen, Tanja Lilly; Petersen, Rasmus; Frederiksen, Nicklas Nørgård; Damgaard-Sørensen, Ulla; Lichtenstein, Mia Beck",Social Anxiety Can Be Triggered by 360-Degree Videos in Virtual Reality: A Pilot Study Exploring Fear of Shopping,"Cyberpsychology, Behavior, and Social Networking",,21522715,10.1089/cyber.2019.0295,https://www.scopus.com/pages/publications/85088242589?origin=resultslist,"Social anxiety disorder (SAD) involves intense fear of being scrutinized, judged, or embarrassed in public. Virtual reality exposure therapy (VRET) is an exposure tool for SAD. Previous studies have developed computer-generated avatars and virtual environments, but this method is time-consuming and expensive. Preliminary evidence shows that 360-degree virtual reality (VR) videos with real-life situations may be an easy, relatively cheap, and effective alternative. This study aimed to develop VR videos with real-life content from a shopping situation and to evaluate participants' anxiety responses and feelings of presence. Three 360-degree VR videos were filmed in a shopping center. Nine patients with SAD and nine controls matched on gender and age participated in the study. The participants' levels of anxiety during the VR videos were assessed using the Subjective Unit of Discomfort Scale and through semistructured interviews. The SAD patients reported higher levels of presence and significantly increased anxiety levels before, during, and after the videos, whereas controls reported no symptom of anxiety. The patients found the videos authentic and recommended VRET to be integrated into the early stages of treatment before in vivo exposure. Anxiety responses can be triggered in patients with SAD by 360-degree shopping videos. Further studied are needed to investigate the potential of using 360-degree videos for VRET in anxiety disorders. © Copyright 2020, Mary Ann Liebert, Inc., publishers 2020.",2020,2026-05-15 02:00:02,2026-05-15 02:00:02,,495 - 499,,7,23,,,,,,,,,,,,,,,,,Type: Article,<p>Cited by: 18</p>,,,,,,,,,,,,,,,,,,,,,,,,,,,,,,,,,,,,,,,,,,,,,,,,,,,Scopus,pass,,"Cyberpsychology, Behavior, and Social Networking",SJR,,Q1,Cat3 [Clinical / Medical],Cat3 [Clinical / Medical]::\bexposure\s+therapy\b | Cat3 [Clinical / Medical]::\bpatient[s]?\b
V6XJI8II,journalArticle,2020,"Chattopadhyay, Debaleena; Ma, Tengteng; Sharifi, Hasti; Martyn-Nemeth, Pamela",Computer-controlled virtual humans in patient-facing systems: Systematic review and meta-analysis,Journal of Medical Internet Research,,14388871,10.2196/18839,https://www.scopus.com/pages/publications/85089127483?origin=resultslist,"Background: Virtual humans (VH) are computer-generated characters that appear humanlike and simulate face-to-face conversations using verbal and nonverbal cues. Unlike formless conversational agents, like smart speakers or chatbots, VH bring together the capabilities of both a conversational agent and an interactive avatar (computer-represented digital characters). Although their use in patient-facing systems has garnered substantial interest, it is unknown to what extent VH are effective in health applications. Objective: The purpose of this review was to examine the effectiveness of VH in patient-facing systems. The design and implementation characteristics of these systems were also examined. Methods: Electronic bibliographic databases were searched for peer-reviewed articles with relevant key terms. Studies were included in the systematic review if they designed or evaluated VH in patient-facing systems. Of the included studies, studies that used a randomized controlled trial to evaluate VH were included in the meta-analysis; they were then summarized using the PICOTS framework (population, intervention, comparison group, outcomes, time frame, setting). Summary effect sizes, using random-effects models, were calculated, and the risk of bias was assessed. Results: Among the 8,125 unique records identified, 53 articles describing 33 unique systems, were qualitatively, systematically reviewed. Two distinct design categories emerged - simple VH and VH augmented with health sensors and trackers. Of the 53 articles, 16 (26 studies) with 44 primary and 22 secondary outcomes were included in the meta-analysis. Meta-analysis of the 44 primary outcome measures revealed a significant difference between intervention and control conditions, favoring the VH intervention (SMD =.166, 95% CI.039-.292, P=.012), but with evidence of some heterogeneity, I<sup>2</sup>=49.3%. There were more cross-sectional (k=15) than longitudinal studies (k=11). The intervention was delivered using a personal computer in most studies (k=18), followed by a tablet (k=4), mobile kiosk (k=2), head-mounted display (k=1), and a desktop computer in a community center (k=1). Conclusions: We offer evidence for the efficacy of VH in patient-facing systems. Considering that studies included different population and outcome types, more focused analysis is needed in the future. Future studies also need to identify what features of virtual human interventions contribute toward their effectiveness. © 2020 Journal of Medical Internet Research. All rights reserved.",2020,2026-05-15 02:00:06,2026-05-15 02:00:06,,,,7,22,,,,,,,,,,,,,,,,,Type: Review,<p>Cited by: 50; All Open Access; Gold Open Access; Green Open Access</p>,,,,,,,,,,,,,,,,,,,,,,,,,,,,,,,,,,,,,,,,,,,,,,,,,,,Scopus,pass,,Journal of Medical Internet Research,SJR,,Q1,Cat1 [Not VR / Out of Scope] | Cat3 [Clinical / Medical],Cat1 [Not VR / Out of Scope]::\btablet(?:\s+computer)?\b | Cat3 [Clinical / Medical]::\bpatient[s]?\b
ACDLXDHG,journalArticle,2021,"Maggio, Maria Grazia; Naro, Antonino; Manuli, Alfredo; Maresca, Giuseppa; Balletta, Tina; Latella, Desirèe; De Luca, Rosaria; Calabrò, Rocco Salvatore",Effects of Robotic Neurorehabilitation on Body Representation in Individuals with Stroke: A Preliminary Study Focusing on an EEG-Based Approach,Brain Topography,,08960267,10.1007/s10548-021-00825-5,https://www.scopus.com/pages/publications/85102174003?origin=resultslist,"Patients with stroke can experience a drastic change in their body representation (BR), beyond the physical and psychological consequences of stroke itself. Noteworthy, the misperception of BR could affect patients' motor performance even more. Our study aimed at evaluating the usefulness of a robot-aided gait training (RAGT) equipped with augmented visuomotor feedback, expected to target BR (RAGT + VR) in improving lower limb sensorimotor function, gait performance (using Fugl-Meyer Assessment scale for lower extremities, FMA-LE), and BR (using the Body Esteem Scale—BES- and the Body Uneasiness Test—BUT), as compared to RAGT − VR. We also assessed the neurophysiologic basis putatively subtending the BR-based motor function recovery, using EEG recording during RAGT. Forty-five patients with stroke were enrolled in this study and randomized with a 1:2 ratio into either the RAGT + VR (n = 30) or the RAGT − VR (n = 15) group. The former group carried out rehabilitation training with the Lokomat©Pro; whereas, the latter used the Lokomat©Nanos. The rehabilitation protocol consisted of 40 one-hour training sessions. At the end of the training, the RAGT + VR improved in FMA-LE (p < 0.001) and BR (as per BES, (p < 0.001), and BUT, (p < 0.001)) more than the RAGT- did (p < 0.001). These differences in clinical outcomes were paralleled by a greater strengthening of visuomotor connectivity and corticomotor excitability (as detected at the EEG analyses) in the RAGT + VR than in the RAGT − VR (all comparisons p < 0.001), corresponding to an improved motor programming and execution in the former group. We may argue that BR recovery was important concerning functional motor improvement by its integration with the motor control system. This likely occurred through the activation of the Mirror Neuron System secondary to the visuomotor feedback provision, resembling virtual reality. Last, our data further confirm the important role of visuomotor feedback in post-stroke rehabilitation, which can achieve better patient-tailored improvement in functional gait by means of RAGT + VR targeting BR. © 2021, The Author(s), under exclusive licence to Springer Science+Business Media, LLC part of Springer Nature.",2021,2026-05-15 02:00:13,2026-05-15 02:00:13,,348 - 362,,3,34,,,,,,,,,,,,,,,,,Type: Article,<p>Cited by: 31</p>,,,,,,,,,,,,,,,,,,,,,,,,,,,,,,,,,,,,,,,,,,,,,,,,,,,Scopus,pass,,Brain Topography,SJR,,Q1,Cat3 [Clinical / Medical],Cat3 [Clinical / Medical]::\brehabilitation\b | Cat3 [Clinical / Medical]::\bstroke\s+(?:patient|rehabilitation|survivor|recovery)\b | Cat3 [Clinical / Medical]::\bpatient[s]?\b
4NJVKXME,journalArticle,2020,"De Ponti, Roberto; Marazzato, Jacopo; Maresca, Andrea M.; Rovera, Francesca; Carcano, Giulio; Ferrario, Marco M.",Pre-graduation medical training including virtual reality during COVID-19 pandemic: A report on students' perception,BMC Medical Education,,14726920,10.1186/s12909-020-02245-8,https://www.scopus.com/pages/publications/85091806648?origin=resultslist,"Background: The Coronavirus Disease 19 (COVID-19) pandemic brought significant disruption to in-hospital medical training. Virtual reality simulating the clinical environment has the potential to overcome this issue and can be particularly useful to supplement the traditional in-hospital medical training during the COVID-19 pandemic, when hospital access is banned for medical students. The aim of this study was to assess medical students' perception on fully online training including simulated clinical scenarios during COVID-19 pandemic. Methods: From May to July 2020 when in-hospital training was not possible, 122 students attending the sixth year of the course of Medicine and Surgery underwent online training sessions including an online platform with simulated clinical scenarios (Body Interact™) of 21 patient-based cases. Each session focused on one case, lasted 2 h and was divided into three different parts: introduction, virtual patient-based training, and debriefing. In the same period, adjunctive online training with formal presentation and discussion of clinical cases was also given. At the completion of training, a survey was performed, and students filled in a 12-item anonymous questionnaire on a voluntary basis to rate the training quality. Results were reported as percentages or with numeric ratings from 1 to 4. Due to the study design, no sample size was calculated. Results: One hundred and fifteen students (94%) completed the questionnaire: 104 (90%) gave positive evaluation to virtual reality training and 107 (93%) appreciated the format in which online training was structured. The majority of participants considered the platform of virtual reality training realistic for the initial clinical assessment (77%), diagnostic activity (94%), and treatment options (81%). Furthermore, 97 (84%) considered the future use of this virtual reality training useful in addition to the apprenticeship at patient's bedside. Finally, 32 (28%) participants found the online access difficult due to technical issues. Conclusions: During the COVID-19 pandemic, online medical training including simulated clinical scenarios avoided training interruption and the majority of participant students gave a positive response on the perceived quality of this training modality. During this time frame, a non-negligible proportion of students experienced difficulties in online access to this virtual reality platform. © 2020 The Author(s).",2020,2026-05-15 02:00:15,2026-05-15 02:00:15,,,,1,20,,,,,,,,,,,,,,,,,Type: Article,<p>Cited by: 147; All Open Access; Gold Open Access; Green Open Access</p>,,,,,,,,,,,,,,,,,,,,,,,,,,,,,,,,,,,,,,,,,,,,,,,,,,,Scopus,pass,,BMC Medical Education,SJR,,Q1,Cat3 [Clinical / Medical],Cat3 [Clinical / Medical]::\bsurgery\b | Cat3 [Clinical / Medical]::\bpatient[s]?\b
VZFNFUL9,journalArticle,2021,"Kammler-Sücker, Kornelius I.; Löffler, Annette; Kleinböhl, Dieter; Flor, Herta",Exploring Virtual Doppelgangers as Movement Models to Enhance Voluntary Imitation,IEEE Transactions on Neural Systems and Rehabilitation Engineering,,15344320,10.1109/TNSRE.2021.3120795,https://www.scopus.com/pages/publications/85117805875?origin=resultslist,"Virtual Reality (VR) setups offer the possibility to investigate interactions between model and observer characteristics in imitation behavior, such as in the chameleon effect of automatic mimicry. We tested the hypothesis that perceived affiliative characteristics of a virtual model, such as similarity to the observer and likability, will facilitate observers' engagement in voluntary motor imitation. In a within-subjects design, participants were exposed to four virtual characters of different degrees of realism and observer similarity (avatar numbers AN=1-4), ranging from an abstract stickperson to a personalized doppelganger avatar designed from 3d scans of the observer. The characters performed different trunk movements and participants were asked to imitate these. We defined functional ranges of motion (ROM) for spinal extension (bending backward, BB), lateral flexion (bending sideward, BS) and rotation in the horizontal plane (RH) based on shoulder marker trajectories as behavioral indicators of imitation. Participants' ratings on avatar appearance, characteristics and embodiment/enfacement were recorded in an Autonomous Avatar Questionnaire (AAQ), factorized into three sum scales based on our explorative analysis. Linear mixed effects models revealed that for lateral flexion (BS), a facilitating influence of avatar type on ROM was mediated by perceived identificatory avatar properties such as avatar likability, avatar-observer-similarity and other affiliative characteristics (AAQ1). This suggests that maximization of model-observer similarity with a virtual doppelganger may be useful in observational modeling and this could be used to modify maladaptive motor behaviors in patients with chronic back pain. © 2021 Institute of Electrical and Electronics Engineers Inc.. All rights reserved.",2021,2026-05-15 02:00:15,2026-05-15 02:00:15,,2173 - 2182,,,29,,,,,,,,,,,,,,,,,Type: Article,<p>Cited by: 11; All Open Access; Gold Open Access</p>,,,,,,,,,,,,,,,,,,,,,,,,,,,,,,,,,,,,,,,,,,,,,,,,,,,Scopus,pass,,IEEE Transactions on Neural Systems and Rehabilitation Engineering,SJR,,Q1,Cat3 [Clinical / Medical],Cat3 [Clinical / Medical]::\bpatient[s]?\b
FEZUXW8K,journalArticle,2020,"van der Veen, Susanne M.; Stamenkovic, Alexander; Applegate, Megan E.; Leitkam, Samuel T.; France, Christopher R.; Thomas, James S.",Effects of avatar perspective on joint excursions used to play virtual dodgeball: Within-subject comparative study,JMIR Serious Games,,22919279,10.2196/18888,https://www.scopus.com/pages/publications/85097491013?origin=resultslist,"Background: Visual representation of oneself is likely to affect movement patterns. Prior work in virtual dodgeball showed greater excursion of the ankles, knees, hips, spine, and shoulder occurs when presented in the first-person perspective compared to the third-person perspective. However, the mode of presentation differed between the two conditions such that a head-mounted display was used to present the avatar in the first-person perspective, but a 3D television (3DTV) display was used to present the avatar in the third-person. Thus, it is unknown whether changes in joint excursions are driven by the visual display (head-mounted display versus 3DTV) or avatar perspective during virtual gameplay. Objective: This study aimed to determine the influence of avatar perspective on joint excursion in healthy individuals playing virtual dodgeball using a head-mounted display. Methods: Participants (n=29, 15 male, 14 female) performed full-body movements to intercept launched virtual targets presented in a game of virtual dodgeball using a head-mounted display. Two avatar perspectives were compared during each session of gameplay. A first-person perspective was created by placing the center of the displayed content at the bridge of the participant’s nose, while a third-person perspective was created by placing the camera view at the participant’s eye level but set 1 m behind the participant avatar. During gameplay, virtual dodgeballs were launched at a consistent velocity of 30 m/s to one of nine locations determined by a combination of three different intended impact heights and three different directions (left, center, or right) based on subject anthropometrics. Joint kinematics and angular excursions of the ankles, knees, hips, lumbar spine, elbows, and shoulders were assessed. Results: The change in joint excursions from initial posture to the interception of the virtual dodgeball were averaged across trials. Separate repeated-measures ANOVAs revealed greater excursions of the ankle (P=.010), knee (P=.001), hip (P=.0014), spine (P=.001), and shoulder (P=.001) joints while playing virtual dodgeball in the first versus third-person perspective. Aligning with the expectations, there was a significant effect of impact height on joint excursions. Conclusions: As clinicians develop treatment strategies in virtual reality to shape motion in orthopedic populations, it is important to be aware that changes in avatar perspective can significantly influence motor behavior. These data are important for the development of virtual reality assessment and treatment tools that are becoming increasingly practical for home and clinic-based rehabilitation. © JMIR Publications 2020. All rights reserved.",2020,2026-05-15 02:00:18,2026-05-15 02:00:18,,,,3,8,,,,,,,,,,,,,,,,,Type: Article,<p>Cited by: 7; All Open Access; Gold Open Access; Green Open Access</p>,,,,,,,,,,,,,,,,,,,,,,,,,,,,,,,,,,,,,,,,,,,,,,,,,,,Scopus,pass,,JMIR Serious Games,SJR,,Q1,Cat3 [Clinical / Medical],Cat3 [Clinical / Medical]::\brehabilitation\b
7VY2T9VH,journalArticle,2021,"Coetzee, J. Chris; Den Hartog, Bryan D.; Stone McGaver, Rebecca; Seiffert, Kayla J.; Giveans, M. Russell",Femoral Head Allografts for Talar Body Defects,Foot and Ankle International,,10711007,10.1177/1071100720983811,https://www.scopus.com/pages/publications/85100587489?origin=resultslist,"Background: Large structural bone deficits after a failed ankle arthroplasty or avascular necrosis (AVN) of the talus present a complex reconstruction challenge. The aim of this study was to report the results of patients undergoing an ankle arthrodesis or tibiotalocalcaneal fusion using a femoral head allograft (FHA). Methods: All ankle and tibiotalocalcaneal fusions using FHA between February 2006 and January 2019 were included. Forty-four patients (45 ankles) with a mean follow-up of 42.8 months were studied. Males accounted for 58.1% (25/43 patients). All patients had either failure of primary or revision total ankle arthroplasty (TAA) or AVN of the talus. Pre- and postoperative Veterans RAND Health Survey (VR-12), Foot and Ankle Ability Measure (FAAM), Ankle Osteoarthritis Scale (AOS) and visual analog scale (VAS) for pain scores were obtained. A patient satisfaction survey was distributed postoperatively and results were tabulated. Results: Preoperatively to postoperatively, the VR-12 Mental score remained essentially unchanged (P =.752) and the VR-12 Physical score improved (P =.007); the FAAM Activities of Daily Living (ADL) and Sport scores improved (P <.001); the AOS Pain and Disability scores improved (P <.001); and the man VAS score improved (P <.001). The overall satisfaction rate was 78.6 on a 100-point scale. At an average of 18.7 weeks, 90.7% of the ankles were substantially fused. Five patients went on to nonunions and revision surgery. Conclusion: The use of FHA to treat talar defects was a viable option. In this complex patient population, the arthrodesis rate was high at 89% with very positive patient-reported outcome scores. Level of Evidence: Level IV, case series. © The Author(s) 2021.",2021,2026-05-15 02:00:20,2026-05-15 02:00:20,,815 - 823,,7,42,,,,,,,,,,,,,,,,,Type: Article,<p>Cited by: 18</p>,,,,,,,,,,,,,,,,,,,,,,,,,,,,,,,,,,,,,,,,,,,,,,,,,,,Scopus,pass,,Foot and Ankle International,SJR,,Q1,Cat3 [Clinical / Medical],Cat3 [Clinical / Medical]::\bsurgery\b | Cat3 [Clinical / Medical]::\bpatient[s]?\b
6Z8L5BFV,journalArticle,2021,"Lynch, T. Sean; Oak, Sameer R.; Cossell, Charles; Strnad, Gregory; Zajichek, Alexander; Goodwin, Ryan; Jones, Morgan H.; Spindler, Kurt P.; Rosneck, James",Effect of Baseline Mental Health on 1-Year Outcomes After Hip Arthroscopy: A Prospective Cohort Study,Orthopaedic Journal of Sports Medicine,,23259671,10.1177/23259671211025526,https://www.scopus.com/pages/publications/85114184772?origin=resultslist,"Background: Patient factors, including mental health, sex, and smoking, have been found to be more predictive of preoperative hip pain and function than intra-articular findings during hip arthroscopy for femoroacetabular impingement (FAI); however, little is known about how these factors may influence patients’ postoperative outcomes. Hypothesis: We hypothesized that lower patient-reported mental health scores would be significant risk factors for worse patient-reported outcomes (PROs) 1 year after arthroscopic hip surgery for FAI and that baseline intra-articular pathology would fail to demonstrate an association with outcomes 1 year after FAI surgery. Study Design: Cohort study; Level of evidence, 2. Methods: A prospective cohort of patients undergoing hip arthroscopy for FAI were electronically enrolled. Baseline and 1-year follow-up PROs were collected, including Hip disability and Osteoarthritis Outcome Score for pain (HOOS-Pain), HOOS–Physical Function Short Form (HOOS-PS), and Veterans RAND 12-Item Health Survey–Mental Component Score (VR-12 MCS). Intra-articular operative findings and treatment were documented at the time of surgery. Proportional odds logistic regression models were built for 1-year outcomes (HOOS-Pain, HOOS-PS, and VR-12 MCS). Risk factors included patient characteristics and intraoperative anatomic and pathologic findings. Results: Overall, 494 patients underwent hip arthroscopy for FAI, and 385 (78%) were evaluated at 1 year with at least 1 PRO. The median patient age was 33 years, mean body mass index was 25.5 kg/m<sup>2</sup>, and 72% were female. Multivariable analysis demonstrated that better baseline HOOS-Pain, HOOS-PS, and VR-12 MCS were significantly associated with improvement in the 1-year scores for each PRO. Higher VR-12 MCS was significantly associated with better 1-year HOOS-Pain and HOOS-PS, while current and former smokers had worse 1-year outcomes than those who never smoked. In ranking each variable’s relative importance, baseline HOOS-Pain and HOOS-PS and baseline VR-12 MCS were identified as the strongest predictors of 1-year HOOS-Pain and HOOS-PS in our multivariable model. Conclusion: During hip arthroscopy for FAI, patient factors, including baseline hip pain and function, mental health, and smoking, were independently associated with 1-year PROs of hip pain and function, while intra-articular pathology such as the presence of labral tear and its treatment, tear size, tear location, and anchors placed were not independently associated. © The Author(s) 2021.",2021,2026-05-15 02:00:24,2026-05-15 02:00:24,,,,8,9,,,,,,,,,,,,,,,,,Type: Article,<p>Cited by: 10; All Open Access; Gold Open Access; Green Open Access</p>,,,,,,,,,,,,,,,,,,,,,,,,,,,,,,,,,,,,,,,,,,,,,,,,,,,Scopus,pass,,Orthopaedic Journal of Sports Medicine,SJR,,Q1,Cat3 [Clinical / Medical],Cat3 [Clinical / Medical]::\bsurgery\b | Cat3 [Clinical / Medical]::\bpatient[s]?\b
SXP78AHU,journalArticle,2021,"Kaplan, Alexandra D.; Cruit, Jessica; Endsley, Mica; Beers, Suzanne M.; Sawyer, Ben D.; Hancock, P.A.","The Effects of Virtual Reality, Augmented Reality, and Mixed Reality as Training Enhancement Methods: A Meta-Analysis",Human Factors,,00187208,10.1177/0018720820904229,https://www.scopus.com/pages/publications/85081603757?origin=resultslist,"Objective: The objective of this meta-analysis is to explore the presently available, empirical findings on transfer of training from virtual (VR), augmented (AR), and mixed reality (MR) and determine whether such extended reality (XR)-based training is as effective as traditional training methods. Background: MR, VR, and AR have already been used as training tools in a variety of domains. However, the question of whether or not these manipulations are effective for training has not been quantitatively and conclusively answered. Evidence shows that, while extended realities can often be time-saving and cost-saving training mechanisms, their efficacy as training tools has been debated. Method: The current body of literature was examined and all qualifying articles pertaining to transfer of training from MR, VR, and AR were included in the meta-analysis. Effect sizes were calculated to determine the effects that XR-based factors, trainee-based factors, and task-based factors had on performance measures after XR-based training. Results: Results showed that training in XR does not express a different outcome than training in a nonsimulated, control environment. It is equally effective at enhancing performance. Conclusion: Across numerous studies in multiple fields, extended realities are as effective of a training mechanism as the commonly accepted methods. The value of XR then lies in providing training in circumstances, which exclude traditional methods, such as situations when danger or cost may make traditional training impossible. © 2020, Human Factors and Ergonomics Society.",2021,2026-05-15 02:00:26,2026-05-15 02:00:26,,706 - 726,,4,63,,,,,,,,,,,,,,,,,Type: Article,<p>Cited by: 482</p>,,,,,,,,,,,,,,,,,,,,,,,,,,,,,,,,,,,,,,,,,,,,,,,,,,,Scopus,pass,,Human Factors,SJR,,Q1,Cat1 [Not VR / Out of Scope],Cat1 [Not VR / Out of Scope]::\baugmented reality\b | Cat1 [Not VR / Out of Scope]::\bmixed reality\b | Cat1 [Not VR / Out of Scope]::\bar\b | Cat1 [Not VR / Out of Scope]::\bmr\b
IYJCQSWD,journalArticle,2021,"Bishop, Meghan E.; Ode, Gabriella E.; Hurwit, Daniel J.; Zmugg, Stephan; Rauck, Ryan C.; Nguyen, Joseph T.; Ranawat, Anil S.",The Arthroscopic Surgery Skill Evaluation Tool Global Rating Scale is a Valid and Reliable Adjunct Measure of Performance on a Virtual Reality Simulator for Hip Arthroscopy,Arthroscopy - Journal of Arthroscopic and Related Surgery,,07498063,10.1016/j.arthro.2021.01.046,https://www.scopus.com/pages/publications/85102455091?origin=resultslist,"Purpose: The purpose of this study is to further evaluate the construct validity and interobserver reliability of a hip arthroscopy virtual simulator using the Arthroscopic Surgery Skill Evaluation Tool (ASSET) global rating scale. Methods: Thirty participants (23 male/7 female) completed a diagnostic arthroscopy and a loose body retrieval simulation on the VirtaMed Arthros Hip Simulator (Zurich, Switzerland) twice at a minimum of 1 week apart. Subjects consisted of 12 novices (medical students, postgraduate year [PGY] 1-2), 5 intermediate trainees (PGY3-4), 9 senior trainees (PGY5 and fellows), and 4 attending faculty. Simulator metrics were recorded and then compiled to generate a total simulator score (TSS). The loose body retrieval was graded using the ASSET scoring tool. Inter-rater and intrarater reliability for the ASSET for 2 blinded raters and construct validity of the ASSET and the TSS were calculated. Correlation between the TSS, ASSET and individual simulator metrics was determined. Results: Prior simulation experience (P ≤ 0.01) correlated with higher TSS and higher ASSET, while video game experience correlated with higher TSS on the diagnostic module only (P = 0.004). There was a significant difference in ASSET score among all experience groups (P < 0.04). Novices had the lowest mean ASSET whereas experts had the highest mean ASSET with a difference of 17.4 points. Overall performance on the surgical module significantly correlated with the ASSET score (r = 0.444, P = 0.016). There was a significant positive correlation among higher ASSET and number of loose bodies retrieved, operation time, camera path and grasper path length, and percentage of cartilage injury. ASSET demonstrated excellent intrarater reliability and showed substantial or better inter-reliability in 8 of 9 domains. Conclusion: The VirtaMed hip arthroscopy simulator demonstrated good construct validity and excellent reliability for simulator-based metrics and ASSET score. Use of both simulator metrics and ASSET offers a more comprehensive performance assessment on hip arthroscopy simulation than either measure alone. Clinical Relevance: As virtual reality simulation for arthroscopy becomes more commonplace in orthopaedic training, evaluation of the most effective objective and subjective measures of performance is necessary to optimize simulation training. © 2021 Arthroscopy Association of North America",2021,2026-05-15 02:00:34,2026-05-15 02:00:34,,1856 - 1866,,6,37,,,,,,,,,,,,,,,,,Type: Article,<p>Cited by: 28</p>,,,,,,,,,,,,,,,,,,,,,,,,,,,,,,,,,,,,,,,,,,,,,,,,,,,Scopus,pass,,Arthroscopy - Journal of Arthroscopic and Related Surgery,SJR,,Q1,Cat3 [Clinical / Medical],Cat3 [Clinical / Medical]::\bsurgery\b
JXSHRDDE,journalArticle,2020,"Kami, Katsuya; Tajima, Fumihiro; Senba, Emiko",Plastic changes in amygdala subregions by voluntary running contribute to exercise-induced hypoalgesia in neuropathic pain model mice,Molecular Pain,,17448069,10.1177/1744806920971377,https://www.scopus.com/pages/publications/85097443298?origin=resultslist,"Physical exercise has been established as a low-cost, safe, and effective way to manage chronic pain, but exact mechanisms underlying such exercise-induced hypoalgesia (EIH) are not fully understood. Since a growing body of evidence implicated the amygdala (Amyg) as a critical node in emotional affective aspects of chronic pain, we hypothesized that the Amyg may play important roles to produce EIH effects. Here, using partial sciatic nerve ligation (PSL) model mice, we investigated the effects of voluntary running (VR) on the basal amygdala (BA) and the central nuclei of amygdala (CeA). The present study indicated that VR significantly improved heat hyperalgesia which was exacerbated in PSL-Sedentary mice, and that a significant positive correlation was detected between total running distances after PSL-surgery and thermal withdrawal latency. The number of activated glutamate (Glu) neurons in the medal BA (medBA) was significantly increased in PSL-Runner mice, while those were increased in the lateral BA in sedentary mice. Furthermore, in all subdivisions of the CeA, the number of activated gamma-aminobutyric acid (GABA) neurons was dramatically increased in PSL-Sedentary mice, but these numbers were significantly decreased in PSL-Runner mice. In addition, a tracer experiment demonstrated a marked increase in activated Glu neurons in the medBA projecting into the nucleus accumbens lateral shell in runner mice. Thus, our results suggest that VR may not only produce suppression of the negative emotion such as fear and anxiety closely related with pain chronification, but also promote pleasant emotion and hypoalgesia. Therefore, we conclude that EIH effects may be produced, at least in part, via such plastic changes in the Amyg. © The Author(s) 2020.",2020,2026-05-15 02:00:35,2026-05-15 02:00:35,,,,,16,,,,,,,,,,,,,,,,,Type: Article,<p>Cited by: 19; All Open Access; Gold Open Access; Green Open Access</p>,,,,,,,,,,,,,,,,,,,,,,,,,,,,,,,,,,,,,,,,,,,,,,,,,,,Scopus,pass,,Molecular Pain,SJR,,Q1,Cat3 [Clinical / Medical],Cat3 [Clinical / Medical]::\bsurgery\b | Cat3 [Clinical / Medical]::\bchronic\s+pain\b
R83GQIW7,journalArticle,2021,"Karami, Behnam; Koushki, Roxana; Arabgol, Fariba; Rahmani, Maryam; Vahabie, Abdol-Hossein",Effectiveness of Virtual/Augmented Reality–Based Therapeutic Interventions on Individuals With Autism Spectrum Disorder: A Comprehensive Meta-Analysis,Frontiers in Psychiatry,,16640640,10.3389/fpsyt.2021.665326,https://www.scopus.com/pages/publications/85109261906?origin=resultslist,"In recent years, the application of virtual reality (VR) for therapeutic purposes has escalated dramatically. Favorable properties of VR for engaging patients with autism, in particular, have motivated an enormous body of investigations targeting autism-related disabilities with this technology. This study aims to provide a comprehensive meta-analysis for evaluating the effectiveness of VR on the rehabilitation and training of individuals diagnosed with an autism spectrum disorder. Accordingly, we conducted a systematic search of related databases and, after screening for inclusion criteria, reviewed 33 studies for more detailed analysis. Results revealed that individuals undergoing VR training have remarkable improvements with a relatively large effect size with Hedges g of 0.74. Furthermore, the results of the analysis of different skills indicated diverse effectiveness. The strongest effect was observed for daily living skills (g = 1.15). This effect was moderate for other skills: g = 0.45 for cognitive skills, g = 0.46 for emotion regulation and recognition skills, and g = 0.69 for social and communication skills. Moreover, five studies that had used augmented reality also showed promising efficacy (g = 0.92) that calls for more research on this tool. In conclusion, the application of VR-based settings in clinical practice is highly encouraged, although their standardization and customization need more research. © Copyright © 2021 Karami, Koushki, Arabgol, Rahmani and Vahabie.",2021,2026-05-15 02:00:36,2026-05-15 02:00:36,,,,,12,,,,,,,,,,,,,,,,,Type: Review,<p>Cited by: 136; All Open Access; Gold Open Access; Green Open Access</p>,,,,,,,,,,,,,,,,,,,,,,,,,,,,,,,,,,,,,,,,,,,,,,,,,,,Scopus,pass,,Frontiers in Psychiatry,SJR,,Q1,Cat1 [Not VR / Out of Scope] | Cat3 [Clinical / Medical],Cat1 [Not VR / Out of Scope]::\baugmented reality\b | Cat3 [Clinical / Medical]::\brehabilitation\b | Cat3 [Clinical / Medical]::\bpatient[s]?\b | Cat3 [Clinical / Medical]::\bautism\s+spectrum\b
WPLTSQWM,journalArticle,2020,"Patil, Ashok Kumar; Balasubramanyam, Adithya; Ryu, Jae Yeong; Pavan Kumar, B.N.; Chakravarthi, Bharatesh; Chai, Young Ho",Fusion of multiple lidars and inertial sensors for the real-time pose tracking of human motion,Sensors (Switzerland),,14248220,10.3390/s20185342,https://www.scopus.com/pages/publications/85091112300?origin=resultslist,"Today, enhancement in sensing technology enables the use of multiple sensors to track human motion/activity precisely. Tracking human motion has various applications, such as fitness training, healthcare, rehabilitation, human-computer interaction, virtual reality, and activity recognition. Therefore, the fusion of multiple sensors creates new opportunities to develop and improve an existing system. This paper proposes a pose-tracking system by fusing multiple three-dimensional (3D) light detection and ranging (lidar) and inertial measurement unit (IMU) sensors. The initial step estimates the human skeletal parameters proportional to the target user’s height by extracting the point cloud from lidars. Next, IMUs are used to capture the orientation of each skeleton segment and estimate the respective joint positions. In the final stage, the displacement drift in the position is corrected by fusing the data from both sensors in real time. The installation setup is relatively effortless, flexible for sensor locations, and delivers results comparable to the state-of-the-art pose-tracking system. We evaluated the proposed system regarding its accuracy in the user’s height estimation, full-body joint position estimation, and reconstruction of the 3D avatar. We used a publicly available dataset for the experimental evaluation wherever possible. The results reveal that the accuracy of height and the position estimation is well within an acceptable range of ±3–5 cm. The reconstruction of the motion based on the publicly available dataset and our data is precise and realistic. © 2020 by the authors. Licensee MDPI, Basel, Switzerland.",2020,2026-05-15 02:00:37,2026-05-15 02:00:37,,1 - 16,,18,20,,,,,,,,,,,,,,,,,Type: Article,<p>Cited by: 38; All Open Access; Gold Open Access; Green Open Access</p>,,,,,,,,,,,,,,,,,,,,,,,,,,,,,,,,,,,,,,,,,,,,,,,,,,,Scopus,pass,,Sensors,SJR,,Q1,Cat2 [Tech / Non-Empirical] | Cat3 [Clinical / Medical],Cat2 [Tech / Non-Empirical]::\bpoint\s+cloud\b | Cat3 [Clinical / Medical]::\brehabilitation\b
B7JA66EB,journalArticle,2021,"Beckmann, Nina; Baumann, Patricia; Herpertz, Stephan; Trojan, Jörg; Diers, Martin",How the unconscious mind controls body movements: Body schema distortion in anorexia nervosa,International Journal of Eating Disorders,,02763478,10.1002/eat.23451,https://www.scopus.com/pages/publications/85097752615?origin=resultslist,"Objective: Besides all visible somatic manifestations, distorted body representation is a key symptom for anorexia nervosa (AN). Body representation can be divided into a conscious component, body image, and an unconscious action-related one, body schema. As behavioral studies already explored the impact of a distorted body image in AN, we aimed to explore whether distortion also extends into unconscious body schema. This study is the first with an unbiased measurement of the body schema in a homogeneous sample of AN patients. Method: Twenty-three patients diagnosed with AN and 23 healthy controls (HC) walked through a door like aperture varying in width. Door width was based on participants shoulder width and ranged from an aperture-to-shoulder-ratio of (A/S) 0.9 to 1.45. Shoulder rotation was measured as indication of perceived body width. To measure the unconscious body schema, we used a cover story pretending to investigate the influence of change of position on retention memory. Results: We found a significantly higher critical A/S for AN than HC, which indicates that AN patients rotate their shoulders for relatively larger door widths than HC, thus unconsciously estimating their body size to be larger than in reality. Additionally, we found a correlation between negative body attribution and overestimation of bodily dimensions. Discussion: As stated by the “allocentric-lock”-hypothesis, AN patients might be locked to a stored representation of their body that cannot be updated and remains at pre-AN conditions. We suggest future AN-therapy to counter body schema alterations by combining cognitive behavioral therapy and virtual reality therapy. © 2020 The Authors. International Journal of Eating Disorders published by Wiley Periodicals LLC.",2021,2026-05-15 02:00:40,2026-05-15 02:00:40,,578 - 586,,4,54,,,,,,,,,,,,,,,,,Type: Article,<p>Cited by: 37; All Open Access; Hybrid Gold Open Access</p>,,,,,,,,,,,,,,,,,,,,,,,,,,,,,,,,,,,,,,,,,,,,,,,,,,,Scopus,pass,,International Journal of Eating Disorders,SJR,,Q1,Cat3 [Clinical / Medical],Cat3 [Clinical / Medical]::\bcognitive\s+(?:behavioural|behavioral)\s+therapy\b | Cat3 [Clinical / Medical]::\bpatient[s]?\b
54THGCSV,journalArticle,2021,"Yang, Dongseok; Kim, Doyeon; Lee, Sung-Hee",LoBSTr: Real-time Lower-body Pose Prediction from Sparse Upper-body Tracking Signals,Computer Graphics Forum,,01677055,10.1111/cgf.142631,https://www.scopus.com/pages/publications/85107382171?origin=resultslist,"With the popularization of games and VR/AR devices, there is a growing need for capturing human motion with a sparse set of tracking data. In this paper, we introduce a deep neural network (DNN) based method for real-time prediction of the lower-body pose only from the tracking signals of the upper-body joints. Specifically, our Gated Recurrent Unit (GRU)-based recurrent architecture predicts the lower-body pose and feet contact states from a past sequence of tracking signals of the head, hands, and pelvis. A major feature of our method is that the input signal is represented by the velocity of tracking signals. We show that the velocity representation better models the correlation between the upper-body and lower-body motions and increases the robustness against the diverse scales and proportions of the user body than position-orientation representations. In addition, to remove foot-skating and floating artifacts, our network predicts feet contact state, which is used to post-process the lower-body pose with inverse kinematics to preserve the contact. Our network is lightweight so as to run in real-time applications. We show the effectiveness of our method through several quantitative evaluations against other architectures and input representations with respect to wild tracking data obtained from commercial VR devices. © 2021 The Author(s) Computer Graphics Forum © 2021 The Eurographics Association and John Wiley & Sons Ltd. Published by John Wiley & Sons Ltd.",2021,2026-05-15 02:00:45,2026-05-15 02:00:45,,265 - 275,,2,40,,,,,,,,,,,,,,,,,Type: Article,<p>Cited by: 74; All Open Access; Green Open Access</p>,,,,,,,,,,,,,,,,,,,,,,,,,,,,,,,,,,,,,,,,,,,,,,,,,,,Scopus,pass,,Computer Graphics Forum,SJR,,Q1,Cat1 [Not VR / Out of Scope],Cat1 [Not VR / Out of Scope]::\bar\b
9DTLD5IN,journalArticle,2020,"Yoshimura, Manabu; Kurumadani, Hiroshi; Hirata, Junya; Osaka, Hiroshi; Senoo, Katsutoshi; Date, Shota; Ueda, Akio; Ishii, Yosuke; Kinoshita, Seiji; Hanayama, Kozo; Sunagawa, Toru",Virtual reality-based action observation facilitates the acquisition of body-powered prosthetic control skills,Journal of NeuroEngineering and Rehabilitation,,17430003,10.1186/s12984-020-00743-w,https://www.scopus.com/pages/publications/85089769069?origin=resultslist,"Background: Regular body-powered (BP) prosthesis training facilitates the acquisition of skills through repeated practice but requires adequate time and motivation. Therefore, auxiliary tools such as indirect training may improve the training experience and speed of skill acquisition. In this study, we examined the effects of action observation (AO) using virtual reality (VR) as an auxiliary tool. We used two modalities during AO: three-dimensional (3D) VR and two-dimensional (2D) computer tablet devices (Tablet). Each modality was tested from first-and third-person perspectives. Methods: We studied 40 healthy right-handed participants wearing a BP prosthesis simulator on their non-dominant hands. The participants were divided into five groups based on combinations of the different modalities and perspectives: first-person perspective on VR (VR1), third-person perspective on VR (VR3), first-person perspective on a tablet (Tablet1), third-person perspective on a tablet (Tablet3), and a control group (Control). The intervention groups observed and imitated the video image of prosthesis operation for 10 min in each of two sessions. We evaluated the level of immersion during AO using the visual analogue scale. Prosthetic control skills were evaluated using the Box and Block Test (BBT) and a bowknot task (BKT). Results: In the BBT, there were no significant differences in the amount of change in the skills between the five groups. In contrast, the relative changes in the BKT prosthetic control skills in VR1 (p < 0.001, d = 3.09) and VR3 (p < 0.001, d = 2.16) were significantly higher than those in the control group. Additionally, the immersion scores of VR1 (p < 0.05, d = 1.45) and VR3 (p < 0.05, d = 1.18) were higher than those of Tablet3. There was a significant negative correlation between the immersion scores and the relative change in the BKT scores (Spearman's rs =-0.47, p < 0.01). Conclusions: Using the BKT of bilateral manual dexterity, VR-based AO significantly improved short-term prosthetic control acquisition. Additionally, it appeared that the higher the immersion score was, the shorter the execution time of the BKT task. Our findings suggest that VR-based AO training may be effective in acquiring bilateral BP prosthetic control, which requires more 3D-based operation. © 2020 The Author(s).",2020,2026-05-15 02:00:45,2026-05-15 02:00:45,,,,1,17,,,,,,,,,,,,,,,,,Type: Article,<p>Cited by: 33; All Open Access; Gold Open Access; Green Open Access</p>,,,,,,,,,,,,,,,,,,,,,,,,,,,,,,,,,,,,,,,,,,,,,,,,,,,Scopus,pass,,Journal of NeuroEngineering and Rehabilitation,SJR,,Q1,Cat1 [Not VR / Out of Scope],Cat1 [Not VR / Out of Scope]::\btablet(?:\s+computer)?\b
BSVA2ITT,journalArticle,2017,"Nierula, Birgit; Martini, Matteo; Matamala-Gomez, Marta; Slater, Mel; Sanchez-Vives, Maria V.",Seeing an Embodied Virtual Hand is Analgesic Contingent on Colocation,Journal of Pain,,15265900,10.1016/j.jpain.2017.01.003,https://www.scopus.com/pages/publications/85019722014?origin=resultslist,"Seeing one's own body has been reported to have analgesic properties. Analgesia has also been described when seeing an embodied virtual body colocated with the real one. However, there is controversy regarding whether this effect holds true when seeing an illusory-owned body part, such as during the rubber-hand illusion. A critical difference between these paradigms is the distance between the real and surrogate body part. Colocation of the real and surrogate arm is possible in an immersive virtual environment, but not during illusory ownership of a rubber arm. The present study aimed at testing whether the distance between a real and a virtual arm can explain such differences in terms of pain modulation. Using a paradigm of embodiment of a virtual body allowed us to evaluate heat pain thresholds at colocation and at a 30-cm distance between the real and the virtual arm. We observed a significantly higher heat pain threshold at colocation than at a 30-cm distance. The analgesic effects of seeing a virtual colocated arm were eliminated by increasing the distance between the real and the virtual arm, which explains why seeing an illusorily owned rubber arm does not consistently result in analgesia. These findings are relevant for the use of virtual reality in pain management. Perspective Looking at a virtual body has analgesic properties similar to looking at one's real body. We identify the importance of colocation between a real and a surrogate body for this to occur and thereby resolve a scientific controversy. This information is useful for exploiting immersive virtual reality in pain management. © 2017",2017,2026-05-15 02:00:49,2026-05-15 02:00:49,,645 - 655,,6,18,,,,,,,,,,,,,,,,,Type: Article,<p>Cited by: 67; All Open Access; Green Open Access</p>,,,,,,,,,,,,,,,,,,,,,,,,,,,,,,,,,,,,,,,,,,,,,,,,,,,Scopus,pass,,Journal of Pain,SJR,,Q1,Cat3 [Clinical / Medical],Cat3 [Clinical / Medical]::\bpain\s+management\b
4EAH64XL,journalArticle,2019,"Da Gama, Alana Elza Fontes; Chaves, Thiago de Menezes; Fallavollita, Pascal; Figueiredo, Lucas Silva; Teichrieb, Veronica",Rehabilitation motion recognition based on the international biomechanical standards,Expert Systems with Applications,,09574174,10.1016/j.eswa.2018.09.026,https://www.scopus.com/pages/publications/85053797155?origin=resultslist,"Since 1990, the International Society of Biomechanics (ISB) has made efforts to provide uniformity to motion description. However, the majority of user studies and technological systems that use motion recognition for rehabilitation, such as virtual and augmented reality (VR and AR), do not follows this standard. Typically, VR and AR techniques recognize motion by comparing human joint positions to a pre-recorded movement, direction, or position relative to an interactive object. Aiming to fill a lack of biomechanical reference on joint motion recognition and analysis for rehabilitation interactive systems, this paper proposes a movement description and recognition method following the ISB standard. The developed method aims to provide computational solutions which are clinically relevant and that uses clinical jargon known to the rehabilitation therapists. The proposed method will also allow motion analysis independent of user's height or its position relative to sensor. We conclude this paper by presenting a comparative analysis of the effectiveness of the Kinect sensors (versions 1 & 2) regarding the recognition of patient exercise motions related to the biomechanical standard. Our solution consists of biomechanical motion classification by identifying in which 3D plane the motion occurs. The motion recognition solution also provides patient posture, motion, and information about incorrect exercise performance. The method was developed by first implementing a body representation and Joint Coordinate System based on ISB standard and then motion angle and biomechanical classifications were performed. Specific methods to measure axial rotations were developed inspired by the traditional goniometry strategy. Also, experiments to evaluate if the method is able to classify the biomechanical motions and, thus, detect whether or not they are being performed correctly were performed using both Kinect v1 and Kinect v2. Motions were performed in correctly and wrongly to also verify false positives. Each classified motion was performed 100 times: 70 correct repetitions (35 at normal speed and 35 fast ones) and 30 wrong ones (out of their respective plane). The motion recognition method showed good efficacy in classifying the biomechanical motions correctly. Most of motions presented great success rate of recognition. higher than 80%, mainly using a 20 degrees tolerance. © 2018 Elsevier Ltd",2019,2026-05-15 02:00:50,2026-05-15 02:00:50,,396 - 409,,,116,,,,,,,,,,,,,,,,,Type: Article,<p>Cited by: 31</p>,,,,,,,,,,,,,,,,,,,,,,,,,,,,,,,,,,,,,,,,,,,,,,,,,,,Scopus,pass,,Expert Systems with Applications,SJR,,Q1,Cat1 [Not VR / Out of Scope] | Cat3 [Clinical / Medical],Cat1 [Not VR / Out of Scope]::\baugmented reality\b | Cat1 [Not VR / Out of Scope]::\bar\b | Cat3 [Clinical / Medical]::\brehabilitation\b | Cat3 [Clinical / Medical]::\bpatient[s]?\b
Q426LZ9H,journalArticle,2018,"Chen, Austin W.; Yuen, Leslie C.; Ortiz-Declet, Victor; Litrenta, Jody; Maldonado, David R.; Domb, Benjamin G.",Selective Debridement With Labral Preservation Using Narrow Indications in the Hip: Minimum 5-Year Outcomes With a Matched-Pair Labral Repair Control Group,American Journal of Sports Medicine,,03635465,10.1177/0363546517739566,https://www.scopus.com/pages/publications/85041584586?origin=resultslist,"Background: Arthroscopic labral debridement in the hip can be an effective treatment for labral tears but has demonstrated inferior outcomes compared with labral repair. Thus, the role for labral debridement has become unclear. Hypothesis/Purpose: The purpose was to evaluate the outcomes of a selective debridement with labral preservation (SDLP) group with a minimum 5-year follow-up. It was hypothesized that, with narrow indications, SDLP would produce statistically improved patient-reported outcome (PRO) scores, comparable with those of a matched-pair labral repair control group. Study Design: Cohort study; Level of evidence, 3. Methods: Data were collected on all patients undergoing primary hip arthroscopic surgery between February 2008 and September 2011. Exclusion criteria were acetabular or femoral head Outerbridge grade 4 chondral damage, preoperative Tnnis grade ≥2, workers’ compensation claims, previous hip conditions, severe dysplasia (lateral center-edge angle <18°), or previous ipsilateral hip surgery. Patients who underwent arthroscopic labral debridement and had preoperative and minimum 5-year PRO scores, including the modified Harris Hip Score (mHHS), Non-Arthritic Hip Score (NAHS), and Hip Outcome Score–Sports-Specific Subscale (HOS-SSS) as well as the visual analog scale (VAS) for pain, were included. In a nested matched-pair comparison, the SDLP group was matched 1:1 to an arthroscopic labral repair control group based on age ±5 years, body mass index ±5 kg/m<sup>2</sup>, sex, and Seldes tear type. Results: One hundred twenty-five hips were eligible for inclusion, of which 101 (80.8%) hips had a minimum 5-year follow-up. All PRO scores were significantly improved (P <.001) at latest follow-up (mHHS, 63.4 to 82.4; NAHS, 57.4 to 83.6; HOS-SSS, 44.2 to 74.5). The mean VAS score decreased from 5.8 to 2.3 (P <.001). The mean patient satisfaction score was 8.1. Four (4.0%) patients underwent second-look arthroscopic surgery (mean, 18.5 months), and 14 (13.9%) patients converted to total hip arthroplasty (mean, 46.9 months). In the matched-pair comparison, 69 in the SDLP group were matched 1:1 with those undergoing labral repair. Outcomes at latest follow-up of the SDLP group were comparable with those of the control group, respectively: mHHS, 83.0 vs 86.1 (P =.084); NAHS, 85.0 vs 85.4 (P =.415); HOS-SSS, 74.8 vs 76.8 (P =.219); VAS, 2.3 vs 2.0 (P =.277); international Hip Outcome Tool–12 (iHOT-12), 73.8 vs 76.4 (P =.136); Short Form Health Survey–12 (SF-12) mental, 57.4 vs 55.1 (P =.031); SF-12 physical, 48.7 vs 48.9 (P =.357); Veterans RAND Health Survey–12 (VR-12) mental, 61.6 vs 59.8 (P =.160); VR-12 physical, 50.1 vs 50.2 (P =.340); and patient satisfaction, 8.0 vs 8.3 (P =.211). Conclusion: In select cases of stable labral tears, SDLP may allow the preservation of a functional labrum. At a minimum 5-year follow-up, SDLP using narrow indications produced favorable outcomes comparable with a matched-pair labral repair group. © 2017, © 2017 The Author(s).",2018,2026-05-15 02:00:52,2026-05-15 02:00:52,,297 - 304,,2,46,,,,,,,,,,,,,,,,,Type: Article,<p>Cited by: 65</p>,,,,,,,,,,,,,,,,,,,,,,,,,,,,,,,,,,,,,,,,,,,,,,,,,,,Scopus,pass,,American Journal of Sports Medicine,SJR,,Q1,Cat3 [Clinical / Medical],Cat3 [Clinical / Medical]::\bsurgery\b | Cat3 [Clinical / Medical]::\bpatient[s]?\b
6CLVCMHY,journalArticle,2019,"Kyaw, Bhone Myint; Saxena, Nakul; Posadzki, Pawel; Vseteckova, Jitka; Nikolaou, Charoula Konstantia; George, Pradeep Paul; Divakar, Ushashree; Masiello, Italo; Kononowicz, Andrzej A.; Zary, Nabil; Car, Lorainne Tudor",Virtual reality for health professions education: Systematic review and meta-analysis by the digital health education collaboration,Journal of Medical Internet Research,,14388871,10.2196/12959,https://www.scopus.com/pages/publications/85060374828?origin=resultslist,"Background: Virtual reality (VR) is a technology that allows the user to explore and manipulate computer-generated real or artificial three-dimensional multimedia sensory environments in real time to gain practical knowledge that can be used in clinical practice. Objective: The aim of this systematic review was to evaluate the effectiveness of VR for educating health professionals and improving their knowledge, cognitive skills, attitudes, and satisfaction. Methods: We performed a systematic review of the effectiveness of VR in pre- and postregistration health professions education following the gold standard Cochrane methodology. We searched 7 databases from the year 1990 to August 2017. No language restrictions were applied. We included randomized controlled trials and cluster-randomized trials. We independently selected studies, extracted data, and assessed risk of bias, and then, we compared the information in pairs. We contacted authors of the studies for additional information if necessary. All pooled analyses were based on random-effects models. We used the Grading of Recommendations, Assessment, Development and Evaluations (GRADE) approach to rate the quality of the body of evidence. Results: A total of 31 studies (2407 participants) were included. Meta-analysis of 8 studies found that VR slightly improves postintervention knowledge scores when compared with traditional learning (standardized mean difference [SMD]=0.44; 95% CI 0.18-0.69; I<sup>2</sup>=49%; 603 participants; moderate certainty evidence) or other types of digital education such as online or offline digital education (SMD=0.43; 95% CI 0.07-0.79; I<sup>2</sup>=78%; 608 participants [8 studies]; low certainty evidence). Another meta-analysis of 4 studies found that VR improves health professionals' cognitive skills when compared with traditional learning (SMD=1.12; 95% CI 0.81-1.43; I<sup>2</sup>=0%; 235 participants; large effect size; moderate certainty evidence). Two studies compared the effect of VR with other forms of digital education on skills, favoring the VR group (SMD=0.5; 95% CI 0.32-0.69; I<sup>2</sup>=0%; 467 participants; moderate effect size; low certainty evidence). The findings for attitudes and satisfaction were mixed and inconclusive. None of the studies reported any patient-related outcomes, behavior change, as well as unintended or adverse effects of VR. Overall, the certainty of evidence according to the GRADE criteria ranged from low to moderate. We downgraded our certainty of evidence primarily because of the risk of bias and/or inconsistency. Conclusions: We found evidence suggesting that VR improves postintervention knowledge and skills outcomes of health professionals when compared with traditional education or other types of digital education such as online or offline digital education. The findings on other outcomes are limited. Future research should evaluate the effectiveness of immersive and interactive forms of VR and evaluate other outcomes such as attitude, satisfaction, cost-effectiveness, and clinical practice or behavior change. ©Bhone Myint Kyaw, Nakul Saxena, Pawel Posadzki, Jitka Vseteckova, Charoula Konstantia Nikolaou, Pradeep Paul George, Ushashree Divakar, Italo Masiello, Andrzej A Kononowicz, Nabil Zary, Lorainne Tudor Car.",2019,2026-05-15 02:00:55,2026-05-15 02:00:55,,,,1,21,,,,,,,,,,,,,,,,,Type: Review,<p>Cited by: 589; All Open Access; Gold Open Access; Green Open Access</p>,,,,,,,,,,,,,,,,,,,,,,,,,,,,,,,,,,,,,,,,,,,,,,,,,,,Scopus,pass,,Journal of Medical Internet Research,SJR,,Q1,Cat3 [Clinical / Medical],Cat3 [Clinical / Medical]::\bpatient[s]?\b
YKNDJEUS,journalArticle,2018,"Menshikova, Galina Ya.; Tikhomandritskaya, Olga. A.; Saveleva, Olga A.; Popova, Tatyana V.",Gender differences in interactions with avatars of diverse ethnic appearances,Psychology in Russia: State of the Art,,20746857,10.11621/pir.2018.0414,https://www.scopus.com/pages/publications/85060163514?origin=resultslist,"Background. Gender differences exist in almost every aspect of our lives. Individuals have an array of different social expectations with regard to behaviors, communication, appearance, attitudes, and social roles, but these expectations tend to be based on whether the individual is male or female. Currently, many social studies have been done with the help of virtual reality technologies. They have been effectively applied to the study of many social phenomena such as nonverbal communication, social skills training, social anxiety rehabilitation, etc. Recently considerable attention has been paid to issue of gender differences during social interaction with the virtual partners, avatars. However, the question of gender differences during interactions with avatars of diverse ethnic appearances has seldom been studied. Objective. The goal of this study was to investigate the gender peculiarities of interaction with avatars of different ethnic appearances. We used the CAVE virtual reality system to study gender differences in interpersonal distances which were maintained with avatars. Design. We designed four three-dimensional virtual scenes with avatars of four different ethnic appearances. They were avatars of Slavic, Asian, North Caucasian, and African appearance. All the avatars were male. The participants (who all identified as Russians) were immersed in virtual environments with the help of the CAVE virtual reality system. Their task was to approach the avatar, present herself/himself in any way they wanted, and give instructions for the work. During the task the interpersonal distances between the participants and the avatars were measured. After leaving the CAVE, the participants were asked to fill out a questionnaire assessing the Presence effect. Results. The results showed gender differences in how much interpersonal distance was maintained: women preferred to keep shorter interpersonal distances with their virtual partners than men did. Moreover, the results showed the impact of ethnic appearance on interpersonal distances. Women approached the avatars of their own ethnic group more closely and kept further away from the avatars of other ethnic groups. Unlike the women, the men stayed the same distance away from the avatars of different ethnic groups. Both gender groups kept equally far away from the avatar of African appearance. Gender differences were also revealed in the participants' estimates of the Presence effect.Conclusion. We developed a comprehensive method for analyzing the gender differences in interaction with the avatars, including both subjective (the sense of Presence, semantic differential technique) and objective (assessment of interpersonal distance) characteristics. This method allowed us to assess gender variables during the social interaction using both behavioral and psychological responses. The same method can be applied successfully to the study of gender differences regarding other social phenomena. © Lomonosov Moscow State University, 2018.",2018,2026-05-15 02:00:56,2026-05-15 02:00:56,,211 - 222,,4,11,,,,,,,,,,,,,,,,,Type: Article,<p>Cited by: 7; All Open Access; Gold Open Access; Green Open Access</p>,,,,,,,,,,,,,,,,,,,,,,,,,,,,,,,,,,,,,,,,,,,,,,,,,,,Scopus,pass,,Psychology in Russia: State of the Art,SJR,,Q1,Cat3 [Clinical / Medical],Cat3 [Clinical / Medical]::\brehabilitation\b
XYG8V2PS,journalArticle,2019,"Vourvopoulos, Athanasios; Jorge, Carolina; Abreu, Rodolfo; Figueiredo, Patrícia; Fernandes, Jean-Claude; Bermúdez i Badia, Sergi",Efficacy and brain imaging correlates of an immersive motor imagery BCI-driven VR system for upper limb motor rehabilitation: A clinical case report,Frontiers in Human Neuroscience,,16625161,10.3389/fnhum.2019.00244,https://www.scopus.com/pages/publications/85069432570?origin=resultslist,"To maximize brain plasticity after stroke, a plethora of rehabilitation strategies have been explored. These include the use of intensive motor training, motor-imagery (MI), and action-observation (AO). Growing evidence of the positive impact of virtual reality (VR) techniques on recovery following stroke has been shown. However, most VR tools are designed to exploit active movement, and hence patients with low level of motor control cannot fully benefit from them. Consequently, the idea of directly training the central nervous system has been promoted by utilizing MI with electroencephalography (EEG)-based brain-computer interfaces (BCIs). To date, detailed information on which VR strategies lead to successful functional recovery is still largely missing and very little is known on how to optimally integrate EEG-based BCIs and VR paradigms for stroke rehabilitation. The purpose of this study was to examine the efficacy of an EEG-based BCI-VR system using a MI paradigm for post-stroke upper limb rehabilitation on functional assessments, and related changes in MI ability and brain imaging. To achieve this, a 60 years old male chronic stroke patient was recruited. The patient underwent a 3-week intervention in a clinical environment, resulting in 10 BCI-VR training sessions. The patient was assessed before and after intervention, as well as on a one-month follow-up, in terms of clinical scales and brain imaging using functional MRI (fMRI). Consistent with prior research, we found important improvements in upper extremity scores (Fugl-Meyer) and identified increases in brain activation measured by fMRI that suggest neuroplastic changes in brain motor networks. This study expands on the current body of evidence, as more data are needed on the effect of this type of interventions not only on functional improvement but also on the effect of the intervention on plasticity through brain imaging. © 2019 Vourvopoulos, Jorge, Abreu, Figueiredo, Fernandes and Bermúdez i Badia.",2019,2026-05-15 02:00:56,2026-05-15 02:00:56,,,,,13,,,,,,,,,,,,,,,,,Type: Article,<p>Cited by: 149; All Open Access; Gold Open Access; Green Open Access</p>,,,,,,,,,,,,,,,,,,,,,,,,,,,,,,,,,,,,,,,,,,,,,,,,,,,Scopus,pass,,Frontiers in Human Neuroscience,SJR,,Q1,Cat3 [Clinical / Medical],Cat3 [Clinical / Medical]::\brehabilitation\b | Cat3 [Clinical / Medical]::\bstroke\s+(?:patient|rehabilitation|survivor|recovery)\b | Cat3 [Clinical / Medical]::\bpatient[s]?\b
DQ6NL49C,journalArticle,2019,"Ghanbarzadeh, Reza; Ghapanchi, Amir Hossein",Antecedents And Consequences Of User Acceptance Of Three-Dimensional Virtual Worlds In Higher Education,Journal of Information Technology Education: Research,,15479714,10.28945/4660,https://www.scopus.com/pages/publications/85105139686?origin=resultslist,"The purpose of this study was to examine the impact of five factors on the user acceptance of Three-Dimensional Virtual Worlds (3DVWs) in higher education. Another objective of the study was to investigate the effects of the application of 3DVWs on five variables relevant to positive outcomes for higher education students. Background Three-Dimensional Virtual Worlds (3DVW) are of considerable importance and potential for the creation of the next generation of teaching and learning environments. There has been a remarkable interest in the educational commu-nities in applying virtual environments for teaching and learning, and this tech-nology has been largely adopted to favour educational settings. With the in-creasing development of 3DVW technologies in the education sector, two un-certainties have emerged with respect to higher education that significantly in-fluence the applicability of the technology in the field: user acceptance of the technology and educational benefits of the technology for both individuals and and the user acceptance of 3DVWs in higher education as well as the relation-ship between the application of 3DVWs in higher education and positive educa-tional outcomes. Methodology By conducting a quantitative study, an extensive research model was developed by which 21 hypotheses were examined to assess the relationships between 12 variables. In order to evaluate the hypotheses, an online survey with 32 ques-tions was developed and distributed among the participants. The questionnaire was developed to analyse the relationship between independent and dependent constructs of the research model. By applying a purposive convenience sam-pling technique, 135 undergraduate students, who were enrolled in a first-year elective course, participated in the survey. The PLS-SEM method was used to analyse the relationships between variables based on the hypothesised hypothe-ses. Second Life was used as the primary 3DVW environment for the research experiment in this study. Contribution This study is among the first to conduct a quantitative method by developing an extensive research model to examine both antecedents and consequences of the application of 3DVWs in higher education. The research model examined sev-eral self-developed variables relevant to the antecedents and consequences of user acceptance of 3DVWs those had not been defined or examined previously in this field. The study takes 3DVW engagement into account, which is a varia-ble associated with not only use, but also with continuous use of the technol-ogy, and deeper involvement with the technology. This study contributes to the research and practitioner body of knowledge by introducing various factors sig-nificant in preparing a distance learning environment and activities that can be adapted in higher education. Findings The findings suggest the effectiveness of ease of use, usefulness, enjoyment, and visual attractiveness of a 3DVW-based learning environment on user ac-ceptance of the technology. Findings also suggest that application of 3DVWs has a significant impact on student satisfaction, learning outcome, retention, course engagement, and students’ graduate outcome. The study confirms that computer self-efficacy of higher education students does not have a positive im-pact on the acceptance of 3DVWs. Recommendations for Practitioners Curriculum designers and developers should consider designing easy-to-use and user-friendly virtual learning environments and should make aesthetic design decisions to create appealing learning environments to attract students’ atten-tion. A 3DVW-based learning environment needs to be realistic to make stu-dents experience a sense of presence within the environment. Increased enjoy-ment, pleasure, and playfulness of the virtual learning environment contribute to a higher level of adoption of 3DVWs among students. For the higher educa-tion institutions, the costs of developing and maintaining a virtual learning envi-ronment and implementing a teaching and learning programme are very low in comparison with a traditional face-to-face education system. This technology provides great capabilities for collaboration, teamwork, and networking on a worldwide scale. Recommendations for Researchers Further studies are required to investigate from different perspectives the vari-ous factors impacting on user acceptance and/or positive outcomes of user ac-ceptance of the technology. Using the technology for different courses, implementing different teaching and learning methods, and developing creative activ-ities in the virtual environment might contribute to new findings in the field. This study could be extended by applying the technology in educational settings other than higher education, such as K–12. New studies could also explore other aspects of 3DVWs which were not part of the case study, such as the im-plementation of the technology on virtual reality, augmented reality, and smartphones. Impact on Society The study would be beneficial for higher education institutions worldwide to regulate the key factors that affect students’ entrancement of 3DVWs as well as the positive outcomes of user acceptance of this cutting-edge technology for students. Future Research This study could be a starting point for future research focusing on various as-pects of the application of 3DVW technology in education. Future studies could identify and investigate other variables that are associated with user ac-ceptance of 3DVW in education as well as the positive outcomes of the applica-tion of the technology in this field. The four new variables presented in this study can also be examined in different contexts and/or with the application of various technologies. There have been some inconsistencies between the find-ings of the current study and some of the previous studies in the field. Future studies can investigate inconsistent relationships much more meticulously in a similar context. Future studies could also explore other aspects of 3DVWs which were not part of the case study. © 2019, Journal of Information Technology Education: Research. All Rights Reserved",2019,2026-05-15 02:00:59,2026-05-15 02:00:59,,855 - 859,,,19,,,,,,,,,,,,,,,,,Type: Article,<p>Cited by: 20; All Open Access; Gold Open Access; Green Open Access</p>,,,,,,,,,,,,,,,,,,,,,,,,,,,,,,,,,,,,,,,,,,,,,,,,,,,Scopus,pass,,Journal of Information Technology Education: Research,SJR,,Q1,Cat1 [Not VR / Out of Scope],Cat1 [Not VR / Out of Scope]::\baugmented reality\b
YBLSDAU8,journalArticle,2017,"Massetti, Thais; Crocetta, Tânia Brusque; Silva, Talita Dias da; Trevizan, Isabela Lopes; Arab, Claudia; Caromano, Fátima Aparecida; Monteiro, Carlos Bandeira de Mello",Application and outcomes of therapy combining transcranial direct current stimulation and virtual reality: a systematic review,Disability and Rehabilitation: Assistive Technology,,17483107,10.1080/17483107.2016.1230152,https://www.scopus.com/pages/publications/85020932961?origin=resultslist,"Purpose: To evaluate the methods and major outcomes of transcranial direct current stimulation (tDCS) combined with virtual reality (VR) therapy in randomized controlled trials. Method: A systematic review was performed following PRISMA guidelines using PubMed, PubMed Central, Web of Science and CAPES periodic databases, with no time restriction. The studies were screened for the following inclusion criteria: human subjects, combination of VR and tDCS methods, and randomized controlled study design. All potentially relevant articles were independently reviewed by two researchers, who reached a consensus on which articles met the inclusion criteria. The PEDro scale was used to evaluate the studies. Results: Eleven studies were included, all of which utilized a variety of tDCS and VR application methods. The main outcomes were found to be beneficial in intervention groups of different populations, including improvements in body sway, gait, stroke recovery, pain management and vegetative reactions. Conclusions: The use of tDCS combined with VR showed positive results in both healthy and impaired patients. Future studies with larger sample sizes and homogeneous participants are required to confirm the benefits of tDCS and VR.Implications for Rehabilitation tDCS with VR intervention can be an alternative to traditional rehabilitation programs. tDCS with VR is a promising type of intervention with a variety of positive effects. Application of tDCS with VR is appropriated to both healthy and impaired patients. There is no consensus of tDCS with VR application. © 2016 Informa UK Limited, trading as Taylor & Francis Group.",2017,2026-05-15 02:00:59,2026-05-15 02:00:59,,551 - 559,,6,12,,,,,,,,,,,,,,,,,Type: Review,<p>Cited by: 37; All Open Access; Green Open Access</p>,,,,,,,,,,,,,,,,,,,,,,,,,,,,,,,,,,,,,,,,,,,,,,,,,,,Scopus,pass,,Disability and Rehabilitation: Assistive Technology,SJR,,Q1,Cat3 [Clinical / Medical],Cat3 [Clinical / Medical]::\brehabilitation\b | Cat3 [Clinical / Medical]::\bstroke\s+(?:patient|rehabilitation|survivor|recovery)\b | Cat3 [Clinical / Medical]::\bpatient[s]?\b | Cat3 [Clinical / Medical]::\bpain\s+management\b
WR7CMNV6,journalArticle,2019,"He, Qiliang; McNamara, Timothy P.; Bodenheimer, Bobby; Klippel, Alexander",Acquisition and transfer of spatial knowledge during wayfinding,Journal of Experimental Psychology: Learning Memory and Cognition,,02787393,10.1037/xlm0000654,https://www.scopus.com/pages/publications/85051931514?origin=resultslist,"In the current study, we investigated the ways in which the acquisition and transfer of spatial knowledge were affected by (a) the type of spatial relations predominately experienced during learning (routes determined by walkways vs. straight-line paths between locations); (b) environmental complexity; and (c) the availability of rotational body-based information. Participants learned the layout of a virtual shopping mall by repeatedly searching for target storefronts located in 1 of the buildings. We created 2 novel learning conditions to encourage participants to use either route knowledge (paths on walkways between buildings) or survey knowledge (straight-line distances and directions from storefront to storefront) to find the target, and measured the development of route and survey knowledge in both learning conditions. Environmental complexity was manipulated by varying the alignment of the buildings with the enclosure, and the visibility within space. Body-based information was manipulated by having participants perform the experiment in front of a computer monitor or using a head-mounted display. After navigation, participants pointed to various storefronts from a fixed position and orientation. Results showed that the frequently used spatial knowledge could be developed similarly across environments with different complexities, but the infrequently used spatial knowledge was less developed in the complex environment. Furthermore, rotational body-based information facilitated spatial learning under certain conditions. Our results suggest that path integration may play an important role in spatial knowledge transfer, both from route to survey knowledge (cognitive map construction), and from survey to route knowledge (using cognitive map to guide wayfinding). © 2018 American Psychological Association.",2019,2026-05-15 02:01:06,2026-05-15 02:01:06,,1364 - 1386,,8,45,,,,,,,,,,,,,,,,,Type: Article,<p>Cited by: 39; All Open Access; Hybrid Gold Open Access</p>,,,,,,,,,,,,,,,,,,,,,,,,,,,,,,,,,,,,,,,,,,,,,,,,,,,Scopus,pass,,Journal of Experimental Psychology: Learning Memory and Cognition,SJR,,Q1,Cat1 [Not VR / Out of Scope],Cat1 [Not VR / Out of Scope]::\bcomputer monitor\b
VSPRJEXX,journalArticle,2019,"Vourvopoulos, Athanasios; Pardo, Octavio Marin; Lefebvre, Stéphanie; Neureither, Meghan; Saldana, David; Jahng, Esther; Liew, Sook-Lei",Effects of a brain-computer interface with virtual reality (VR) neurofeedback: A pilot study in chronic stroke patients,Frontiers in Human Neuroscience,,16625161,10.3389/fnhum.2019.00210,https://www.scopus.com/pages/publications/85069518738?origin=resultslist,"Rehabilitation for stroke patients with severe motor impairments (e.g., inability to perform wrist or finger extension on the affected side) is burdensome and difficult because most current rehabilitation options require some volitional movement to retrain the affected side. However, although these patients participate in therapy requiring volitional movement, previous research has shown that they may receive modest benefits from action observation, virtual reality (VR), and brain-computer interfaces (BCIs). These approaches have shown some success in strengthening key motor pathways thought to support motor recovery after stroke, in the absence of volitional movement. The purpose of this study was to combine the principles of VR and BCI in a platform called REINVENT and assess its effects on four chronic stroke patients across different levels of motor impairment. REINVENT acquires post-stroke EEG signals that indicate an attempt to move and drives the movement of a virtual avatar arm, allowing patient-driven action observation neurofeedback in VR. In addition, synchronous electromyography (EMG) data were also captured to monitor overt muscle activity. Here we tested four chronic stroke survivors and show that this EEG-based BCI can be safely used over repeated sessions by stroke survivors across a wide range of motor disabilities. Finally, individual results suggest that patients with more severe motor impairments may benefit the most from EEG-based neurofeedback, while patients with more mild impairments may benefit more from EMG-based feedback, harnessing existing sensorimotor pathways. We note that although this work is promising, due to the small sample size, these results are preliminary. Future research is needed to confirm these findings in a larger and more diverse population. © 2019 Vourvopoulos, Pardo, Lefebvre, Neureither, Saldana, Jahng and Liew.",2019,2026-05-15 02:01:11,2026-05-15 02:01:11,,,,,13,,,,,,,,,,,,,,,,,Type: Article,<p>Cited by: 127; All Open Access; Gold Open Access; Green Open Access</p>,,,,,,,,,,,,,,,,,,,,,,,,,,,,,,,,,,,,,,,,,,,,,,,,,,,Scopus,pass,,Frontiers in Human Neuroscience,SJR,,Q1,Cat3 [Clinical / Medical],Cat3 [Clinical / Medical]::\brehabilitation\b | Cat3 [Clinical / Medical]::\bpatient[s]?\b
XV9S57T4,journalArticle,2019,"Alemanno, Federica; Houdayer, Elise; Emedoli, Daniele; Locatelli, Matteo; Mortini, Pietro; Mandelli, Carlo; Raggi, Alberto; Iannaccone, Sandro","Efficacy of virtual reality to reduce chronic low back pain: Proof-of-concept of a nonpharmacological approach on pain, quality of life, neuropsychological and functional outcome",PLoS ONE,,19326203,10.1371/journal.pone.0216858,https://www.scopus.com/pages/publications/85066317186?origin=resultslist,"Objectives Chronic pain, such as low-back pain, can be a highly disabling condition degrading people's quality of life (QoL). Not every patient responds to pharmacological therapies, thus alternative treatments have to be developed. The chronicity of pain can lead to a somatic dysperception, meaning a mismatch between patients' own body perception and its actual physical state. Since clinical evaluation of pain relies on patients' subjective reports, a body image disruption can be associated with an incorrect pain rating inducing incorrect treatment and a possible risk of drug abuse. Our aim was to reduce chronic low-back pain through a multimodal neurorehabilitative strategy using innovative technologies to help patients regain a correct body image. Methods Twenty patients with chronic low-back pain were included. Before and after treatment, patients underwent: A neurological exam; a neuro-psychological evaluation testing cognitive functions (memory, attention, executive functions) and personality traits, QoL and mood; pain ratings; sensorimotor functional abilities' testing. Patients underwent a 6 week-neurorehabilitative treatment (total 12 sessions) using virtual reality (VRRS system, Khymeia, Italy). Treatment consisted on teaching patients to execute correct movements with the painful body parts to regain a correct body image, based on the augmented multisensory feedback (auditory, visual) provided by the VRRS. Results Our data showed significant reductions in all pain rating scale scores (p<0.05); significant improvements of QoL in the domains of physical functioning, physical role functioning, bodily pain, vitality, and social role functioning; improvements in cognitive functions (p<0.05); improvements in functional scales (p<0.05) and mood (p = 0.04). Conclusion This non-pharmacological approach was able to act on the multi-dimensional aspects of pain and improved patients' QoL, pain intensity, mood and patient's functional abilities. © 2019 Alemanno et al.",2019,2026-05-15 02:01:16,2026-05-15 02:01:16,,,,5,14,,,,,,,,,,,,,,,,,Type: Article,<p>Cited by: 91; All Open Access; Gold Open Access; Green Open Access</p>,,,,,,,,,,,,,,,,,,,,,,,,,,,,,,,,,,,,,,,,,,,,,,,,,,,Scopus,pass,,PLOS ONE,SJR,,Q1,Cat3 [Clinical / Medical],Cat3 [Clinical / Medical]::\bpatient[s]?\b | Cat3 [Clinical / Medical]::\bchronic\s+pain\b
TWPBVKJ2,journalArticle,2018,"Odin, Anaïs; Faletto-Passy, Dominique; Assaban, Franck; Pérennou, Dominic",Modulating the internal model of verticality by virtual reality and body-weight support walking: A pilot study,Annals of Physical and Rehabilitation Medicine,,18770657,10.1016/j.rehab.2018.07.003,https://www.scopus.com/pages/publications/85050792833?origin=resultslist,"Background and objective: The study aimed at inducing a visual vertical (VV) bias by immersion in a virtual tilted room (VTR, visual cues), then testing the effect of 30% body-weight support walking (BWSW, somaesthetic cues) to correct this bias. Methods: We included 20 healthy participants (median age 54 years; 12 females) who wore the Oculus-Rift<sup>®</sup> Head Mounted Display to produce the virtual reality and generate the VV. VV (8 trials) was tested at baseline, then in 3 postural conditions (walking, sitting and BWSW), by 2 visual conditions (darkness and VTR), according to a pseudo-randomized blocked design. The VTR was tilted 18° clockwise. Data for 3 participants with virtual reality sickness were discarded, and those for 17 participants underwent non-parametric statistical analysis by 2 main criteria: VV and head orientation. Results: The VTR induced a pronounced tilt of the vertical toward the tilted side under the baseline condition (median 11.4° [Q1–Q3 6.1–13.4]; P < 0.01), with a large effect size (r = 0.88). The effect was systematic, with great inter-individual variability (2–17°), and was similar under every postural condition (P < 0.001), with a post-effect lasting 6 min and suppressed under BWSW. In darkness, VV was more upright during BWSW than sitting (P < 0.05), with a medium effect size (r = 0.49). The VTR induced a slight head tilt of median 3.3° [2.8–5.9] toward the tilted side under every postural condition (P < 0.001), with a large effect size (r = 0.87). In darkness, the head was upright only at baseline and under BWSW. Conclusion: Being immersed in a tilted environment induces a powerful bias in verticality perception (11°). Contrary to our hypothesis, BWSW did not attenuate the effect induced by the VTR, probably because of the power of this effect. However, BWSW was the only postural condition able to suppress post-effects induced by the VTR, thereby leading to the head and VV oriented upright. BWSW may improve verticality representation, presumably by bringing augmented information about the direction of the Earth vertical. These findings represent an avenue for rehabilitation of patients with postural disorders caused by a wrong verticality representation. Technological improvements will be necessary to attenuate the virtual reality discomfort. © 2018",2018,2026-05-15 02:01:17,2026-05-15 02:01:17,,292 - 299,,5,61,,,,,,,,,,,,,,,,,Type: Article,<p>Cited by: 11</p>,,,,,,,,,,,,,,,,,,,,,,,,,,,,,,,,,,,,,,,,,,,,,,,,,,,Scopus,pass,,Annals of Physical and Rehabilitation Medicine,SJR,,Q1,Cat3 [Clinical / Medical],Cat3 [Clinical / Medical]::\brehabilitation\b | Cat3 [Clinical / Medical]::\bpatient[s]?\b
CEQXZ3AZ,journalArticle,2019,"Bassolino, Michela; Bouzerda-Wahlen, Aurélie; Moix, Viviane; Bellmann, Anne; Herbelin, B.; Serino, Andrea; Blanke, Olaf","You or me? Disentangling perspectival, perceptual, and integrative mechanisms in heterotopagnosia",Cortex,,00109452,10.1016/j.cortex.2019.05.017,https://www.scopus.com/pages/publications/85069558298?origin=resultslist,"Heterotopagnosia-without-Autotopagnosia (HwA) is characterized by the incapacity to point to body parts on others, but not on one's own body. This has been classically interpreted as related to a self-other distinction, with impaired visual representations of other bodies seen in third person perspective (3PP), besides spared own body somatosensory representations in 1PP. However, HwA could be impacted by a deficit in the integration of visual and somatosensory information in space, that are spatially congruent in the case of one's own body, but not for others' body. Here, we test this hypothesis in a rare neurological patient with HwA, H+, as well as in a control patient with a comparable neuropsychological profile, but without HwA, and in age-matched healthy controls, in two experiments. First, we assessed body part recognition in a new task where somatosensory information from the participant's body and visual information from the target body shown in virtual reality was never aligned in space. Results show that, differently from the flawless performance in controls, H+ committed errors for not only the body of others in 3PP, but for all conditions where the information related to the real and the target body was not spatially congruent. Then, we tested whether the integration between these multisensory bodily cues in space, as during visuo-tactile stimulation in the full-body illusion, improves the patient's performance. Data show that after the stimulation prompting visuo-tactile integration, but not in control conditions, the patient's abilities to process body parts improved up to normal level, thus confirming and extending the first findings. Altogether, these results support a new interpretation of HwA as linked to the matching between somatosensory inputs from one's body and visual information from a body seen at a distance, and encourage the application of multisensory stimulation and virtual reality for the treatment of body-related disorders. © 2019 Elsevier Ltd",2019,2026-05-15 02:01:18,2026-05-15 02:01:18,,212 - 222,,,120,,,,,,,,,,,,,,,,,Type: Article,<p>Cited by: 11; All Open Access; Green Open Access</p>,,,,,,,,,,,,,,,,,,,,,,,,,,,,,,,,,,,,,,,,,,,,,,,,,,,Scopus,pass,,Cortex,SJR,,Q1,Cat3 [Clinical / Medical],Cat3 [Clinical / Medical]::\bpatient[s]?\b
SGJLADP5,journalArticle,2018,"Mölbert, S.C.; Thaler, A.; Mohler, B.J.; Streuber, S.; Romero, J.; Black, M.J.; Zipfel, S.; Karnath, H.-O.; Giel, K.E.",Assessing body image in anorexia nervosa using biometric self-avatars in virtual reality: Attitudinal components rather than visual body size estimation are distorted,Psychological Medicine,,00332917,10.1017/S0033291717002008,https://www.scopus.com/pages/publications/85026519814?origin=resultslist,"Background Body image disturbance (BID) is a core symptom of anorexia nervosa (AN), but as yet distinctive features of BID are unknown. The present study aimed at disentangling perceptual and attitudinal components of BID in AN. Methods We investigated n = 24 women with AN and n = 24 controls. Based on a three-dimensional (3D) body scan, we created realistic virtual 3D bodies (avatars) for each participant that were varied through a range of ±20% of the participants' weights. Avatars were presented in a virtual reality mirror scenario. Using different psychophysical tasks, participants identified and adjusted their actual and their desired body weight. To test for general perceptual biases in estimating body weight, a second experiment investigated perception of weight and shape matched avatars with another identity. Results Women with AN and controls underestimated their weight, with a trend that women with AN underestimated more. The average desired body of controls had normal weight while the average desired weight of women with AN corresponded to extreme AN (DSM-5). Correlation analyses revealed that desired body weight, but not accuracy of weight estimation, was associated with eating disorder symptoms. In the second experiment, both groups estimated accurately while the most attractive body was similar to Experiment 1. Conclusions Our results contradict the widespread assumption that patients with AN overestimate their body weight due to visual distortions. Rather, they illustrate that BID might be driven by distorted attitudes with regard to the desired body. Clinical interventions should aim at helping patients with AN to change their desired weight. Copyright © Cambridge University Press 2017.",2018,2026-05-15 02:01:24,2026-05-15 02:01:24,,642 - 653,,4,48,,,,,,,,,,,,,,,,,Type: Article,<p>Cited by: 134; All Open Access; Green Open Access; Hybrid Gold Open Access</p>,,,,,,,,,,,,,,,,,,,,,,,,,,,,,,,,,,,,,,,,,,,,,,,,,,,Scopus,pass,,Psychological Medicine,SJR,,Q1,Cat3 [Clinical / Medical],Cat3 [Clinical / Medical]::\bpatient[s]?\b
6S4G33UN,journalArticle,2018,"Koo, Kyo-In; Park, Dae Kwon; Youm, Yoon Seok; Cho, Sung Do; Hwang, Chang Ho","Enhanced Reality Showing Long-Lasting Analgesia after Total Knee Arthroplasty: Prospective, Randomized Clinical Trial",Scientific Reports,,20452322,10.1038/s41598-018-20260-0,https://www.scopus.com/pages/publications/85041651617?origin=resultslist,"To overcome the limitation of short-term efficacy of virtual reality (VR), an enhanced reality (ER) analgesia, (combination of the VR, real-time motion capture, mirror therapy [MT]) involving a high degree of patients' presence or embodiment was explored. Patients, who underwent unilateral total knee arthroplasty (TKA), received ER analgesia. The duration was 5 times a week, for 2 weeks for one group and 5 times a week, for 1 week in the other. Visual Analogue Scale (VAS) at rest and during movement, active knee range of motion (ROM) for flexion and extension were measured repeatedly. After screening 157 patients, 60 were included. Pre-interventional evaluation was performed at 6.7 days and ER was initiated at 12.4 days after surgery. Evaluation was performed at 5, 12, 33 days after the initiation of ER. Analgesia in the 2 week therapy group was effective until the third evaluation (p = 0.000), whereas in the other group, it was effective only until the second evaluation (p = 0.010). Improvement in ROM in the 2 week group was also maintained until the third evaluation (p = 0.037, p = 0.009). It could lay the foundations for the development of safe and long-lasting analgesic tools. © 2018 The Author(s).",2018,2026-05-15 02:01:25,2026-05-15 02:01:25,,,,1,8,,,,,,,,,,,,,,,,,Type: Article,<p>Cited by: 37; All Open Access; Gold Open Access; Green Open Access</p>,,,,,,,,,,,,,,,,,,,,,,,,,,,,,,,,,,,,,,,,,,,,,,,,,,,Scopus,pass,,Scientific Reports,SJR,,Q1,Cat3 [Clinical / Medical],Cat3 [Clinical / Medical]::\bsurgery\b | Cat3 [Clinical / Medical]::\bpatient[s]?\b | Cat3 [Clinical / Medical]::\bclinical\s+(?:trial|study|outcome|setting|population)\b
MYRX6AUC,journalArticle,2019,"Serino, Silvia; Polli, Nicoletta; Riva, Giuseppe",From avatars to body swapping: The use of virtual reality for assessing and treating body-size distortion in individuals with anorexia,Journal of Clinical Psychology,,00219762,10.1002/jclp.22724,https://www.scopus.com/pages/publications/85058411068?origin=resultslist,"In the last 30 years, virtual reality (VR) has offered innovative solutions for assessing and treating body representation disturbances in anorexia nervosa (AN). The most recent and innovative trend is the exploitation of the so-called VR-based body swapping illusion. The aim of this case study was to report the use of this VR protocol within a multidisciplinary treatment of AN. A patient with a Diagnostic and Statistical Manual-5 diagnosis of AN underwent an intensive multidisciplinary outpatient treatment. Three sessions of a VR-based body swapping illusion (i.e., the experimental induction of being the owner of a virtual body as a result of a visuotactile stimulation) were delivered within the treatment protocol (i.e., beginning of the treatment; end of one cycle of the treatment; 1 year of follow-up). We report the results obtained, discussing how the VR full body illusion was both able to effectively monitor changes of multisensory bodily integration and to act as a driver for these changes. © 2018 The Authors. Journal of Clinical Psychology Published by Wiley Periodicals, Inc.",2019,2026-05-15 02:01:26,2026-05-15 02:01:26,,313 - 322,,2,75,,,,,,,,,,,,,,,,,Type: Article,<p>Cited by: 79; All Open Access; Green Open Access; Hybrid Gold Open Access</p>,,,,,,,,,,,,,,,,,,,,,,,,,,,,,,,,,,,,,,,,,,,,,,,,,,,Scopus,pass,,Journal of Clinical Psychology,SJR,,Q1,Cat3 [Clinical / Medical],Cat3 [Clinical / Medical]::\bpatient[s]?\b
SBVEN5RG,journalArticle,2019,"O'Connor, Michael B.; Bennie, Simon J.; Deeks, Helen M.; Jamieson-Binnie, Alexander; Jones, Alex J.; Shannon, Robin J.; Walters, Rebecca; Mitchell, Thomas J.; Mulholland, Adrian J.; Glowacki, David R.",Interactive molecular dynamics in virtual reality from quantum chemistry to drug binding: An open-source multi-person framework,Journal of Chemical Physics,,00219606,10.1063/1.5092590,https://www.scopus.com/pages/publications/85067120574?origin=resultslist,"As molecular scientists have made progress in their ability to engineer nanoscale molecular structure, we face new challenges in our ability to engineer molecular dynamics (MD) and flexibility. Dynamics at the molecular scale differs from the familiar mechanics of everyday objects because it involves a complicated, highly correlated, and three-dimensional many-body dynamical choreography which is often nonintuitive even for highly trained researchers. We recently described how interactive molecular dynamics in virtual reality (iMD-VR) can help to meet this challenge, enabling researchers to manipulate real-time MD simulations of flexible structures in 3D. In this article, we outline various efforts to extend immersive technologies to the molecular sciences, and we introduce ""Narupa,"" a flexible, open-source, multiperson iMD-VR software framework which enables groups of researchers to simultaneously cohabit real-time simulation environments to interactively visualize and manipulate the dynamics of molecular structures with atomic-level precision. We outline several application domains where iMD-VR is facilitating research, communication, and creative approaches within the molecular sciences, including training machines to learn potential energy functions, biomolecular conformational sampling, protein-ligand binding, reaction discovery using ""on-the-fly"" quantum chemistry, and transport dynamics in materials. We touch on iMD-VR's various cognitive and perceptual affordances and outline how these provide research insight for molecular systems. By synergistically combining human spatial reasoning and design insight with computational automation, technologies such as iMD-VR have the potential to improve our ability to understand, engineer, and communicate microscopic dynamical behavior, offering the potential to usher in a new paradigm for engineering molecules and nano-architectures. © 2019 Author(s).",2019,2026-05-15 02:01:32,2026-05-15 02:01:32,,,,22,150,,,,,,,,,,,,,,,,,Type: Review,<p>Cited by: 85; All Open Access; Green Open Access; Hybrid Gold Open Access</p>,,,,,,,,,,,,,,,,,,,,,,,,,,,,,,,,,,,,,,,,,,,,,,,,,,,Scopus,pass,,Journal of Chemical Physics,SJR,,Q1,Cat2 [Tech / Non-Empirical],Cat2 [Tech / Non-Empirical]::\bsoftware\s+(?:framework|architecture|library)\b
WIAKNYXP,journalArticle,2018,"Wittkopf, P.G.; Lloyd, D.M.; Johnson, M.I.",Changing the size of a mirror-reflected hand does not affect pain perception: A repeated measures study on healthy human participants,European Journal of Pain (United Kingdom),,10903801,10.1002/ejp.1135,https://www.scopus.com/pages/publications/85032734075?origin=resultslist,"Background: Studies suggest that observing magnified and minified body parts using mirrors, lenses and virtual reality may affect pain perception. However, the direction of effect varies between studies. The aim of the present study was to evaluate the effect of observing a normal-sized, magnified and minified reflection of a hand on perceptual embodiment and contact-heat stimuli. Methods: Participants (n = 46) observed a normal-sized, magnified and minified reflection of the hand and a no-reflection condition while performing synchronized finger movements for 3 min (adaptive phase). Measurements of embodiment were taken before adaptive phase, pre- and post-contact-heat stimuli. Results: There were no differences in pain threshold nor tolerance between reflection and no-reflection conditions. Altering the size of the reflection of the hand did not affect estimates of pain threshold nor tolerance. The temperature for warm detection threshold was lower when participants were observing the magnified reflection of the hand compared with the no-reflection condition. Perceptual embodiment of the reflection of the hand was stronger after an adaptive phase with visuo-motor feedback, and the painful stimuli did not weaken the perceptual experience. Conclusion: Observing a reflection of the hand in front of a mirror did not alter heat pain threshold nor tolerance when compared with a no-reflection condition, and altering the size of the reflection did not affect pain perception. Researchers and clinicians using visual feedback techniques may consider including an adaptive phase with visuo-motor feedback to facilitate embodiment of the viewed body part. Significance: An adaptive phase with visuo-motor feedback enhances the perceptual experience of embodiment of a reflection of a hand and a painful stimulus does not weaken the experience. This should be considered when using visual feedback techniques for pain management. © 2017 European Pain Federation - EFIC®",2018,2026-05-15 02:01:36,2026-05-15 02:01:36,,527 - 537,,3,22,,,,,,,,,,,,,,,,,Type: Article,<p>Cited by: 3; All Open Access; Green Open Access</p>,,,,,,,,,,,,,,,,,,,,,,,,,,,,,,,,,,,,,,,,,,,,,,,,,,,Scopus,pass,,European Journal of Pain,SJR,,Q1,Cat3 [Clinical / Medical],Cat3 [Clinical / Medical]::\bpain\s+management\b
E5E54VJY,journalArticle,2019,"Nwachukwu, Benedict U.; Beck, Edward C.; Chapman, Reagan; Chahla, Jorge; Okoroha, Kelechi; Nho, Shane J.",Preoperative Performance of the PROMIS in Patients Undergoing Hip Arthroscopic Surgery for Femoroacetabular Impingement Syndrome,Orthopaedic Journal of Sports Medicine,,23259671,10.1177/2325967119860079,https://www.scopus.com/pages/publications/85070086006?origin=resultslist,"Background: The Patient-Reported Outcomes Measurement Information System (PROMIS) is being increasingly evaluated for use in orthopaedic surgery. The performance of the PROMIS in patients undergoing hip preservation surgery is unknown. Purpose: To investigate the psychometric performance of the PROMIS compared with legacy patient-reported outcome measures (PROMs) in patients indicated for hip arthroscopic surgery for femoroacetabular impingement syndrome (FAIS). Study Design: Cohort study (diagnosis); Level of evidence, 2. Methods: Data from consecutive patients who underwent primary hip arthroscopic surgery between January and October 2018 for the treatment of FAIS were collected and analyzed. Baseline data, including preoperative PROM scores and demographics, were recorded. PROMs included the PROMIS Physical Function (PF), the Hip Outcome Score (HOS), the modified Harris Hip Score (mHHS), the International Hip Outcome Tool–12 (iHOT-12), and the Veterans RAND 12-item health survey (VR-12). Pearson and Spearman coefficient analyses were used to identify correlations between continuous and noncontinuous variables, respectively. Correlation was defined as excellent (>0.80), very good (0.71-0.80), good (0.61-0.70), fair (0.41-0.60), or poor (0.21-0.40). A multivariate linear regression analysis was used to identify preoperative predictors of having higher preoperative PROMIS scores. Results: A total of 197 patients with a mean age and body mass index (BMI) of 32.8 ± 12.6 years and 25.7 ± 5.6 kg/m<sup>2</sup>, respectively, were included in the final analysis. There were no ceiling or floor effects for the PROMIS PF score observed in the study group. With regard to hip-specific measures, PROMIS PF scores demonstrated excellent correlation with HOS–Activities of Daily Living (r = 0.801; P <.001) scores, very good correlation with mHHS (r = 0.721; P <.001) and iHOT-12 (r = 0.722; P <.001) scores, and good correlation with HOS–Sports Specific (r = 0.675; P <.001) scores. With regard to general health–related quality of life (HRQoL) measures, PROMIS PF scores demonstrated very good correlation with VR-12 mental (r = 0.721; P <.001) scores, good correlation with VR-12 physical (r = 0.618; P <.001) scores, and poor correlation with visual analog scale for pain (r = –0.365; P <.001) scores. Patients who reported being physically active were more likely to have a higher preoperative PROMIS score (β = 3.216; P =.004). Lower PROMIS scores were found in patients with a higher BMI (β = –0.236; P =.005) and in female patients (β = –2.608; P =.014). Conclusion: In patients with FAIS, the preoperative PROMIS PF scores demonstrated excellent to good correlation with legacy hip-specific instruments as well as with HRQoL measures. No ceiling or floor effects were identified. Notably, of the hip-specific PROMs administered, the PROMIS PF demonstrated the weakest correlation with the HOS–Sports Specific subscale. Physical activity, BMI, and sex were predictors of preoperative PROMIS scores in our patient population. © The Author(s) 2019.",2019,2026-05-15 02:01:38,2026-05-15 02:01:38,,,,7,7,,,,,,,,,,,,,,,,,Type: Article,<p>Cited by: 25; All Open Access; Gold Open Access; Green Open Access</p>,,,,,,,,,,,,,,,,,,,,,,,,,,,,,,,,,,,,,,,,,,,,,,,,,,,Scopus,pass,,Orthopaedic Journal of Sports Medicine,SJR,,Q1,Cat3 [Clinical / Medical],Cat3 [Clinical / Medical]::\bsurgery\b | Cat3 [Clinical / Medical]::\bpatient[s]?\b
5847WYA3,journalArticle,2018,"Shin, Yu-Bin; Kim, Jae-Jin; Kim, Min-Kyeong; Kyeong, Sunghyon; Jung, Young Hoon; Eom, Hyojung; Kim, Eunjoo",Development of an effective virtual environment in eliciting craving in adolescents and young adults with internet gaming disorder,PLoS ONE,,19326203,10.1371/journal.pone.0195677,https://www.scopus.com/pages/publications/85045943247?origin=resultslist,"Internet gaming disorder (IGD) is a new disorder that warrants further investigation, as recently noted in the research criteria of the Diagnostic and Statistical Manual of Mental Disorders, Fifth Edition. Offering controlled environments that increase cue-induced craving, virtual reality cue-exposure therapy has been shown to be effective for some addiction disorders. To assess the feasibility of virtual reality for patients with IGD, this study aimed to develop virtual environments that represent risk situations for inducing craving, and assess the effect of virtual reality in cue reactivity. A total of 64 male adolescents and young adults (34 with IGD and 30 without) were recruited for participation. We developed a virtual internet café environment and the participants were exposed to four different tasks. As the primary feasibility outcome, cravings were measured with a visual analogue scale measuring current urge to play a game after exposure to each task. The virtual internet café induced significantly greater cravings in patients with IGD compared to controls. Additionally, patients exhibited a significantly higher acceptance rate of an avatar’s invitation to play a game together than that of controls. In IGD, craving response to the tasks was positively associated with the symptom severity score as measured by Young’s Internet Addiction Test. These findings reveal that virtual reality laden with complex game-related cues could evoke game craving in patients with IGD and could be used in the treatment of IGD as a cue-exposure therapy tool for eliciting craving. © 2018 Shin et al. This is an open access article distributed under the terms of the Creative Commons Attribution License, which permits unrestricted use, distribution, and reproduction in any medium, provided the original author and source are credited.",2018,2026-05-15 02:01:39,2026-05-15 02:01:39,,,,4,13,,,,,,,,,,,,,,,,,Type: Article,<p>Cited by: 41; All Open Access; Gold Open Access; Green Open Access</p>,,,,,,,,,,,,,,,,,,,,,,,,,,,,,,,,,,,,,,,,,,,,,,,,,,,Scopus,pass,,PLOS ONE,SJR,,Q1,Cat3 [Clinical / Medical],Cat3 [Clinical / Medical]::\bexposure\s+therapy\b | Cat3 [Clinical / Medical]::\bpatient[s]?\b
W7Y28JKV,journalArticle,2018,"Racodon, M.; Debaveye, E.; Dernoncourt, R.; Pretorean, T.","Follow-up of patients with chronic obstructive arterial disease, some months after their rehabilitation: Assessment of a therapeutic education program; [Suivi de patients atteints d'artériopathie oblitérante des membres inférieurs, à distance d'une rééducation : évaluation d'un programme d’éducation thérapeutique]",Design Studies,,0142694X,10.1016/j.jdmv.2018.08.003,https://www.scopus.com/pages/publications/85058591549?origin=resultslist,"Vascular rehabilitation (VR) is becoming increasingly important in the management of the arterial patient. Therapeutic Patient Education (TPE) is an integral part of rehabilitation programs and aims to transform patients’ lifestyle habits. The effectiveness of patient management at short-term no longer needs to be demonstrated, but we can question the effectiveness of education over the long term, some months following a rehabilitation program. Objective: This study aims to assess, in the long term, the effects of TPE in VR, and to observe the transformation of certain lifestyle habits of patients. Method: We convened 68 patients (51 men and 17 women) 6 months and 1 year after VR treatment during which these patients participated in an TPE program. We assessed: knowledge by questionnaire, walking range, weight and body composition by impedimetric techniques. Results: We found that patients improved their knowledge at the end of rehabilitation 45.8 (±7.6) of good responses on average, compared to 36.2 (±8.6) at the beginning of rehabilitation and these results are consolidated 6 months after 43.4 (±7.5) and 1 year after 44.1 (±8.1). We also found that walking distances during treadmill testing and outdoor walking improved at the end of rehabilitation and were maintained at six months and one year. Finally, weight, fat mass and lean mass decreased slightly compared to the end of rehabilitation. Only 7 patients out of 22 gave up smoking. Conclusion: An education program concerning risk factor management during vascular rehabilitation enables patients to acquire knowledge that can be used to maintain new lifestyle habits and stabilize their health status. © 2018",2018,2026-05-15 02:01:41,2026-05-15 02:01:41,,354 - 360,,6,43,,,,,,,,,,,,,,,,,Type: Article,<p>Cited by: 2</p>,,,,,,,,,,,,,,,,,,,,,,,,,,,,,,,,,,,,,,,,,,,,,,,,,,,Scopus,pass,,Design Studies,SJR,,Q1,Cat3 [Clinical / Medical],Cat3 [Clinical / Medical]::\brehabilitation\b | Cat3 [Clinical / Medical]::\bpatient[s]?\b
TXDCZ5TG,journalArticle,2019,"Matamala-Gomez, Marta; Diaz Gonzalez, Ana M.; Slater, Mel; Sanchez-Vives, Maria V.",Decreasing Pain Ratings in Chronic Arm Pain Through Changing a Virtual Body: Different Strategies for Different Pain Types,Journal of Pain,,15265900,10.1016/j.jpain.2018.12.001,https://www.scopus.com/pages/publications/85061036264?origin=resultslist,"Modifying the visual aspect of a virtual arm that is felt as one's own using immersive virtual reality (VR) modifies pain threshold in healthy subjects, but does it modify pain ratings in chronic pain patients? Our aim was to investigate whether varying properties of a virtual arm co-located with the real arm modulated pain ratings in patients with chronic arm/hand pain because of complex regional pain syndrome (CRPS) type I (without nerve injury) or peripheral nerve injury (PNI). CRPS (n = 9) and PNI (n = 10) patients were immersed in VR and the virtual arm was shown at 4 transparency levels (transparency test) and 3 sizes (size test). We evaluated pain ratings throughout the conditions and assessed the virtual experience, finding that patients with chronic pain can achieve levels of ownership and agency over a virtual arm similar to healthy participants. All 7 conditions globally decreased pain ratings by half. Increasing transparency decreased pain in CRPS but did the opposite in PNI, whereas increasing size slightly increased pain ratings only in CRPS. We conclude that embodiment in VR can decrease pain ratings in chronic arm pain, although the type of pain determines which strategy to decrease pain is most useful. We discuss this through the interactions between body image and pain perception. Perspective: “Embodiment” in VR is useful to decrease pain ratings in chronic pain patients, but the best strategy needs to be tuned to the pain etiology. This approach could potentially help patients with chronic pain and clinicians who seek alternatives to pain management for patients. © 2019",2019,2026-05-15 02:01:41,2026-05-15 02:01:41,,685 - 697,,6,20,,,,,,,,,,,,,,,,,Type: Article,<p>Cited by: 100</p>,,,,,,,,,,,,,,,,,,,,,,,,,,,,,,,,,,,,,,,,,,,,,,,,,,,Scopus,pass,,Journal of Pain,SJR,,Q1,Cat3 [Clinical / Medical],Cat3 [Clinical / Medical]::\bpatient[s]?\b | Cat3 [Clinical / Medical]::\bchronic\s+pain\b | Cat3 [Clinical / Medical]::\bpain\s+management\b
YYQ5WQCX,journalArticle,2017,"Jacobs, Cale A.; Burnham, Jeremy M.; Jochimsen, Kate N.; Molina, Domingo; Hamilton, David A.; Duncan, Stephen T.",Preoperative Symptoms in Femoroacetabular Impingement Patients Are More Related to Mental Health Scores Than the Severity of Labral Tear or Magnitude of Bony Deformity,Journal of Arthroplasty,,08835403,10.1016/j.arth.2017.06.053,https://www.scopus.com/pages/publications/85025134286?origin=resultslist,"Background The purpose of this study was to determine the relationships between patient factors, mental health status, the condition of the local tissue, magnitude of bony deformity, and preoperative symptoms in a series of femoroacetabular impingement (FAI) patients. Methods From our prospective outcomes registry, we identified 64 patients with arthroscopically-treated labral tears and cam deformities. We assessed the correlations between patient factors (age, sex, body mass index, level of education), surgical findings (size of labral tear, presence of chondral lesions), mental health factors (VR-12 mental component score [MCS], depression, and preoperative use of psychotropic and/or opioid drugs), magnitude of FAI deformity (alpha and lateral center edge angles), and preoperative hip dysfunction and osteoarthritis outcome score (HOOS) subscales. Patient factors, surgical and radiographic findings, and preoperative HOOS scores were compared between patients with low and high MCS. Results Neither hip pathology nor patient-related factors significantly correlated with HOOS scores. On the contrary, MCS significantly correlated with HOOS symptom (ρ = 0.45, P <.001) and pain scores (ρ = 0.52, P <.001). Low MCS patients had significantly lower preoperative scores for all 5 HOOS subscales (P ≤.002) and more frequent chondral lesions and comorbid depression (P ≤.01). Conclusion Symptom severity was significantly more related to mental health status than either the size of labral tear or FAI deformity. Patients with low MCS had significantly worse preoperative pain and self-reported function, and a greater prevalence of concomitant chondral lesions. Future studies are necessary to determine if earlier surgical treatment or preoperative psychological and/or pain coping interventions may improve outcomes for those with low MCS. © 2017 Elsevier Inc.",2017,2026-05-15 02:01:43,2026-05-15 02:01:43,,3603 - 3606,,12,32,,,,,,,,,,,,,,,,,Type: Article,<p>Cited by: 59</p>,,,,,,,,,,,,,,,,,,,,,,,,,,,,,,,,,,,,,,,,,,,,,,,,,,,Scopus,pass,,Journal of Arthroplasty,SJR,,Q1,Cat3 [Clinical / Medical],Cat3 [Clinical / Medical]::\bpatient[s]?\b
69TR9H6F,journalArticle,2019,"Fundarò, Cira; Maestri, Roberto; Ferriero, Giorgio; Chimento, Pierluigi; Taveggia, Giovanni; Casale, Roberto",Self-selected speed gait training in Parkinson's disease: Robot-assisted gait training with virtual reality versus gait training on the ground,European Journal of Physical and Rehabilitation Medicine,,19739087,10.23736/S1973-9087.18.05368-6,https://www.scopus.com/pages/publications/85070069119?origin=resultslist,"BACKGROUND: Parkinson's disease (PD) is a neurodegenerative disorder causing progressive gait disability. Although robot-assisted gait training (RAGT) using the Lokomat device has been demonstrated to improve gait in PD, it is not clear what the best training settings are, in particular if a self-selected treadmill speed can give better results. AIM: The aims of this study were: 1) to evaluate if self-selected speed training using Lokomat plus virtual reality (VR) can give better results compared to self-selected speed overground training; 2) to assess the possible influence of VR on patients' gait speed in the Lokomat group. DESIGN: Retrospective analysis. POPULATION: Patients with idiopathic PD (N.=20), aged 18-90 years, Hoehn & Yahr 2-3, Mini Mental State Examination (MMSE) ≥24, unchanged therapy, and without freezing episodes, dyskinesia, and neurological, orthopedic, cardiac, respiratory or severe visual impairments, who underwent four weeks of gait training (five 30-minute sessions/week): ten with Lokomat (Group 1) and ten without (Group 2). SETTING: Rehabilitation hospital; inpatients. METHODS: Group 1: Lokomat parameters: body weight support fixed at 30%, guidance force set at 80% bilaterally. Treadmill speed was self-selected by each patient, and subsequently modified on patient request. VR scenery was applied. Group 2: self-selected speed gait training on the ground. Both groups were assessed pre- and post-training with the Unified Parkinson's Disease Rating Scale (UPDRS), Functional Independence Measure (FIM) scale, and the 10-metre walking test (10-MWT). For group 1, a VR score was evaluated. RESULTS: All patients showed significant post-training improvement in UPDRS and FIM scores, with a significantly better improvement in Group 1 for total UPDRS (P=0.037). Velocity at 10-MWT significantly improved after rehabilitation in Group 2 (P=0.002). Lokomat treadmill speed and VR score both improved significantly after rehabilitation, but without any association (P=0.48), while a significant inverse relationship (P=0.014) was observed between the changes in 10-MWT and in treadmill speed. CONCLUSIONS: Self-selected speed Lokomat training in PD patients can provide clinical enhancements but is not superior to self-selected speed overground gait training; the influence of VR on motor performance seems to be related to non-motor aspects. CLINICALREHABILITATIONIMPACT: Regarding self-selected speed gait training, there seems to be no difference between RAGT and conventional overground gait training. Other parameter settings for RAGT need to be carefully investigated for a tailored use of RAGT in PD. © 2018 EDIZIONI MINERVA MEDICA.",2019,2026-05-15 02:01:44,2026-05-15 02:01:44,,456 - 462,,4,55,,,,,,,,,,,,,,,,,Type: Article,<p>Cited by: 27</p>,,,,,,,,,,,,,,,,,,,,,,,,,,,,,,,,,,,,,,,,,,,,,,,,,,,Scopus,pass,,European Journal of Physical and Rehabilitation Medicine,SJR,,Q1,Cat3 [Clinical / Medical],Cat3 [Clinical / Medical]::\brehabilitation\b | Cat3 [Clinical / Medical]::\bpatient[s]?\b
844FPFJE,journalArticle,2019,"Lin, I-Hsien; Tsai, Han-Ting; Wang, Chien-Yung; Hsu, Chih-Yang; Liou, Tsan-Hon; Lin, Yen-Nung",Effectiveness and Superiority of Rehabilitative Treatments in Enhancing Motor Recovery Within 6 Months Poststroke: A Systemic Review,Archives of Physical Medicine and Rehabilitation,,00039993,10.1016/j.apmr.2018.09.123,https://www.scopus.com/pages/publications/85057997368?origin=resultslist,"Objective: To investigate the effects of various rehabilitative interventions aimed at enhancing poststroke motor recovery by assessing their effectiveness when compared with no treatment or placebo and their superiority when compared with conventional training program (CTP). Data Source: A literature search was based on 19 Cochrane reviews and 26 other reviews. We also updated the searches in PubMed up to September 30, 2017. Study Selection: Randomized controlled trials associated with 18 experimented training programs (ETP) were included if they evaluated the effects of the programs on either upper extremity (UE) or lower extremity (LE) motor recovery among adults within 6 months poststroke; included ≥10 participants in each arm; and had an intervention duration of ≥10 consecutive weekdays. Data Extraction: Four reviewers evaluated the eligibility and quality of literature. Methodological quality was assessed using the PEDro scale. Data Synthesis: Among the 178 included studies, 129 including 7450 participants were analyzed in this meta-analysis. Six ETPs were significantly effective in enhancing UE motor recovery, with the standard mean differences (SMDs) and 95% confidence intervals outlined as follow: constraint-induced movement therapy (0.82, 0.45-1.19), electrostimulation (ES)-motor (0.42, 0.22-0.63), mirror therapy (0.71, 0.22-1.20), mixed approach (0.21, 0.01-0.41), robot-assisted training (0.51, 0.22-0.80), and task-oriented training (0.57, 0.16-0.99). Six ETPs were significantly effective in enhancing LE motor recovery: body-weight-supported treadmill training (0.27, 0.01-0.52), caregiver-mediated training (0.64, 0.20-1.08), ES-motor (0.55, 0.27-0.83), mixed approach (0.35, 0.15-0.54), mirror therapy (0.56, 0.13-1.00), and virtual reality (0.60, 0.15-1.05). However, compared with CTPs, almost none of the ETPs exhibited significant SMDs for superiority. Conclusions: Certain experimented interventions were effective in enhancing poststroke motor recovery, but little evidence supported the superiority of experimented interventions over conventional rehabilitation. © 2018 American Congress of Rehabilitation Medicine",2019,2026-05-15 02:01:45,2026-05-15 02:01:45,,366 - 378,,2,100,,,,,,,,,,,,,,,,,Type: Review,<p>Cited by: 40</p>,,,,,,,,,,,,,,,,,,,,,,,,,,,,,,,,,,,,,,,,,,,,,,,,,,,Scopus,pass,,Archives of Physical Medicine and Rehabilitation,SJR,,Q1,Cat3 [Clinical / Medical],Cat3 [Clinical / Medical]::\brehabilitation\b
X2WUDNR8,journalArticle,2017,"Pozeg, Polona; Palluel, Estelle; Ronchi, Roberta; Solcà, Marco; Al-Khodairy, Abdul-Wahab; Jordan, Xavier; Kassouha, Ammar; Blanke, Olaf",Virtual reality improves embodiment and neuropathic pain caused by spinal cord injury,Neurology,,00283878,10.1212/WNL.0000000000004585,https://www.scopus.com/pages/publications/85032829805?origin=resultslist,"Objective: To investigate changes in body ownership and chronic neuropathic pain in patients with spinal cord injury (SCI) using multisensory own body illusions and virtual reality (VR). Methods: Twenty patients with SCI with paraplegia and 20 healthy control participants (HC) participated in 2 factorial, randomized, repeated-measures design studies. In the virtual leg illusion (VLI), we applied asynchronous or synchronous visuotactile stimulation to the participant's back (either immediately above the lesion level or at the shoulder) and to the virtual legs as seen on a VR head-mounted display. We tested the effect of the VLI on the sense of leg ownership (questionnaires) and on perceived neuropathic pain (visual analogue scale pain ratings). We compared illusory leg ownership with illusory global body ownership (induced in the full body illusion [FBI]), by applying asynchronous or synchronous visuotactile stimulation to the participant's back and the back of a virtual body as seen on a head-mounted display. Results: Our data show that patients with SCI are less sensitive to multisensory stimulations inducing illusory leg ownership (as compared to HC) and that leg ownership decreased with time since SCI. In contrast, we found no differences between groups in global body ownership as tested in the FBI. VLI and FBI were both associated with mild analgesia that was only during the VLI specific for synchronous visuotactile stimulation and the lower back position. Conclusions: The present findings show that VR exposure using multisensory stimulation differently affected leg vs body ownership, and is associated with mild analgesia with potential for SCI neurorehabilitation protocols. Copyright © 2017 The Author(s).",2017,2026-05-15 02:01:48,2026-05-15 02:01:48,,1894 - 1903,,18,89,,,,,,,,,,,,,,,,,Type: Article,<p>Cited by: 125; All Open Access; Green Open Access; Hybrid Gold Open Access</p>,,,,,,,,,,,,,,,,,,,,,,,,,,,,,,,,,,,,,,,,,,,,,,,,,,,Scopus,pass,,Neurology,SJR,,Q1,Cat3 [Clinical / Medical],Cat3 [Clinical / Medical]::\bpatient[s]?\b
S4BGQ5DU,conferencePaper,2018,,"MobiSys 2018 - Proceedings of the 16th ACM International Conference on Mobile Systems, Applications, and Services","MobiSys 2018 - Proceedings of the 16th ACM International Conference on Mobile Systems, Applications, and Services",,,,https://www.scopus.com/pages/publications/85051466283?origin=resultslist,"The proceedings contain 78 papers. The topics discussed include: augmented reality-based mimicry attacks on behavior-based smartphone authentication; my being to your place, your being to my place: co-present robotic avatars create illusion of living together; cutting the cord: designing a high-quality untethered VR system with low latency remote rendering; explicit channel coordination via cross-technology communication; chiron: concurrent high throughput communication for IoT devices; detecting wireless spy cameras via stimulating and probing; depth aware finger tapping on virtual displays; brain password: a secure and truly cancelable brain biometrics for smart headwear; and CrowdEstimator: approximating crowd sizes with multi-modal data for Internet-of-things services.",2018,2026-05-15 02:01:54,2026-05-15 02:01:54,,,,,,,,,,,,,,,,,,,,,,Type: Conference review,<p>Cited by: 0</p>,,,,,,,,,,,,,,,,,,,,,,,,,,,,,,,,,,,,,,,,,,,,,,,,,,,Scopus,pass,,"ACM SIGMOBILE International Conference on Mobile Systems, Applications and Services",CORE,A,,Cat1 [Not VR / Out of Scope],Cat1 [Not VR / Out of Scope]::\baugmented reality\b | Cat1 [Not VR / Out of Scope]::\bsmartphone\b
RIK2HW6K,journalArticle,2018,"Nuic, Dijana; Vinti, Maria; Karachi, Carine; Foulon, Pierre; Van Hamme, Angèle; Welter, Marie-Laure",The feasibility and positive effects of a customised videogame rehabilitation programme for freezing of gait and falls in Parkinson's disease patients: A pilot study,Journal of NeuroEngineering and Rehabilitation,,17430003,10.1186/s12984-018-0375-x,https://www.scopus.com/pages/publications/85045133787?origin=resultslist,"Background: Freezing of gait and falls represent a major burden in patients with advanced forms of Parkinson's disease (PD). These axial motor signs are not fully alleviated by drug treatment or deep-brain stimulation. Recently, virtual reality has emerged as a rehabilitation option for these patients. In this pilot study, we aim to determine the feasibility and acceptability of rehabilitation with a customised videogame to treat gait and balance disorders in PD patients, and assess its effects on these disabling motor signs. Methods: We developed a customised videogame displayed on a screen using the Kinect system. To play, the patient had to perform large amplitude and fast movements of all four limbs, pelvis and trunk, in response to visual and auditory cueing, to displace an avatar to collect coins and avoid obstacles to gain points. We tested ten patients with advanced forms of PD (median disease duration = 16.5 years) suffering from freezing of gait and/or falls (Hoehn&Yahr score ≥ 3) resistant to antiparkinsonian treatment and deep brain stimulation. Patients performed 18 training sessions during a 6-9 week period. We measured the feasibility and acceptability of our rehabilitation programme and its effects on parkinsonian disability, gait and balance disorders (with clinical scales and kinematics recordings), positive and negative affects, and quality of life, after the 9th and 18th training sessions and 3 months later. Results: All patients completed the 18 training sessions with high feasibility, acceptability and satisfaction scores. After training, the freezing-of-gait questionnaire, gait-and-balance scale and axial score significantly decreased by 39, 38 and 41%, respectively, and the activity-balance confidence scale increased by 35%. Kinematic gait parameters also significantly improved with increased step length and gait velocity and decreased double-stance time. Three months after the final session, no significant change persisted except decreased axial score and increased step length and velocity. Conclusions: This study suggests that rehabilitation with a customised videogame to treat gait and balance disorders is feasible, well accepted, and effective in parkinsonian patients. These data serve as preliminary evidence for further larger and controlled studies to propose this customised videogame rehabilitation programme at home. Trial registration: ClinicalTrials.gov NCT02469350. © 2018 The Author(s).",2018,2026-05-15 02:01:56,2026-05-15 02:01:56,,,,1,15,,,,,,,,,,,,,,,,,Type: Article,<p>Cited by: 50; All Open Access; Gold Open Access; Green Open Access</p>,,,,,,,,,,,,,,,,,,,,,,,,,,,,,,,,,,,,,,,,,,,,,,,,,,,Scopus,pass,,Journal of NeuroEngineering and Rehabilitation,SJR,,Q1,Cat3 [Clinical / Medical],Cat3 [Clinical / Medical]::\brehabilitation\b | Cat3 [Clinical / Medical]::\bpatient[s]?\b
4DMZKG67,journalArticle,2014,"McCann, Russell A.; Armstrong, Christina M.; Skopp, Nancy A.; Edwards-Stewart, Amanda; Smolenski, Derek J.; June, Jennifer D.; Metzger-Abamukong, Melinda; Reger, Greg M.",Virtual reality exposure therapy for the treatment of anxiety disorders: An evaluation of research quality,Journal of Anxiety Disorders,,08876185,10.1016/j.janxdis.2014.05.010,https://www.scopus.com/pages/publications/84905398349?origin=resultslist,"•We review the reported research quality of 27 randomized controlled trials of virtual reality exposure therapy for anxiety disorders.•The ratings of research quality was generally low with studies meeting an average of only 2.9 out of 8 research design criteria.•A reduction in effect size magnitude was observed for studies with larger samples in studies comparing VRET to non-active control groups. Randomized controlled trials (RCTs) support the effectiveness of virtual reality exposure therapy (VRET) for anxiety disorders; however, the overall quality of the VRET RCT literature base has yet to be evaluated. This study reviewed 27 VRET RCTs and the degree of adherence to 8 RCT research design criteria derived from existing standards. Adherence to the study quality criteria was generally low as the articles met an average 2.85 criteria (SD. = 1.56). None of the studies met more than six quality criteria. Study quality did not predict effect size; however, a reduction in effect size magnitude was observed for studies with larger sample sizes when comparing VRET to non-active control groups. VRET may be an effective method of treatment but caution should be exercised in interpreting the existing body of literature supporting VRET relative to existing standards of care. The need for well-designed VRET research is discussed. © 2014 .",2014,2026-05-15 02:01:57,2026-05-15 02:01:57,,625 - 631,,6,28,,,,,,,,,,,,,,,,,Type: Review,<p>Cited by: 105</p>,,,,,,,,,,,,,,,,,,,,,,,,,,,,,,,,,,,,,,,,,,,,,,,,,,,Scopus,pass,,Journal of Anxiety Disorders,SJR,,Q1,Cat3 [Clinical / Medical],Cat3 [Clinical / Medical]::\bexposure\s+therapy\b
74AZR36E,journalArticle,2014,"Glegg, Stephanie M. N.; Tatla, Sandy K.; Holsti, Liisa",The GestureTek virtual reality system in rehabilitation: A scoping review,Disability and Rehabilitation: Assistive Technology,,17483107,10.3109/17483107.2013.799236,https://www.scopus.com/pages/publications/84893946987?origin=resultslist,"Purpose: To identify, to map out and to appraise research examining GestureTek virtual reality (VR) use for physical and cognitive rehabilitation and to highlight areas for future research. Method: Scoping review methodology was used to systematically and comprehensively search the academic and grey literature for GestureTek-specific research. Consensus was achieved following two reviewers' independent inclusion screening, data extraction and appraisal. Results: Forty-four studies evaluated the utility and efficacy of the IREX, GX, VMall and Meal Maker software for rehabilitation across a range of populations, with few adverse events reported. Stroke and cerebral palsy research dominated, while geriatrics was largely overlooked. Efficacy research provided support for balance, mobility, upper extremity, cognitive, fitness and daily living skills outcomes for specific populations with effect sizes ranging from 0.19 to 3.34. Nevertheless, few strong quality or high-level studies are available, and no clear guidelines on optimal treatment characteristics exist. Outcomes of primary interest were at ICF body function and activity levels; evaluation of transfer of training across ICF levels is needed. Conclusions: This literature provides preliminary evidence for the technology's efficacy for rehabilitation. Identified research gaps relate to study quality and design, treatment characteristics, populations and outcomes of interest, including transfer across ICF levels.Implications for RehabilitationThere is limited high-level evidence to support the use of the GestureTek virtual reality system for rehabilitation. Moderate to strong quality evidence exists primarily for the stroke and cerebral palsy populations, and primarily for balance, mobility and upper extremity outcomes.A lack of consistent outcome measures in this body of literature has created ""silos"" of research that cannot be quantitatively combined using a meta-analytic strategy. © 2014 Informa UK Ltd.",2014,2026-05-15 02:01:57,2026-05-15 02:01:57,,89 - 111,,2,9,,,,,,,,,,,,,,,,,Type: Review,<p>Cited by: 35</p>,,,,,,,,,,,,,,,,,,,,,,,,,,,,,,,,,,,,,,,,,,,,,,,,,,,Scopus,pass,,Disability and Rehabilitation: Assistive Technology,SJR,,Q1,Cat3 [Clinical / Medical],Cat3 [Clinical / Medical]::\brehabilitation\b
UNID74HZ,journalArticle,2016,"Li, Min; Sareh, Sina; Xu, Guanghua; Ridzuan, Maisarah Binti; Luo, Shan; Xie, Jun; Wurdemann, Helge; Althoefer, Kaspar",Evaluation of pseudo-haptic interactions with soft objects in virtual environments,PLoS ONE,,19326203,10.1371/journal.pone.0157681,https://www.scopus.com/pages/publications/84977500260?origin=resultslist,"This paper proposes a pseudo-haptic feedback method conveying simulated soft surface stiffness information through a visual interface. The method exploits a combination of two feedback techniques, namely visual feedback of soft surface deformation and control of the indenter avatar speed, to convey stiffness information of a simulated surface of a soft object in virtual environments. The proposed method was effective in distinguishing different sizes of virtual hard nodules integrated into the simulated soft bodies. To further improve the interactive experience, the approach was extended creating a multi-point pseudo-haptic feedback system. A comparison with regards to (a) nodule detection sensitivity and (b) elapsed time as performance indicators in hard nodule detection experiments to a tablet computer incorporating vibration feedback was conducted. The multi-point pseudo-haptic interaction is shown to be more time-efficient than the single-point pseudo-haptic interaction. It is noted that multi-point pseudo-haptic feedback performs similarly well when compared to a vibration-based feedback method based on both performance measures elapsed time and nodule detection sensitivity. This proves that the proposed method can be used to convey detailed haptic information for virtual environmental tasks, even subtle ones, using either a computer mouse or a pressure sensitive device as an input device. This pseudo-haptic feedback method provides an opportunity for low-cost simulation of objects with soft surfaces and hard inclusions, as, for example, occurring in ever more realistic video games with increasing emphasis on interaction with the physical environment and minimally invasive surgery in the form of soft tissue organs with embedded cancer nodules. Hence, the method can be used in many low-budget applications where haptic sensation is required, such as surgeon training or video games, either using desktop computers or portable devices, showing reasonably high fidelity in conveying stiffness perception to the user. © 2016 Li et al. This is an open access article distributed under the terms of the Creative Commons Attribution License, which permits unrestricted use, distribution, and reproduction in any medium, provided the original author and source are credited.",2016,2026-05-15 02:01:58,2026-05-15 02:01:58,,,,6,11,,,,,,,,,,,,,,,,,Type: Article,<p>Cited by: 21; All Open Access; Gold Open Access; Green Open Access</p>,,,,,,,,,,,,,,,,,,,,,,,,,,,,,,,,,,,,,,,,,,,,,,,,,,,Scopus,pass,,PLOS ONE,SJR,,Q1,Cat1 [Not VR / Out of Scope] | Cat3 [Clinical / Medical],Cat1 [Not VR / Out of Scope]::\btablet(?:\s+computer)?\b | Cat3 [Clinical / Medical]::\bsurgery\b | Cat3 [Clinical / Medical]::\bminimally\s+invasive\b
TKMG3JIP,journalArticle,2014,"Lenggenhager, Bigna; Arnold, Carolyn A.; Giummarra, Melita J.","Phantom limbs: Pain, embodiment, and scientific advances in integrative therapies",Wiley Interdisciplinary Reviews: Cognitive Science,,19395078,10.1002/wcs.1277,https://www.scopus.com/pages/publications/84893774650?origin=resultslist,"Research over the past two decades has begun to identify some of the key mechanisms underlying phantom limb pain and sensations; however, this continues to be a clinically challenging condition to manage. Treatment of phantom pain, like all chronic pain conditions, demands a holistic approach that takes into consideration peripheral, spinal, and central neuroplastic mechanisms. In this review, we focus on nonpharmacological treatments tailored to reverse the maladaptive neuroplasticity associated with phantom pain. Recent scientific advances emerging from interdisciplinary research between neuroscience, virtual reality, robotics, and prosthetics show the greatest promise for alternative embodiment and maintaining the integrity of the multifaceted representation of the body in the brain. Importantly, these advances have been found to prevent and reduce phantom limb pain. In particular, therapies that involve sensory and/or motor retraining, most naturally through the use of integrative prosthetic devices, as well as peripheral (e.g., transcutaneous electrical nerve stimulation) or central (e.g., transcranial magnetic stimulation or deep brain stimulation) stimulation techniques, have been found to both restore the neural representation of the missing limb and to reduce the intensity of phantom pain. While the evidence for the efficacy of these therapies is mounting, but well-controlled and large-scale studies are still needed. © 2014 John Wiley & Sons, Ltd.",2014,2026-05-15 02:02:00,2026-05-15 02:02:00,,221 - 231,,2,5,,,,,,,,,,,,,,,,,Type: Article,<p>Cited by: 34; All Open Access; Bronze Open Access</p>,,,,,,,,,,,,,,,,,,,,,,,,,,,,,,,,,,,,,,,,,,,,,,,,,,,Scopus,pass,,Wiley Interdisciplinary Reviews: Cognitive Science,SJR,,Q1,Cat3 [Clinical / Medical],Cat3 [Clinical / Medical]::\bchronic\s+pain\b
ZGBKNNM7,journalArticle,2014,"Fluet, Gerard G.; Merians, Alma S.; Qiu, Qinyin; Davidow, Amy; Adamovich, Sergei V.","Comparing integrated training of the hand and arm with isolated training of the same effectors in persons with stroke using haptically rendered virtual environments, a randomized clinical trial",Journal of NeuroEngineering and Rehabilitation,,17430003,10.1186/1743-0003-11-126,https://www.scopus.com/pages/publications/84906923901?origin=resultslist,"Robotically facilitated therapeutic activities, performed in virtual environments have emerged as one approach to upper extremity rehabilitation after stroke. Body function level improvements have been demonstrated for robotically facilitated training of the arm. A smaller group of studies have demonstrated modest activity level improvements by training the hand or by integrated training of the hand and arm. The purpose of this study was to compare a training program of complex hand and finger tasks without arm movement paired with a separate set of reaching activities performed without hand movement, to training the entire upper extremity simultaneously, utilizing integrated activities. Methods. Forty individuals with chronic stroke recruited in the community, participated in a randomized, blinded, controlled trial of two interventions. Subjects were required to have residual hand function for inclusion. The first, hand and arm separate (HAS) training (n = 21), included activities controlled by finger movement only, and activities controlled by arm movement only, the second, hand and arm together (HAT) training (n = 20) used simulations controlled by a simultaneous use of arm and fingers. Results: No adverse reactions occurred. The entire sample demonstrated mean improvements in Wolf Motor Function Test scores (21%) and Jebsen Test of Hand Function scores (15%), with large effect sizes (partial r<sup>2</sup>=.81 and r<sup>2</sup>=.67, respectively). There were no differences in improvement between HAS and HAT training immediately after the study. Subjects in the HAT group retained Wolf Motor Function Test gains better than in the HAS group measured three months after the therapy but the size of this interaction effect was small (partial r<sup>2</sup>=.17). Conclusions: Short term changes in upper extremity motor function were comparable when training the upper extremity with integrated activities or a balanced program of isolated activities. Further study of the retention period is indicated. Trial registration. NCT01072461. © 2014 Fluet et al.; licensee BioMed Central Ltd.",2014,2026-05-15 02:02:00,2026-05-15 02:02:00,,,,1,11,,,,,,,,,,,,,,,,,Type: Article,<p>Cited by: 31; All Open Access; Gold Open Access; Green Open Access</p>,,,,,,,,,,,,,,,,,,,,,,,,,,,,,,,,,,,,,,,,,,,,,,,,,,,Scopus,pass,,Journal of NeuroEngineering and Rehabilitation,SJR,,Q1,Cat3 [Clinical / Medical],Cat3 [Clinical / Medical]::\brehabilitation\b | Cat3 [Clinical / Medical]::\bclinical\s+(?:trial|study|outcome|setting|population)\b
BQU99KRE,journalArticle,2016,"Peperkorn, Henrik M.; Diemer, Julia E.; Alpers, Georg W.; Mühlberger, Andreas",Representation of patients' hand modulates fear reactions of patients with spider phobia in virtual reality,Frontiers in Psychology,,16641078,10.3389/fpsyg.2016.00268,https://www.scopus.com/pages/publications/84983490004?origin=resultslist,"Embodiment (i.e., the involvement of a bodily representation) is thought to be relevant in emotional experiences. Virtual reality (VR) is a capable means of activating phobic fear in patients. The representation of the patient's body (e.g., the fight hand) in VR enhances immersion and increases presence, but its effect on phobic fear is still unknown. We analyzed the influence of the presentation of the participant's hand in VR on presence and fear responses in 32 women with spider phobia and 32 matched controls. Participants sat in front of a table with an acrylic glass container within reaching distance. During the experiment this setup was concealed by a head-mounted display (HMD). The VR scenario presented via HMD showed the same setup, i.e., a table with an acrylic glass container. Participants were randomly assigned to one of two experimental groups. In one group, fear responses were triggered by fear-relevant visual influt in VR (virtual spider in the virtual acrylic glass container), while information about a real but unseen neutral control animal (living snake in the acrylic glass container) was given. The second group received fear-relevant information of the real but unseen situation (living spider in the acrylic glass container), but visual influt was kept neutral VR (virtual snake in the virtual acrylic glass container). Participants were instructed to touch the acrylic glass container with their fight hand in 20 consecutive trials. Visibility of the hand was varied randomly in a within-subjects design. We found for all participants that visibility of the participant's hand increased presence independently of the fear trigger. However, in patients, the influence of the virtual hand on fear depended on the fear trigger. When fear was triggered perceptually, i.e., by a virtual spider, the virtual hand increased fear. When fear was triggered by information about a real spider, the virtual hand had no effect on fear. Our results shed fight on the significance of different fear triggers (visual, conceptual) in interaction with body representations. © 2016 Peperkorn, Diemer, Alpers and Mühlberger.",2016,2026-05-15 02:02:10,2026-05-15 02:02:10,,,,,7,,,,,,,,,,,,,,,,,Type: Article,<p>Cited by: 22; All Open Access; Gold Open Access; Green Open Access</p>,,,,,,,,,,,,,,,,,,,,,,,,,,,,,,,,,,,,,,,,,,,,,,,,,,,Scopus,pass,,Frontiers in Psychology,SJR,,Q1,Cat3 [Clinical / Medical],Cat3 [Clinical / Medical]::\bpatient[s]?\b | Cat3 [Clinical / Medical]::\bphobia\b
I4J63WWI,journalArticle,2015,"Roosink, Meyke; Robitaille, Nicolas; McFadyen, Bradford J; Hébert, Luc J; Jackson, Philip L; Bouyer, Laurent J; Mercier, Catherine",Real-time modulation of visual feedback on human full-body movements in a virtual mirror: Development and proof-of-concept,Journal of NeuroEngineering and Rehabilitation,,,10.1186/1743-0003-12-2,https://www.scopus.com/pages/publications/84924214386?origin=resultslist,"Background: Virtual reality (VR) provides interactive multimodal sensory stimuli and biofeedback, and can be a powerful tool for physical and cognitive rehabilitation. However, existing systems have generally not implemented realistic full-body avatars and/or a scaling of visual movement feedback. We developed a ""virtual mirror"" that displays a realistic full-body avatar that responds to full-body movements in all movement planes in real-time, and that allows for the scaling of visual feedback on movements in real-time. The primary objective of this proof-of-concept study was to assess the ability of healthy subjects to detect scaled feedback on trunk flexion movements. Methods: The ""virtual mirror"" was developed by integrating motion capture, virtual reality and projection systems. A protocol was developed to provide both augmented and reduced feedback on trunk flexion movements while sitting and standing. The task required reliance on both visual and proprioceptive feedback. The ability to detect scaled feedback was assessed in healthy subjects (n = 10) using a two-alternative forced choice paradigm. Additionally, immersion in the VR environment and task adherence (flexion angles, velocity, and fluency) were assessed. Results: The ability to detect scaled feedback could be modelled using a sigmoid curve with a high goodness of fit (R<sup>2</sup> range 89-98%). The point of subjective equivalence was not significantly different from 0 (i.e. not shifted), indicating an unbiased perception. The just noticeable difference was 0.035 ± 0.007, indicating that subjects were able to discriminate different scaling levels consistently. VR immersion was reported to be good, despite some perceived delays between movements and VR projections. Movement kinematic analysis confirmed task adherence. Conclusions: The new ""virtual mirror"" extends existing VR systems for motor and pain rehabilitation by enabling the use of realistic full-body avatars and scaled feedback. Proof-of-concept was demonstrated for the assessment of body perception during active movement in healthy controls. The next step will be to apply this system to assessment of body perception disturbances in patients with chronic pain. © 2015 Roosink et al.",2015,2026-05-15 02:02:14,2026-05-15 02:02:14,,,,1,12,,,,,,,,,,,,,,,,,Type: Article,<p>Cited by: 34; All Open Access; Gold Open Access; Green Open Access</p>,,,,,,,,,,,,,,,,,,,,,,,,,,,,,,,,,,,,,,,,,,,,,,,,,,,Scopus,pass,,Journal of NeuroEngineering and Rehabilitation,SJR,,Q1,Cat3 [Clinical / Medical],Cat3 [Clinical / Medical]::\brehabilitation\b | Cat3 [Clinical / Medical]::\bpatient[s]?\b | Cat3 [Clinical / Medical]::\bchronic\s+pain\b
AZ5HAM8R,journalArticle,2015,"Liu, Zhenbao; Qin, Hongliang; Bu, Shuhui; Yan, Meng; Huang, Jinxin; Tang, Xiaojun; Han, Junwei",3D real human reconstruction via multiple low-cost depth cameras,Signal Processing,,01651684,10.1016/j.sigpro.2014.10.021,https://www.scopus.com/pages/publications/85027928168?origin=resultslist,"In traditional human-centered games and virtual reality applications, a skeleton is commonly tracked using consumer-level cameras or professional motion capture devices to animate an avatar. In this paper, we propose a novel application that automatically reconstructs a real 3D moving human captured by multiple RGB-D cameras in the form of a polygonal mesh, and which may help users to actually enter a virtual world or even a collaborative immersive environment. Compared with 3D point clouds, a 3D polygonal mesh is commonly adopted to represent objects or characters in games and virtual reality applications. A vivid 3D human mesh can hugely promote the feeling of immersion when interacting with a computer. The proposed method includes three key steps for realizing dynamic 3D human reconstruction from RGB images and noisy depth data captured from a distance. First, we remove the static background to obtain a 3D partial view of the human from the depth data with the help of calibration parameters, and register two neighboring partial views. The whole 3D human is globally registered using all the partial views to obtain a relatively clean 3D human point cloud. A complete 3D mesh model is constructed from the point cloud using Delaunay triangulation and Poisson surface reconstruction. Finally, a series of experiments demonstrates the reconstruction quality of the 3D human meshes. Dynamic meshes with different poses are placed in a virtual environment, which can be used to provide personalized avatars for everyday users, and enhance the interactive experience in games and virtual reality environments. © 2014 Elsevier B.V.",2015,2026-05-15 02:02:15,2026-05-15 06:18:20,,162 - 179,,,112,,,,,,,,,,,,,,,,,Type: Article,<p>Cited by: 29</p>,,notion://www.notion.so/Liu-Zhenbao-Hongliang-Qin-Shuhui-Bu-3D-real-human-reconstruction-via-multiple-low-cost-dept-361fa7e7d32f8112b673fbc4801b64a1,notion,,,,,,,,,,,,,,,,,,,,,,,,,,,,,,,,,,,,,,,,,,,,,,,,Scopus,pass,,Signal Processing,SJR,,Q1,Cat2 [Tech / Non-Empirical],Cat2 [Tech / Non-Empirical]::\bpoint\s+cloud\b
VJLP7VWT,journalArticle,2016,"Colomer, Carolina; Llorens, Roberto; Noé, Enrique; Alcañiz, Mariano","Effect of a mixed reality-based intervention on arm, hand, and finger function on chronic stroke",Journal of NeuroEngineering and Rehabilitation,,17430003,10.1186/s12984-016-0153-6,https://www.scopus.com/pages/publications/84977654600?origin=resultslist,"Background: Virtual and mixed reality systems have been suggested to promote motor recovery after stroke. Basing on the existing evidence on motor learning, we have developed a portable and low-cost mixed reality tabletop system that transforms a conventional table in a virtual environment for upper limb rehabilitation. The system allows intensive and customized training of a wide range of arm, hand, and finger movements and enables interaction with tangible objects, while providing audiovisual feedback of the participants' performance in gamified tasks. This study evaluates the clinical effectiveness and the acceptance of an experimental intervention with the system in chronic stroke survivors. Methods: Thirty individuals with stroke were included in a reversal (A-B-A) study. Phase A consisted of 30 sessions of conventional physical therapy. Phase B consisted of 30 training sessions with the experimental system. Both interventions involved flexion and extension of the elbow, wrist, and fingers, and grasping of different objects. Sessions were 45-min long and were administered three to five days a week. The body structures (Modified Ashworth Scale), functions (Motricity Index, Fugl-Meyer Assessment Scale), activities (Manual Function Test, Wolf Motor Function Test, Box and Blocks Test, Nine Hole Peg Test), and participation (Motor Activity Log) were assessed before and after each phase. Acceptance of the system was also assessed after phase B (System Usability Scale, Intrinsic Motivation Inventory). Results: Significant improvement was detected after the intervention with the system in the activity, both in arm function measured by the Wolf Motor Function Test (p < 0.01) and finger dexterity measured by the Box and Blocks Test (p < 0.01) and the Nine Hole Peg Test (p < 0.01); and participation (p < 0.01), which was maintained to the end of the study. The experimental system was reported as highly usable, enjoyable, and motivating. Conclusions: Our results support the clinical effectiveness of mixed reality interventions that satisfy the motor learning principles for upper limb rehabilitation in chronic stroke survivors. This characteristic, together with the low cost of the system, its portability, and its acceptance could promote the integration of these systems in the clinical practice as an alternative to more expensive systems, such as robotic instruments. © 2016 Colomer et al.",2016,2026-05-15 02:02:16,2026-05-15 02:02:16,,,,1,13,,,,,,,,,,,,,,,,,Type: Article,<p>Cited by: 96; All Open Access; Gold Open Access; Green Open Access</p>,,,,,,,,,,,,,,,,,,,,,,,,,,,,,,,,,,,,,,,,,,,,,,,,,,,Scopus,pass,,Journal of NeuroEngineering and Rehabilitation,SJR,,Q1,Cat1 [Not VR / Out of Scope] | Cat3 [Clinical / Medical],Cat1 [Not VR / Out of Scope]::\bmixed reality\b | Cat3 [Clinical / Medical]::\brehabilitation\b | Cat3 [Clinical / Medical]::\bphysical\s+therapy\b
LZQUR9CW,journalArticle,2014,"Kweon, Christopher Y; Gagnier, Joel Joseph; Robbins, Christopher; Bedi, Asheesh; Carpenter, James E; Miller, Bruce S",Surgical versus Non-surgical Management of Rotator Cuff Tears: Predictors of Treatment Allocation,Orthopaedic Journal of Sports Medicine,,23259671,10.1177/2325967114S00057,https://www.scopus.com/pages/publications/84978976329?origin=resultslist,"Objectives: Rotator cuff tears are a common shoulder disorder resulting in significant disability to patients and strain on the health care system. While both surgical and non-surgical management are accepted treatment options, little data exist to guide the surgeon in treatment allocation. Defining variables to guide treatment allocation may be important for patient education and counseling, as well as to deliver the most efficient care plan at the time of presentation. The objective of this study was to identify patient characteristics at the time of initial clinical presentation that are associated with allocation to surgical versus non-surgical management for patients with known full-thickness rotator cuff tears. Methods: 185 consecutive adult patients with known full-thickness rotator cuff tears were enrolled into a prospective cohort study. Robust data were collected for each subject at baseline, including age, gender, body mass index (BMI), shoulder activity score, smoking status, size of cuff tear, duration of symptoms, functional comorbidity index, treating surgeon, the American Shoulder and Elbow Society (ASES) score, the Western Ontario Rotator Cuff Index (WORC), and the Veterans Rand 12 Item Health Survey (VR-12). Logistic regression was performed in order to identity variables associated with treatment allocation, and the corresponding odds ratios were calculated. Results: Of the 185 subject enrolled, 100 underwent surgical intervention and 85 non-operative management. While controlling for co-variates, significant baseline patient characteristics predictive of eventual allocation to surgical treatment included the following: non-smoking status [OR.039 (0.005, 0.300) p=0.002], lower functional comorbidity index [OR 0.739 (0.518, 1.055) p=0.096], younger age [OR 0.872 (0.820, 0.927) p0.001], lower BMI [OR 0.895 (0.826, 0.970) p=0.007], and symptoms present for fewer than 4 months [OR 3.258 (1.070, 9.921) p=0.038]. Factors that were not associated with treatment allocation included gender, tear size, diabetes, treating surgeon, or any of the patient derived outcome scores at presentation (ASES, WORC, VR-12, shoulder activity score). Conclusion: This prospective cohort study suggests that the factors predictive of treatment allocation are related more to patient demographics at presentation than patient derived outcome scores or intrinsic characteristics of the rotator cuff such as tear size. Further study is warranted to help define appropriate indications for treatment allocation in patients with rotator cuff tears. © 2014, © The Author(s) 2014.",2014,2026-05-15 02:02:16,2026-05-15 02:02:16,,,,,2,,,,,,,,,,,,,,,,,Type: Article,<p>Cited by: 0; All Open Access; Gold Open Access; Green Open Access</p>,,,,,,,,,,,,,,,,,,,,,,,,,,,,,,,,,,,,,,,,,,,,,,,,,,,Scopus,pass,,Orthopaedic Journal of Sports Medicine,SJR,,Q1,Cat3 [Clinical / Medical],Cat3 [Clinical / Medical]::\bpatient[s]?\b
IRTSJTH5,journalArticle,2014,"Veling, Wim; Brinkman, Willem-Paul; Dorrestijn, Emily; Van Der Gaag, Mark",Virtual reality experiments linking social environment and psychosis: A pilot study,"Cyberpsychology, Behavior, and Social Networking",,21522715,10.1089/cyber.2012.0497,https://www.scopus.com/pages/publications/84897801996?origin=resultslist,"Initial studies with healthy subjects and individuals with high risk for psychosis have suggested that virtual reality (VR) environments may be used to investigate social and psychological mechanisms of psychosis. One small study reported that VR can safely be used in individuals with current persecutory delusions. The present pilot study investigated the feasibility and potential negative side effects of exposure to different virtual social risk environments in patients with first episode psychosis and in healthy controls. Seventeen patients with first episode psychosis (FEP) and 24 healthy control subjects (HC) participated in four virtual experiments during which they walked for 3.5-4 minutes in a virtual café, looking for avatars with digits on their clothing. The level of paranoid thoughts, as well as psychological, physiological, and behavioral correlates of paranoid thoughts, were measured in different virtual social risk environments, manipulating two factors: population density and ethnicity of avatars. FEP and HC frequently had paranoid thoughts about avatars. Paranoia in the real world correlated strongly with paranoid thoughts about avatars in virtual environments (Spearman's ρ=0.67 and 0.54 in FEP and HC respectively, p<0.01). FEP kept a smaller distance to avatars than HC. In FEP, but not in HC, galvanic skin response was significantly stronger in virtual environments with avatars of other ethnicity than in the own ethnicity condition. These results suggest that VR is an acceptable and sufficiently realistic method to use in patients with first episode psychosis. VR research may help to increase our understanding of the social and psychological mechanisms of psychosis and to develop new treatment applications. © Mary Ann Liebert, Inc.",2014,2026-05-15 02:02:17,2026-05-15 02:02:17,,191 - 195,,3,17,,,,,,,,,,,,,,,,,Type: Article,<p>Cited by: 45; All Open Access; Green Open Access</p>,,,,,,,,,,,,,,,,,,,,,,,,,,,,,,,,,,,,,,,,,,,,,,,,,,,Scopus,pass,,"Cyberpsychology, Behavior, and Social Networking",SJR,,Q1,Cat3 [Clinical / Medical],Cat3 [Clinical / Medical]::\bpatient[s]?\b | Cat3 [Clinical / Medical]::\bpsychosis\b
PBKRG4S9,journalArticle,2014,"Lohse, Keith R.; Hilderman, Courtney G. E.; Cheung, Katharine L.; Tatla, Sandy; Van Der Loos, H. F. Machiel",Virtual reality therapy for adults post-stroke: A systematic review and meta-analysis exploring virtual environments and commercial games in therapy,PLoS ONE,,19326203,10.1371/journal.pone.0093318,https://www.scopus.com/pages/publications/84900302218?origin=resultslist,"Background: The objective of this analysis was to systematically review the evidence for virtual reality (VR) therapy in an adult post-stroke population in both custom built virtual environments (VE) and commercially available gaming systems (CG). Methods: MEDLINE, CINAHL, EMBASE, ERIC, PSYCInfo, DARE, PEDro, Cochrane Central Register of Controlled Trials, and Cochrane Database of Systematic Reviews were systematically searched from the earliest available date until April 4, 2013. Controlled trials that compared VR to conventional therapy were included. Population criteria included adults (>18) post-stroke, excluding children, cerebral palsy, and other neurological disorders. Included studies were reported in English. Quality of studies was assessed with the Physiotherapy Evidence Database Scale (PEDro). Results: Twenty-six studies met the inclusion criteria. For body function outcomes, there was a significant benefit of VR therapy compared to conventional therapy controls, G = 0.48, 95% CI = [0.27, 0.70], and no significant difference between VE and CG interventions (P = 0.38). For activity outcomes, there was a significant benefit of VR therapy, G = 0.58, 95% CI = [0.32, 0.85], and no significant difference between VE and CG interventions (P = 0.66). For participation outcomes, the overall effect size was G = 0.56, 95% CI = [0.02, 1.10]. All participation outcomes came from VE studies. Discussion: VR rehabilitation moderately improves outcomes compared to conventional therapy in adults post-stroke. Current CG interventions have been too few and too small to assess potential benefits of CG. Future research in this area should aim to clearly define conventional therapy, report on participation measures, consider motivational components of therapy, and investigate commercially available systems in larger RCTs. Trial Registration: Prospero CRD42013004338 © 2014 Lohse et al.",2014,2026-05-15 02:02:18,2026-05-15 02:02:18,,,,3,9,,,,,,,,,,,,,,,,,Type: Article,<p>Cited by: 402; All Open Access; Gold Open Access; Green Open Access</p>,,,,,,,,,,,,,,,,,,,,,,,,,,,,,,,,,,,,,,,,,,,,,,,,,,,Scopus,pass,,PLOS ONE,SJR,,Q1,Cat3 [Clinical / Medical],Cat3 [Clinical / Medical]::\brehabilitation\b
4YY9QKZS,journalArticle,2016,"Keizer, Anouk; Van Elburg, Annemarie; Helms, Rossa; Dijkerman, H Chris",A virtual reality full body illusion improves body image disturbance in anorexia nervosa,PLoS ONE,,19326203,10.1371/journal.pone.0163921,https://www.scopus.com/pages/publications/84990876747?origin=resultslist,"Background Patients with anorexia nervosa (AN) have a persistent distorted experience of the size of their body. Previously we found that the Rubber Hand Illusion improves hand size estimation in this group. Here we investigated whether a Full Body Illusion (FBI) affects body size estimation of body parts more emotionally salient than the hand. In the FBI, analogue to the RHI, participants experience ownership over an entire virtual body in VR after synchronous visuo-tactile stimulation of the actual and virtual body. Methods and Results We asked participants to estimate their body size (shoulders, abdomen, hips) before the FBI was induced, directly after induction and at ∼2 hour 45 minutes follow-up. The results showed that AN patients (N = 30) decrease the overestimation of their shoulders, abdomen and hips directly after the FBI was induced. This effect was strongest for estimates of circumference, and also observed in the asynchronous control condition of the illusion. Moreover, at follow-up, the improvements in body size estimation could still be observed in the AN group. Notably, the HC group (N = 29) also showed changes in body size estimation after the FBI, but the effect showed a different pattern than that of the AN group. Conclusion The results lead us to conclude that the disturbed experience of body size in AN is flexible and can be changed, even for highly emotional body parts. As such this study offers novel starting points from which new interventions for body image disturbance in AN can be developed. © 2016 Keizer et al. This is an open access article distributed under the terms of the Creative Commons Attribution License, which permits unrestricted use, distribution, and reproduction in any medium, provided the original author and source are credited.",2016,2026-05-15 02:02:19,2026-05-15 02:02:19,,,,10,11,,,,,,,,,,,,,,,,,Type: Article,<p>Cited by: 216; All Open Access; Gold Open Access; Green Open Access</p>,,,,,,,,,,,,,,,,,,,,,,,,,,,,,,,,,,,,,,,,,,,,,,,,,,,Scopus,pass,,PLOS ONE,SJR,,Q1,Cat3 [Clinical / Medical],Cat3 [Clinical / Medical]::\bpatient[s]?\b
6WX5JGLR,journalArticle,2015,"Kim, Kwanguk; Rosenthal, M. Zachary; Gwaltney, Mary; Jarrold, William; Hatt, Naomi; McIntyre, Nancy; Swain, Lindsay; Solomon, Marjorie; Mundy, Peter",A Virtual Joy-Stick Study of Emotional Responses and Social Motivation in Children with Autism Spectrum Disorder,Journal of Autism and Developmental Disorders,,01623257,10.1007/s10803-014-2036-7,https://www.scopus.com/pages/publications/84947862921?origin=resultslist,"A new virtual reality task was employed which uses preference for interpersonal distance to social stimuli to examine social motivation and emotion perception in children with Autism Spectrum Disorders. Nineteen high function children with higher functioning Autism Spectrum Disorder (HFASD) and 23 age, gender, and IQ matched children with typical development (TD) used a joy stick to position themselves closer or further from virtual avatars while attempting to identify six emotions expressed by the avatars, happiness, fear, anger, disgust, sadness, and surprise that were expressed at different levels of intensity. The results indicated that children with HFASD displayed significantly less approach behavior to the positive happy expression than did children with TD, who displayed increases in approach behavior to higher intensities of happy expressions. Alternatively, all groups tended to withdraw from negative emotions to the same extent and there were no diagnostic group differences in accuracy of recognition of any of the six emotions. This pattern of results is consistent with theory that suggests that some children with HFASD display atypical social-approach motivation, or sensitivity to the positive reward value of positive social–emotional events. Conversely, there was little evidence that a tendency to withdraw from social–emotional stimuli, or a failure to process social emotional stimuli, was a component of social behavior task performance in this sample of children with HFASD. © 2014, Springer Science+Business Media New York.",2015,2026-05-15 02:02:19,2026-05-15 02:02:19,,3891 - 3899,,12,45,,,,,,,,,,,,,,,,,Type: Article,<p>Cited by: 63; All Open Access; Green Open Access</p>,,,,,,,,,,,,,,,,,,,,,,,,,,,,,,,,,,,,,,,,,,,,,,,,,,,Scopus,pass,,Journal of Autism and Developmental Disorders,SJR,,Q1,Cat3 [Clinical / Medical],Cat3 [Clinical / Medical]::\bautism\s+spectrum\b
2E9ANXE7,journalArticle,2014,"Bayona, Sofia; Akhtar, Kash; Gupte, Chinmay; Emery, Roger J.H.; Dodds, Alexander L.; Bello, Fernando",Assessing performance in shoulder arthroscopy: The imperial global arthroscopy rating scale (IGARS),Journal of Bone and Joint Surgery,,00219355,10.2106/JBJS.M.00304,https://www.scopus.com/pages/publications/84903961172?origin=resultslist,"Background: Surgical training is undergoing major changes with reduced resident work hours and an increasing focus on patient safety and surgical aptitude. The aim of this study was to create a valid, reliable method for an assessment of arthroscopic skills that is independent of time and place and is designed for both real and simulated settings. The validity of the scale was tested using a virtual reality shoulder arthroscopy simulator. Methods: The study consisted of two parts. In the first part, an Imperial Global Arthroscopy Rating Scale for assessing technical performance was developed using a Delphi method. Application of this scale required installing a dual-camera system to synchronously record the simulator screen and body movements of trainees to allow an assessment that is independent of time and place. The scale includes aspects such as efficient portal positioning, angles of instrument insertion, proficiency in handling the arthroscope and adequately manipulating the camera, and triangulation skills. In the second part of the study, a validation study was conducted. Two experienced arthroscopic surgeons, blinded to the identities and experience of the participants, each assessed forty-nine subjects performing three different tests using the Imperial Global Arthroscopy Rating Scale. Results were analyzed using two-way analysis of variance with measures of absolute agreement. The intraclass correlation coefficient was calculated for each test to assess inter-rater reliability. Results: The scale demonstrated high internal consistency (Cronbach alpha, 0.918). The intraclass correlation coefficient demonstrated high agreement between the assessors: 0.91 (p < 0.001). Construct validity was evaluated using Kruskal- Wallis one-way analysis of variance (chi-square test, 29.826; p < 0.001), demonstrating that the Imperial Global Arthroscopy Rating Scale distinguishes significantly between subjects with different levels of experience utilizing a virtual reality simulator. Conclusions: The Imperial Global Arthroscopy Rating Scale has a high internal consistency and excellent inter-rater reliability and offers an approach for assessing technical performance in basic arthroscopy on a virtual reality simulator. Clinical Relevance: The Imperial Global Arthroscopy Rating Scale provides detailed information on surgical skills. Although it requires further validation in the operating room, this scale, which is independent of time and place, offers a robust and reliable method for assessing arthroscopic technical skills. © 2014 By the Journal Of Bone and Joint Surgery, Incorporated.",2014,2026-05-15 02:02:22,2026-05-15 02:02:22,,e112(1),,13,96,,,,,,,,,,,,,,,,,Type: Article,<p>Cited by: 19; All Open Access; Green Open Access</p>,,,,,,,,,,,,,,,,,,,,,,,,,,,,,,,,,,,,,,,,,,,,,,,,,,,Scopus,pass,,Journal of Bone and Joint Surgery,SJR,,Q1,Cat3 [Clinical / Medical],Cat3 [Clinical / Medical]::\bsurgical\s+(?:training|simulation|procedure|planning)\b | Cat3 [Clinical / Medical]::\bsurgery\b | Cat3 [Clinical / Medical]::\bpatient[s]?\b
UND65FZX,journalArticle,2017,"Anderson, Devon E.; Rose, Michael B.; Wille, Aaron J.; Wiedrick, Jack; Crawford, Dennis C.",Arthroscopic mechanical chondroplasty of the knee is beneficial for treatment of focal cartilage lesions in the absence of concurrent pathology,Orthopaedic Journal of Sports Medicine,,23259671,10.1177/2325967117707213,https://www.scopus.com/pages/publications/85020025196?origin=resultslist,"Background: Articular cartilage lacks the ability for intrinsic repair after acute injury, and focal articular cartilage lesions cause significant morbidity worldwide. Arthroscopic debridement (chondroplasty) represents the majority of cartilage procedures of the knee; however, limited data exist regarding outcomes after chondroplasty performed in isolation of concurrent procedures or not as a primary treatment for osteoarthritis (OA). Hypothesis: Arthroscopic mechanical chondroplasty is beneficial for patients with a focal cartilage lesion of the knee in the absence of meniscal pathology or OA. Study Design: Case series; Level of evidence, 4. Methods: Potential participants were identified by querying billing data from a 3-year period in a single-surgeon practice, and eligible patients were verified to meet inclusion criteria through electronic medical record review. OA was quantified through Kellgren-Lawrence (KL) scoring. Subjective patient-reported outcome (PRO) scores, including International Knee Documentation Committee (IKDC), Knee injury and Osteoarthritis Outcome Score (KOOS), Western Ontario and McMaster Universities Arthritis Index (WOMAC), Tegner, Lysholm, and Veterans RAND 12-Item Health Survey (VR-12), were collected preoperatively and at follow-up intervals. International Cartilage Repair Society (ICRS) grade and lesion size were determined at arthroscopy. Linear regression was used to determine the effect of baseline score on final follow-up score. Correlated regression equations were used to assess the relationship of covariates and change in PRO scores. Results: Fifty-three of 86 (62%) eligible participants completed postoperative questionnaires at an average of 31.5 months (range, 11.5-57 months). The mean patient age was 37.3 ± 9.7 years and mean body mass index (BMI) was 27.7 ± 5.6 kg/m<sup>2</sup>; 33 (62%) participants were women. The mean treated lesion size was 3.3 ± 1.9 cm<sup>2</sup>, of these, 36 (68%) were ICRS grade 2 or 3, and 42 (79%) patients had a KL score of 0 to –2. On average, the cohort demonstrated significant improvement from baseline for almost all PRO scores. Regression analysis of change in score versus baseline indicated participants with lower preoperative scores gained more benefit from chondroplasty. Correlated regression equations showed KL score >0 and male sex had a consistent positive effect on change in PRO scores, high ICRS grade had a consistent negative effect, and lesion size, age, and obesity had no effect. Eight patients (15%) required further surgical intervention within the follow-up period. Conclusion: The clinical efficacy of chondroplasty for repair of focal cartilage defects of the knee has not been studied in isolation from concurrent orthopaedic procedures. Our data show that arthroscopic mechanical chondroplasty is beneficial to patients, and response to surgical intervention is correlated with baseline PRO scores, sex, ICRS grade, and KL score. © The Author(s) 2017.",2017,2026-05-15 02:02:26,2026-05-15 02:02:26,,,,5,5,,,,,,,,,,,,,,,,,Type: Article,<p>Cited by: 58; All Open Access; Gold Open Access; Green Open Access</p>,,,,,,,,,,,,,,,,,,,,,,,,,,,,,,,,,,,,,,,,,,,,,,,,,,,Scopus,pass,,Orthopaedic Journal of Sports Medicine,SJR,,Q1,Cat3 [Clinical / Medical],Cat3 [Clinical / Medical]::\bpatient[s]?\b
8K777ZNX,journalArticle,2014,"Jander, Nikolaus; Hochholzer, Willibald; Kaufmann, Beat A.; Bahlmann, Edda; Gerdts, Eva; Boman, Kurt; Chambers, John B.; Nienaber, Christoph A.; Ray, Simon; Rossebo, Anne; Pedersen, Terje R.; Wachtell, Kristian; Gohlke-Bärwolf, Christa; Neumann, Franz-Josef; Minners, Jan",Velocity ratio predicts outcomes in patients with low gradient severe aortic stenosis and preserved EF,Heart,,13556037,10.1136/heartjnl-2014-305763,https://www.scopus.com/pages/publications/84922481442?origin=resultslist,"Objective: To evaluate the usefulness of velocity ratio (VR) in patients with low gradient severe aortic stenosis (LGSAS) and preserved EF. Background: LGSAS despite preserved EF represents a clinically challenging entity. Reliance on mean pressure gradient (MPG) may underestimate stenosis severity as has been reported in the context of paradoxical low flow, LGSAS. On the other hand, grading of stenosis severity by aortic valve area (AVA) may overrate stenosis severity due to erroneous underestimation of LV outflow tract (LVOT) diameter, small body size or inconsistencies in cut-off values for severe stenosis. We hypothesised that VR may have conceptual advantages over MPG and AVA, predict clinical outcomes and thereby be useful in the management of patients with LGSAS. Methods: Patients from the prospective Simvastatin and Ezetimibe in Aortic Stenosis (SEAS) study with an AVA<1.0 cm<sup>2</sup>, MPG≤40 mm Hg and EF≥55% and asymptomatic at baseline were stratified according to VR with a cut-off value of 0.25. Outcomes were evaluated according to aortic valve-related events and cardiovascular death. Results: Of 435 patients with LGSAS, 197 (45%) had VR<0.25 suggesting severe and 238 (55%) had VR≥0.25 suggesting non-severe stenosis. Aortic valve-related events (mean follow-up 42±14 months) were more frequent in patients with VR<0.25 (57% vs 41%; p<0.001) as was cardiovascular death within the first 24 months ( p<0.05). In multivariable Cox regression analysis, MPG was the strongest independent predictor of aortic valve events (p<0.001) followed by VR (p<0.02). Adjusting AVA by VR increased predictive accuracy for aortic valve events (area under the receiver operating curve 0.62 (95% CI 0.57 to 0.67) vs 0.56 (95% CI 0.51 to 0.61) for AVA, p=0.02) with net reclassification improvement calculated at 0.36 (95% CI 0.17 to 0.54, p<0.001). VR did not improve the prediction of clinical events by MPG. Conclusions: In the difficult setting of LGSAS, VR shows a strong association with valve-related events and - although not outperforming MPG - may be particularly useful in guiding clinical management. Trial registration number: NCT00092677. © 2014, BMJ Publishing Group. All rights reserved.",2014,2026-05-15 02:02:28,2026-05-15 02:02:28,,1946 - 1953,,24,100,,,,,,,,,,,,,,,,,Type: Article,<p>Cited by: 44</p>,,,,,,,,,,,,,,,,,,,,,,,,,,,,,,,,,,,,,,,,,,,,,,,,,,,Scopus,pass,,Heart,SJR,,Q1,Cat3 [Clinical / Medical],Cat3 [Clinical / Medical]::\bpatient[s]?\b
X2G42GZZ,journalArticle,2015,"Lai, Chi-Chih; Friedman, Michael; Lin, Hsin-Ching; Wang, Pa-Chun; Hwang, Michelle S.; Hsu, Cheng-Ming; Lin, Meng-Chih; Chin, Chien-Hung",Clinical predictors of effective continuous positive airway pressure in patients with obstructive sleep apnea/hypopnea syndrome,Laryngoscope,,0023852X,10.1002/lary.25125,https://www.scopus.com/pages/publications/84937526604?origin=resultslist,"Objectives/Hypothesis To identify standard clinical parameters that may predict the optimal level of continuous positive airway pressure (CPAP) in adult patients with obstructive sleep apnea/hypopnea syndrome (OSAHS). Study Design This is a retrospective study in a tertiary academic medical center that included 129 adult patients (117 males and 12 females) with OSAHS confirmed by diagnostic polysomnography (PSG). Methods All OSAHS patients underwent successful full-night manual titration to determine the optimal CPAP pressure level for OSAHS treatment. The PSG parameters and completed physical examination, including body mass index, tonsil size grading, modified Mallampati grade (also known as updated Friedman's tongue position [uFTP]), uvular length, neck circumference, waist circumference, hip circumference, thyroid-mental distance, and hyoid-mental distance (HMD) were recorded. Results When the physical examination variables and OSAHS disease were correlated singly with the optimal CPAP pressure, we found that uFTP, HMD, and apnea/hypopnea index (AHI) were reliable predictors of CPAP pressures (P = .013, P = .002, and P <.001, respectively, by multiple regression). When all important factors were considered in a stepwise multiple linear regression analysis, a significant correlation with optimal CPAP pressure was formulated by factoring the uFTP, HMD, and AHI (optimal CPAP pressure = 1.01 uFTP + 0.74 HMD + 0.059 AHI - 1.603). Conclusions This study distinguished the correlation between uFTP, HMD, and AHI with the optimal CPAP pressure. The structure of the upper airway (especially tongue base obstruction) and disease severity may predict the effective level of CPAP pressure. © 2015 The American Laryngological, Rhinological and Otological Society, Inc.",2015,2026-05-15 02:02:29,2026-05-15 02:02:29,,1983 - 1987,,8,125,,,,,,,,,,,,,,,,,Type: Article,<p>Cited by: 26; All Open Access; Bronze Open Access</p>,,,,,,,,,,,,,,,,,,,,,,,,,,,,,,,,,,,,,,,,,,,,,,,,,,,Scopus,pass,,Laryngoscope,SJR,,Q1,Cat3 [Clinical / Medical],Cat3 [Clinical / Medical]::\bpatient[s]?\b
KHQHGYP7,journalArticle,2015,"Roosink, Meyke; McFadyen, Bradford J.; Hébert, Luc J.; Jackson, Philip L.; Bouyer, Laurent J.; Mercier, Catherine",Assessing the perception of trunk movements in military personnel with chronic non-specific low back pain using a virtual mirror,PLoS ONE,,,10.1371/journal.pone.0120251,https://www.scopus.com/pages/publications/84925861825?origin=resultslist,"Chronic pain, including chronic non-specific low back pain (CNSLBP), is often associated with body perception disturbances, but these have generally been assessed under static conditions. The objective of this study was to use a ""virtual mirror"" that scaled visual movement feedback to assess body perception during active movement in military personnel with CNSLBP (n = 15) as compared to military healthy control subjects (n = 15). Subjects performed a trunk flexion task while sitting and standing in front of a large screen displaying a full-body virtual mirror-image (avatar) in real-time. Avatar movements were scaled to appear greater, identical, or smaller than the subjects' actual movements. A total of 126 trials with 11 different scaling factors were pseudo-randomized across 6 blocks. After each trial, subjects had to decide whether the avatar's movements were ""greater"" or ""smaller"" than their own movements. Based on this two-alternative forced choice paradigm, a psychophysical curve was fitted to the data for each subject, and several metrics were derived from this curve. In addition, task adherence (kinematics) and virtual reality immersion were assessed. Groups displayed a similar ability to discriminate between different levels of movement scaling. Still, subjects with CNSLBP showed an abnormal performance and tended to overestimate their own movements (a right-shifted psychophysical curve). Subjects showed adequate task adherence, and on average virtual reality immersion was reported to be very good. In conclusion, these results extend previous work in patients with CNSLBP, and denote an important relationship between body perception, movement and pain. As such, the assessment of body perception during active movement can offer new avenues for understanding and managing body perception disturbances and abnormal movement patterns in patients with pain. © 2015 Roosink et al.",2015,2026-05-15 02:02:37,2026-05-15 02:02:37,,,,3,10,,,,,,,,,,,,,,,,,Type: Article,<p>Cited by: 20; All Open Access; Gold Open Access; Green Open Access</p>,,,,,,,,,,,,,,,,,,,,,,,,,,,,,,,,,,,,,,,,,,,,,,,,,,,Scopus,pass,,PLOS ONE,SJR,,Q1,Cat3 [Clinical / Medical],Cat3 [Clinical / Medical]::\bpatient[s]?\b | Cat3 [Clinical / Medical]::\bchronic\s+pain\b
C89J5NQI,journalArticle,2016,"Serino, Silvia; Pedroli, Elisa; Keizer, Anouk; Triberti, Stefano; Dakanalis, Antonios; Pallavicini, Federica; Chirico, Alice; Riva, Giuseppe",Virtual reality body swapping: A tool for modifying the allocentric memory of the body,"Cyberpsychology, Behavior, and Social Networking",,21522715,10.1089/cyber.2015.0229,https://www.scopus.com/pages/publications/84959111687?origin=resultslist,"An increasing amount of evidence has shown that embodiment of a virtual body via visuo-tactile stimulation can lead to an altered perception of body and object size. The current study aimed to investigate whether virtual reality (VR) body swapping can be an effective tool for modifying the enduring memory of the body. The experimental sample included 21 female participants who were asked to estimate the width and circumference of different body parts before any kind of stimulation and after two types of body swapping illusions (""synchronous visuo-tactile stimulation"" and ""asynchronous visuo-tactile stimulation""). Findings revealed that after participants embodied a virtual body with a skinny belly (independently of the type of visuo-tactile stimulation), there was an update of the stored representation of the body: participants reported a decrease in the ratio between estimated and actual body measures for most of the body parts considered. Based on the Allocentric Lock Theory, these findings provide first evidence that VR body swapping is able to induce a change in the memory of the body. This knowledge may be potentially useful for patients suffering from eating and weight disorders. © Mary Ann Liebert, Inc. 2016.",2016,2026-05-15 02:02:38,2026-05-15 02:02:38,,127 - 133,,2,19,,,,,,,,,,,,,,,,,Type: Article,<p>Cited by: 167; All Open Access; Green Open Access</p>,,,,,,,,,,,,,,,,,,,,,,,,,,,,,,,,,,,,,,,,,,,,,,,,,,,Scopus,pass,,"Cyberpsychology, Behavior, and Social Networking",SJR,,Q1,Cat3 [Clinical / Medical],Cat3 [Clinical / Medical]::\bpatient[s]?\b
TVDIX77C,journalArticle,2015,"Yang, Zihui; He, Tao; Shang, Leiming; Long, Pengcheng; Hu, Liqin",Development of high-immersive simulation system for designing maintenance strategy and its application to CLEAR-I,Annals of Nuclear Energy,,03064549,10.1016/j.anucene.2015.03.004,https://www.scopus.com/pages/publications/84929072591?origin=resultslist,"Abstract The maintenance strategy is imperative and important to be considered in the design process of advanced nuclear reactor as early as possible. The design and validation of the maintenance strategy are key challenges which remain to be resolved due to the complex mechanical structure, the expensive physical mockup, and the potential risk of radiation hazards. In this paper, a high-immersive interactive simulation system has been developed to simulate and verify maintenance strategy by using virtual reality. Main features include: (1) rapid modeling and real-time rendering of the large-scale three-dimensional radiation scene, (2) real-time interactive roaming by tracking the 6-DOF body motion, (3) the interactive disassembly simulation of the mechanism structure were controlled by the hand gestures. The system can provide designers with an intuitive experience environment, an efficient and flexible interactive way as well as the whole process simulation of maintenance strategy. It has been applied to simulate and verify the maintenance strategy of the spallation target proton beam window for China LEAd-based research Reactor (CLEAR-I). The simulation result proved the maintenance strategy of proton beam window was reasonable and feasible. The system was useful to verify maintenance strategy, optimize maintenance operation, reduce intervention time and exposure dose of workers. It provided a high efficiency and low cost way for simulating maintenance strategy to meet the requirements of ALARA rules and can be extended to other nuclear facilities. © 2015 Elsevier Ltd.",2015,2026-05-15 02:02:46,2026-05-15 02:02:46,,309 - 315,,,83,,,,,,,,,,,,,,,,,Type: Article,<p>Cited by: 7</p>,,,,,,,,,,,,,,,,,,,,,,,,,,,,,,,,,,,,,,,,,,,,,,,,,,,Scopus,pass,,Annals of Nuclear Energy,SJR,,Q1,Cat2 [Tech / Non-Empirical],Cat2 [Tech / Non-Empirical]::\breal[- ]?time\s+rendering\b
85RFN7BX,journalArticle,2014,"Song, Yoon Bum; Chun, Min Ho; Kim, Won; Lee, Sook Joung; Yi, Jin Hwa; Park, Dae Hwan",The Effect of Virtual Reality and Tetra-Ataxiometric Posturography Programs on Stroke Patients With Impaired Standing Balance,Annals of Rehabilitation Medicine,,22340645,10.5535/arm.2014.38.2.160,https://www.scopus.com/pages/publications/84899576025?origin=resultslist,"Objective To investigate the effect of virtual reality (VR) and a tetra-ataxiometric posturography (Tetrax) program on stroke patients with impaired standing balance.Methods Thirty acute stroke patients with impaired standing balance were recruited and randomly assigned to a VR, Tetrax, or control group. All patients received conventional balance training as a baseline; and VR and Tetrax patients received VR or Tetrax treatment, in addition. The primary outcome measures to evaluate the overall standing balance were the Berg Balance Scale (BBS) and the falling index (FI). The secondary outcome measures were the stability index (SI) and the weight distribution index (WDI), which were used to evaluate the balance status according to specific body positions. The FI, SI, and WDI were measured using the Tetrax instrument.Results The BBS and FI scores were improved in all groups, with no significant differences between groups. In open-eyed positions, the VR group showed significantly greater improvement in SI and WDI scores than the control group (p<0.017). In closed-eyed positions, the Tetrax group showed significantly greater improvement in SI and WDI scores than the control group (p<0.017).Conclusion The inclusion of VR and Tetrax programs did not lead to an overall benefit in balance. VR and Tetrax did, however, demonstrate a benefit in specific positions. A Tetrax program may benefit patients with abnormal proprioceptive function, whereas a VR program may benefit patients with normal sensory function. © 2014 by Korean Academy of Rehabilitation Medicine.",2014,2026-05-15 02:02:49,2026-05-15 02:02:49,,160 - 166,,2,38,,,,,,,,,,,,,,,,,Type: Article,<p>Cited by: 28; All Open Access; Gold Open Access; Green Open Access</p>,,,,,,,,,,,,,,,,,,,,,,,,,,,,,,,,,,,,,,,,,,,,,,,,,,,Scopus,pass,,Annals of Rehabilitation Medicine,SJR,,Q1,Cat3 [Clinical / Medical],Cat3 [Clinical / Medical]::\brehabilitation\b | Cat3 [Clinical / Medical]::\bpatient[s]?\b
EMML4FIK,journalArticle,2016,"Dorozhkin, Denis; Nemani, Arun; Roberts, Kurt; Ahn, Woojin; Halic, Tansel; Dargar, Saurabh; Wang, Jinling; Cao, Caroline G. L.; Sankaranarayanan, Ganesh; De, Suvranu",Face and content validation of a Virtual Translumenal Endoscopic Surgery Trainer (VTEST™),Surgical Endoscopy,,09302794,10.1007/s00464-016-4917-7,https://www.scopus.com/pages/publications/84964688915?origin=resultslist,"Background: Natural orifice translumenal endoscopic surgery (NOTES) is an emerging surgical paradigm, where peritoneal access is achieved through one of the natural orifices of the body. It is being reported as a safe and feasible surgical technique with significantly reduced external scarring. Virtual Translumenal Endoscopic Surgical Trainer (VTEST™) is the first virtual reality simulator for the NOTES. The VTEST™ simulator was developed to train surgeons in the hybrid transvaginal NOTES cholecystectomy procedure. The initial version of the VTEST™ simulator underwent face validation at the 2013 Natural Orifice Surgery Consortium for Assessment and Research (NOSCAR) summit. Several areas of improvement were identified as a result, and the corresponding modifications were implemented in the simulator. This manuscript outlines the results of the subsequent evaluation study, performed in order to assess the face and content validity of the latest VTEST™ simulator. Methods: Twelve subjects participated in an institutional review board-approved study that took place at the 2014 NOSCAR summit. Six of the 12 subjects, who are experts with NOTES experience, were used for face and content validation. The subjects performed the hybrid transvaginal NOTES cholecystectomy procedure on VTEST™ that included identifying the Calot’s triangle, clipping and cutting the cystic duct/artery, and detaching the gallbladder. The subjects then answered five-point Likert scale feedback questionnaires for face and content validity. Results: Overall, subjects rated 12/15 questions as 3.0 or greater (60 %), for face validity questions regarding the realism of the anatomical features, interface, and the tasks. Subjects also highly rated the usefulness of the simulator in learning the fundamental NOTES technical skills (3.50 ± 0.84). Content validity results indicate a high level of usefulness of the VTEST™ for training prior to operating room experience (4.17 ± 0.75). © 2016, Springer Science+Business Media New York.",2016,2026-05-15 02:02:55,2026-05-15 02:02:55,,5529 - 5536,,12,30,,,,,,,,,,,,,,,,,Type: Article,<p>Cited by: 10; All Open Access; Green Open Access</p>,,,,,,,,,,,,,,,,,,,,,,,,,,,,,,,,,,,,,,,,,,,,,,,,,,,Scopus,pass,,Surgical Endoscopy,SJR,,Q1,Cat3 [Clinical / Medical],Cat3 [Clinical / Medical]::\bsurgery\b
5UZE6SY7,journalArticle,2017,"Saratzis, A.; Calderbank, T.; Sidloff, D.; Bown, M.J.; Davies, R.S.",Role of Simulation in Endovascular Aneurysm Repair (EVAR) Training: A Preliminary Study,European Journal of Vascular and Endovascular Surgery,,10785884,10.1016/j.ejvs.2016.11.016,https://www.scopus.com/pages/publications/85008704736?origin=resultslist,"Background Endovascular aneurysm repair (EVAR) requires a high-level of technical-competency to avoid device-related complications. Virtual reality simulation-based training (SBT) may offer an alternative method of psychomotor skill acquisition; however, its role in EVAR training is undefined. This study aimed to: a) benchmark competency levels using EVAR SBT, and b) investigate the impact of supervised SBT on trainee performance. Methods EVAR procedure-related metrics were benchmarked by six experienced consultants using a Simbionix Angiomentor EVAR simulator. Sixteen vascular surgical trainees performing a comparable EVAR before and after structured SBT (>4 teaching sessions) were assessed utilising a modified Likert-scale score. These were benchmarked for comparison against the standard set by the consultant body. Results Median procedural-time for consultants was 43.5 min (IQR 7.5). A significant improvement in trainee procedural-time following SBT was observed (median procedural time 77 min [IQR 20.75] vs. 56 min [IQR: 7.00], p < .0001). The mean (SD) trainee Likert score pre- and post-SBT improved (16.6 [SD 1.455] vs. 28.63 [SD 2.986], p < .0001). Fewer endoleaks were observed (p = .0063) and trainees chose an appropriately sized device more often after SBT. Conclusion This study suggests that EVAR-SBT should be considered as an adjunct to standard psychomotor skill teaching techniques for EVAR within the vascular surgery training curricula. © 2016 European Society for Vascular Surgery",2017,2026-05-15 02:03:02,2026-05-15 02:03:02,,193 - 198,,2,53,,,,,,,,,,,,,,,,,Type: Article,<p>Cited by: 43; All Open Access; Bronze Open Access; Green Open Access</p>,,,,,,,,,,,,,,,,,,,,,,,,,,,,,,,,,,,,,,,,,,,,,,,,,,,Scopus,pass,,European Journal of Vascular and Endovascular Surgery,SJR,,Q1,Cat3 [Clinical / Medical],Cat3 [Clinical / Medical]::\bsurgery\b
PTKAGT6E,journalArticle,2015,"Kweon, Christopher; Gagnier, Joel J.; Robbins, Christopher B.; Bedi, Asheesh; Carpenter, James E.; Miller, Bruce S.",Surgical Versus Nonsurgical Management of Rotator Cuff Tears,American Journal of Sports Medicine,,03635465,10.1177/0363546515593954,https://www.scopus.com/pages/publications/84942859722?origin=resultslist,"Background: Rotator cuff tears are a common shoulder disorder resulting in significant disability to patients and financial burden on the health care system. While both surgical and nonsurgical management are accepted treatment options, there is a paucity of data to support a treatment algorithm for care providers. Defining variables to guide treatment allocation may be important for patient education and counseling, as well as to deliver the most efficient care plan at the time of presentation. Purpose: To identify independent variables at the time of initial clinical presentation that are associated with preferred allocation to surgical versus nonsurgical management for patients with known full-thickness rotator cuff tears. Study Design: Case control study; Level of evidence, 3. Methods: A total of 196 consecutive adult patients with known full-thickness rotator cuff tears were enrolled into a prospective cohort study. Robust data were collected for each subject at baseline, including age, sex, body mass index (BMI), shoulder activity score, smoking status, size of cuff tear, duration of symptoms, functional comorbidity index, the American Shoulder and Elbow Surgeons (ASES) score, the Western Ontario Rotator Cuff index (WORC), and the Veterans Rand 12-Item Health Survey (VR-12). Logistic regression was performed to identify variables associated with treatment allocation, and the corresponding odds ratios were calculated. Results: Of the 196 patients enrolled, 112 underwent surgical intervention and 84 nonoperative management. With covariates controlled for, significant baseline patient characteristics predictive of eventual allocation to surgical treatment included younger age, lower BMI, and durations of symptoms less than 1 year. Increasing age, higher BMI, and duration of symptoms longer than 1 year were predictive of nonsurgical treatment. Factors that were not associated with treatment allocation included sex, tear size, functional comorbidity score, or any of the patient-derived outcome scores at presentation (ASES, WORC, VR-12, shoulder activity score). Conclusion: Patient demographics at the time of initial presentation for a symptomatic rotator cuff tear are more predictive of treatment allocation to a surgical or nonoperative approach than the patient-derived outcome scores for activity level and shoulder disability. Further study is warranted to help define appropriate indications for treatment allocation in patients with rotator cuff tears. © 2015 The Author(s).",2015,2026-05-15 02:03:02,2026-05-15 02:03:02,,2368 - 2372,,10,43,,,,,,,,,,,,,,,,,Type: Article,<p>Cited by: 37</p>,,,,,,,,,,,,,,,,,,,,,,,,,,,,,,,,,,,,,,,,,,,,,,,,,,,Scopus,pass,,American Journal of Sports Medicine,SJR,,Q1,Cat3 [Clinical / Medical],Cat3 [Clinical / Medical]::\bpatient[s]?\b
2DP9J2FJ,journalArticle,2017,"Banaszek, Daniel; You, Daniel; Chang, Justues; Pickell, Michael; Hesse, Daniel; Hopman, Wilma M.; Borschneck, Daniel; Bardana, Davide",Virtual reality compared with bench-top simulation in the acquisition of arthroscopic skill: A randomized controlled trial,Journal of Bone and Joint Surgery - American Volume,,00219355,10.2106/JBJS.16.00324,https://www.scopus.com/pages/publications/85019020205?origin=resultslist,"Background: Work-hour restrictions as set forth by the Accreditation Council for Graduate Medical Education (ACGME) and other governing bodies have forced training programs to seek out new learning tools to accelerate acquisition of both medical skills and knowledge. As a result, competency-based training has become an important part of residency training. The purpose of this study was to directly compare arthroscopic skill acquisition in both high-fidelity and low-fidelity simulator models and to assess skill transfer from either modality to a cadaveric specimen, simulating intraoperative conditions. Methods: Forty surgical novices (pre-clerkship-level medical students) voluntarily participated in this trial. Baseline demographic data, as well as data on arthroscopic knowledge and skill, were collected prior to training. Subjects were randomized to 5-week independent training sessions on a high-fidelity virtual reality arthroscopic simulator or on a bench-top arthroscopic setup, or to an untrained control group. Post-training, subjects were asked to perform a diagnostic arthroscopy on both simulators and in a simulated intraoperative environment on a cadaveric knee. A more difficult surprise task was also incorporated to evaluate skill transfer. Subjects were evaluated using the Global Rating Scale (GRS), the 14-point arthroscopic checklist, and a timer to determine procedural efficiency (time per task). Secondary outcomes focused on objective measures of virtual reality simulator motion analysis. Results: Trainees on both simulators demonstrated a significant improvement (p < 0.05) in arthroscopic skills compared with baseline scores and untrained controls, both in and ex vivo. The virtual reality simulation group consistently outperformed the bench-top model group in the diagnostic arthroscopy crossover tests and in the simulated cadaveric setup. Furthermore, the virtual reality group demonstrated superior skill transfer in the surprise skill transfer task. Conclusions: Both high-fidelity and low-fidelity simulation trainings were effective in arthroscopic skill acquisition. High-fidelity virtual reality simulation was superior to bench-top simulation in the acquisition of arthroscopic skills, both in the laboratory and in vivo. Further clinical investigation is needed to interpret the importance of these results. Copyright © 2017 by The Journal of Bone and Joint Surgery, Incorporated.",2017,2026-05-15 02:03:03,2026-05-15 02:03:03,,e34.1 - e34.8,,7,99,,,,,,,,,,,,,,,,,Type: Article,<p>Cited by: 55</p>,,,,,,,,,,,,,,,,,,,,,,,,,,,,,,,,,,,,,,,,,,,,,,,,,,,Scopus,pass,,Journal of Bone and Joint Surgery,SJR,,Q1,Cat3 [Clinical / Medical],Cat3 [Clinical / Medical]::\bsurgery\b
EK68R3X2,journalArticle,2016,"Riva, Giuseppe; Baños, Rosa M.; Botella, Cristina; Mantovani, Fabrizia; Gaggioli, Andrea",Transforming experience: The potential of augmented reality and virtual reality for enhancing personal and clinical change,Frontiers in Psychiatry,,,10.3389/fpsyt.2016.00164,https://www.scopus.com/pages/publications/85053361596?origin=resultslist,"During life, many personal changes occur. These include changing house, school, work, and even friends and partners. However, the daily experience shows clearly that, in some situations, subjects are unable to change even if they want to. The recent advances in psychology and neuroscience are now providing a better view of personal change, the change affecting our assumptive world: (a) the focus of personal change is reducing the distance between self and reality (conflict); (b) this reduction is achieved through (1) an intense focus on the particular experience creating the conflict or (2) an internal or external reorganization of this experience; (c) personal change requires a progression through a series of different stages that however happen in discontinuous and non-linear ways; and (d) clinical psychology is often used to facilitate personal change when subjects are unable to move forward. Starting from these premises, the aim of this paper is to review the potential of virtuality for enhancing the processes of personal and clinical change. First, the paper focuses on the two leading virtual technologies - augmented reality (AR) and virtual reality (VR) - exploring their current uses in behavioral health and the outcomes of the 28 available systematic reviews and meta-analyses. Then the paper discusses the added value provided by VR and AR in transforming our external experience by focusing on the high level of personal efficacy and self-reflectiveness generated by their sense of presence and emotional engagement. Finally, it outlines the potential future use of virtuality for transforming our inner experience by structuring, altering, and/or replacing our bodily self-consciousness. The final outcome may be a new generation of transformative experiences that provide knowledge that is epistemically inaccessible to the individual until he or she has that experience, while at the same time transforming the individual's worldview. © 2016 Riva, Baños, Botella, Mantovani and Gaggioli.",2016,2026-05-15 02:03:03,2026-05-15 02:03:03,,,,SEP,7,,,,,,,,,,,,,,,,,Type: Review,<p>Cited by: 375; All Open Access; Gold Open Access; Green Open Access</p>,,,,,,,,,,,,,,,,,,,,,,,,,,,,,,,,,,,,,,,,,,,,,,,,,,,Scopus,pass,,Frontiers in Psychiatry,SJR,,Q1,Cat1 [Not VR / Out of Scope],Cat1 [Not VR / Out of Scope]::\baugmented reality\b | Cat1 [Not VR / Out of Scope]::\bar\b
KHSN39WY,journalArticle,2015,"Bleser, Gabriele; Damen, Dima; Behera, Ardhendu; Hendeby, Gustaf; Mura, Katharina; Miezal, Markus; Gee, Andrew; Petersen, Nils; Maçães, Gustavo; Domingues, Hugo; Gorecky, Dominic; Almeida, Luis; Mayol-Cuevas, Walterio; Calway, Andrew; Cohn, Anthony G.; Hogg, David C.; Stricker, Didier","Cognitive learning, monitoring and assistance of industrial workflows using egocentric sensor networks",PLoS ONE,,19326203,10.1371/journal.pone.0127769,https://www.scopus.com/pages/publications/84938704361?origin=resultslist,"Today, the workflows that are involved in industrial assembly and production activities are becoming increasingly complex. To efficiently and safely perform these workflows is demanding on the workers, in particular when it comes to infrequent or repetitive tasks. This burden on the workers can be eased by introducing smart assistance systems. This article presents a scalable concept and an integrated system demonstrator designed for this purpose. The basic idea is to learn workflows from observing multiple expert operators and then transfer the learnt workflow models to novice users. Being entirely learning-based, the proposed system can be applied to various tasks and domains. The above idea has been realized in a prototype, which combines components pushing the state of the art of hardware and software designed with interoperability in mind. The emphasis of this article is on the algorithms developed for the prototype: 1) fusion of inertial and visual sensor information from an on-body sensor network (BSN) to robustly track the user's pose in magnetically polluted environments; 2) learning-based computer vision algorithms to map the workspace, localize the sensor with respect to the workspace and capture objects, even as they are carried; 3) domain-independent and robust workflow recovery and monitoring algorithms based on spatiotemporal pairwise relations deduced from object and user movement with respect to the scene; and 4) context-sensitive augmented reality (AR) user feedback using a head-mounted display (HMD). A distinguishing key feature of the developed algorithms is that they all operate solely on data from the on-body sensor network and that no external instrumentation is needed. The feasibility of the chosen approach for the complete action-perception-feedback loop is demonstrated on three increasingly complex datasets representing manual industrial tasks. These limited size datasets indicate and highlight the potential of the chosen technology as a combined entity as well as point out limitations of the system. © 2015 Bleser et al. This is an open access article distributed under the terms of the Creative Commons Attribution License, which permits unrestricted use, distribution, and reproduction in any medium, provided the original author and source are credited.",2015,2026-05-15 02:03:04,2026-05-15 02:03:04,,,,6,10,,,,,,,,,,,,,,,,,Type: Article,<p>Cited by: 44; All Open Access; Gold Open Access; Green Open Access</p>,,,,,,,,,,,,,,,,,,,,,,,,,,,,,,,,,,,,,,,,,,,,,,,,,,,Scopus,pass,,PLOS ONE,SJR,,Q1,Cat1 [Not VR / Out of Scope],Cat1 [Not VR / Out of Scope]::\baugmented reality\b | Cat1 [Not VR / Out of Scope]::\bar\b
H9AZ95VZ,journalArticle,2017,"Birt, James; Moore, Emma; Cowling, Michael",Improving paramedic distance education through mobile mixed reality simulation,Australasian Journal of Educational Technology,,14495554,10.14742/ajet.3596,https://www.scopus.com/pages/publications/85036509620?origin=resultslist,"There is growing evidence that the use of simulation in teaching is a key means of improving learning, skills, and outcomes, particularly for practical skills. In the health sciences, the use of high-fidelity task trainers has been shown to be ideal for reducing cognitive load and leading to enhanced learning outcomes. However, how do we make these task trainers available to students studying at a distance? To answer this question, this paper presents results from the implementation and sustained testing of a mobile mixed reality intervention in an Australian distance paramedic science classroom. The context of this mobile mixed reality simulation study, provided through a user-supplied mobile phone incorporating 3D printing, virtual reality, and augmented reality, is skills acquisition in airways management, focusing on direct laryngoscopy with foreign body removal. The intervention aims to assist distance education learners in practising skills prior to attending mandatory residential schools, building a baseline equality between those students who study face to face and those at a distance. Outcomes from the study showed statistically significant improvements in the use of the simulation across several key performance indicators in the distance learners, but also demonstrated problems to overcome in the pedagogical method.",2017,2026-05-15 02:03:05,2026-05-15 02:03:05,,69 - 83,,6,33,,,,,,,,,,,,,,,,,Type: Article,<p>Cited by: 64; All Open Access; Gold Open Access; Green Open Access</p>,,,,,,,,,,,,,,,,,,,,,,,,,,,,,,,,,,,,,,,,,,,,,,,,,,,Scopus,pass,,Australasian Journal of Educational Technology,SJR,,Q1,Cat1 [Not VR / Out of Scope],Cat1 [Not VR / Out of Scope]::\baugmented reality\b | Cat1 [Not VR / Out of Scope]::\bmixed reality\b | Cat1 [Not VR / Out of Scope]::\bmobile phone\b
3PYCVZ8F,journalArticle,2016,"Serino, Silvia; Scarpina, Federica; Keizer, Anouk; Pedroli, Elisa; Dakanalis, Antonios; Castelnuovo, Gianluca; Chirico, Alice; Novelli, Margherita; Gaudio, Santino; Riva, Giuseppe",A novel technique for improving bodily experience in a non-operable super-super obesity case,Frontiers in Psychology,,16641078,10.3389/fpsyg.2016.00837,https://www.scopus.com/pages/publications/84979675916?origin=resultslist,"Introduction: The available clinical guidelines for super-super obese patients (i.e., with body mass index (BMI) > 60 kg/m2) that are not suitable for bariatric surgery mandate a palliative multidisciplinary treatment (i.e., production and maintenance of weight loss) provided in a center of excellence. However, the modality and the impact of this approach are still controversial. Moreover, it is not able to address the high level of body dissatisfaction and body distortions that are common among these patients.Clinical Presentation: We report the case of a non-operable super-super obesity - a 37 year old woman with a BMI of 62 kg/m2 - receiving a specialized treatment for her obstructive sleep apnea. She entered a multidisciplinary program that promoted healthy behaviors, including physical activities and psychological intervention. To improve body dissatisfaction, which was linked to a significant multisensory impairment of body perception, she also entered a virtual reality (VR) body-swapping illusion protocol. At the end of the current investigation, the patient continued her multidisciplinary program, reporting an increase in the motivation for undertaking healthy behavior and a decrease in the anxiety feelings associated with her clinical condition. Conclusion: This case provides preliminary evidence that both body dissatisfaction and body-size distortions of non-operable super-super obesity patients could be addressed by a VR body-swapping protocol, which is important because the palliative multidisciplinary treatment recommended for these patients is not able to address them. Interestingly, the use of a VR body-swapping illusion protocol seems to be able to improve not only the experience of the body in these patients but their motivation for change, too. © 2016 Serino, Scarpina, Keizer, Pedroli, Dakanalis, Castelnuovo, Chirico, Novelli, Gaudio and Riva.",2016,2026-05-15 02:03:05,2026-05-15 02:03:05,,,,JUN,7,,,,,,,,,,,,,,,,,Type: Article,<p>Cited by: 36; All Open Access; Gold Open Access; Green Open Access</p>,,,,,,,,,,,,,,,,,,,,,,,,,,,,,,,,,,,,,,,,,,,,,,,,,,,Scopus,pass,,Frontiers in Psychology,SJR,,Q1,Cat3 [Clinical / Medical],Cat3 [Clinical / Medical]::\bsurgery\b | Cat3 [Clinical / Medical]::\bpatient[s]?\b
C7YL3A5M,journalArticle,2015,"Highland, Krista B.; Costanzo, Michelle E.; Jovanovic, Tanja; Norrholm, Seth D.; Ndiongue, Rochelle B.; Reinhardt, Brian J.; Rothbaum, Barbara; Rizzo, Albert A.; Roy, Michael J.",Catecholamine responses to virtual combat: Implications for post-traumatic stress and dimensions of functioning,Frontiers in Psychology,,16641078,10.3389/fpsyg.2015.00256,https://www.scopus.com/pages/publications/84926460361?origin=resultslist,"Posttraumatic stress disorder (PTSD) symptoms can result in functional impairment among service members (SMs), even in those without a clinical diagnosis. The variability in outcomes may be related to underlying catecholamine mechanisms. Individuals with PTSD tend to have elevated basal catecholamine levels, though less is known regarding catecholamine responses to trauma-related stimuli. We assessed whether catecholamine responses to a virtual combat environment impact the relationship between PTSD symptom clusters and elements of functioning. Eighty-seven clinically healthy SMs, within 2 months after deployment to Iraq or Afghanistan, completed self-report measures, viewed virtual-reality (VR) combat sequences, and had sequential blood draws. Norepinephrine responses to VR combat exposure moderated the relationship between avoidance symptoms and scales of functioning including physical functioning, physical-role functioning, and vitality. Among those with high levels of avoidance, norepinephrine change was inversely associated with functional status, whereas a positive correlation was observed for those with low levels of avoidance. Our findings represent a novel use of a virtual environment to display combat-related stimuli to returning SMs to elucidate mind-body connections inherent in their responses. The insight gained improves our understanding of post-deployment symptoms and quality of life in SMs and may facilitate enhancements in treatment. Further research is needed to validate these findings in other populations and to define the implications for treatment effectiveness. © 2015 Highland, Costanzo, Jovanovic, Norrholm, Ndiongue, Reinhardt, Rothbaum, Rizzo and Roy.",2015,2026-05-15 02:03:09,2026-05-15 02:03:09,,,,MAR,6,,,,,,,,,,,,,,,,,Type: Article,<p>Cited by: 12; All Open Access; Gold Open Access; Green Open Access</p>,,,,,,,,,,,,,,,,,,,,,,,,,,,,,,,,,,,,,,,,,,,,,,,,,,,Scopus,pass,,Frontiers in Psychology,SJR,,Q1,Cat3 [Clinical / Medical],Cat3 [Clinical / Medical]::\bptsd\b | Cat3 [Clinical / Medical]::\bpost[- ]traumatic\s+stress\b
TRVV7H8B,journalArticle,2016,"Doná, F.; Aquino, C.C.; Gazzola, J.M.; Borges, V.; Silva, S.M.C.A.; Ganança, F.F.; Caovilla, H.H.; Ferraz, H.B.",Changes in postural control in patients with Parkinson's disease: a posturographic study,Physiotherapy (United Kingdom),,00319406,10.1016/j.physio.2015.08.009,https://www.scopus.com/pages/publications/84984889367?origin=resultslist,"Objectives Postural instability is one of the most disabling features in Parkinson's disease (PD), and often leads to falls that reduce mobility and functional capacity. The objectives of this study were to analyse the limit of stability (LOS) and influence of the manipulation of visual, somatosensorial and visual–vestibular information on postural control in patients with PD and healthy subjects. Design Cross-sectional. Setting Movement Disorders Unit, university setting. Participants Eighty-two subjects aged between 37 and 83 years: 41 with Parkinson's disease in the ‘on’ state and 41 healthy subjects with no neurological disorders. Both groups were matched in terms of sex and age. Main outcome measures Unified Parkinson's Disease Rating Scale (UPDRS)–motor score, modified Hoehn and Yahr staging, Dynamic Gait Index (DGI) and posturography with integrated virtual reality. The parameters analysed by posturography were LOS area, area of body centre of pressure excursion and balance functional reserve in the standing position in 10 conditions (open and closed eyes, unstable surface with eyes closed, saccadic and optokinetic stimuli, and visual–vestibular interaction). Results The mean UPDRS motor score and DGI score were 27 [standard deviation (SD) 14] and 21 (SD 3), respectively. Thirteen participants scored between 0 and 19 points, indicating major risk of falls. Posturographic assessment showed that patients with PD had significantly lower LOS area and balance functional reserve values, and greater body sway area in all posturographic conditions compared with healthy subjects. Conclusions Patients with PD have reduced LOS area and greater postural sway compared with healthy subjects. The deterioration in postural control was significantly associated with major risk of falls. © 2015 Chartered Society of Physiotherapy",2016,2026-05-15 02:03:09,2026-05-15 02:03:09,,272 - 279,,3,102,,,,,,,,,,,,,,,,,Type: Article,<p>Cited by: 79</p>,,,,,,,,,,,,,,,,,,,,,,,,,,,,,,,,,,,,,,,,,,,,,,,,,,,Scopus,pass,,Physiotherapy (United Kingdom),SJR,,Q1,Cat3 [Clinical / Medical],Cat3 [Clinical / Medical]::\bpatient[s]?\b
VKJWEUPC,journalArticle,2010,"Rinck, Mike; Rörtgen, Tobias; Lange, Wolf-Gero; Dotsch, Ron; Wigboldus, Daniël H. J.; Becker, Eni S.",Social anxiety predicts avoidance behaviour in virtual encounters,Cognition and Emotion,,02699931,10.1080/02699930903309268,https://www.scopus.com/pages/publications/77957736418?origin=resultslist,"Avoidant behaviour is critical in social anxiety and social phobia, being a major factor in the maintenance of anxiety. However, almost all previous studies of social avoidance were restricted to using self-reports for the study of intentional aspects of avoidance. In contrast, the current study used immersive virtual reality technology to measure interpersonal distance as an index of avoidance, an unintentional behavioural indicator. In a virtual supermarket, twenty-three female participants differing in social anxiety approached computer-generated persons (avatars) under the pretext of a cover story. During the task, different aspects of approach and avoidance were measured. The results confirmed the hypotheses: The more anxious participants were, the more slowly they approached the avatars, and the larger the distance they kept from the avatars. This indicates that even sub-phobic social anxiety is related to unintentional avoidance behaviour in social situations. © 2009 Psychology Press.",2010,2026-05-15 02:03:11,2026-05-15 02:03:11,,1269 - 1276,,7,24,,,,,,,,,,,,,,,,,Type: Article,<p>Cited by: 67</p>,,,,,,,,,,,,,,,,,,,,,,,,,,,,,,,,,,,,,,,,,,,,,,,,,,,Scopus,pass,,Cognition and Emotion,SJR,,Q1,Cat3 [Clinical / Medical],Cat3 [Clinical / Medical]::\bphobia\b
54HUINJ4,journalArticle,2013,"Pavlik, Valory; Massman, Paul; Barber, Robert; Doody, Rachelle",Differences in the association of peripheral insulin and cognitive function in non-diabetic Alzheimer's disease cases and normal controls,Journal of Alzheimer's Disease,,13872877,10.3233/JAD-121999,https://www.scopus.com/pages/publications/84874309040?origin=resultslist,"Insulin resistance increases the risk of cognitive impairment and dementia, but higher insulin levels may be cognitively protective after a diagnosis of Alzheimer's disease (AD). The role of peripheral insulin as a predictor of cognitive decline both before and after an AD diagnosis needs further elucidation. We studied 197 AD cases and 198 normal controls enrolled in the Texas Alzheimer's Research and Care Consortium. Standardized protocols were used to collect age, gender, education, body mass index (BMI), serum insulin (not restricted to fasting), hemoglobin A1c (HbA1c), lipids, smoking and cardiovascular disease history, and neuropsychological tests including Mini-Mental State Examination, American National Adult Reading Test (AMNART) errors, Controlled Word Association Test (COWAT), Boston Naming Test, Wechsler Memory Scale-Revised (WMSR) Digit Span, Trails A and B, WMSR Logical Memory (LM) I and II, and Visual Reproduction (VR) I and II. We used linear regression to test the contribution of log-transformed serum insulin to each score, adjusting for age, gender, education, and BMI. In the AD cases, higher serum insulin was associated with worse performance on the COWAT (p < 0.001) and Trails B (p = 0.04). In controls, higher serum insulin was associated with worse performance on the AMNART (p = 0.001), COWAT (p = 0.007), Digit Span (p = 0.004), LM I (p = 0.004), LM II (p = 0.009), and marginally with VR II (p = 0.076). Adjustment for HbA1c, APOE4, and cardiovascular disease, or restricting the sample to mild AD, did not alter these associations. In non-demented older individuals, higher peripheral insulin appears to be associated with worse cognitive performance in multiple domains, but is not a consistent predictor in AD cases. These findings indicate the need for additional research on the role of insulin in the transition between normal and impaired cognitive function. © 2013 - IOS Press and the authors. All rights reserved.",2013,2026-05-15 02:03:14,2026-05-15 02:03:14,,449 - 456,,2,34,,,,,,,,,,,,,,,,,Type: Article,<p>Cited by: 13</p>,,,,,,,,,,,,,,,,,,,,,,,,,,,,,,,,,,,,,,,,,,,,,,,,,,,Scopus,pass,,Journal of Alzheimer's Disease,SJR,,Q1,Cat3 [Clinical / Medical],Cat3 [Clinical / Medical]::\bdementia\b | Cat3 [Clinical / Medical]::\balzheimer\b
3ZSZFU2M,journalArticle,2012,"Mnatzaganian, George; Ryan, Philip; Norman, Paul E.; Davidson, David C.; Hiller, Janet E.",Use of routine hospital morbidity data together with weight and height of patients to predict in-hospital complications following total joint replacement,BMC Health Services Research,,14726963,10.1186/1472-6963-12-380,https://www.scopus.com/pages/publications/84868216161?origin=resultslist,"Background: Routinely collected data such as hospital morbidity data (HMD) are increasingly used in studying clinical outcomes among patients undergoing total joint replacement (TJR). These data are readily available and cover large populations. However, since these data were not originally collected for the purpose of health research, a rigorous assessment of their quality is required. We assessed the accuracy of the diagnosis of obesity in HMD and evaluated whether the augmentation of HMD with actual weight and height of patients could improve their ability to predict major in-hospital complications following total joint replacement in men. Methods. The electronic records of 857 participants in the Health In Men Study (HIMS) who had had TJR were linked with Western Australia HMD. HMD-recorded diagnosis of obesity was validated using the actual weight and height obtained from HIMS. In-hospital major complications were modelled using multivariable logistic regressions that either included the actual weight and height or HMD-recorded obesity. Model discrimination was calculated using area under ROC curve. Results: The HMD failed to detect 70% of the obese patients. Only 64 patients (7.5%) were recorded in HMD as obese although 216 (25%) were obese [BMI: ≥30kg/m<sup>2</sup>] (sensitivity: 0.2, positive predictive value: 0.7). Overall, 174 patients (20%) developed an in-hospital major complication which was significantly higher in the overweight and obese comparing with patients with normal weight. HMD-recorded obesity was not independently associated with major complications, whereas a dose-response relationship between weight and these complications was observed (P=0.004). Using the actual weight and height of the participants instead of HMD-recorded diagnosis of obesity improved model discrimination by 9%, with areas under ROC curve of: 0.69, 95% CI: 0.64-0.73 for the model with HMD-recorded obesity compared with 0.75, 95% CI: 0.70-0.79 for the model with actual weight and height, P<0.001. Conclusion: Body weight is an important risk factor for in-hospital complications in patients undergoing TJR. HMD systems do not include weight and height as variables whose recording is mandatory. Augmenting HMD with patients' weight and height may improve prediction of major complications following TJR. Our study suggests making these variables mandatory in any hospital morbidity data system. © 2012 Mnatzaganian et al.; licensee BioMed Central Ltd.",2012,2026-05-15 02:03:15,2026-05-15 02:03:15,,,,1,12,,,,,,,,,,,,,,,,,Type: Article,<p>Cited by: 8; All Open Access; Gold Open Access; Green Open Access</p>,,,,,,,,,,,,,,,,,,,,,,,,,,,,,,,,,,,,,,,,,,,,,,,,,,,Scopus,pass,,BMC Health Services Research,SJR,,Q1,Cat3 [Clinical / Medical],Cat3 [Clinical / Medical]::\bpatient[s]?\b
32EZRTCK,journalArticle,2012,"Levin, Mindy F.; Snir, Osnat; Liebermann, Dario G.; Weingarden, Harold; Weiss, Patrice L.",Virtual Reality Versus Conventional Treatment of Reaching Ability in Chronic Stroke: Clinical Feasibility Study,Neurology and Therapy,,21938253,10.1007/s40120-012-0003-9,https://www.scopus.com/pages/publications/84977119181?origin=resultslist,"Introduction: The objective of this study was to evaluate the potential of exercises performed in a 2D video-capture virtual reality (VR) training environment to improve upper limb motor ability in stroke patients compared to those performed in conventional therapy. Methods: A small sample randomized control trial, in an outpatient rehabilitation center with 12 patients with chronic stroke, aged 33-80 years, who were randomly allocated to video-capture VR therapy and conventional therapy groups. All patients participated in four clinical evaluation sessions (pre-test 1, pre-test 2, post-test, follow-up) and nine 45-minute intervention sessions over a 3-week period. Main outcomes assessed were Body Structure and Function (impairment: Fugl-Meyer Assessment [FMA]; Composite Spasticity Index [CSI]; Reaching Performance Scale for Stroke), Activity (Box and Blocks; Wolf Motor Function Test [WMFT]), and Participation (Motor Activity Log) levels of the International Classification of Functioning. Results: Improvements occurred in both groups, but more patients in the VR group improved upper limb clinical impairment (FMA, CSI) and activity scores (WMFT) and improvements occurred earlier. Patients in the VR group also reported satisfaction with the novel treatment. Conclusions: The modest advantage of VR over conventional training supports further investigation of the effect of video-capture VR or VR combined with conventional therapy in larger-scale randomized, more intense controlled studies. © 2012 The Author(s).",2012,2026-05-15 02:03:19,2026-05-15 02:03:19,,1 - 15,,1,1,,,,,,,,,,,,,,,,,Type: Article,<p>Cited by: 73; All Open Access; Gold Open Access</p>,,,,,,,,,,,,,,,,,,,,,,,,,,,,,,,,,,,,,,,,,,,,,,,,,,,Scopus,pass,,Neurology and Therapy,SJR,,Q1,Cat3 [Clinical / Medical],Cat3 [Clinical / Medical]::\brehabilitation\b | Cat3 [Clinical / Medical]::\bpatient[s]?\b
3XFWV2BD,journalArticle,2010,"Ustinova, K.I.; Perkins, J.; Szostakowski, L.; Tamkei, L.S.; Leonard, W.A.",Effect of viewing angle on arm reaching while standing in a virtual environment: Potential for virtual rehabilitation,Acta Psychologica,,00016918,10.1016/j.actpsy.2009.11.006,https://www.scopus.com/pages/publications/74149092178?origin=resultslist,"Functional arm movements, such as reaching while standing, are planned and executed according to our perception of body position in space and are relative to environmental objects. The angle under which the environment is observed is one component used in creating this perception. This suggests that manipulation of viewing angle may modulate whole body movement to affect performance. We tested this by comparing its effect on reaching in a virtually generated environment. Eleven young healthy individuals performed forward and lateral reaches in the virtual environment, presented on a flat screen in third-person perspective. Participants saw a computer-generated model (avatar) of themselves standing in a courtyard facing a semi-circular hedge with flowers. The image was presented in five different viewing angles ranging from seeing the avatar from behind (0°), to viewing from overhead (90°). Participants attempted to touch the furthest flower possible without losing balance or stepping. Kinematic data were collected to analyze endpoint displacement, arm-postural coordination and center of mass (COM) displacement. Results showed that reach distance was greatest with angular perspectives of approximately 45-77.5°, which are larger than those used in analogous real world situations. Larger reaches were characterized by increased involvement of leg and trunk body segments, altered inter-segmental coordination, and decreased inter-segmental movement time lag. Thus a viewing angle can be a critical visuomotor variable modulating motor coordination of the whole body and related functional performance. These results can be used in designing virtual reality games, in ergonomic design, teleoperation training, and in designing virtual rehabilitation programs that re-train functional movement in vulnerable individuals. © 2009 Elsevier B.V. All rights reserved.",2010,2026-05-15 02:03:20,2026-05-15 02:03:20,,180 - 190,,2,133,,,,,,,,,,,,,,,,,Type: Article,<p>Cited by: 36</p>,,,,,,,,,,,,,,,,,,,,,,,,,,,,,,,,,,,,,,,,,,,,,,,,,,,Scopus,pass,,Acta Psychologica,SJR,,Q1,Cat1 [Not VR / Out of Scope] | Cat3 [Clinical / Medical],Cat1 [Not VR / Out of Scope]::\bflat[- ]screen\b | Cat3 [Clinical / Medical]::\brehabilitation\b
T5PIRKZK,journalArticle,2013,"Rousian, M.; Hop, W.C.; Koning, A.H.J.; Van Der Spek, P.J.; Exalto, N.; Steegers, E.A.P.",First trimester brain ventricle fluid and embryonic volumes measured by three-dimensional ultrasound with the use of I-Space virtual reality,Human Reproduction,,02681161,10.1093/humrep/det035,https://www.scopus.com/pages/publications/84876573412?origin=resultslist,"Study Questio: NIs it possible to evaluate first trimester brain ventricle development in human pregnancies using an innovative virtual reality (VR) application and to analyze the relation of the embryonic volume (EV) and brain ventricle fluid volume (BVFV) with gestational age (GA), crown-rump length (CRL) and the Carnegie stage? Summary Answer: Volumetry and staging of the human embryo using a VR application make it possible to obtain unique information about in-vivo embryonic normal and abnormal development and about the sizes of the ventricles and body. What Is Known Already: Human brain development is complex and has a rapidly changing anatomy during the first trimester of pregnancy. New insights will enable early detection of cerebral pathology.STUDY Design: , SIZE, DURATIONIn a prospective cohort study, we weekly performed three-dimensional (3D) ultrasound examinations in 112 uncomplicated pregnancies between 6 + 0 and 12 + 6 weeks GA.MATERIALS, SETTING, METHODSThe examinations resulted in 696 3D ultrasound scans that were transferred to the I-Space VR system and analyzed using V-Scope volume rendering software. V-Scope is used to create a 'hologram' of the ultrasound image and allows depth perception and interaction with the rendered objects. The CRL measurements were performed with a tracing tool, and the volume measurements were automatically performed with a segmentation algorithm. The embryos were staged according to the internal and external characteristics of the Carnegie staging system. All longitudinal outcomes were analyzed using repeated measures ANOVA. Main Results and the Role of Chance: CRL could be measured in 91% of the datasets and ranged from 2.5 to 79.0 mm. EV could be measured in 66% of the datasets and ranged from 2.4 to 23 812.0 mm, whereas the BVFV could be measured in 38% of the datasets and ranged from 10.4 to 226.3 mm. Finally, in 74% of the datasets, the embryos were staged according to the Carnegie criteria, starting as early as stage 12. Reference charts of volumes versus GA, CRL and stage were constructed. There was no significant relationship between the CRL or EV and the birthweight.LIMITATIONS, REASONS FOR CAUTIONSThe low success rate is a limitation of this study that can be explained mainly by non-targeted scanning of the embryonic head. Wider Implications of the Findings: The I-Space VR system and the V-Scope software enable automatic EV and BVFV measurements and 3D observations of embryonic development in the first trimester. This allows in-vivo staging of human embryos based on both internal and external morphological characteristics. Study Funding, Competing Interests None. © 2013 The Author.",2013,2026-05-15 02:03:24,2026-05-15 02:03:24,,1181 - 1189,,5,28,,,,,,,,,,,,,,,,,Type: Article,<p>Cited by: 25</p>,,,,,,,,,,,,,,,,,,,,,,,,,,,,,,,,,,,,,,,,,,,,,,,,,,,Scopus,pass,,Human Reproduction,SJR,,Q1,Cat2 [Tech / Non-Empirical],Cat2 [Tech / Non-Empirical]::\bsegmentation\s+algorithm\b
45FLUYN9,journalArticle,2011,"Ting, Darren S.J.; Pollock, Alex; Dutton, Gordon N.; Doubal, Fergus N.; Ting, Daniel S.W.; Thompson, Michelle; Dhillon, Baljean",Visual Neglect Following Stroke: Current Concepts and Future Focus,Survey of Ophthalmology,,00396257,10.1016/j.survophthal.2010.08.001,https://www.scopus.com/pages/publications/79951524858?origin=resultslist,"Visual neglect is a common, yet frequently overlooked, neurological disorder following stroke characterized by a deficit in attention and appreciation of stimuli on the contralesional side of the body. It has a profound functional impact on affected individuals. A assessment and management of this condition are hindered, however, by the lack of professional awareness and clinical guidelines. Recent evidence suggests that the underlying deficit in visual attention is due to a disrupted internalized representation of the outer world rather than a disorder of sensory inputs. Dysfunction of the cortical domains and white-matter tracts, as well as inter-hemispheric imbalance, have been implicated in the various manifestations of visual neglect. Optimal diagnosis requires careful history-taking from the patient, family, and friends, in addition to clinical assessment with the line bisection test, the star cancellation test, and the Catherine Bergego Scale. Early recognition and prompt rehabilitation employing a multidisciplinary approach is desirable. Although no treatment has been definitively shown to be of benefit, those with promise include prism adaptation, visual scanning therapy, and virtual reality-based techniques. Further high quality research to seek optimum short- and long-term rehabilitative strategies for visual neglect is required. © 2011 Elsevier Inc.",2011,2026-05-15 02:03:24,2026-05-15 02:03:24,,114 - 134,,2,56,,,,,,,,,,,,,,,,,Type: Review,<p>Cited by: 71</p>,,,,,,,,,,,,,,,,,,,,,,,,,,,,,,,,,,,,,,,,,,,,,,,,,,,Scopus,pass,,Survey of Ophthalmology,SJR,,Q1,Cat3 [Clinical / Medical],Cat3 [Clinical / Medical]::\brehabilitation\b | Cat3 [Clinical / Medical]::\bpatient[s]?\b | Cat3 [Clinical / Medical]::\bneurological\s+(?:disorder|condition|rehabilitation|disease)\b
JJFC2LS4,journalArticle,2010,"Walker, Martha L.; Ringleb, Stacie I.; Maihafer, George C.; Walker, Robert; Crouch, Jessica R.; Van Lunen, Bonnie; Morrison, Steven",Virtual Reality-Enhanced Partial Body Weight-Supported Treadmill Training Poststroke: Feasibility and Effectiveness in 6 Subjects,Archives of Physical Medicine and Rehabilitation,,00039993,10.1016/j.apmr.2009.09.009,https://www.scopus.com/pages/publications/73049097932?origin=resultslist,"Walker ML, Ringleb SI, Maihafer GC, Walker R, Crouch JR, Van Lunen B, Morrison S. Virtual reality-enhanced partial body weight-supported treadmill training poststroke: feasibility and effectiveness in 6 subjects. Objective: To determine whether the use of a low-cost virtual reality (VR) system used in conjunction with partial body weight-supported treadmill training (BWSTT) was feasible and effective in improving the walking and balance abilities of patients poststroke. Design: A before-after comparison of a single group with BWSTT intervention. Setting: University research laboratory. Participants: A convenience sample of 7 adults who were within 1 year poststroke and who had completed traditional rehabilitation but still exhibited gait deficits. Six participants completed the study. Intervention: Twelve treatment sessions of BWSTT with VR. The VR system generated a virtual environment that showed on a television screen in front of the treadmill to give participants the sensation of walking down a city street. A head-mounted position sensor provided postural feedback. Main Outcome Measures: Functional Gait Assessment (FGA) score, Berg Balance Scale (BBS) score, and overground walking speed. Results: One subject dropped out of the study. All other participants made significant improvements in their ability to walk. FGA scores increased from mean of 13.8 to 18. BBS scores increased from mean of 43.8 to 48.8, although a ceiling effect was seen for this test. Overground walking speed increased from mean of .49m/s to .68m/s. Conclusions: A low-cost VR system combined with BWSTT is feasible for improved gait and balance of patients poststroke. © 2010 American Congress of Rehabilitation Medicine.",2010,2026-05-15 02:03:27,2026-05-15 02:03:27,,115 - 122,,1,91,,,,,,,,,,,,,,,,,Type: Article,<p>Cited by: 84</p>,,,,,,,,,,,,,,,,,,,,,,,,,,,,,,,,,,,,,,,,,,,,,,,,,,,Scopus,pass,,Archives of Physical Medicine and Rehabilitation,SJR,,Q1,Cat3 [Clinical / Medical],Cat3 [Clinical / Medical]::\brehabilitation\b | Cat3 [Clinical / Medical]::\bpatient[s]?\b
SMTD3QLI,journalArticle,2009,"Morris, G. Stephen; Gallagher, Gail H.; Baxter, Mary F.; Brueilly, Kevin E.; Scheetz, Janet S.; Ahmed, Maaheen M.; Shannon, Vickie R.",Pulmonary Rehabilitation Improves Functional Status in Oncology Patients,Archives of Physical Medicine and Rehabilitation,,00039993,10.1016/j.apmr.2008.12.005,https://www.scopus.com/pages/publications/65249146067?origin=resultslist,"Morris GS, Gallagher GH, Baxter MF, Brueilly KE, Scheetz JS, Ahmed MM, Shannon VR. Pulmonary rehabilitation improves functional status in oncology patients. Objective: To determine if participation in a pulmonary rehabilitation (PR) program improved the functional and physiologic status of oncology patients with chronic symptoms of shortness of breath, fatigue, and/or exercise intolerance. Design: Retrospective chart review. Setting: Comprehensive cancer center. Patients: Oncology patients (N=30) (either a solid or a hematologic malignancy) with chronic dyspnea, exercise intolerance, and/or decreased functional status who had participated in an outpatient PR program. Interventions: The PR program used an individualized, progressive aerobic exercise program (2-3 sessions/wk for 8-12 weeks) that consisted of treadmill walking, riding on a bicycle ergometer and exercising on a sliding board. This program also included a didactic educational and psychosocial component. Main Outcome Measures: Functional status and exercise tolerance was assessed by the 6-minute walk test (6MWT) conducted at the beginning and end of the program. Self reports of perceived exertion and dyspnea were collected during and after these tests. Physiologic status was assessed by calculating 6-minute walk work (body mass × 6-minute walk distance). Results: Participation in the outpatient PR program significantly increased the 6-minute walk distance (21%, P<.05) and 6-minute walk work (17%, P<.05). Dyspnea and perceived exertion scores were similar at the pre- and postrehabilitation 6MWT despite the greater physiologic demand of the post-rehabilitation 6-minute walk. No adverse events occurred during the study. Conclusions: The current study, although limited in size, suggests that participation in a comprehensive outpatient PR program is safe and of benefit in a heterogeneous population of oncology patients with pulmonary symptoms. © 2009 American Congress of Rehabilitation Medicine.",2009,2026-05-15 02:03:28,2026-05-15 02:03:28,,837 - 841,,5,90,,,,,,,,,,,,,,,,,Type: Article,<p>Cited by: 22</p>,,,,,,,,,,,,,,,,,,,,,,,,,,,,,,,,,,,,,,,,,,,,,,,,,,,Scopus,pass,,Archives of Physical Medicine and Rehabilitation,SJR,,Q1,Cat3 [Clinical / Medical],Cat3 [Clinical / Medical]::\brehabilitation\b | Cat3 [Clinical / Medical]::\bpatient[s]?\b
QQUBEZAR,journalArticle,2010,"Gutiérrez-Maldonado, José; Ferrer-García, Marta; Caqueo-Urízar, Alejandra; Moreno, Elena",Body image in eating disorders: The influence of exposure to virtual-reality environments,"Cyberpsychology, Behavior, and Social Networking",,21522715,10.1089/cyber.2009.0301,https://www.scopus.com/pages/publications/77958160912?origin=resultslist,"The aim of this article was to study the effect of virtual-reality exposure to situations that are emotionally significant for patients with eating disorders (ED) on the stability of body-image distortion and body-image dissatisfaction. A total of 85 ED patients and 108 non-ED students were randomly exposed to four experimental virtual environments: a kitchen with low-calorie food, a kitchen with high-calorie food, a restaurant with low-calorie food, and a restaurant with high-calorie food. In the interval between the presentation of each situation, body-image distortion and body-image dissatisfaction were assessed. Several 2 × 2 × 2 repeated measures analyses of variance (high-calorie vs. low-calorie food × presence vs. absence of people × ED group vs. control group) showed that ED participants had significantly higher levels of body-image distortion and body dissatisfaction after eating high-calorie food than after eating low-calorie food, while control participants reported a similar body image in all situations. The results suggest that body-image distortion and body-image dissatisfaction show both trait and state features. On the one hand, ED patients show a general predisposition to overestimate their body size and to feel more dissatisfied with their body image than controls. On the other hand, these body-image disturbances fluctuate when participants are exposed to virtual situations that are emotionally relevant for them. © Copyright 2010, Mary Ann Liebert, Inc.",2010,2026-05-15 02:03:31,2026-05-15 02:03:31,,521 - 531,,5,13,,,,,,,,,,,,,,,,,Type: Article,<p>Cited by: 50; All Open Access; Green Open Access</p>,,,,,,,,,,,,,,,,,,,,,,,,,,,,,,,,,,,,,,,,,,,,,,,,,,,Scopus,pass,,"Cyberpsychology, Behavior, and Social Networking",SJR,,Q1,Cat3 [Clinical / Medical],Cat3 [Clinical / Medical]::\bpatient[s]?\b
TVWT5H5G,journalArticle,2007,"Subramanian, Sandeep; Knaut, Luiz A.; Beaudoin, Christian; McFadyen, Bradford J.; Feldman, Anatol G.; Levin, Mindy F.",Virtual reality environments for post-stroke arm rehabilitation,Journal of NeuroEngineering and Rehabilitation,,17430003,10.1186/1743-0003-4-20,https://www.scopus.com/pages/publications/34447502329?origin=resultslist,Introduction. Optimal practice and feedback elements are essential requirements for maximal motor recovery in patients with motor deficits due to central nervous system lesions. Methods. A virtual environment (VE) was created that incorporates practice and feedback elements necessary for maximal motor recovery. It permits varied and challenging practice in a motivating environment that provides salient feedback. Results. The VE gives the user knowledge of results feedback about motor behavior and knowledge of performance feedback about the quality of pointing movements made in a virtual elevator. Movement distances are related to length of body segments. Conclusion. We describe an immersive and interactive experimental protocol developed in a virtual reality environment using the CAREN system. The VE can be used as a training environment for the upper limb in patients with motor impairments. © 2007 Subramanian et al; licensee BioMed Central Ltd.,2007,2026-05-15 02:03:32,2026-05-15 02:03:32,,,,,4,,,,,,,,,,,,,,,,,Type: Article,<p>Cited by: 114; All Open Access; Gold Open Access; Green Open Access</p>,,,,,,,,,,,,,,,,,,,,,,,,,,,,,,,,,,,,,,,,,,,,,,,,,,,Scopus,pass,,Journal of NeuroEngineering and Rehabilitation,SJR,,Q1,Cat3 [Clinical / Medical],Cat3 [Clinical / Medical]::\brehabilitation\b | Cat3 [Clinical / Medical]::\bpatient[s]?\b
6JS252NC,journalArticle,2010,"Ricci, Natalia A.; Aratani, Mayra C.; Doná, Flávia; Macedo, Camila; Caovilla, Heloísa H.; Ganança, Fernando F.",A systematic review about the effects of the vestibular rehabilitation in middle-age and older adults; [Revisão sistemática sobre os efeitos da reabilitação vestibular em adultos de meia-idade e idosos],Revista Brasileira de Fisioterapia,,14133555,10.1590/s1413-35552010000500003,https://www.scopus.com/pages/publications/78649931159?origin=resultslist,"Objective: To summarize the results of clinical trials on vestibular rehabilitation (VR) in middle-aged and elderly people with vestibular disorders. Methods: A search for relevant trials was performed in the databases LILACS, EMBASE, MEDLINE, SciELO, Cochrane, ISI Web of Knowledge and virtual libraries of theses and dissertations. Randomized controlled trials published in the last 10 years and written in English, Portuguese or Spanish were included. The methodological quality of the studies was assessed by the PEDro scale. Results from the included studies were analyzed through a critical review of content. Results: Nine studies were included in the review. Four studies reported on participants aged over 40 years (middle-aged and elderly) and fi ve studies consisted exclusively of elderly subjects (over 60 years). Findings of vestibular dysfunction were diverse and the most common complaints were body imbalance or postural instability (3 studies), and vertigo or dizziness (3 studies). The Visual Analogue Scale (VAS) was the most commonly used instrument to assess subjective perception of symptoms of vestibular dysfunction (4 studies). According to the PEDro scale, four studies were considered to be of good quality. The most common experimental intervention was the Cawthorne & Cooksey protocol (4 studies). For most outcome measures, the studies comparing VR with another type of intervention showed no differences between the groups after the therapy. Conclusions: The studies included in this review provide evidence for the positive effects of VR in elderly and middle-aged adults with vestibular disturbances.",2010,2026-05-15 02:03:46,2026-05-15 02:03:46,,361 - 371,,5,14,,,,,,,,,,,,,,,,,Type: Review,<p>Cited by: 66; All Open Access; Green Open Access; Hybrid Gold Open Access</p>,,,,,,,,,,,,,,,,,,,,,,,,,,,,,,,,,,,,,,,,,,,,,,,,,,,Scopus,pass,,Brazilian Journal of Physical Therapy,SJR,,Q1,Cat3 [Clinical / Medical],Cat3 [Clinical / Medical]::\brehabilitation\b
8DA89AA6,journalArticle,2010,"Andreatta, Pamela B.; Maslowski, Eric; Petty, Sean; Shim, Woojin; Marsh, Michael; Hall, Theodore; Stern, Susan; Frankel, Jen",Virtual reality triage training provides a viable solution for disaster-preparedness,Academic Emergency Medicine,,10696563,10.1111/j.1553-2712.2010.00728.x,https://www.scopus.com/pages/publications/77955732236?origin=resultslist,"Objectives: The objective of this study was to compare the relative impact of two simulation-based methods for training emergency medicine (EM) residents in disaster triage using the Simple Triage and Rapid Treatment (START) algorithm, full-immersion virtual reality (VR), and standardized patient (SP) drill. Specifically, are there differences between the triage performances and posttest results of the two groups, and do both methods differentiate between learners of variable experience levels? Methods: Fifteen Postgraduate Year 1 (PGY1) to PGY4 EM residents were randomly assigned to two groups: VR or SP. In the VR group, the learners were effectively surrounded by a virtual mass disaster environment projected on four walls, ceiling, and floor and performed triage by interacting with virtual patients in avatar form. The second group performed likewise in a live disaster drill using SP victims. Setting and patient presentations were identical between the two modalities. Resident performance of triage during the drills and knowledge of the START triage algorithm pre/post drill completion were assessed. Analyses included descriptive statistics and measures of association (effect size). Results: The mean pretest scores were similar between the SP and VR groups. There were no significant differences between the triage performances of the VR and SP groups, but the data showed an effect in favor of the SP group performance on the posttest. Conclusions: Virtual reality can provide a feasible alternative for training EM personnel in mass disaster triage, comparing favorably to SP drills. Virtual reality provides flexible, consistent, on-demand training options, using a stable, repeatable platform essential for the development of assessment protocols and performance standards. © 2010 by the Society for Academic Emergency Medicine.",2010,2026-05-15 02:03:47,2026-05-15 02:03:47,,870 - 876,,8,17,,,,,,,,,,,,,,,,,Type: Article,<p>Cited by: 152; All Open Access; Bronze Open Access; Green Open Access</p>,,,,,,,,,,,,,,,,,,,,,,,,,,,,,,,,,,,,,,,,,,,,,,,,,,,Scopus,pass,,Academic Emergency Medicine,SJR,,Q1,Cat3 [Clinical / Medical],Cat3 [Clinical / Medical]::\bpatient[s]?\b
KCXSMUA8,journalArticle,2013,"Schafer, Amanda Y; Ustinova, Ksenia I",Does use of a virtual environment change reaching while standing in patients with traumatic brain injury?,Journal of NeuroEngineering and Rehabilitation,,17430003,10.1186/1743-0003-10-76,https://www.scopus.com/pages/publications/84880086200?origin=resultslist,"Background: Although numerous virtual reality applications have been developed for sensorimotor retraining in neurologically impaired individuals, it is unclear whether the virtual environment (VE) changes motor performance, especially in patients with brain injuries. To address this question, the movement characteristics of forward arm reaches during standing were compared in physical and virtual environments, presented at different viewing angles. Methods. Fifteen patients with traumatic brain injuries (TBI) and 15 sex- and age-matched healthy individuals performed virtual reaches in a computer-generated courtyard with a flower-topped hedge. The hedge was projected on a flat screen and viewed in 3D format in 1 of 3 angles: 10° above horizon (resembling a real-world viewing angle), 50° above horizon, or 90° above horizon (directly overhead). Participants were instructed to reach with their dominant hand avatar and to touch the farthest flower possible without losing their balance or stepping. Virtual reaches were compared with reaches-to-point to a target in an equivalent physical environment. A set of kinematic parameters was used. Results: Reaches by patients with TBI were characterized by shorter distances, lower peak velocities, and smaller postural displacements than reaches by control individuals. All participants reached ∼9% farther in the VE presented at a 50° angle than they did in the physical environment. Arm displacement in the more natural 10° angle VE was reduced by the same 9-10% compared to physical reaches. Virtual reaches had smaller velocity peaks and took longer than physical reaches. Conclusion: The results suggest that visual perception in the VE differs from real-world perception and the performance of functional tasks (e.g., reaching while standing) can be changed in TBI patients, depending on the viewing angle. Accordingly, the viewing angle is a critical parameter that should be adjusted carefully to achieve maximal therapeutic effect during practice in the VE. © 2013 Schafer and Ustinova; licensee BioMed Central Ltd.",2013,2026-05-15 02:03:48,2026-05-15 02:03:48,,,,1,10,,,,,,,,,,,,,,,,,Type: Article,<p>Cited by: 9; All Open Access; Gold Open Access; Green Open Access</p>,,,,,,,,,,,,,,,,,,,,,,,,,,,,,,,,,,,,,,,,,,,,,,,,,,,Scopus,pass,,Journal of NeuroEngineering and Rehabilitation,SJR,,Q1,Cat1 [Not VR / Out of Scope] | Cat3 [Clinical / Medical],Cat1 [Not VR / Out of Scope]::\bflat[- ]screen\b | Cat3 [Clinical / Medical]::\bpatient[s]?\b
ARL4SKMT,journalArticle,2013,"Giggins, Oonagh M.; Persson, Ulrik McCarthy; Caulfield, Brian",Biofeedback in rehabilitation,Journal of NeuroEngineering and Rehabilitation,,17430003,10.1186/1743-0003-10-60,https://www.scopus.com/pages/publications/84879059297?origin=resultslist,"This paper reviews the literature relating to the biofeedback used in physical rehabilitation. The biofeedback methods used in rehabilitation are based on biomechanical measurements and measurements of the physiological systems of the body. The physiological systems of the body which can be measured to provide biofeedback are the neuromuscular system, the respiratory system and the cardiovascular system. Neuromuscular biofeedback methods include electromyography (EMG) biofeedback and real-time ultrasound imaging (RTUS) biofeedback. EMG biofeedback is the most widely investigated method of biofeedback and appears to be effective in the treatment of many musculoskeletal conditions and in post cardiovascular accident (CVA) rehabilitation. RTUS biofeedback has been demonstrated effective in the treatment of low back pain (LBP) and pelvic floor muscle dysfunction. Cardiovascular biofeedback methods have been shown to be effective in the treatment of a number of health conditions such as hypertension, heart failure, asthma, fibromyalgia and even psychological disorders however a systematic review in this field has yet to be conducted. Similarly, the number of large scale studies examining the use of respiratory biofeedback in rehabilitation is limited. Measurements of movement, postural control and force output can be made using a number of different devices and used to deliver biomechanical biofeedback. Inertial based sensing biofeedback is the most widely researched biomechanical biofeedback method, with a number of studies showing it to be effective in improving measures of balance in a number of populations. Other types of biomechanical biofeedback include force plate systems, electrogoniometry, pressure biofeedback and camera based systems however the evidence for these is limited. Biofeedback is generally delivered using visual displays, acoustic or haptic signals, however more recently virtual reality (VR) or exergaming technology have been used as biofeedback signals. VR and exergaming technology have been primarily investigated in post-CVA rehabilitation, however, more recent work has shown this type of biofeedback to be effective in improving exercise technique in musculoskeletal populations. While a number of studies in this area have been conducted, further large scale studies and reviews investigating different biofeedback applications in different clinical populations are required. © 2013 Giggins et al.; licensee BioMed Central Ltd.",2013,2026-05-15 02:03:50,2026-05-15 02:03:50,,,,1,10,,,,,,,,,,,,,,,,,Type: Review,<p>Cited by: 586; All Open Access; Gold Open Access; Green Open Access</p>,,,,,,,,,,,,,,,,,,,,,,,,,,,,,,,,,,,,,,,,,,,,,,,,,,,Scopus,pass,,Journal of NeuroEngineering and Rehabilitation,SJR,,Q1,Cat3 [Clinical / Medical],Cat3 [Clinical / Medical]::\brehabilitation\b
N8ZDGLMX,journalArticle,2001,"Rothbaum, B.O.; Hodges, L.F.; Ready, D.; Graap, K.; Alarcon, R.D.",Virtual reality exposure therapy for Vietnam veterans with posttraumatic stress disorder,Journal of Clinical Psychiatry,,01606689,10.4088/JCP.v62n0808,https://www.scopus.com/pages/publications/0034856695?origin=resultslist,"Background: Virtual reality (VR) integrates real-time computer graphics, body-tracking devices, visual displays, and other sensory input devices to immerse a participant in a computer-generated virtual environment that changes in a natural way with head and body motion. VR exposure (VRE) is proposed as an alternative to typical imaginal exposure treatment for Vietnam combat veterans with posttraumatic stress disorder (PTSD). Method: This report presents the results of an open clinical trial using VRE to treat Vietnam combat veterans who have DSM-IV PTSD. In 8 to 16 sessions, 10 male patients were exposed to 2 virtual environments: a virtual Huey helicopter flying over a virtual Vietnam and a clearing surrounded by jungle. Results: Clinician-rated PTSD symptoms as measured by the Clinician Administered PTSD Scale, the primary outcome measure, at 6-month follow-up indicated an overall statistically significant reduction from baseline (p = .0021) in symptoms associated with specific reported traumatic experiences. All 8 participants interviewed at the 6-month follow-up reported reductions in PTSD symptoms ranging from 15% to 67%. Significant decreases were seen in all 3 symptom clusters (p < .02). Patient self-reported intrusion symptoms as measured by the Impact of Event Scale were significantly lower (p < .05) at 3 months than at baseline but not at 6 months, although there was a clear trend toward fewer intrusive thoughts and somewhat less avoidance. Conclusion: Virtual reality exposure therapy holds promise for treating PTSD in Vietnam veterans.",2001,2026-05-15 02:03:51,2026-05-15 02:03:51,,617 - 622,,8,62,,,,,,,,,,,,,,,,,Type: Article,<p>Cited by: 434</p>,,,,,,,,,,,,,,,,,,,,,,,,,,,,,,,,,,,,,,,,,,,,,,,,,,,Scopus,pass,,Journal of Clinical Psychiatry,SJR,,Q1,Cat3 [Clinical / Medical],Cat3 [Clinical / Medical]::\bexposure\s+therapy\b | Cat3 [Clinical / Medical]::\bpatient[s]?\b | Cat3 [Clinical / Medical]::\bclinical\s+(?:trial|study|outcome|setting|population)\b | Cat3 [Clinical / Medical]::\bptsd\b
5WLG5P6A,journalArticle,2007,"Gregg, Lynsey; Tarrier, Nicholas",Virtual reality in mental health. A review of the literature,Social Psychiatry and Psychiatric Epidemiology,,09337954,10.1007/s00127-007-0173-4,https://www.scopus.com/pages/publications/34248674090?origin=resultslist,"Background: Several virtual reality (VR) applications for the understanding, assessment and treatment of mental health problems have been developed in the last 10 years. The purpose of this review is to outline the current state of virtual reality research in the treatment of mental health problems. Methods: PubMed and PsycINFO were searched for all articles containing the words ""virtual reality"". In addition a manual search of the references contained in the papers resulting from this search was conducted and relevant periodicals were searched. Studies reporting the results of treatment utilizing VR in the mental health field and involving at least one patient were identified. Results: More than 50 studies using VR were identified, the majority of which were case studies. Seventeen employed a between groups design: 4 involved patients with fear of flying; 3 involved patients with fear of heights; 3 involved patients with social phobia/public speaking anxiety; 2 involved people with spider phobia; 2 involved patients with agoraphobia; 2 involved patients with body image disturbance and 1 involved obese patients. There are both advantages in terms of delivery and disadvantages in terms of side effects to using VR. Although virtual reality based therapy appears to be superior to no treatment the effectiveness of VR therapy over traditional therapeutic approaches is not supported by the research currently available. Conclusions: There is a lack of good quality research on the effectiveness of VR therapy. Before clinicians will be able to make effective use of this emerging technology greater emphasis must be placed on controlled trials with clinically identified populations. © Springer-Verlag 2007.",2007,2026-05-15 02:03:53,2026-05-15 02:03:53,,343 - 354,,5,42,,,,,,,,,,,,,,,,,Type: Review,<p>Cited by: 247</p>,,,,,,,,,,,,,,,,,,,,,,,,,,,,,,,,,,,,,,,,,,,,,,,,,,,Scopus,pass,,Social Psychiatry and Psychiatric Epidemiology,SJR,,Q1,Cat3 [Clinical / Medical],Cat3 [Clinical / Medical]::\bpatient[s]?\b | Cat3 [Clinical / Medical]::\bphobia\b
YW3SCTNE,journalArticle,2001,"Miller, Karol",How to test very soft biological tissues in extension?,Journal of Biomechanics,,00219290,10.1016/S0021-9290(00)00236-0,https://www.scopus.com/pages/publications/0035062949?origin=resultslist,"Mechanical properties of very soft tissues, such as brain, liver and kidney, until recently have largely escaped the attention of researchers because these tissues do not bear mechanical loads. However, developments in Computer-Integrated and Robot-Aided Surgery - in particular, the emergence of automatic surgical tools and robots - as well as advances in Virtual Reality techniques, require closer examination of the mechanical properties of very soft tissues and, ultimately, the construction of corresponding, realistic mathematical models. A body of knowledge about mechanical properties of very soft tissues, assembled in recent years, has been almost exclusively based on the results of compression, indentation and impact tests. There are no results of tensile tests available. This state of affairs, in the author's opinion, is caused by the lack of analytical solution relating a measured quantity - machine head displacement - to strain in simple extension experiments of cylindrical samples with low aspect ratio. In the paper this important solution is presented. The theoretical solution obtained is valid for isotropic, incompressible materials for moderate deformations (<30%) when it can be assumed that planes initially perpendicular to the direction of applied extension remain plane. Two astonishing results are obtained: (i) deformed shape of a cylindrical sample subjected to uniaxial extension is independent on the form of constitutive law, (ii) vertical extension in the plane of symmetry λ<sub>z</sub> is proportional to the total change of height for strains as large as 30%. The importance and relevance of these results to testing procedures in Biomechanics is highlighted. Copyright © 2001 Elsevier Science Ltd.",2001,2026-05-15 02:03:56,2026-05-15 02:03:56,,651 - 657,,5,34,,,,,,,,,,,,,,,,,Type: Article,<p>Cited by: 96</p>,,,,,,,,,,,,,,,,,,,,,,,,,,,,,,,,,,,,,,,,,,,,,,,,,,,Scopus,pass,,Journal of Biomechanics,SJR,,Q1,Cat3 [Clinical / Medical],Cat3 [Clinical / Medical]::\bsurgery\b
NA3C76RZ,journalArticle,2000,"Hubbold, Roger; Keates, Martin",Real-time simulation of a stretcher evacuation in a large-scale virtual environment,Computer Graphics Forum,,01677055,10.1111/1467-8659.00449,https://www.scopus.com/pages/publications/0034197580?origin=resultslist,"This paper presents a case study of navigation and manipulation in a large, geometrically complex, virtual environment representing an off-shore gas platform. Our approach is based on a combined force-field navigation and collision detection algorithm. After describing the basic algorithm, we extend and apply it to a real-time simulation of two avatars carrying a third avatar on a stretcher. The extensions include a probing technique, using a virtual foot and simulated gravity, to permit ascending and descending stairs and ladders. A set of constraints between the stretcher and avatars enforces realistic lifting positions. The simulation is controlled interactively with a hand-held 3D mouse. The force fields assist the user in manoeuvring through tight spaces, while collision detection guarantees that neither the stretcher nor the avatars can pass through obstructions, such as pipe-work or hand-rails. Results are presented for a case study of a complete simulation running on a PC with a moderately fast 3D graphics card. These demonstrate that the method delivers a useful frame rate for the off-shore gas platform.",2000,2026-05-15 02:03:56,2026-05-15 02:03:56,,123 - 134,,2,19,,,,,,,,,,,,,,,,,Type: Article,<p>Cited by: 9</p>,,,,,,,,,,,,,,,,,,,,,,,,,,,,,,,,,,,,,,,,,,,,,,,,,,,Scopus,pass,,Computer Graphics Forum,SJR,,Q1,Cat2 [Tech / Non-Empirical],Cat2 [Tech / Non-Empirical]::\bframe\s+rate\b
YEF3H2BK,journalArticle,1997,"Nagata, Noriko; Dobashi, Toshimasa; Manabe, Yoshitsugu; Usami, Teruo; Inokuchi, Seiji",Modeling and visualization for a pearl-quality evaluation simulator,IEEE Transactions on Visualization and Computer Graphics,,10772626,10.1109/2945.646234,https://www.scopus.com/pages/publications/0031250619?origin=resultslist,"Visual simulation using CG and VR has attracted wide attention in the machine vision field. This paper proposes a method of modeling and visualizing pearls that will be the central technique of a pearl-quality evaluation simulator. Pearls manifest a very specific optical phenomenon that is not dependent on the direction of the light source. To investigate this feature, we propose a physical model, called an ""illuminant model,"" for multilayer film interference considering the multiple reflection in spherical bodies. The rendering algorithm has been configured from such representations of physical characteristics as interference, mirroring, and texture, which correspond, respectively, to the sense of depth, brightness, and grain that are the main evaluation factors obtained from psychological experiments. Further, portions of photos of real pearls and the images generated by the present method were evaluated based on a scale of psychological evaluations of ""pearl-like quality,"" demonstrating, thereby, that not merely the generated images as a whole, but the respective parts of images can present such a pearl-like quality. © 1997 IEEE.",1997,2026-05-15 02:03:56,2026-05-15 02:03:56,,307 - 315,,4,3,,,,,,,,,,,,,,,,,Type: Article,<p>Cited by: 35</p>,,,,,,,,,,,,,,,,,,,,,,,,,,,,,,,,,,,,,,,,,,,,,,,,,,,Scopus,pass,,IEEE Transactions on Visualization and Computer Graphics,SJR,,Q1,Cat2 [Tech / Non-Empirical],Cat2 [Tech / Non-Empirical]::\brendering\s+(?:algorithm|engine|pipeline|technique|performance)\b
E4FQYKG5,journalArticle,1997,"Maguire, Eleanor A.",The cerebral representation of space: Insights from functional imaging data,Trends in Cognitive Sciences,,13646613,10.1016/S1364-6613(97)01011-5,https://www.scopus.com/pages/publications/0002790499?origin=resultslist,"Functional imaging techniques, such as positron emission tomography and functional magnetic resonance imaging, present a unique opportunity to examine, in humans, the cerebral representation of space in vivo. Space is ubiquitous and not a unitary phenomenon, and the brain uses visual, vestibular and proprioceptive inputs to produce multiple representations of space subserving spatial cognition, ranging from gaze control to remembering multiple complex large-scale environments. Functional imaging studies have shown the importance of the parietal cortex in perceptual, motor, attention and working memory aspects of body-centred human spatial cognition. Functional imaging has also revealed pathways in humans homologous to those found in monkeys for the separate processing of spatial location and object identity. There are further suggestions of similar differentiation in working memory. The importance of the medial temporal region in the recall of spatial location has been confirmed also and novel virtual reality paradigms are now providing insights into the cerebral representation of spatially-extended large-scale environments. We still have much to learn about the cerebral representation of space in the human brain and functional brain imaging, in concert with patient studies and animal models, will allow us to continue investigating.",1997,2026-05-15 02:03:56,2026-05-15 02:03:56,,62 - 68,,2,1,,,,,,,,,,,,,,,,,Type: Review,<p>Cited by: 7</p>,,,,,,,,,,,,,,,,,,,,,,,,,,,,,,,,,,,,,,,,,,,,,,,,,,,Scopus,pass,,Trends in Cognitive Sciences,SJR,,Q1,Cat3 [Clinical / Medical],Cat3 [Clinical / Medical]::\bpatient[s]?\b
CT7LTT44,journalArticle,2000,"Hoffman, Hunter G.; Patterson, David R.; Carrougher, Gretchen J.",Use of virtual reality for adjunctive treatment of adult burn pain during physical therapy: A controlled study,Clinical Journal of Pain,,07498047,10.1097/00002508-200009000-00010,https://www.scopus.com/pages/publications/0033825538?origin=resultslist,"Objective: The pain experienced by burn patients during physical therapy range of motion exercises can be extreme and can discourage patients from complying with their physical therapy. We explored the novel use of immersive virtual reality (VR) to distract patients from pain during physical therapy. Setting: This study was conducted at the burn care unit of a regional trauma center. Patients: Twelve patients aged 19 to 47 years (average of 21% total body surface area burned) performed range of motion exercises of their injured extremity under an occupational therapist's direction. Intervention: Each patient spent 3 minutes of physical therapy with no distraction and 3 minutes of physical therapy in VR (condition order randomized and counter-balanced). Outcome Measures: Five visual analogue scale pain scores for each treatment condition served as the dependent variables. Results: All patients reported less pain when distracted with VR, and the magnitude of pain reduction by VR was statistically significant (e.g., time spent thinking about pain during physical therapy dropped from 60 to 14 mm on a 100-mm scale). The results of this study may be examined in more detail at www.hitL.washington.edu/projects/burn/. Conclusions: Results provided preliminary evidence that VR can function as a strong nonpharmacologic pain reduction technique for adult burn patients during physical therapy and potentially for other painful procedures or pain populations.",2000,2026-05-15 02:03:57,2026-05-15 02:03:57,,244 - 250,,3,16,,,,,,,,,,,,,,,,,Type: Article,<p>Cited by: 351</p>,,,,,,,,,,,,,,,,,,,,,,,,,,,,,,,,,,,,,,,,,,,,,,,,,,,Scopus,pass,,Clinical Journal of Pain,SJR,,Q1,Cat3 [Clinical / Medical],Cat3 [Clinical / Medical]::\bphysical\s+therapy\b | Cat3 [Clinical / Medical]::\bpatient[s]?\b
KR777PMJ,journalArticle,2004,"Hsiung, Ming-Wang; Pai, Lu; Kang, Bor-Hwang; Wang, Bing-Long; Wong, Chih-Shung; Wang, Hsing-Won",Clinical Predictors of Difficult Laryngeal Exposure,Laryngoscope,,0023852X,10.1097/00005537-200402000-00033,https://www.scopus.com/pages/publications/0842342675?origin=resultslist,"Purpose: Although difficult laryngeal exposure (DLE) is a common problem encountered after procedures using a rigid laryngoscope, to date, no anticipatory physical indicators have been formally noted as reliable predictors of DLE. The purpose of this paper is to identify useful and reliable indicators by which to predict, with acceptable accuracy, the occurrence of DLE following rigid laryngoscopy. Study design: Fifty-six patients, each of whom had undergone a rigid laryngoscope procedure, were classified as belonging to either the DLE group (n = 19) or the control group (n = 37) for purposes of this prospective study. Methods: All patients were given a physical examination, which encompassed the following nine measures: age, sex, modified Mallampati index (MMI), body mass index (BMI), hyoid-mental distance (HMD), thyroid-mental distance (TMD), thyroid-mandible angle (TMA), horizontal thyroid distance (HTD), and vertical thyroid distance (VTD). Stepwise regression was employed on patient data to identify those with DLE. Results: The ages of patients in the DLE group ranged from 35 to 79 years, with a mean of 51.3 years. Among the nine variables, we found sex (P = .045, odds ratio = 69.159) and TMA (P = .004, odds ratio = 1.510) to be ""reliable"" DLE predictors. Using these two variables, 94.6% of study case patients could have been correctly classified preoperatively. Based on our comparison of case results, we found that a TMA value greater than 120 degrees in men and 130 degrees in women indicates a strong likelihood of DLE. Conclusions: TMA is a sensitive, reliable, and useful predictor of DLE in both men and women. The combination of sex and TMA provide important initial clinical indicators that can alert a clinician regarding DLE probability.",2004,2026-05-15 02:03:57,2026-05-15 02:03:57,,358 - 363,,2,114,,,,,,,,,,,,,,,,,Type: Article,<p>Cited by: 37</p>,,,,,,,,,,,,,,,,,,,,,,,,,,,,,,,,,,,,,,,,,,,,,,,,,,,Scopus,pass,,Laryngoscope,SJR,,Q1,Cat3 [Clinical / Medical],Cat3 [Clinical / Medical]::\bpatient[s]?\b
D4PDYU6A,journalArticle,2004,"Krijn, M.; Emmelkamp, P.M.G.; Olafsson, R.P.; Biemond, R.",Virtual reality exposure therapy of anxiety disorders: A review,Clinical Psychology Review,,02727358,10.1016/j.cpr.2004.04.001,https://www.scopus.com/pages/publications/3042835150?origin=resultslist,"Virtual reality exposure therapy (VRET) is an altered form of behavioral therapy and may be a possible alternative to standard in vivo exposure. Virtual reality integrates real-time computer graphics, body tracking devices, visual displays, and other sensory input devices to immerse patients in a computer-generated virtual environment. Research on this type of treatment for anxiety disorders is discussed in this article, and the mediating and moderating variables that influence VR treatment effectiveness as well. Evidence is found that VRET is effective for participants with fear of heights and of flying. For other phobias, research to date is not conclusive. More randomized clinical trials in which VRET is compared with standard exposure are required. Furthermore, studies are needed in which VRET is not just a component of the treatment package evaluated, but in which VRET should be assessed as a stand-alone treatment. © 2004 Elsevier Ltd. All rights reserved.",2004,2026-05-15 02:03:59,2026-05-15 02:03:59,,259 - 281,,3,24,,,,,,,,,,,,,,,,,Type: Review,<p>Cited by: 408</p>,,,,,,,,,,,,,,,,,,,,,,,,,,,,,,,,,,,,,,,,,,,,,,,,,,,Scopus,pass,,Clinical Psychology Review,SJR,,Q1,Cat3 [Clinical / Medical],Cat3 [Clinical / Medical]::\bexposure\s+therapy\b | Cat3 [Clinical / Medical]::\bpatient[s]?\b
N5F9TXDN,journalArticle,1998,"Marsh, Andy",The creation of a 21st century telemedical information society,Future Generation Computer Systems,,0167739X,10.1016/s0167-739x(98)00005-3,https://www.scopus.com/pages/publications/0032098808?origin=resultslist,"Healthcare is a major candidate for improvement in any vision of the kinds of ""information highways"" and ""information societies"" that are now being visualised. The concept of telemedicine captures much of what is developing in terms of technology implementations, especially if it is combined with the growth of the Internet and World Wide Web (WWW). It is foreseen that the WWW will become the most important communication medium of any future information society. If the development of such a society is to be on a global scale, it should not be allowed to develop in an ad hoc manner. For this reason, the EC ISIS'95 supported Euromed project has identified 20 building blocks resulting in 39 steps requiring multi-disciplinary collaborations. Since, the organisation of information is critical especially when concerning healthcare the Euromed project has also introduced a new (global) standard called ""Virtual Medical Worlds"" which provides the potential to organize existing medical information and provide the foundations for its integration into future forms of medical information systems. Virtual Medical Worlds, based on 3D reconstructed medical models, utilises the WWW as a navigational medium to remotely access multi-media medical information systems. The visualisation and manipulation of hyper-graphical 3D ""body/organ"" templates and patient-specific 3D/4D/and VR models is an attempt to define an information infrastructure in an emerging WWW-based telemedical information society. © 1998 Elsevier Science B.V.",1998,2026-05-15 02:03:59,2026-05-15 02:03:59,,3 - 22,,1-2,14,,,,,,,,,,,,,,,,,Type: Article,<p>Cited by: 3; All Open Access; Green Open Access</p>,,,,,,,,,,,,,,,,,,,,,,,,,,,,,,,,,,,,,,,,,,,,,,,,,,,Scopus,pass,,Future Generation Computer Systems,SJR,,Q1,Cat3 [Clinical / Medical],Cat3 [Clinical / Medical]::\bpatient[s]?\b
ELSX7KQ7,journalArticle,1999,"Rothbaum, Barbara Olasov; Hodges, Larry F.",The use of virtual reality exposure in the treatment of anxiety disorders,Behavior Modification,,01454455,10.1177/0145445599234001,https://www.scopus.com/pages/publications/0032844218?origin=resultslist,"One possible alternative to standard in vivo exposure may be virtual reality exposure. Virtual reality integrates real-time computer graphics, body tracking devices, visual displays, and other sensory input devices to immerse a participant in a computer-generated virtual environment. Virtual reality exposure (VRE) is potentially an efficient and cost-effective treatment of anxiety disorders. VRE therapy has been successful in reducing the fear of heights in the first known controlled study of virtual reality in the treatment of a psychological disorder. Outcome was assessed on measures of anxiety, avoidance, attitudes, and distress. Significant group differences were found on all measures such that the VRE group was significantly improved at posttreatment but the control group was unchanged. The efficacy of virtual reality exposure therapy was also supported for the fear of flying in a case study. The potential for virtual reality exposure treatment for these and other disorders is explored.",1999,2026-05-15 02:04:01,2026-05-15 02:04:01,,507 - 525,,4,23,,,,,,,,,,,,,,,,,Type: Review,<p>Cited by: 120</p>,,,,,,,,,,,,,,,,,,,,,,,,,,,,,,,,,,,,,,,,,,,,,,,,,,,Scopus,pass,,Behavior Modification,SJR,,Q1,Cat3 [Clinical / Medical],Cat3 [Clinical / Medical]::\bexposure\s+therapy\b
VRC3YNV8,journalArticle,2001,"Hoffman, Hunter G.; Patterson, David R.; Carrougher, Gretchen J.; Sharar, Sam R.",Effectiveness of virtual reality-based pain control with multiple treatments,Clinical Journal of Pain,,07498047,10.1097/00002508-200109000-00007,https://www.scopus.com/pages/publications/0034806342?origin=resultslist,"Objective: The current study explored whether immersive virtual reality continues to reduce pain (via distraction) with repeated use. Setting: The study was conducted in a burn care unit at a regional trauma center. Patients: Seven patients aged 9-32 years (mean age of 21.9 years; average of 23.7% total body surface area burned [range, 3-60%]) performed range-of-motion exercises of their injured extremity under an occupational therapist's direction on at least 3 separate days each. Intervention: For each physical therapy session, each patient spent equal amounts of time in virtual reality and in the control condition (no distraction). The mean duration of physical therapy in virtual reality was 3.5, 4.9, and 6.4 minutes for the first, second, and third session, respectively. Condition order was randomized and counter-balanced. Outcome Measures: For each of the three physical therapy sessions, five visual analog pain scores for each treatment condition served as the dependent variables. Results: Pain ratings were statistically lower when patients were in virtual reality, and the magnitude of pain reduction did not diminish with repeated use of virtual reality. The results of this study may be examined in more detail at www.vrpain.com. Conclusions: Although the small sample size limits generalizability, results provide converging preliminary evidence that virtual reality can function as a strong nonpharmacological pain reduction technique for burn patients during physical therapy. Results suggest that virtual reality does not diminish in analgesic effectiveness with three (and possibly more) uses. Virtual reality may also have analgesic potential for other painful procedures or pain populations. Practical implications are discussed.",2001,2026-05-15 02:04:02,2026-05-15 02:04:02,,229 - 235,,3,17,,,,,,,,,,,,,,,,,Type: Article,<p>Cited by: 302</p>,,,,,,,,,,,,,,,,,,,,,,,,,,,,,,,,,,,,,,,,,,,,,,,,,,,Scopus,pass,,Clinical Journal of Pain,SJR,,Q1,Cat3 [Clinical / Medical],Cat3 [Clinical / Medical]::\bphysical\s+therapy\b | Cat3 [Clinical / Medical]::\bpatient[s]?\b
2ETPWD47,journalArticle,2000,"Hoffman, Hunter G.; Doctor, Jason N.; Patterson, David R.; Carrougher, Gretchen J.; Furness Iii, Thomas A.",Virtual reality as an adjunctive pain control during burn wound care in adolescent patients,Pain,,03043959,10.1016/S0304-3959(99)00275-4,https://www.scopus.com/pages/publications/0033963438?origin=resultslist,"For daily burn wound care procedures, opioid analgesics alone are often inadequate. Since most burn patients experience severe to excruciating pain during wound care, analgesics that can be used in addition to opioids are needed. This case report provides the first evidence that entering an immersive virtual environment can serve as a powerful adjunctive, nonpharmacologic analgesic. Two patients received virtual reality (VR) to distract them from high levels of pain during wound care. The first was a 16- year-old male with a deep flash burn on his right leg requiring surgery and staple placement. On two occasions, the patient spent some of his wound care in VR, and some playing a video game. On a 100 mm scale, he provided sensory and affective pain ratings, anxiety and subjective estimates of time spent thinking about his pain during the procedure. For the first session of wound care, these scores decreased 80 mm, 80 mm, 58 mm, and 93 mm, respectively, during VR treatment compared with the video game control condition. For the second session involving staple removal, scores also decreased. The second patient was a 17-year-old male with 33.5% total body surface area deep flash burns on his face, neck, back, arms, hands and legs. He had difficulty tolerating wound care pain with traditional opioids alone and showed dramatic drops in pain ratings during VR compared to the video game (e.g. a 47 mm drop in pain intensity during wound care). We contend that VR is a uniquely attention-capturing medium capable of maximizing the amount of attention drawn away from the 'real world', allowing patients to tolerate painful procedures. These preliminary results suggest that immersive VR merits more attention as a potentially viable form of treatment for acute pain. (C) 2000 International Association for the Study of Pain.",2000,2026-05-15 02:04:02,2026-05-15 02:04:02,,305 - 309,,1-2,85,,,,,,,,,,,,,,,,,Type: Article,<p>Cited by: 545</p>,,,,,,,,,,,,,,,,,,,,,,,,,,,,,,,,,,,,,,,,,,,,,,,,,,,Scopus,pass,,Pain,SJR,,Q1,Cat3 [Clinical / Medical],Cat3 [Clinical / Medical]::\bsurgery\b | Cat3 [Clinical / Medical]::\bpatient[s]?\b
TT9NXZYL,journalArticle,1998,"Marsh, Andy",The Creation of a global telemedical information society,International Journal of Medical Informatics,,13865056,10.1016/S1386-5056(98)00039-2,https://www.scopus.com/pages/publications/0032054359?origin=resultslist,"Healthcare is a major candidate for improvement in any vision of the kinds of 'information highways' and 'information societies' that are now being visualized. The medical information management market is one of the largest and fastest growing segments of the healthcare device industry. The expected revenue by the year 2000 is US$21 billion. Telemedicine currently accounts for only a small segment but is expanding rapidly. In the USA more than 60% of federal telemedicine projects were initiated in the last 2 years. The concept of telemedicine captures much of what is developing in terms of technology implementations, especially if it is combined with the growth of the Internet and World Wide Web (WWW). It is foreseen that the World Wide Web (WWW) will become the most important communication medium of any future information society. If the development of such a society is to be on a global scale it should not be allowed to develop in an ad hoc manner. For this reason, the Euromed Project has identified 20 building blocks resulting in 39 steps requiring multi-disciplinary collaborations. Since, the organization of information is therefore critical especially when concerning healthcare the Euromed Project has also introduced a new (global) standard called 'Virtual Medical Worlds' which provides the potential to organize existing medical information and provide the foundations for its integration into future forms of medical information systems. Virtual Medical Worlds, based on 3D reconstructed medical models, utilizes the WWW as a navigational medium to remotely access multi-media medical information systems. The visualization and manipulation of hyper-graphical 3D 'body/organ' templates and patient-specific 3D/4D/and VR models is an attempt to define an information infrastructure in an emerging WWW-based telemedical information society.; The widespread acceptance of information technology in various health care applications has prompted the Euromed Project to develop a new global standard called Virtual Medical Worlds, which provides the potential to organize existing medical information and the foundations for its integration into future forms of medical information systems. Based on 3D reconstructed medical models, Virtual Medical Worlds utilizes the World Wide Web (WWW) as a navigational medium to remotely access multimedia medical information systems. The visualization and manipulation of hyper-graphical 3D body/organ templates and patient-specific 3D/4D/virtual reality models hope to define an information infrastructure in an emerging WWW-based telemedical information society.",1998,2026-05-15 02:04:02,2026-05-15 02:04:02,,173 - 193,,2,49,,,,,,,,,,,,,,,,,Type: Conference paper,<p>Cited by: 26; All Open Access; Green Open Access</p>,,,,,,,,,,,,,,,,,,,,,,,,,,,,,,,,,,,,,,,,,,,,,,,,,,,Scopus,pass,,International Journal of Medical Informatics,SJR,,Q1,Cat3 [Clinical / Medical],Cat3 [Clinical / Medical]::\bpatient[s]?\b
RTE2CB5V,journalArticle,2005,"Whitney, Susan L.; Jacob, Rolf G.; Sparto, Patrick J.; Olshansky, Ellen F.; Detweiler-Shostak, Gail; Brown, Emily L.; Furman, Joseph M.",Acrophobia and pathological height vertigo: Indications for vestibular physical therapy?,Physical Therapy,,00319023,10.1093/ptj/85.5.443,https://www.scopus.com/pages/publications/17844363032?origin=resultslist,"Background and Purpose. Acrophobia (fear of heights) may be related to a high degree of height vertigo caused by visual dependence in the maintenance of standing balance. The purpose of this case report is to describe the use of vestibular physical therapy intervention following behavioral therapy to reduce a patient's visual dependence and height vertigo. Case Description. Mr N was a 37-year-old man with agoraphobia (fear of open spaces) that included symptoms of height phobia. Exposure to heights triggered symptoms of dizziness. Intervention. Mr N underwent 8 sessions of behavioral therapy that involved exposure to heights using a head-mounted virtual reality device. Subsequently, he underwent 8 weeks of physical therapy for an individualized vestibular physical therapy exercise program. Outcomes, After behavioral therapy, the patient demonstrated improvements on the behavioral avoidance test and the Illness Intrusiveness Rating Scale, but dizziness and body sway responses to moving visual scenes did not decrease. After physical therapy, his dizziness and sway responses decreased and his balance confidence increased. Discussion. Symptoms of acrophobia and sway responses to full-field visual motion appeared to respond to vestibular physical therapy administered after completion of a course of behavioral therapy. Vestibular physical therapy may have a role in the management of height phobia related to excessive height vertigo.",2005,2026-05-15 02:04:03,2026-05-15 02:04:03,,443 - 458,,5,85,,,,,,,,,,,,,,,,,Type: Article,<p>Cited by: 55; All Open Access; Bronze Open Access</p>,,,,,,,,,,,,,,,,,,,,,,,,,,,,,,,,,,,,,,,,,,,,,,,,,,,Scopus,pass,,Physical Therapy,SJR,,Q1,Cat1 [Not VR / Out of Scope] | Cat3 [Clinical / Medical],Cat1 [Not VR / Out of Scope]::\bmr\b | Cat3 [Clinical / Medical]::\bphysical\s+therapy\b | Cat3 [Clinical / Medical]::\bpatient[s]?\b | Cat3 [Clinical / Medical]::\bphobia\b
7726KBDL,journalArticle,1999,"Friedman, Michael; Tanyeri, Hasan; La Rosa, Manuel; Landsberg, Roy; Vaidyanathan, Krishna; Pieri, Sara; Caldarelli, David",Clinical predictors of obstructive sleep apnea,Laryngoscope,,0023852X,10.1097/00005537-199912000-00002,https://www.scopus.com/pages/publications/0032706065?origin=resultslist,"Objective: To identify physical findings that can be standardized to predict the presence and the severity of obstructive sleep apnea (OSA). Study Design: One hundred seventy-two patients who answered questionnaires with responses that suggested they might have OSA were included in this prospective study. Methods: All patients underwent a physical examination and polysomnography. The physical examination included the measurement of four parameters used by anesthesiologists to identify patients likely to have difficult intubation to determine if these same parameters predict OSA. We recorded modified Mallampati grade (MMP), tonsil size, and body mass index (BMI) and measured thyroid-mental distance (TMD) and hyoid-mental distance (HMD) in the study population. Results: When the physical findings were correlated singly with the respiratory disturbance index (RDI), we found that MMP (P < .001), tonsil size grading (P = .008), and BMI (P = .003) were reliable predictors of OSA. A greater correlation with OSA emerged when an 'OSA score' was formulated by factoring the MMP, tonsil grade, and BMI grade (RDI = 7.816 x MMP + 3.988 x Tonsil Size + 4.675 x BMI 7.544). A high score was not only predictive of OSA but also correlated well with OSA severity. Neither HMD nor TMD correlated with the severity of RDI. Conclusions: An OSA score may help identify those patients who should have a full sleep evaluation.",1999,2026-05-15 02:04:04,2026-05-15 02:04:04,,1901 - 1907,,12,109,,,,,,,,,,,,,,,,,Type: Article,<p>Cited by: 604</p>,,,,,,,,,,,,,,,,,,,,,,,,,,,,,,,,,,,,,,,,,,,,,,,,,,,Scopus,pass,,Laryngoscope,SJR,,Q1,Cat3 [Clinical / Medical],Cat3 [Clinical / Medical]::\bpatient[s]?\b
GKCZQBPD,journalArticle,1997,"Strickland, Dorothy; Hodges, Larry; North, Max; Weghorst, Suzanne",Overcoming Phobias by Virtual Exposure,Communications of the ACM,,00010782,10.1145/257874.257881,https://www.scopus.com/pages/publications/0003153035?origin=resultslist,"These studies indicate VR scenes can produce a variety of phobic symptoms. While vision alone in a headset appears to create phobic anxiety, most of the researchers mentioned introduced sound into their later research and found it heightened the effect. Where applicable, haptic cues such as a hand bar in an elevator or a furry spider seems to add to the experience greatly. Although these studies provide encouragement, they raise many questions the research is just beginning to address: • How do patients treated with VR therapy compare to control groups using standard exposure therapies? • How well do any positive benefits transfer to the real world, and how long do these benefits last once the patient is no longer receiving therapy? Early research indicates the sense of fear in the virtual headset scene is measurably different from the actual experience. In a study with 40 undergraduates at two universities in Germany, Thomas Schubert and Frank Friedmann developed a questionnaire to assess feelings and experiences after headset immersion on a 15-foot diameter platform at a 25-foot height. After 20 minutes of immersion, the users answered the questionnaire assessing the fear they experienced. Their preliminary results indicate fear of height is higher if a person perceives his or her own body as a part of the VE, but that the effect varies depending on other factors. Several phobia researchers have mentioned similar anecdotal results. • Is the headset critical to the effect, or could the same results be obtained with less-expensive flat screen VR systems? James Patten at the University of Virginia has measured how HMD-based VR differs from desktop 3D graphics in inducing physiological responses. Using heart rate variability to compare arousal in the nervous system when a subject rides a virtual platform attached to the side of a building in both types of systems, they found greater sympathetic arousal in the head-tracked condition, though subjects exhibit this change to differing degrees. • What are the different effects of the lengths of exposures for the various tests? Is one, 50-minute exposure as beneficial as eight, 15-minute exposures? For safety reasons, can most patients tolerate 50 continuous minutes in a virtual scene? At least one researcher had to redesign his tests to shorten patient exposure times after several subjects became violently ill from spending an hour wearing the headset. Hopefully future phobia research will benefit from the ongoing safety research (see Viire, Stanney and Kennedy articles in this section). Despite these and other questions, phobia treatment appears to be the most easily implemented and convincing example of a beneficial use of VR therapy. When compared to training spiders and renting airplanes, the computer is more controllable and inexpensive than the conventional in vivo treatment technique. A common thread in all the present applications is the ease with which they can be implemented on present computers. Most researchers are now using PCs in their labs to create the phobia images. Several groups are developing customized low-cost systems for sale to clinicians. With these more affordable VR tools, the best measure of the effectiveness of exposure therapy may take place in doctor's offices across the country.",1997,2026-05-15 02:04:04,2026-05-15 02:04:04,,34 - 39,,8,40,,,,,,,,,,,,,,,,,Type: Article,<p>Cited by: 49; All Open Access; Bronze Open Access</p>,,,,,,,,,,,,,,,,,,,,,,,,,,,,,,,,,,,,,,,,,,,,,,,,,,,Scopus,pass,,Communications of the ACM,SJR,,Q1,Cat1 [Not VR / Out of Scope] | Cat3 [Clinical / Medical],Cat1 [Not VR / Out of Scope]::\bflat[- ]screen\b | Cat3 [Clinical / Medical]::\bexposure\s+therapy\b | Cat3 [Clinical / Medical]::\bpatient[s]?\b | Cat3 [Clinical / Medical]::\bphobia\b
SFI3USQZ,journalArticle,2027,Chiriani I.,Identifying the most comfortable interpersonal distances for autonomous vehicles’ passengers,Applied Ergonomics,,00036870,10.1016/j.apergo.2026.104841,https://www.scopus.com/inward/record.uri?partnerID=HzOxMe3b&scp=105041622004&origin=inward,"The evolution of autonomous vehicle interiors presents both opportunities and challenges in optimizing space for Non-Driving Related Activities (NDRAs). Previous research explored the reconfiguration of interiors in autonomous vehicles to support key activities such as reading, working, relaxing, and conversing. Building on this foundation, the present study examines how seating arrangements and interpersonal distances influence passenger comfort and conversational quality. Drawing on proxemics theory, the investigation considers the impact of gender, age, and nationality on interpersonal spatial preferences within vehicle cabins. Thirty-seven participants (aged 23–33) experienced three seating configurations -alpha (side-by-side), beta (opposite directions with parallel axes), and gamma (face-to-face)- in a virtual environment developed using Unity and accessed through HoloLens 2. Participants selected their preferred interpersonal distance from five predefined options while interacting in Augmented Reality (AR) with a virtual mannequin. Objective measurements were supplemented with subjective feedback from a post-test questionnaire. This study addresses the following research questions: 1) Which seating configuration is most comfortable for passengers during a conversation? 2) What are the ideal seating distances in each configuration? 3) How does gender influence interpersonal space requirements? 4) How does ethnicity impact interpersonal space preferences? Findings show no significant difference in distances chosen when conversing or not. Distance varied significantly with social relationships. Gender, body size, and culture influenced preferences. Results suggest the need for adaptable interior layouts that can accommodate diverse interpersonal spacing needs.",2027,2026-07-30 07:12:37,2026-07-30 07:12:37,,,,,,,Applied Ergonomics,,,,,,,,,,,,,,,,,,,Proxemics; AR; Communication; Autonomous vehicle; Human-centred design; NDRAs; Self-driving car,,,,,,,,,,,,,,,,,,,,,,,,,,,,,,,,,,,,,,,,,,,,,,,,Scopus(wave2),pass,,Applied Ergonomics,SJR,,Q1,Cat1 [Not VR / Out of Scope],Cat1 [Not VR / Out of Scope]::\baugmented reality\b | Cat1 [Not VR / Out of Scope]::\bar\b
38KJAVXS,journalArticle,2026,Ellakany P.,Accuracy of virtual facebow compared to conventional facebow: a systematic review,BMC Oral Health,,14726831,10.1186/s12903-026-08869-4,https://www.scopus.com/inward/record.uri?partnerID=HzOxMe3b&scp=105044080552&origin=inward,"Background: Digital technologies are rapidly evolving and have been introduced across many fields in dentistry, particularly prosthetic and restorative dentistry. In digital treatment planning, virtual articulators are helpful in simulating complex maxillomandibular movements and analyzing occlusion. Despite these advancements, evidence-based literature standardizing the transfer of clinical data to virtual environments remains limited. The aim of this review was to explore the accuracy of various methods in transferring maxillary digital models to virtual articulators compared with conventional facebow techniques. Methods: The research (PICO) question focused on assessing the accuracy of virtual facebow transfer compared to that of conventional facebows. An electronic search was performed in 3 databases between January 2014 to December 2025: PubMed/MEDLINE, Scopus, and Web of Science. Eligibility criteria included in vitro studies, clinical trials, case reports, clinical reports, and clinical techniques that evaluated the accuracy of virtual articulation in fixed prosthodontics for dentate patients, published in English. Studies were excluded if they were not in English, involved orthognathic surgery, focused on edentulous patients, or were published before 2014. A comprehensive search was conducted in December 2025. Two reviewers (PE, HA) independently examined the identified papers in accordance with the predetermined qualifying criteria. For each included study, publication details, study characteristics, and methodological aspects were documented. Results: The total number of articles retrieved was 1,916. Of these articles, 10 met the inclusion criteria and were used for qualitative synthesis. Several techniques were reported for transferring the maxillary model to virtual articulator, such as digital photographs, face scans with or without intraoral or extraoral scan body, smartphone applications, digital photographs using Kois glasses, CBCT, and stereophotogrammetry. Most studies showed comparable accuracy of different digital methods that transfer the maxillary cast to the articulator. However, one study showed that the photography-based method demonstrated superior trueness and precision compared to both facial scanning and the conventional facebow technique. Another study found that the accuracy of positioning a maxillary digital scan relative to a 3D facial scan using a virtual facebow technique is highly dependent on the facial scanning method employed. Conclusions: Virtual facebow transfer can be recorded using techniques such as digital photographs, face scans, virtual facebow software, and smartphone scanning. Virtual facebow systems demonstrate promising repeatability and clinically acceptable transfer accuracy in selected workflows; however, due to heterogeneity among available studies, definitive conclusions regarding any improvement over conventional techniques cannot yet be drawn. Further standardized in vitro and clinical studies with large sample sizes, standardized assessments, and comparison methods are needed to draw meaningful conclusions in order to prove precedence of one method over the other. However, the use of a device to facilitate the transfer of a virtual maxillary cast to a virtual articulator has been promising.",2026,2026-07-30 07:12:37,2026-07-30 07:12:37,,,,,,,BMC Oral Health,,,,,,,,,,,,,,,,,,,Digital technology; Face scan; Facebow; Stereophotogrammetry; Virtual articulator,,,,,,,,,,,,,,,,,,,,,,,,,,,,,,,,,,,,,,,,,,,,,,,,Scopus(wave2),pass,,BMC Oral Health,SJR,,Q1,Cat1 [Not VR / Out of Scope] | Cat3 [Clinical / Medical],Cat1 [Not VR / Out of Scope]::\bsmartphone\b | Cat3 [Clinical / Medical]::\bsurgery\b | Cat3 [Clinical / Medical]::\bpatient[s]?\b
3CMUMQYS,journalArticle,2026,Donegan T.,Decreased kinesiophobia with virtual embodiment for post-surgical knee rehabilitation: a randomized controlled trial,Journal of Orthopaedic Surgery and Research,,1749799X,10.1186/s13018-026-06865-6,https://www.scopus.com/inward/record.uri?partnerID=HzOxMe3b&scp=105042134335&origin=inward,"Anterior cruciate ligament (ACL) ruptures are prevalent, particularly among young athletes. Although ligament reconstruction is the gold standard treatment, the rehabilitation process is extensive and has high reinjury rates. Recovery is often hindered by muscle inhibition and psychological factors like kinesiophobia and associated fear of reinjury. Emerging evidence suggests that motor imagery and action observation could enhance rehabilitation outcomes. Immersive virtual reality (VR) offers a novel way to integrate these techniques, potentially accelerating recovery. In this parallel randomized controlled trial, patients undergoing ACL reconstruction were randomly assigned to receive either conventional rehabilitation alone or conventional rehabilitation plus VR training. Our VR content incorporated several novel elements, including embodiment in a virtual body, first-person perspective, and the performance of virtual exercises guided by a virtual physiotherapist. Another innovative feature was that patients conducted the daily VR training independently at home using a standalone head-mounted display. The VR group performed a 20-min daily VR rehabilitation program for 4 weeks post-surgery, visualizing, planning, and executing movements using an embodied virtual avatar. Self-reported disability (International Knee Documentation Committee score, IKDC), quadriceps strength limb symmetry, active knee extension range of motion (ROM) limb symmetry, and kinesiophobia (Tampa Scale of Kinesiophobia-short form, TSK-11) were measured at baseline, 4, 12, and 36 weeks. Forty-seven participants were randomized, with 44 completing treatment. IKDC scores were not statistically significantly different between groups, despite moderate effect sizes at 4 and 36 weeks (Cohen’s d = 0.559, and d = 0.722, respectively). The VR intervention group showed significantly lower kinesiophobia at 4 weeks post-surgery compared to controls (27.00 ± 6.58 vs. 33.35 ± 5.07, Cohen’s d = − 0.971, p = 0.045). Both groups demonstrated significant improvements in all outcomes over time (p < 0.001). No significant differences were found for range of motion or quadriceps strength limb symmetry. No adverse events were reported related to the intervention. Reducing kinesiophobia is crucial for timely and effective rehabilitation and return to sport, and for reducing reinjury risk. To our knowledge, this is the first clinical study to investigate the independent use of therapeutic VR at home during post-orthopedic surgery rehabilitation. Future research should explore different VR interventions, including more active exercises and personalized programs, to enhance adherence and optimize recovery. The study was pre-registered with the National Library of Medicine (NCT05080894; first registered 09/20/2021).",2026,2026-07-30 07:12:37,2026-07-30 07:12:37,,,,,,,Journal of Orthopaedic Surgery and Research,,,,,,,,,,,,,,,,,,,Embodiment; Immersive virtual reality; Rehabilitation; ACL; Orthopaedics; Traumatology,,,,,,,,,,,,,,,,,,,,,,,,,,,,,,,,,,,,,,,,,,,,,,,,Scopus(wave2),pass,,Journal of Orthopaedic Surgery and Research,SJR,,Q1,Cat3 [Clinical / Medical],Cat3 [Clinical / Medical]::\brehabilitation\b | Cat3 [Clinical / Medical]::\bsurgery\b | Cat3 [Clinical / Medical]::\bpatient[s]?\b | Cat3 [Clinical / Medical]::\bclinical\s+(?:trial|study|outcome|setting|population)\b
VDFDYKJW,journalArticle,2026,Meschberger-Annweiler F.A.,Virtual Reality Mirror Exposure Combined with Eye-Tracking Attentional Bias Modification in Adolescent Males with Anorexia Nervosa: A Feasibility Study,Cyberpsychology Behavior and Social Networking,,21522715,10.1177/21522715261451681,https://www.scopus.com/inward/record.uri?partnerID=HzOxMe3b&scp=105041988628&origin=inward,"Male adolescents with anorexia nervosa (AN) remain markedly underrepresented in clinical and technological research, limiting understanding of the gender-specific mechanisms that may shape how they interact with virtual environments. The primary objective of this study was to evaluate the feasibility and acceptability of an integrated virtual reality (VR)-based mirror exposure therapy and eye-tracking-driven attentional bias (AB) modification training protocol—previously tested in a female-based randomized controlled trial—in two male adolescents with AN. Both participants received concurrent multidisciplinary care, with one case featuring comorbid muscle dysmorphia. Feasibility was assessed via protocol adherence and technical stability. Acceptability was measured using the System Usability Scale (SUS). Secondary exploratory measures included eye-tracking AB and clinical questionnaire outcomes (body dissatisfaction, drive for thinness, body anxiety, body appreciation) at pretreatment, posttreatment, and 3-month follow-up. Feasibility indicators were consistently positive: Both participants completed all sessions, reported high perceived usability (SUS > 80), and no technical incidents occurred. Exploratory clinical observations suggested improvements in body dissatisfaction, weight-related anxiety, and body appreciation, with effects maintained at the 3-month follow-up. Eye-tracking data revealed divergent attentional profiles: the patient with a typical AN presentation showed heightened attention to weight-related body areas, whereas the patient with muscle dysmorphia displayed a more complex pattern oriented toward muscular regions. Given the concurrent multidisciplinary treatment, clinical improvements cannot be attributed solely to the VR intervention; however, these cases show that the protocol is a viable and well-tolerated tool that warrants further investigation in a randomized controlled trial with AN male adolescents.",2026,2026-07-30 07:12:38,2026-07-30 07:12:38,,,,,,,Cyberpsychology Behavior and Social Networking,,,,,,,,,,,,,,,,,,,virtual reality; eating disorders,,,,,,,,,,,,,,,,,,,,,,,,,,,,,,,,,,,,,,,,,,,,,,,,Scopus(wave2),pass,,"Cyberpsychology, Behavior, and Social Networking",SJR,,Q1,Cat3 [Clinical / Medical],Cat3 [Clinical / Medical]::\bexposure\s+therapy\b | Cat3 [Clinical / Medical]::\bpatient[s]?\b
M3UT8HVZ,journalArticle,2026,Alevizopoulos A.G.,Biosensor-Integrated Virtual Reality for Cognitive Behavioral Therapy in Psychosis: A Systematic Review of a New Therapeutic Frontier,Biosensors,,20796374,10.3390/bios16050265,https://www.scopus.com/inward/record.uri?partnerID=HzOxMe3b&scp=105040189629&origin=inward,"Psychosis presents significant treatment challenges, and standard Cognitive Behavioral Therapy for psychosis often faces limitations due to patient engagement issues and reliance on subjective self-reporting. The integration of Virtual Reality (VR), physiological biosensors, and artificial intelligence offers a transformative opportunity to address these challenges. A systematic review and meta-analysis were conducted in accordance with PRISMA guidelines. A thorough literature search was performed across seven databases. Twelve randomized controlled trials involving 1504 participants were included to assess VR-assisted CBT, VR treatment, and AVATAR therapy. Meta-analyses showed that VR interventions significantly decreased auditory verbal hallucinations (pooled SMD = −0.24, p = 0.0011) and paranoid thoughts (SMD = −0.26, p < 0.0001) compared to control conditions. This review supports integrating multi-modal biosensors to collect real-time, objective physiological data. Such integration enables the development of AI-driven, closed-loop systems that dynamically adjust the virtual environment based on the patient’s physiological state. VR-assisted therapies effectively reduce positive symptoms of psychosis. Incorporating biosensors is a crucial step toward a data-driven approach for personalized, closed-loop psychiatric care. Future efforts should focus on large-scale clinical trials, biomarker validation, and robust ethical frameworks to ensure safe and effective implementation.",2026,2026-07-30 07:12:38,2026-07-30 07:12:38,,,,,,,Biosensors,,,,,,,,,,,,,,,,,,,virtual reality (VR); digital therapeutics; cognitive behavioral therapy; avatar therapy; biosensors; delusions; hallucinations; personalized medicine; psychosis; VR-assisted technologies,,,,,,,,,,,,,,,,,,,,,,,,,,,,,,,,,,,,,,,,,,,,,,,,Scopus(wave2),pass,,Biosensors,SJR,,Q1,Cat3 [Clinical / Medical],Cat3 [Clinical / Medical]::\bcognitive\s+(?:behavioural|behavioral)\s+therapy\b | Cat3 [Clinical / Medical]::\bpatient[s]?\b | Cat3 [Clinical / Medical]::\bpsychosis\b
E6ZTVV8W,journalArticle,2026,Kim J.H.,Physically plausible balloon dynamics via position-based constraints and geodesic-weighted forces,Plos One,,19326203,10.1371/journal.pone.0348597,https://www.scopus.com/inward/record.uri?partnerID=HzOxMe3b&scp=105038674900&origin=inward,"This paper presents a lightweight balloon‐dynamics method, built on the Position-Based Dynamics (PBD) framework, that reproduces real-time inflation–deflation–rotation as air is injected and released. Unlike volume/CFD approaches that require expensive fluid–structure coupling, our method avoids explicit fluid simulation by combining Bernoulli-derived reaction forces with PBD distance and volume constraints. Rotation is modeled as a global rigid-body motion (single rotation/quaternion update about the center of mass), while local shape changes are handled through constraint-based position correction—eschewing cluster-level or per-vertex local twisting. Geodesic-distance weighting of reaction forces and the separate treatment of translational and rotational components improve physical plausibility; minimal iterations and rigid-body rotation approximation preserve computational efficiency. Experiments on meshes with diverse geometries and mass distributions show consistent real-time performance on high-resolution models while capturing the characteristic balloon behaviors. The approach is well-suited for interactive applications such as games, VR/AR, and real-time physics-based content.",2026,2026-07-30 07:12:38,2026-07-30 07:12:38,,,,,,,Plos One,,,,,,,,,,,,,,,,,,,,,,,,,,,,,,,,,,,,,,,,,,,,,,,,,,,,,,,,,,,,,,,,,,,Scopus(wave2),pass,,PLOS ONE,SJR,,Q1,Cat1 [Not VR / Out of Scope],Cat1 [Not VR / Out of Scope]::\bar\b
ZRDUIK2W,journalArticle,2026,Hennequin C.,User Experience of a Virtual Reality–Based Treadmill for Children With a Chronic Disease Affecting Physical Health: Cross-Sectional Feasibility Study,Jmir Serious Games,,22919279,10.2196/82953,https://www.scopus.com/inward/record.uri?partnerID=HzOxMe3b&scp=105039190047&origin=inward,"Background: For children with chronic conditions affecting physical health and who require long-term care, the use of a connected treadmill for gait training as part of a home program can be a way to promote motivation in rehabilitation. Furthermore, the device must be evaluated by all user groups to ensure that its development best meets the rehabilitation needs of children. Objective: The study aimed to assess the user experience of a connected treadmill called Amy—with both immersive and nonimmersive virtual reality—among children with a chronic disease impacting physical health, as well as their parents and therapists, to explore the feasibility and potential of such a device for home-based rehabilitation in this population. Methods: Children with cerebral palsy, neuromuscular diseases, or obesity, along with one of their parents and rehabilitation therapists, were recruited. The study involved evaluating preexisting Amy solutions and collecting user experience feedback from participants with questionnaires. Amy solutions consisted of immersive virtual reality (using a virtual reality headset) and nonimmersive (tablet-based) games, both controlled through body movements on a treadmill conceived to train walking and balance. Questionnaires were the short version of the User Experience Questionnaire; the Usability Metric for User Experience; the Virtual Reality Sickness Questionnaire; a customized questionnaire evaluating comfort, fun, sense of presence and immersion; and a customized questionnaire evaluating parent’s perception. Results: Twenty-eight children, 28 parents, and 18 therapists participated in the study. Compared with User Experience Questionnaire benchmark data, the overall results with immersive and nonimmersive virtual reality in all participants were in the range of 10% best results or in the “excellent” category. The mean (95% CI) scores for each group of participants, with nonimmersive and immersive virtual reality, were as follows: 1.9 (1.6-2.2) and 2.1 (1.6-2.5) for children, 2.0 (1.7-2.2) and 2.3 (2.0-2.5) for parents, and 1.4 (1.1-1.7) and 1.4 (1.1-1.7) for therapists, respectively. User experience was significantly better for children and parents than for therapists (P adjusted .001). From the Usability Metric for User Experience, participants rated the Amy treadmill’s usability as “good to excellent” on the System Usability Scale, regardless of whether immersive virtual reality was used. Immersive virtual reality was well tolerated by children. Children experienced immersive virtual reality positively in terms of comfort, immersion, presence, and fun. Parents’ acceptability of the connected treadmill was positively assessed. Conclusions: This study is, to our knowledge, the first to assess the user experience of a playful treadmill-based virtual environment controller in children with chronic conditions affecting physical health in a user-centered and multidisciplinary team-based approach. This initial test demonstrates promising potential for using the connected treadmill as a rehabilitation tool. Therapists may need improvements to better meet their expectations, highlighting the importance of further iterations to align technological features and practical clinical context.",2026,2026-07-30 07:12:40,2026-07-30 07:12:40,,,,,,,Jmir Serious Games,,,,,,,,,,,,,,,,,,,virtual reality; rehabilitation; walking; obesity; cerebral palsy; user-centered design; neuromuscular diseases; pediatrics,,,,,,,,,,,,,,,,,,,,,,,,,,,,,,,,,,,,,,,,,,,,,,,,Scopus(wave2),pass,,JMIR Serious Games,SJR,,Q1,Cat1 [Not VR / Out of Scope] | Cat3 [Clinical / Medical],Cat1 [Not VR / Out of Scope]::\btablet(?:\s+computer)?\b | Cat3 [Clinical / Medical]::\brehabilitation\b
TGREILK6,journalArticle,2026,Yoon J.,Development of Virtual Reality Health Literacy: Delphi Expert Consensus Study,Journal of Medical Internet Research,,14394456,10.2196/85842,https://www.scopus.com/inward/record.uri?partnerID=HzOxMe3b&scp=105042857167&origin=inward,"Background: Virtual reality (VR) is a promising tool in health care, offering immersive and interactive environments that can enhance patient education, rehabilitation, and mental health interventions. However, effective patient engagement with head-mounted display (HMD)–based immersive VR depends on a combination of functional competencies and readiness-related determinants that have not yet been systematically defined. Objective: This study aimed to conceptualize an initial framework of VR health literacy, focused on HMD-based immersive VR in clinical settings, and to achieve expert consensus on its definition, domains, and subdomains. Methods: A 3-phase modified Delphi study was conducted between January and April 2024, including a literature review in MEDLINE (via PubMed) and Embase (2017-2023) informed by scoping review methodology, a multidisciplinary expert panel formation, and 2 online survey rounds, in which panelists rated each subdomain on a 4-point necessity scale and provided open-ended feedback, with 15 experts from the health care, VR, and health literacy fields. Consensus was defined using IQRs and agreement thresholds; items with moderate consensus were further evaluated through structured internal deliberation. Results: A total of 15 experts participated in Round 1, and 13 continued to Round 2 (retention rate, 87%). An initial structure of 7 candidate domains with 23 subdomains was iteratively refined across the two rounds based on consensus levels, expert panel feedback, and internal deliberation, with consensus thresholds applied as guiding criteria rather than automatic exclusion rules; subdomains with moderate consensus were further evaluated through structured internal deliberation to determine theoretical necessity within the framework. The final framework comprised 5 domains and 14 subdomains: performance expectancy (perceived usefulness of VR for health management; expectations of future VR benefits); effort expectancy (perceived immersion or embodiment; perceived interactivity and responsiveness; understanding of VR-related terms); facilitating conditions (access to VR devices and platforms; digital knowledge and confidence; technical proficiency with VR devices; digital self-efficacy); attitudes toward VR (awareness of VR in health contexts; interest in VR technology; problem-solving ability using VR content); and behavioral intention (intention to use VR technology or services; willingness to engage with VR for health). Conclusions: This study presents an initial consensus-based framework of VR health literacy for HMD-based immersive VR in clinical settings. Developed through a multidisciplinary Delphi process, the framework combines operational competencies with engagement-related determinants to provide both theoretical clarity and practical use, offering guidance for clinicians, educators, and policymakers to design and implement VR interventions that are accessible, equitable, and effective in health care contexts.",2026,2026-07-30 07:12:40,2026-07-30 07:12:40,,,,,,,Journal of Medical Internet Research,,,,,,,,,,,,,,,,,,,virtual reality; VR; Delphi study; domains; health literacy,,,,,,,,,,,,,,,,,,,,,,,,,,,,,,,,,,,,,,,,,,,,,,,,Scopus(wave2),pass,,Journal of Medical Internet Research,SJR,,Q1,Cat3 [Clinical / Medical],Cat3 [Clinical / Medical]::\brehabilitation\b | Cat3 [Clinical / Medical]::\bpatient[s]?\b
AUEL6Z3U,journalArticle,2026,Singh A.,A Pilot Study of a Gamified CBT-Based Digital Approach for Body Image Distress and Appearance-Related Concerns,Human Behavior and Emerging Technologies,,25781863,10.1155/hbe2/8902875,https://www.scopus.com/inward/record.uri?partnerID=HzOxMe3b&scp=105044914061&origin=inward,"Body image concerns related to perceived flaws in appearance represent a significant mental health challenge affecting a broad population. While Cognitive Behavioral Therapy (CBT) is an effective approach, stigma, financial costs, and limited access to trained professionals prevent many from seeking help. Digital interventions, particularly gamified approaches, offer an alternative by making support more engaging and accessible. To reflect the exploratory nature of this work, we developed a pilot-scale serious game that integrates CBT techniques with AI-driven analysis to provide interactive and personalized guidance. This pilot study provides preliminary indications of user-reported improvements in engagement and emotional reflection following gameplay. Compared to traditional approaches, the game′s adaptive feedback system, informed by real-time emotional assessment, provides more personalized support during gameplay. The AI model used for analyzing user input achieved an accuracy of 97.15% on held-out test data, outperforming a BERT-based baseline classifier. While promising, these results are not intended to establish clinical efficacy; rather, they suggest that digital gamification may offer a scalable and accessible approach for supporting individuals experiencing body image distress. Future work will require larger samples, validated assessment tools, and multisite randomized controlled trials to evaluate effectiveness before potential clinical application, as well as exploration of augmented and virtual reality to further enhance user experience and supportive interaction outcomes.",2026,2026-07-30 07:12:42,2026-07-30 07:12:42,,,,,,,Human Behavior and Emerging Technologies,,,,,,,,,,,,,,,,,,,mental health; serious games; cognitive behavioral therapy; body image distress; gamified intervention,,,,,,,,,,,,,,,,,,,,,,,,,,,,,,,,,,,,,,,,,,,,,,,,Scopus(wave2),pass,,Human Behavior and Emerging Technologies,SJR,,Q1,Cat3 [Clinical / Medical],Cat3 [Clinical / Medical]::\bcognitive\s+(?:behavioural|behavioral)\s+therapy\b
KHVVQZW9,journalArticle,2026,Streubel P.N.,"Associations of preoperative patient mental health status, sociodemographic and clinical characteristics with baseline pain, function and satisfaction in patients undergoing revision rotator cuff repairs",Journal of Shoulder and Elbow Surgery,,10582746,10.1016/j.jse.2026.05.007,https://www.scopus.com/inward/record.uri?partnerID=HzOxMe3b&scp=105043705306&origin=inward,"Background: This study aimed to investigate the associations of general patient and disease-specific factors with baseline patient-reported outcome measures (PROMs) in patients undergoing revision rotator cuff repair (RCR). Baseline characteristics were also compared to those of patients undergoing primary RCR. Methods: Patients undergoing revision RCR of recurrent superior-posterior rotator cuff tears were included. Preoperative characteristics in the cohort were compared to a primary RCR cohort with identical selection criteria. Multivariable modeling and Akaike's Information Criterion comparisons were used to investigate the associations and relative importance of 21 preoperative factors in explaining variations in baseline PENN Shoulder Score (PSS) and its subscores in the revision RCR cohort. Results: A total of 305 revision RCRs were included. Compared to the primary RCR cohort, patients undergoing revision RCR were more likely to be White (91% vs. 84%, P = .001), have a lower Charlson Comorbidity Index (0 vs. 1, P < .001), lower Veterans Rand-12 Mental Component Scores (VR-12 MCS; 50 vs. 53, P = .005), and were more likely to have a full-thickness (90% vs. 76%, P < .001), large/massive (54% vs. 37%, P < .001) tear with complete long head biceps rupture (37% vs. 10%, P < .001), and significant glenohumeral cartilage changes (19% vs. 7%, P < .001). Eight variables were significantly associated with baseline PSS or its subscores in the revision cohort. Lower VR-12 MCS was associated with lower PSS total, pain and function, while female sex was associated with lower PSS total and function. Medicare and Medicaid insurance status and higher body mass index were associated with lower PSS function, non-White race with lower PSS pain, and lower education, lower Charlson Comorbidity Index, and absence of significant glenohumeral cartilage degeneration with lower PSS satisfaction. Baseline VR-12 MCS, insurance status and sex were the top 3 factors in the baseline PSS model. Notably, rotator cuff tear type and size were not associated with baseline PSS or its subscores in the revision cohort. Conclusions: Both general patient and disease-specific factors were associated with baseline PROMs in patients undergoing revision RCR, with mental health status showing the strongest association. Compared to primary RCR patients, the revision cohort were more commonly White, had lower mental health status and more severe rotator cuff pathology, though tear severity was not associated with baseline PROMs. Further studies are needed to investigate if factors associated with poor baseline PROMs predict poor postoperative PROMs following revision RCR.",2026,2026-07-30 07:12:42,2026-07-30 07:12:42,,,,,,,Journal of Shoulder and Elbow Surgery,,,,,,,,,,,,,,,,,,,Shoulder; pain; satisfaction; function; Level III; multivariable model; PENN shoulder score; Prognosis Study; PROMs; Retrospective Cohort Comparison; revision rotator cuff repair,,,,,,,,,,,,,,,,,,,,,,,,,,,,,,,,,,,,,,,,,,,,,,,,Scopus(wave2),pass,,Journal of Shoulder and Elbow Surgery,SJR,,Q1,Cat3 [Clinical / Medical],Cat3 [Clinical / Medical]::\bpatient[s]?\b
CPRFCK5A,journalArticle,2025,Guney Yilmaz G.,"Understanding the activity and participation limitations in adolescents with cleft lip and palate: A mixed design study using the concept of International Classification of Functioning, Disability and Health Children and Youth Version",Clinical Rehabilitation,,02692155,10.1177/02692155251327952,https://www.scopus.com/inward/record.uri?partnerID=HzOxMe3b&scp=105000560280&origin=inward,"Objective: The primary objective is to comprehensively examine the activity and participation limitations in adolescents with cleft lip and palate utilizing the ICF-CY (International Classification of Functioning, Disability and Health Children and Youth Version). Design: Mixed designed study. Setting: Hacettepe University Plastic and Reconstructive Surgery Department. Participants: 264 adolescents with cleft lip and palate and 300 healthy adolescents. Main measures: The Mann-Whitney U test was used to compare occupational balance levels, and qualitative content analysis was used for analyzing interviews. Data were then coded according to the categories of the ICF-CY. Results: There was a statistically significant difference between temporality (P =.001), rest and sleep (P =.004), occupational variations and adaptations(P =.001), occupational meaning and value (P =.0001), and A-OBS (Adolescent Occupational Balance Scale) total scores. Participants expressed that they especially had problems in carrying out daily life activities and ensuring social participation. They further stressed that their families tended to provide an overly protective environment. Additionally, adolescents reported improved communication within virtual environments. Adolescents emphasized the impact of the ongoing surgical history on personal development. Conclusions: ICF-CY provides an important perspective in examining the activity and participation limitations of children with cleft lip and palate, providing an opportunity to understand the effects of impairments in body structure and function, environmental barriers, and social impacts.",2025,2026-07-30 07:12:45,2026-07-30 07:12:45,,,,,,,Clinical Rehabilitation,,,,,,,,,,,,,,,,,,,activity; Cleft lip and palate; ICF-CY; participation,,,,,,,,,,,,,,,,,,,,,,,,,,,,,,,,,,,,,,,,,,,,,,,,Scopus(wave2),pass,,Clinical Rehabilitation,SJR,,Q1,Cat3 [Clinical / Medical],Cat3 [Clinical / Medical]::\bsurgery\b
JVLJ6CFV,journalArticle,2020,Ingrassia P.L.,Augmented reality learning environment for basic life support and defibrillation training: Usability study,Journal of Medical Internet Research,,14388871,10.2196/14910,https://www.scopus.com/inward/record.uri?partnerID=HzOxMe3b&scp=85084694397&origin=inward,"Background: Basic life support (BLS) is crucial in the emergency response system, as sudden cardiac arrest is still a major cause of death worldwide. Unfortunately, only a minority of victims receive cardiopulmonary resuscitation (CPR) from bystanders. In this context, training could be helpful to save more lives, and technology-enhanced BLS simulation is one possible solution. Objective: The aim of this study is to assess the feasibility and acceptability of our augmented reality (AR) prototype as a tool for BLS training. Methods: Holo-BLSD is an AR self-instruction training system, in which a standard CPR manikin is “augmented” with an interactive virtual environment that reproduces realistic scenarios. Learners can use natural gestures, body movements, and spoken commands to perform their tasks, with virtual 3D objects anchored to the manikin and the environment. During the experience, users were trained to use the device while being guided through an emergency simulation and, at the end, were asked to complete a survey to assess the feasibility and acceptability of the proposed tool (5-point Likert scale; 1=Strongly Disagree, 5=Strongly Agree). Results: The system was rated easy to use (mean 4.00, SD 0.94), and the trainees stated that most people would learn to use it very quickly (mean 4.00, SD 0.89). Voice (mean 4.48, SD 0.87), gaze (mean 4.12, SD 0.97), and gesture interaction (mean 3.84, SD 1.14) were judged positively, although some hand gesture recognition errors reduced the feeling of having the right level of control over the system (mean 3.40, SD 1.04). Conclusions: We found the Holo-BLSD system to be a feasible and acceptable tool for AR BLS training.",2020,2026-07-30 07:13:15,2026-07-30 07:13:15,,,,,,,Journal of Medical Internet Research,,,,,,,,,,,,,,,,,,,Augmented reality; Automated external defibrillators; Cardiopulmonary resuscitation,,,,,,,,,,,,,,,,,,,,,,,,,,,,,,,,,,,,,,,,,,,,,,,,Scopus(wave2),pass,,Journal of Medical Internet Research,SJR,,Q1,Cat1 [Not VR / Out of Scope],Cat1 [Not VR / Out of Scope]::\baugmented reality\b | Cat1 [Not VR / Out of Scope]::\bar\b
H24RKY5Q,journalArticle,2012,Deng J.,SU‐E‐J‐175: A Patient‐Specific 4D Digital Phantom for Dynamic Dose Estimation of External Ionizing Radiation,Medical Physics,,00942405,10.1118/1.4735014,https://www.scopus.com/inward/record.uri?partnerID=HzOxMe3b&scp=85024773575&origin=inward,"Purpose: To develop a realistic yet flexible 4D digital phantom based on patient anatomy for dynamic estimation of organ doses due to external ionizing radiation. Methods: In this work, we propose to build a 4D digital phantom based on patient CT anatomy and time‐tagged CT information. A regional 4D‐CT is first acquired on the patient around lesion with a RPM system. By binning CT information at various phases of respiratory motion, we can create a regional 4D phantom. By applying non‐uniform rational B‐spline (NURBS) surface technology, we can easily accommodate the size‐specific and gender‐specific differences in the organ shapes and body contours, often observed during a long course of radiotherapy treatments. Based on the ICRP reference phantoms, we can extend the patient‐specific 4D regional phantom into a 4D whole‐body phantom unique to each patient. The resultant 4D phantom will serve as the digital representative of the patient himself or herself in the virtual environment and is ready for Monte Carlo particle transport. Results: Considering the newborn skin thickness (0.663 mm), 0.5 mm is defined as the maximum voxel resolution available in our 4D digital phantom. The resultant 4D digital phantom is essentially a high‐resolution voxel phantom (with voxel dimensions down to 0.5 mm × 0.5 mm × 0.5 mm) capable of non‐uniform scaling of organs and body contours based on NURBS surface technology. Conclusions: It is feasible to build a 4D patient‐specific digital phantom suitable for Monte Carlo radiation transport simulation. With a digital phantom for each patient, an accurate estimation of the organ doses in 4D will be made possible, which will contribute to a better tumor control because of the detailed knowledge of dose distributions in patient anatomy not only spatially but also temporally. The proposed 4D phantom will also allow for deformable dose registration for adaptive radiotherapy. © 2012, American Association of Physicists in Medicine. All rights reserved.",2012,2026-07-30 07:13:35,2026-07-30 07:13:35,,,,,,,Medical Physics,,,,,,,,,,,,,,,,,,,,,,,,,,,,,,,,,,,,,,,,,,,,,,,,,,,,,,,,,,,,,,,,,,,Scopus(wave2),pass,,Medical Physics,SJR,,Q1,Cat3 [Clinical / Medical],Cat3 [Clinical / Medical]::\bpatient[s]?\b
NECAP7TT,journalArticle,2009,Hüweler R.,"The impact of visual flow stimulation on anxiety, dizziness, and body sway in individuals with and without fear of heights",Behaviour Research and Therapy,,00057967,10.1016/j.brat.2009.01.011,https://www.scopus.com/inward/record.uri?partnerID=HzOxMe3b&scp=63049122658&origin=inward,"Individuals with acrophobia experience anxiety and dizziness when exposed to heights. It may be that their balance system is disturbed and that they therefore have to rely more strongly on visual information. We tested this hypothesis by exposing 20 individuals with high fear of heights and 20 healthy control participants to nine different visual flow stimuli through a head mounted display, thereby inducing a conflict between visual input and somatosensory information. Anxiety and dizziness were assessed repeatedly by means of self-reports, while resultant body sway was measured continuously with a force plate individuals stood on. Individuals with fear of heights felt more anxious and dizzier, and also showed stronger body sway than healthy control participants. Merely receiving visual balance information contradictory to somatosensory balance information is sufficient to induce anxiety, dizziness, and body sway in individuals with fear of heights. An underlying balance dysfunction may contribute to the development of height phobia. © 2009 Elsevier Ltd. All rights reserved.",2009,2026-07-30 07:13:38,2026-07-30 07:13:38,,,,,,,Behaviour Research and Therapy,,,,,,,,,,,,,,,,,,,Acrophobia; Dizziness; Balance system; Posturography etiology,,,,,,,,,,,,,,,,,,,,,,,,,,,,,,,,,,,,,,,,,,,,,,,,Scopus(wave2),pass,,Behaviour Research and Therapy,SJR,,Q1,Cat3 [Clinical / Medical],Cat3 [Clinical / Medical]::\bphobia\b
