Raw venue string,Canonical name,CORE/SJR rank,Source of decision,Note
Presence,Presence: Teleoperators and Virtual Environments,SJR Q3,SJR 2025目視確認(2026-07-17)・著者確認待ち,旧処理はCORE『Annual International Workshop on Presence』(C)への正規化同名衝突で誤照合(29件)。エイリアスで正規化した上でQ3=ランク基準により除外(照合漏れ除外と区別すること)
Presence: Teleoperators and Virtual Environments,Presence: Teleoperators and Virtual Environments,SJR Q3,SJR 2025目視確認(2026-07-17),既にexact照合されるが同名衝突防止のため明示(8件)
Proceedings - APGV 2011: ACM SIGGRAPH Symposium on Applied Perception in Graphics and Visualization,ACM Symposium on Applied Perception,CORE B,CORE 2023目視確認(2026-07-17)・著者確認待ち,SAP(旧APGV)。エイリアス正規化後もCORE B=ランク基準により除外
ACM SIGGRAPH Symposium on Applied Perception in Graphics and Visualization,ACM Symposium on Applied Perception,CORE B,同上,APGV年号なし変種
Symposium on Applied Perception in Graphics and Visualization,ACM Symposium on Applied Perception,CORE B,同上,APGV変種
ACM Symposium on Applied Perception,ACM Symposium on Applied Perception,CORE B,同上,SAP現名称
Proceedings - MIG 2020: 13th ACM SIGGRAPH Conference on Motion Interaction and Games,ACM SIGGRAPH Conference on Motion Interaction and Games,CORE C,CORE 2023目視確認(2026-07-17)・著者確認待ち,MIG。エイリアス正規化後もCORE C=ランク基準により除外
ACM SIGGRAPH Conference on Motion Interaction and Games,ACM SIGGRAPH Conference on Motion Interaction and Games,CORE C,同上,MIG年号なし変種
Motion Interaction and Games,ACM SIGGRAPH Conference on Motion Interaction and Games,CORE C,同上,MIG短縮変種
ACM International Conference Proceeding Series,(コンテナ名・単一会議に正規化不能),MANUAL,著者判断待ち,ICPSは複数会議の器(46件)。ISBN/Extra列から個別に会議名を復元して判定する必要あり。現状は未照合のまま除外(理由コードで区別済み)
IEEE Conference on Virtual Reality and 3D User Interfaces,IEEE Conference on Virtual Reality and 3D User Interfaces,CORE A*,CORE 2023目視確認(2026-07-17),IEEE VR。現行でもexact/acronym照合されるが同名衝突防止のため明示
IEEE Virtual Reality Conference,IEEE Conference on Virtual Reality and 3D User Interfaces,CORE A*,同上,旧称(IEEE VR 2018以前)
IEEE/ACM International Symposium on Mixed and Augmented Reality,IEEE/ACM International Symposium on Mixed and Augmented Reality,CORE A*,CORE 2023目視確認(2026-07-17),ISMAR。現行はacronym段階で照合(11ユニーク/51件)→exactに昇格
ACM Symposium on Virtual Reality Software and Technology,ACM Virtual Reality Software and Technology,CORE B,CORE 2023目視確認(2026-07-17)・著者確認待ち,VRST。現行はfuzzy照合(125件)→exactに昇格。CORE B=ランク基準により除外
Proceedings of the ACM Symposium on Virtual Reality Software and Technology,ACM Virtual Reality Software and Technology,CORE B,同上,VRST変種
CHI Conference on Human Factors in Computing Systems,International Conference on Human Factors in Computing Systems,CORE A*,CORE 2023目視確認(2026-07-17),CHI本会議。※Extended Abstracts変種は意図的にエイリアスしない(フルペーパーでないため未照合除外を維持し本文で明記)
Proceedings of the CHI Conference on Human Factors in Computing Systems,International Conference on Human Factors in Computing Systems,CORE A*,同上,CHI変種
Frontiers in Virtual Reality,Frontiers in Virtual Reality,SJR Q1,SJR 2025目視確認(2026-07-17),Rev.6の再検索・supplementary sourceで流入予定の分。SJR Q1=採用
ACM Transactions on Applied Perception,ACM Transactions on Applied Perception,SJR Q2,SJR 2025目視確認(2026-07-17)・著者確認待ち,TAP誌(49件)。旧処理はSAPシンポジウムとの正規化同名衝突でCORE B誤照合。正しくはSJR Q2=ランク基準により除外
Sensors,(要著者判断),MANUAL,normalization_collision_audit 自動追記(2026-07-17)・著者確認待ち,衝突キー'sensors': [SJR:norm_title] Sensors International | [SJR:norm_title] Sensors | [SJR:norm_title] Journal of Sensors / ranks: SJR Q1 | SJR Q1 | SJR Q2 / データ19件。採否が変わる衝突のため要判断(normalization_collision_audit 自動検出)
Proceedings of the 2024 ACM/IEEE International Conference on Human-Robot Interaction,(要著者判断),MANUAL,normalization_collision_audit 自動追記(2026-07-17)・著者確認待ち,衝突キー'acm ieee human robot interaction': [CORE:norm_title] ACM/IEEE International Conference on Human-Robot Interaction | [SJR:norm_title] ACM/IEEE International Conference on Human-Robot Interaction / ranks: CORE A* | SJR - / データ11件。採否が変わる衝突のため要判断(normalization_collision_audit 自動検出)
IEEE Transactions on Multimedia,(要著者判断),MANUAL,normalization_collision_audit 自動追記(2026-07-17)・著者確認待ち,衝突キー'ieee multimedia': [CORE:norm_title] IEEE International Symposium on Multimedia | [SJR:norm_title] IEEE Transactions on Multimedia | [SJR:norm_title] IEEE Multimedia / ranks: CORE C | SJR Q1 | SJR Q1 / データ10件。採否が変わる衝突のため要判断(normalization_collision_audit 自動検出)
Journal of Neurology,(要著者判断),MANUAL,normalization_collision_audit 自動追記(2026-07-17)・著者確認待ち,衝突キー'neurology': [SJR:norm_title] Neurology | [SJR:norm_title] Journal of Neurology | [SJR:norm_title] Neurology International / ranks: SJR Q1 | SJR Q1 | SJR Q2 / データ9件。採否が変わる衝突のため要判断(normalization_collision_audit 自動検出)
Journal of Biomechanics,(要著者判断),MANUAL,normalization_collision_audit 自動追記(2026-07-17)・著者確認待ち,衝突キー'biomechanics': [SJR:norm_title] Journal of Biomechanics | [SJR:norm_title] Biomechanics (Switzerland) | [SJR:norm_title] International Biomechanics / ranks: SJR Q1 | SJR Q3 | SJR Q3 / データ8件。採否が変わる衝突のため要判断(normalization_collision_audit 自動検出)
Journal of Personalized Medicine,(要著者判断),MANUAL,normalization_collision_audit 自動追記(2026-07-17)・著者確認待ち,衝突キー'personalized medicine': [SJR:norm_title] Journal of Personalized Medicine | [SJR:norm_title] Personalized Medicine / ranks: SJR Q1 | SJR Q3 / データ7件。採否が変わる衝突のため要判断(normalization_collision_audit 自動検出)
Psychological Research,(要著者判断),MANUAL,normalization_collision_audit 自動追記(2026-07-17)・著者確認待ち,衝突キー'psychological research': [SJR:norm_title] Psychological Research | [SJR:norm_title] International Journal of Psychological Research / ranks: SJR Q1 | SJR Q3 / データ6件。採否が変わる衝突のため要判断(normalization_collision_audit 自動検出)
IEEE Transactions on Image Processing,(要著者判断),MANUAL,normalization_collision_audit 自動追記(2026-07-17)・著者確認待ち,衝突キー'ieee image processing': [CORE:norm_title] IEEE International Conference on Image Processing | [SJR:norm_title] IEEE Transactions on Image Processing / ranks: CORE B | SJR Q1 / データ5件。採否が変わる衝突のため要判断(normalization_collision_audit 自動検出)
Movement Disorders,(要著者判断),MANUAL,normalization_collision_audit 自動追記(2026-07-17)・著者確認待ち,衝突キー'movement disorders': [SJR:norm_title] Movement Disorders | [SJR:norm_title] Journal of Movement Disorders / ranks: SJR Q1 | SJR Q2 / データ5件。採否が変わる衝突のため要判断(normalization_collision_audit 自動検出)
Computers and Education,(要著者判断),MANUAL,normalization_collision_audit 自動追記(2026-07-17)・著者確認待ち,衝突キー'computers education': [CORE:norm_title] International Conference on Computers in Education | [SJR:norm_title] Computers and Education | [SJR:norm_title] Journal of Computers in Education / ranks: CORE C | SJR Q1 | SJR Q1 / データ4件。採否が変わる衝突のため要判断(normalization_collision_audit 自動検出)
Healthcare (Switzerland),(要著者判断),MANUAL,normalization_collision_audit 自動追記(2026-07-17)・著者確認待ち,衝突キー'healthcare': [SJR:norm_title] Healthcare (Switzerland) | [SJR:norm_title] Healthcare / ranks: SJR Q1 | SJR Q2 / データ4件。採否が変わる衝突のため要判断(normalization_collision_audit 自動検出)
International Journal of Human-Computer Interaction,(要著者判断),MANUAL,normalization_collision_audit 自動追記(2026-07-17)・著者確認待ち,衝突キー'human computer interaction': [SJR:norm_title] International Journal of Human-Computer Interaction | [SJR:norm_title] Human-Computer Interaction / ranks: SJR Q1 | SJR Q2 / データ4件。採否が変わる衝突のため要判断(normalization_collision_audit 自動検出)
IEEE Transactions on Automation Science and Engineering,(要著者判断),MANUAL,normalization_collision_audit 自動追記(2026-07-17)・著者確認待ち,衝突キー'ieee automation science engineering': [SJR:norm_title] IEEE Transactions on Automation Science and Engineering | [SJR:norm_title] IEEE International Conference on Automation Science and Engineering / ranks: SJR Q1 | SJR - / データ4件。採否が変わる衝突のため要判断(normalization_collision_audit 自動検出)
Proceedings of the IEEE International Conference on Computer Vision,(要著者判断),MANUAL,normalization_collision_audit 自動追記(2026-07-17)・著者確認待ち,衝突キー'ieee computer vision': [CORE:norm_title] IEEE International Conference on Computer Vision | [SJR:norm_title] Proceedings of the IEEE International Conference on Computer Vision / ranks: CORE A* | SJR - / データ4件。採否が変わる衝突のため要判断(normalization_collision_audit 自動検出)
Proceedings of Machine Learning Research,(要著者判断),MANUAL,normalization_collision_audit 自動追記(2026-07-17)・著者確認待ち,衝突キー'machine learning research': [SJR:norm_title] Journal of Machine Learning Research | [SJR:norm_title] Proceedings of Machine Learning Research | [SJR:norm_title] Transactions on Machine Learning Research / ranks: SJR Q1 | SJR - | SJR Q2 / データ4件。採否が変わる衝突のため要判断(normalization_collision_audit 自動検出)
Medical Physics,(要著者判断),MANUAL,normalization_collision_audit 自動追記(2026-07-17)・著者確認待ち,衝突キー'medical physics': [SJR:norm_title] Medical Physics | [SJR:norm_title] Journal of Medical Physics / ranks: SJR Q1 | SJR Q3 / データ4件。採否が変わる衝突のため要判断(normalization_collision_audit 自動検出)
Neuroscience,(要著者判断),MANUAL,normalization_collision_audit 自動追記(2026-07-17)・著者確認待ち,衝突キー'neuroscience': [SJR:norm_title] Journal of Neuroscience | [SJR:norm_title] Neuroscience | [SJR:norm_title] International Journal of Neuroscience / ranks: SJR Q1 | SJR Q2 | SJR Q3 / データ4件。採否が変わる衝突のため要判断(normalization_collision_audit 自動検出)
2018 24th international conference on pattern recognition (ICPR),(要著者判断),MANUAL,normalization_collision_audit 自動追記(2026-07-17)・著者確認待ち,衝突キー'pattern recognition': [CORE:norm_title] International Conference on Pattern Recognition | [SJR:norm_title] Pattern Recognition / ranks: CORE B | SJR Q1 / データ4件。採否が変わる衝突のため要判断(normalization_collision_audit 自動検出)
Experimental Psychology (Russia),(要著者判断),MANUAL,normalization_collision_audit 自動追記(2026-07-17)・著者確認待ち,衝突キー'experimental psychology': [SJR:norm_title] Experimental Psychology | [SJR:norm_title] Experimental Psychology (Russia) / ranks: SJR Q1 | SJR Q3 / データ3件。採否が変わる衝突のため要判断(normalization_collision_audit 自動検出)
Frontiers in Computer Science,(要著者判断),MANUAL,normalization_collision_audit 自動追記(2026-07-17)・著者確認待ち,衝突キー'frontiers computer science': [SJR:norm_title] Frontiers of Computer Science | [SJR:norm_title] Frontiers in Computer Science / ranks: SJR Q1 | SJR Q2 / データ3件。採否が変わる衝突のため要判断(normalization_collision_audit 自動検出)
Urology,(要著者判断),MANUAL,normalization_collision_audit 自動追記(2026-07-17)・著者確認待ち,衝突キー'urology': [SJR:norm_title] Journal of Urology | [SJR:norm_title] International Journal of Urology | [SJR:norm_title] Urology / ranks: SJR Q1 | SJR Q2 | SJR Q2 / データ3件。採否が変わる衝突のため要判断(normalization_collision_audit 自動検出)
Journal of Advanced Manufacturing Technology,(要著者判断),MANUAL,normalization_collision_audit 自動追記(2026-07-17)・著者確認待ち,衝突キー'advanced manufacturing technology': [SJR:norm_title] International Journal of Advanced Manufacturing Technology | [SJR:norm_title] Journal of Advanced Manufacturing Technology / ranks: SJR Q1 | SJR Q4 / データ2件。採否が変わる衝突のため要判断(normalization_collision_audit 自動検出)
Journal of Chemical Physics,(要著者判断),MANUAL,normalization_collision_audit 自動追記(2026-07-17)・著者確認待ち,衝突キー'chemical physics': [SJR:norm_title] Journal of Chemical Physics | [SJR:norm_title] Chemical Physics / ranks: SJR Q1 | SJR Q2 / データ2件。採否が変わる衝突のため要判断(normalization_collision_audit 自動検出)
Clinical Neurophysiology,(要著者判断),MANUAL,normalization_collision_audit 自動追記(2026-07-17)・著者確認待ち,衝突キー'clinical neurophysiology': [SJR:norm_title] Clinical Neurophysiology | [SJR:norm_title] Journal of Clinical Neurophysiology / ranks: SJR Q1 | SJR Q3 / データ2件。採否が変わる衝突のため要判断(normalization_collision_audit 自動検出)
Journal of Cognitive Neuroscience,(要著者判断),MANUAL,normalization_collision_audit 自動追記(2026-07-17)・著者確認待ち,衝突キー'cognitive neuroscience': [SJR:norm_title] Journal of Cognitive Neuroscience | [SJR:norm_title] Cognitive Neuroscience / ranks: SJR Q1 | SJR Q4 / データ2件。採否が変わる衝突のため要判断(normalization_collision_audit 自動検出)
Environmental research,(要著者判断),MANUAL,normalization_collision_audit 自動追記(2026-07-17)・著者確認待ち,衝突キー'environmental research': [SJR:norm_title] Environmental Research | [SJR:norm_title] International Journal of Environmental Research / ranks: SJR Q1 | SJR Q2 / データ2件。採否が変わる衝突のため要判断(normalization_collision_audit 自動検出)
Heart,(要著者判断),MANUAL,normalization_collision_audit 自動追記(2026-07-17)・著者確認待ち,衝突キー'heart': [SJR:norm_title] Heart | [SJR:norm_title] Heart International / ranks: SJR Q1 | SJR Q2 / データ2件。採否が変わる衝突のため要判断(normalization_collision_audit 自動検出)
IEEE Transactions on Industrial Electronics,(要著者判断),MANUAL,normalization_collision_audit 自動追記(2026-07-17)・著者確認待ち,衝突キー'ieee industrial electronics': [SJR:norm_title] IEEE Transactions on Industrial Electronics | [SJR:norm_title] IEEE International Symposium on Industrial Electronics / ranks: SJR Q1 | SJR - / データ2件。採否が変わる衝突のため要判断(normalization_collision_audit 自動検出)
IEEE Transactions on Industrial Informatics,(要著者判断),MANUAL,normalization_collision_audit 自動追記(2026-07-17)・著者確認待ち,衝突キー'ieee industrial informatics': [CORE:norm_title] IEEE International Conference on Industrial Informatics | [SJR:norm_title] IEEE Transactions on Industrial Informatics | [SJR:norm_title] IEEE International Conference on Industrial Informatics (INDIN) / ranks: CORE C | SJR Q1 | SJR - / データ2件。採否が変わる衝突のため要判断(normalization_collision_audit 自動検出)
Interactions,(要著者判断),MANUAL,normalization_collision_audit 自動追記(2026-07-17)・著者確認待ち,衝突キー'interactions': [SJR:norm_title] International Interactions | [SJR:norm_title] Interactions | [SJR:norm_title] Interactions (N.Y.) / ranks: SJR Q1 | SJR Q2 | SJR Q4 / データ2件。採否が変わる衝突のため要判断(normalization_collision_audit 自動検出)
Neural Networks,(要著者判断),MANUAL,normalization_collision_audit 自動追記(2026-07-17)・著者確認待ち,衝突キー'neural networks': [CORE:norm_title] International Symposium on Neural Networks | [SJR:norm_title] Neural Networks / ranks: CORE C | SJR Q1 / データ2件。採否が変わる衝突のため要判断(normalization_collision_audit 自動検出)
Journal of Palliative Medicine,(要著者判断),MANUAL,normalization_collision_audit 自動追記(2026-07-17)・著者確認待ち,衝突キー'palliative medicine': [SJR:norm_title] Palliative Medicine | [SJR:norm_title] Journal of Palliative Medicine / ranks: SJR Q1 | SJR Q2 / データ2件。採否が変わる衝突のため要判断(normalization_collision_audit 自動検出)
Pediatrics,(要著者判断),MANUAL,normalization_collision_audit 自動追記(2026-07-17)・著者確認待ち,衝突キー'pediatrics': [SJR:norm_title] Pediatrics | [SJR:norm_title] Journal of Pediatrics | [SJR:norm_title] International Journal of Pediatrics (United Kingdom) | [SJR:norm_title] Pediatrics International / ranks: SJR Q1 | SJR Q1 | SJR Q2 | SJR Q3 / データ2件。採否が変わる衝突のため要判断(normalization_collision_audit 自動検出)
Poultry Science,(要著者判断),MANUAL,normalization_collision_audit 自動追記(2026-07-17)・著者確認待ち,衝突キー'poultry science': [SJR:norm_title] Poultry Science | [SJR:norm_title] Journal of Poultry Science / ranks: SJR Q1 | SJR Q2 / データ2件。採否が変わる衝突のため要判断(normalization_collision_audit 自動検出)
Psychophysiology,(要著者判断),MANUAL,normalization_collision_audit 自動追記(2026-07-17)・著者確認待ち,衝突キー'psychophysiology': [SJR:norm_title] Psychophysiology | [SJR:norm_title] International Journal of Psychophysiology | [SJR:norm_title] Journal of Psychophysiology / ranks: SJR Q1 | SJR Q1 | SJR Q3 / データ2件。採否が変わる衝突のため要判断(normalization_collision_audit 自動検出)
International Journal of Robotics Research,(要著者判断),MANUAL,normalization_collision_audit 自動追記(2026-07-17)・著者確認待ち,衝突キー'robotics research': [CORE:norm_title] International Symposium on Robotics Research | [SJR:norm_title] International Journal of Robotics Research / ranks: CORE C | SJR Q1 / データ2件。採否が変わる衝突のため要判断(normalization_collision_audit 自動検出)
Proceedings of Science,(要著者判断),MANUAL,normalization_collision_audit 自動追記(2026-07-17)・著者確認待ち,衝突キー'science': [SJR:norm_title] Science | [SJR:norm_title] Proceedings of Science / ranks: SJR Q1 | SJR - / データ2件。採否が変わる衝突のため要判断(normalization_collision_audit 自動検出)
Journal of Signal Processing,(要著者判断),MANUAL,normalization_collision_audit 自動追記(2026-07-17)・著者確認待ち,衝突キー'signal processing': [SJR:norm_title] Signal Processing | [SJR:norm_title] Journal of Signal Processing / ranks: SJR Q1 | SJR Q4 / データ2件。採否が変わる衝突のため要判断(normalization_collision_audit 自動検出)
Sustainability (Switzerland),(要著者判断),MANUAL,normalization_collision_audit 自動追記(2026-07-17)・著者確認待ち,衝突キー'sustainability': [SJR:norm_title] Sustainability (Switzerland) | [SJR:norm_title] Journal of Sustainability / ranks: SJR Q1 | SJR - / データ2件。採否が変わる衝突のため要判断(normalization_collision_audit 自動検出)
Proceedings of the 56th Annual ACM Symposium on Theory of Computing,(要著者判断),MANUAL,normalization_collision_audit 自動追記(2026-07-17)・著者確認待ち,衝突キー'acm theory computing': [CORE:norm_title] ACM Symposium on Theory of Computing | [SJR:norm_title] Proceedings of the Annual ACM Symposium on Theory of Computing / ranks: CORE A* | SJR - / データ1件。採否が変わる衝突のため要判断(normalization_collision_audit 自動検出)
AI (Switzerland),(要著者判断),MANUAL,normalization_collision_audit 自動追記(2026-07-17)・著者確認待ち,衝突キー'ai': [CORE:acronym] Australasian Joint Conference on Artificial Intelligence | [SJR:norm_title] AI (Switzerland) / ranks: CORE Australasian B | SJR Q1 / データ1件。採否が変わる衝突のため要判断(normalization_collision_audit 自動検出)
Journal of Behavioral Medicine,(要著者判断),MANUAL,normalization_collision_audit 自動追記(2026-07-17)・著者確認待ち,衝突キー'behavioral medicine': [SJR:norm_title] International Journal of Behavioral Medicine | [SJR:norm_title] Journal of Behavioral Medicine | [SJR:norm_title] Behavioral Medicine / ranks: SJR Q2 | SJR Q1 | SJR Q2 / データ1件。採否が変わる衝突のため要判断(normalization_collision_audit 自動検出)
Child and Adolescent Mental Health,(要著者判断),MANUAL,normalization_collision_audit 自動追記(2026-07-17)・著者確認待ち,衝突キー'child adolescent mental health': [SJR:norm_title] Child and Adolescent Mental Health | [SJR:norm_title] Journal of Child and Adolescent Mental Health / ranks: SJR Q1 | SJR Q2 / データ1件。採否が変わる衝突のため要判断(normalization_collision_audit 自動検出)
Journal of Cognitive Psychology,(要著者判断),MANUAL,normalization_collision_audit 自動追記(2026-07-17)・著者確認待ち,衝突キー'cognitive psychology': [SJR:norm_title] Cognitive Psychology | [SJR:norm_title] Journal of Cognitive Psychology / ranks: SJR Q1 | SJR Q3 / データ1件。採否が変わる衝突のため要判断(normalization_collision_audit 自動検出)
Journal of Educational Psychology,(要著者判断),MANUAL,normalization_collision_audit 自動追記(2026-07-17)・著者確認待ち,衝突キー'educational psychology': [SJR:norm_title] Journal of Educational Psychology | [SJR:norm_title] Educational Psychology | [SJR:norm_title] International Journal of Educational Psychology / ranks: SJR Q1 | SJR Q1 | SJR Q2 / データ1件。採否が変わる衝突のため要判断(normalization_collision_audit 自動検出)
Proceedings of the International Conference on Electronic Commerce,(要著者判断),MANUAL,normalization_collision_audit 自動追記(2026-07-17)・著者確認待ち,衝突キー'electronic commerce': [CORE:norm_title] International Conference on Electronic Commerce | [SJR:norm_title] International Journal of Electronic Commerce / ranks: CORE C | SJR Q1 / データ1件。採否が変わる衝突のため要判断(normalization_collision_audit 自動検出)
The Journal of endocrinology,(要著者判断),MANUAL,normalization_collision_audit 自動追記(2026-07-17)・著者確認待ち,衝突キー'endocrinology': [SJR:norm_title] Journal of Endocrinology | [SJR:norm_title] Endocrinology (United States) | [SJR:norm_title] International Journal of Endocrinology / ranks: SJR Q1 | SJR Q2 | SJR Q2 / データ1件。採否が変わる衝突のため要判断(normalization_collision_audit 自動検出)
Environment International,(要著者判断),MANUAL,normalization_collision_audit 自動追記(2026-07-17)・著者確認待ち,衝突キー'environment': [SJR:norm_title] Environment International | [SJR:norm_title] Environment / ranks: SJR Q1 | SJR Q2 / データ1件。採否が変わる衝突のため要判断(normalization_collision_audit 自動検出)
European Journal of Neurology,(要著者判断),MANUAL,normalization_collision_audit 自動追記(2026-07-17)・著者確認待ち,衝突キー'european neurology': [SJR:norm_title] European Journal of Neurology | [SJR:norm_title] European Neurology / ranks: SJR Q1 | SJR Q2 / データ1件。採否が変わる衝突のため要判断(normalization_collision_audit 自動検出)
Journal of Family Practice,(要著者判断),MANUAL,normalization_collision_audit 自動追記(2026-07-17)・著者確認待ち,衝突キー'family practice': [SJR:norm_title] Family Practice | [SJR:norm_title] Journal of Family Practice / ranks: SJR Q1 | SJR Q3 / データ1件。採否が変わる衝突のため要判断(normalization_collision_audit 自動検出)
Journal of Hypertension,(要著者判断),MANUAL,normalization_collision_audit 自動追記(2026-07-17)・著者確認待ち,衝突キー'hypertension': [SJR:norm_title] Hypertension | [SJR:norm_title] Journal of Hypertension | [SJR:norm_title] International Journal of Hypertension / ranks: SJR Q1 | SJR Q1 | SJR Q2 / データ1件。採否が変わる衝突のため要判断(normalization_collision_audit 自動検出)
2023 IEEE international conference on big data (BigData),(要著者判断),MANUAL,normalization_collision_audit 自動追記(2026-07-17)・著者確認待ち,衝突キー'ieee big data': [CORE:norm_title] IEEE International Conference on Big Data | [SJR:norm_title] IEEE Transactions on Big Data / ranks: CORE B | SJR Q1 / データ1件。採否が変わる衝突のため要判断(normalization_collision_audit 自動検出)
Information Fusion,(要著者判断),MANUAL,normalization_collision_audit 自動追記(2026-07-17)・著者確認待ち,衝突キー'information fusion': [CORE:norm_title] International Conference on Information Fusion | [SJR:norm_title] Information Fusion / ranks: CORE C | SJR Q1 / データ1件。採否が変わる衝突のため要判断(normalization_collision_audit 自動検出)
Insect Science,(要著者判断),MANUAL,normalization_collision_audit 自動追記(2026-07-17)・著者確認待ち,衝突キー'insect science': [SJR:norm_title] Insect Science | [SJR:norm_title] Journal of Insect Science / ranks: SJR Q1 | SJR Q2 / データ1件。採否が変わる衝突のため要判断(normalization_collision_audit 自動検出)
Journal of Integrative Medicine,(要著者判断),MANUAL,normalization_collision_audit 自動追記(2026-07-17)・著者確認待ち,衝突キー'integrative medicine': [SJR:norm_title] Journal of Integrative Medicine | [SJR:norm_title] Integrative Medicine / ranks: SJR Q1 | SJR Q3 / データ1件。採否が変わる衝突のため要判断(normalization_collision_audit 自動検出)
Internal Medicine,(要著者判断),MANUAL,normalization_collision_audit 自動追記(2026-07-17)・著者確認待ち,衝突キー'internal medicine': [SJR:norm_title] Journal of Internal Medicine | [SJR:norm_title] Internal Medicine / ranks: SJR Q1 | SJR Q3 / データ1件。採否が変わる衝突のため要判断(normalization_collision_audit 自動検出)
Landscape Ecology,(要著者判断),MANUAL,normalization_collision_audit 自動追記(2026-07-17)・著者確認待ち,衝突キー'landscape ecology': [SJR:norm_title] Landscape Ecology | [SJR:norm_title] Journal of Landscape Ecology (Czech Republic) | [SJR:norm_title] Journal of Landscape Ecology / ranks: SJR Q1 | SJR Q2 | SJR Q4 / データ1件。採否が変わる衝突のため要判断(normalization_collision_audit 自動検出)
International Journal of Legal Medicine,(要著者判断),MANUAL,normalization_collision_audit 自動追記(2026-07-17)・著者確認待ち,衝突キー'legal medicine': [SJR:norm_title] International Journal of Legal Medicine | [SJR:norm_title] Legal Medicine | [SJR:norm_title] Journal of Legal Medicine / ranks: SJR Q1 | SJR Q2 | SJR Q3 / データ1件。採否が変わる衝突のため要判断(normalization_collision_audit 自動検出)
International Journal of Medical Sciences,(要著者判断),MANUAL,normalization_collision_audit 自動追記(2026-07-17)・著者確認待ち,衝突キー'medical sciences': [SJR:norm_title] Medical sciences | [SJR:norm_title] International Journal of Medical Sciences | [SJR:norm_title] Journal of Medical Sciences (Taiwan) | [SJR:norm_title] Journal of Medical Sciences (Peshawar) / ranks: SJR Q1 | SJR Q1 | SJR Q4 | SJR Q4 / データ1件。採否が変わる衝突のため要判断(normalization_collision_audit 自動検出)
Journal of Metaverse,(要著者判断),MANUAL,normalization_collision_audit 自動追記(2026-07-17)・著者確認待ち,衝突キー'metaverse': [SJR:norm_title] Journal of Metaverse | [SJR:norm_title] Metaverse / ranks: SJR Q1 | SJR Q4 / データ1件。採否が変わる衝突のため要判断(normalization_collision_audit 自動検出)
Nephrology Dialysis Transplantation,(要著者判断),MANUAL,normalization_collision_audit 自動追記(2026-07-17)・著者確認待ち,"衝突キー'nephrology dialysis transplantation': [SJR:norm_title] Nephrology Dialysis Transplantation | [SJR:norm_title] Nephrology, Dialysis and Transplantation / ranks: SJR Q1 | SJR Q4 / データ1件。採否が変わる衝突のため要判断(normalization_collision_audit 自動検出)"
Neuroradiology,(要著者判断),MANUAL,normalization_collision_audit 自動追記(2026-07-17)・著者確認待ち,衝突キー'neuroradiology': [SJR:norm_title] Journal of Neuroradiology | [SJR:norm_title] Neuroradiology / ranks: SJR Q1 | SJR Q2 / データ1件。採否が変わる衝突のため要判断(normalization_collision_audit 自動検出)
Journal of Nursing Management,(要著者判断),MANUAL,normalization_collision_audit 自動追記(2026-07-17)・著者確認待ち,衝突キー'nursing management': [SJR:norm_title] Journal of Nursing Management | [SJR:norm_title] Nursing Management / ranks: SJR Q1 | SJR Q3 / データ1件。採否が変わる衝突のため要判断(normalization_collision_audit 自動検出)
Journal of Orthopaedics,(要著者判断),MANUAL,normalization_collision_audit 自動追記(2026-07-17)・著者確認待ち,衝突キー'orthopaedics': [SJR:norm_title] International Orthopaedics | [SJR:norm_title] Journal of Orthopaedics / ranks: SJR Q1 | SJR Q2 / データ1件。採否が変わる衝突のため要判断(normalization_collision_audit 自動検出)
Otolaryngology - Head and Neck Surgery (United States),(要著者判断),MANUAL,normalization_collision_audit 自動追記(2026-07-17)・著者確認待ち,衝突キー'otolaryngology head neck surgery': [SJR:norm_title] Otolaryngology - Head and Neck Surgery | [SJR:norm_title] Journal of Otolaryngology - Head and Neck Surgery | [SJR:norm_title] Otolaryngology - Head and Neck Surgery (Japan) / ranks: SJR Q1 | SJR Q1 | SJR Q4 / データ1件。採否が変わる衝突のため要判断(normalization_collision_audit 自動検出)
Pediatric Surgery International,(要著者判断),MANUAL,normalization_collision_audit 自動追記(2026-07-17)・著者確認待ち,衝突キー'pediatric surgery': [SJR:norm_title] Journal of Pediatric Surgery | [SJR:norm_title] Pediatric Surgery International / ranks: SJR Q1 | SJR Q2 / データ1件。採否が変わる衝突のため要判断(normalization_collision_audit 自動検出)
Psychogeriatrics,(要著者判断),MANUAL,normalization_collision_audit 自動追記(2026-07-17)・著者確認待ち,衝突キー'psychogeriatrics': [SJR:norm_title] International Psychogeriatrics | [SJR:norm_title] Psychogeriatrics / ranks: SJR Q1 | SJR Q2 / データ1件。採否が変わる衝突のため要判断(normalization_collision_audit 自動検出)
Journal of Public Health (Germany),(要著者判断),MANUAL,normalization_collision_audit 自動追記(2026-07-17)・著者確認待ち,衝突キー'public health': [SJR:norm_title] Public Health | [SJR:norm_title] International Journal of Public Health | [SJR:norm_title] Journal of Public Health | [SJR:norm_title] Journal of Public Health (Germany) / ranks: SJR Q1 | SJR Q1 | SJR Q2 | SJR Q2 / データ1件。採否が変わる衝突のため要判断(normalization_collision_audit 自動検出)
Remote Sensing,(要著者判断),MANUAL,normalization_collision_audit 自動追記(2026-07-17)・著者確認待ち,衝突キー'remote sensing': [SJR:norm_title] Journal of Remote Sensing (United States) | [SJR:norm_title] Remote Sensing | [SJR:norm_title] International Journal of Remote Sensing / ranks: SJR Q1 | SJR Q1 | SJR Q2 / データ1件。採否が変わる衝突のため要判断(normalization_collision_audit 自動検出)
Rheumatology International,(要著者判断),MANUAL,normalization_collision_audit 自動追記(2026-07-17)・著者確認待ち,衝突キー'rheumatology': [SJR:norm_title] Rheumatology | [SJR:norm_title] Journal of Rheumatology | [SJR:norm_title] Rheumatology International | [SJR:norm_title] International Journal of Rheumatology | [SJR:norm_title] Rheumatology (Bulgaria) / ranks: SJR Q1 | SJR Q2 | SJR Q2 | SJR Q3 | SJR Q4 / データ1件。採否が変わる衝突のため要判断(normalization_collision_audit 自動検出)
Journal of Social Psychology,(要著者判断),MANUAL,normalization_collision_audit 自動追記(2026-07-17)・著者確認待ち,衝突キー'social psychology': [SJR:norm_title] Journal of Social Psychology | [SJR:norm_title] Social Psychology | [SJR:norm_title] International Journal of Social Psychology / ranks: SJR Q2 | SJR Q1 | SJR Q3 / データ1件。採否が変わる衝突のため要判断(normalization_collision_audit 自動検出)
Sound and Vibration,(要著者判断),MANUAL,normalization_collision_audit 自動追記(2026-07-17)・著者確認待ち,衝突キー'sound vibration': [SJR:norm_title] Journal of Sound and Vibration | [SJR:norm_title] Sound and Vibration / ranks: SJR Q1 | SJR Q2 / データ1件。採否が変わる衝突のため要判断(normalization_collision_audit 自動検出)
Surgery (United States),(要著者判断),MANUAL,normalization_collision_audit 自動追記(2026-07-17)・著者確認待ち,衝突キー'surgery': [SJR:norm_title] Surgery (United States) | [SJR:norm_title] Surgery (United Kingdom) | [SJR:norm_title] International Surgery | [SJR:norm_title] International Journal of Surgery (discontinued) / ranks: SJR Q1 | SJR Q3 | SJR Q4 | SJR - / データ1件。採否が変わる衝突のため要判断(normalization_collision_audit 自動検出)
Technology in Society,(要著者判断),MANUAL,normalization_collision_audit 自動追記(2026-07-17)・著者確認待ち,衝突キー'technology society': [CORE:norm_title] International Symposium on Technology and Society | [SJR:norm_title] Technology in Society / ranks: CORE C | SJR Q1 / データ1件。採否が変わる衝突のため要判断(normalization_collision_audit 自動検出)
academic medicine,(要著者判断),MANUAL,normalization_collision_audit 自動追記(2026-07-17)・著者確認待ち,衝突キー'academic medicine': [SJR:norm_title] Academic Medicine | [SJR:norm_title] International Journal of Academic Medicine / ranks: SJR Q1 | SJR Q4 / データ0件。採否が変わる衝突のため要判断(normalization_collision_audit 自動検出)
accounting education,(要著者判断),MANUAL,normalization_collision_audit 自動追記(2026-07-17)・著者確認待ち,衝突キー'accounting education': [SJR:norm_title] Accounting Education | [SJR:norm_title] Journal of Accounting Education / ranks: SJR Q1 | SJR Q2 / データ0件。採否が変わる衝突のため要判断(normalization_collision_audit 自動検出)
accounting research,(要著者判断),MANUAL,normalization_collision_audit 自動追記(2026-07-17)・著者確認待ち,衝突キー'accounting research': [SJR:norm_title] Journal of Accounting Research | [SJR:norm_title] Journal of International Accounting Research / ranks: SJR Q1 | SJR Q2 / データ0件。採否が変わる衝突のため要判断(normalization_collision_audit 自動検出)
accounting review,(要著者判断),MANUAL,normalization_collision_audit 自動追記(2026-07-17)・著者確認待ち,衝突キー'accounting review': [SJR:norm_title] Accounting Review | [SJR:norm_title] Journal of Accounting Review / ranks: SJR Q1 | SJR Q4 / データ0件。採否が変わる衝突のため要判断(normalization_collision_audit 自動検出)
acm computer communications security,(要著者判断),MANUAL,normalization_collision_audit 自動追記(2026-07-17)・著者確認待ち,衝突キー'acm computer communications security': [CORE:norm_title] ACM Conference on Computer and Communications Security | [SJR:norm_title] Proceedings of the ACM Conference on Computer and Communications Security / ranks: CORE A* | SJR - / データ0件。採否が変わる衝突のため要判断(normalization_collision_audit 自動検出)
acm economics computation,(要著者判断),MANUAL,normalization_collision_audit 自動追記(2026-07-17)・著者確認待ち,衝突キー'acm economics computation': [CORE:norm_title] ACM Conference on Economics and Computation | [SJR:norm_title] ACM Transactions on Economics and Computation / ranks: CORE A* | SJR Q3 / データ0件。採否が変わる衝突のため要判断(normalization_collision_audit 自動検出)
acm principles distributed computing,(要著者判断),MANUAL,normalization_collision_audit 自動追記(2026-07-17)・著者確認待ち,衝突キー'acm principles distributed computing': [CORE:norm_title] ACM Symposium on Principles of Distributed Computing | [SJR:norm_title] Proceedings of the Annual ACM Symposium on Principles of Distributed Computing / ranks: CORE A* | SJR - / データ0件。採否が変わる衝突のため要判断(normalization_collision_audit 自動検出)
acm siam discrete algorithms,(要著者判断),MANUAL,normalization_collision_audit 自動追記(2026-07-17)・著者確認待ち,衝突キー'acm siam discrete algorithms': [CORE:norm_title] ACM/SIAM Symposium on Discrete Algorithms | [SJR:norm_title] Proceedings of the Annual ACM-SIAM Symposium on Discrete Algorithms / ranks: CORE A* | SJR - / データ0件。採否が変わる衝突のため要判断(normalization_collision_audit 自動検出)
acm sigplan programming language design implementation,(要著者判断),MANUAL,normalization_collision_audit 自動追記(2026-07-17)・著者確認待ち,衝突キー'acm sigplan programming language design implementation': [CORE:norm_title] ACM-SIGPLAN Conference on Programming Language Design and Implementation | [SJR:norm_title] Proceedings of the ACM SIGPLAN Conference on Programming Language Design and Implementation (PLDI) / ranks: CORE A* | SJR - / データ0件。採否が変わる衝突のため要判断(normalization_collision_audit 自動検出)
advances neural information processing systems,(要著者判断),MANUAL,normalization_collision_audit 自動追記(2026-07-17)・著者確認待ち,衝突キー'advances neural information processing systems': [CORE:norm_title] Advances in Neural Information Processing Systems (was NIPS) | [SJR:norm_title] Advances in Neural Information Processing Systems / ranks: CORE A* | SJR - / データ0件。採否が変わる衝突のため要判断(normalization_collision_audit 自動検出)
africa,(要著者判断),MANUAL,normalization_collision_audit 自動追記(2026-07-17)・著者確認待ち,衝突キー'africa': [SJR:norm_title] Africa | [SJR:norm_title] Africa (Italy) / ranks: SJR Q1 | SJR Q4 / データ0件。採否が変わる衝突のため要判断(normalization_collision_audit 自動検出)
agricultural economics,(要著者判断),MANUAL,normalization_collision_audit 自動追記(2026-07-17)・著者確認待ち,衝突キー'agricultural economics': [SJR:norm_title] Journal of Agricultural Economics | [SJR:norm_title] Agricultural Economics (United Kingdom) | [SJR:norm_title] Agricultural Economics (Czech Republic) / ranks: SJR Q1 | SJR Q1 | SJR Q2 / データ0件。採否が変わる衝突のため要判断(normalization_collision_audit 自動検出)
agriculture,(要著者判断),MANUAL,normalization_collision_audit 自動追記(2026-07-17)・著者確認待ち,衝突キー'agriculture': [SJR:norm_title] Agriculture (Switzerland) | [SJR:norm_title] Agriculture (Pol'nohospodarstvo) / ranks: SJR Q1 | SJR Q3 / データ0件。採否が変わる衝突のため要判断(normalization_collision_audit 自動検出)
agronomy,(要著者判断),MANUAL,normalization_collision_audit 自動追記(2026-07-17)・著者確認待ち,衝突キー'agronomy': [SJR:norm_title] Agronomy | [SJR:norm_title] International Journal of Agronomy / ranks: SJR Q1 | SJR Q2 / データ0件。採否が変わる衝突のため要判断(normalization_collision_audit 自動検出)
algorithm engineering experiments,(要著者判断),MANUAL,normalization_collision_audit 自動追記(2026-07-17)・著者確認待ち,衝突キー'algorithm engineering experiments': [CORE:norm_title] Workshop on Algorithm Engineering and Experiments | [SJR:norm_title] Proceedings of the Workshop on Algorithm Engineering and Experiments / ranks: CORE A | SJR - / データ0件。採否が変わる衝突のため要判断(normalization_collision_audit 自動検出)
american history,(要著者判断),MANUAL,normalization_collision_audit 自動追記(2026-07-17)・著者確認待ち,衝突キー'american history': [SJR:norm_title] Journal of American History | [SJR:norm_title] American History / ranks: SJR Q1 | SJR Q4 / データ0件。採否が変わる衝突のため要判断(normalization_collision_audit 自動検出)
analysis,(要著者判断),MANUAL,normalization_collision_audit 自動追記(2026-07-17)・著者確認待ち,衝突キー'analysis': [SJR:norm_title] Analysis | [SJR:norm_title] Journal of Analysis | [SJR:norm_title] Analysis (Germany) / ranks: SJR Q1 | SJR Q2 | SJR Q3 / データ0件。採否が変わる衝突のため要判断(normalization_collision_audit 自動検出)
analysis applications,(要著者判断),MANUAL,normalization_collision_audit 自動追記(2026-07-17)・著者確認待ち,衝突キー'analysis applications': [SJR:norm_title] Analysis and Applications | [SJR:norm_title] International Journal of Analysis and Applications | [SJR:norm_title] Journal of Analysis and Applications / ranks: SJR Q1 | SJR Q3 | SJR Q4 / データ0件。採否が変わる衝突のため要判断(normalization_collision_audit 自動検出)
analytical chemistry,(要著者判断),MANUAL,normalization_collision_audit 自動追記(2026-07-17)・著者確認待ち,衝突キー'analytical chemistry': [SJR:norm_title] Analytical Chemistry | [SJR:norm_title] International Journal of Analytical Chemistry | [SJR:norm_title] Journal of Analytical Chemistry / ranks: SJR Q1 | SJR Q2 | SJR Q3 / データ0件。採否が変わる衝突のため要判断(normalization_collision_audit 自動検出)
anthropologie,(要著者判断),MANUAL,normalization_collision_audit 自動追記(2026-07-17)・著者確認待ち,衝突キー'anthropologie': [SJR:norm_title] Anthropologie (France) | [SJR:norm_title] Anthropologie (Czech Republic) / ranks: SJR Q1 | SJR Q3 / データ0件。採否が変わる衝突のため要判断(normalization_collision_audit 自動検出)
antibiotics,(要著者判断),MANUAL,normalization_collision_audit 自動追記(2026-07-17)・著者確認待ち,衝突キー'antibiotics': [SJR:norm_title] Antibiotics | [SJR:norm_title] Journal of Antibiotics / ranks: SJR Q1 | SJR Q3 / データ0件。採否が変わる衝突のため要判断(normalization_collision_audit 自動検出)
applied biological chemistry,(要著者判断),MANUAL,normalization_collision_audit 自動追記(2026-07-17)・著者確認待ち,衝突キー'applied biological chemistry': [SJR:norm_title] Applied Biological Chemistry | [SJR:norm_title] Journal of Applied Biological Chemistry / ranks: SJR Q1 | SJR Q4 / データ0件。採否が変わる衝突のため要判断(normalization_collision_audit 自動検出)
applied computational mathematics,(要著者判断),MANUAL,normalization_collision_audit 自動追記(2026-07-17)・著者確認待ち,衝突キー'applied computational mathematics': [SJR:norm_title] Applied and Computational Mathematics | [SJR:norm_title] International Journal of Applied and Computational Mathematics / ranks: SJR Q1 | SJR Q3 / データ0件。採否が変わる衝突のため要判断(normalization_collision_audit 自動検出)
applied econometrics,(要著者判断),MANUAL,normalization_collision_audit 自動追記(2026-07-17)・著者確認待ち,衝突キー'applied econometrics': [SJR:norm_title] Journal of Applied Econometrics | [SJR:norm_title] Applied Econometrics / ranks: SJR Q1 | SJR Q4 / データ0件。採否が変わる衝突のため要判断(normalization_collision_audit 自動検出)
applied economics,(要著者判断),MANUAL,normalization_collision_audit 自動追記(2026-07-17)・著者確認待ち,衝突キー'applied economics': [SJR:norm_title] Applied Economics | [SJR:norm_title] Journal of Applied Economics / ranks: SJR Q2 | SJR Q1 / データ0件。採否が変わる衝突のため要判断(normalization_collision_audit 自動検出)
applied mathematics mechanics,(要著者判断),MANUAL,normalization_collision_audit 自動追記(2026-07-17)・著者確認待ち,衝突キー'applied mathematics mechanics': [SJR:norm_title] Applied Mathematics and Mechanics (English Edition) | [SJR:norm_title] Applied Mathematics and Mechanics / ranks: SJR Q1 | SJR Q3 / データ0件。採否が変わる衝突のため要判断(normalization_collision_audit 自動検出)
applied philosophy,(要著者判断),MANUAL,normalization_collision_audit 自動追記(2026-07-17)・著者確認待ち,衝突キー'applied philosophy': [SJR:norm_title] Journal of Applied Philosophy | [SJR:norm_title] International Journal of Applied Philosophy / ranks: SJR Q1 | SJR Q3 / データ0件。採否が変わる衝突のため要判断(normalization_collision_audit 自動検出)
arbitration,(要著者判断),MANUAL,normalization_collision_audit 自動追記(2026-07-17)・著者確認待ち,衝突キー'arbitration': [SJR:norm_title] Arbitration International | [SJR:norm_title] Journal of International Arbitration | [SJR:norm_title] Arbitration / ranks: SJR Q1 | SJR Q2 | SJR Q2 / データ0件。採否が変わる衝突のため要判断(normalization_collision_audit 自動検出)
artificial intelligence,(要著者判断),MANUAL,normalization_collision_audit 自動追記(2026-07-17)・著者確認待ち,衝突キー'artificial intelligence': [CORE:norm_title] International Conference on Artificial Intelligence | [SJR:norm_title] Artificial Intelligence | [SJR:norm_title] International Journal of Artificial Intelligence / ranks: CORE National: USA | SJR Q1 | SJR Q4 / データ0件。採否が変わる衝突のため要判断(normalization_collision_audit 自動検出)
artificial intelligence law,(要著者判断),MANUAL,normalization_collision_audit 自動追記(2026-07-17)・著者確認待ち,衝突キー'artificial intelligence law': [CORE:norm_title] International Conference on Artificial Intelligence and Law | [SJR:norm_title] Artificial Intelligence and Law / ranks: CORE C | SJR Q1 / データ0件。採否が変わる衝突のため要判断(normalization_collision_audit 自動検出)
artificial intelligence medicine,(要著者判断),MANUAL,normalization_collision_audit 自動追記(2026-07-17)・著者確認待ち,衝突キー'artificial intelligence medicine': [CORE:norm_title] International Conference on Artificial Intelligence in Medicine | [SJR:norm_title] Artificial Intelligence in Medicine / ranks: CORE B | SJR Q1 / データ0件。採否が変わる衝突のため要判断(normalization_collision_audit 自動検出)
asian studies,(要著者判断),MANUAL,normalization_collision_audit 自動追記(2026-07-17)・著者確認待ち,衝突キー'asian studies': [SJR:norm_title] Asian Studies | [SJR:norm_title] Journal of Asian Studies | [SJR:norm_title] International Journal of Asian Studies / ranks: SJR Q1 | SJR Q1 | SJR Q2 / データ0件。採否が変わる衝突のため要判断(normalization_collision_audit 自動検出)
asian studies review,(要著者判断),MANUAL,normalization_collision_audit 自動追記(2026-07-17)・著者確認待ち,衝突キー'asian studies review': [SJR:norm_title] Asian Studies Review | [SJR:norm_title] Asian International Studies Review / ranks: SJR Q1 | SJR Q2 / データ0件。採否が変わる衝突のため要判断(normalization_collision_audit 自動検出)
association for information science technology,(要著者判断),MANUAL,normalization_collision_audit 自動追記(2026-07-17)・著者確認待ち,衝突キー'association for information science technology': [SJR:norm_title] Journal of the Association for Information Science and Technology | [SJR:norm_title] Proceedings of the Association for Information Science and Technology / ranks: SJR Q1 | SJR Q2 / データ0件。採否が変わる衝突のため要判断(normalization_collision_audit 自動検出)
astrobiology,(要著者判断),MANUAL,normalization_collision_audit 自動追記(2026-07-17)・著者確認待ち,衝突キー'astrobiology': [SJR:norm_title] Astrobiology | [SJR:norm_title] International Journal of Astrobiology / ranks: SJR Q1 | SJR Q3 / データ0件。採否が変わる衝突のため要判断(normalization_collision_audit 自動検出)
autoimmunity,(要著者判断),MANUAL,normalization_collision_audit 自動追記(2026-07-17)・著者確認待ち,衝突キー'autoimmunity': [SJR:norm_title] Journal of Autoimmunity | [SJR:norm_title] Autoimmunity / ranks: SJR Q1 | SJR Q2 / データ0件。採否が変わる衝突のため要判断(normalization_collision_audit 自動検出)
banking finance,(要著者判断),MANUAL,normalization_collision_audit 自動追記(2026-07-17)・著者確認待ち,衝突キー'banking finance': [SJR:norm_title] Journal of Banking and Finance | [SJR:norm_title] International Journal of Banking and Finance / ranks: SJR Q1 | SJR Q4 / データ0件。採否が変わる衝突のため要判断(normalization_collision_audit 自動検出)
big data,(要著者判断),MANUAL,normalization_collision_audit 自動追記(2026-07-17)・著者確認待ち,衝突キー'big data': [SJR:norm_title] Journal of Big Data | [SJR:norm_title] Big Data / ranks: SJR Q1 | SJR Q2 / データ0件。採否が変わる衝突のため要判断(normalization_collision_audit 自動検出)
biological control,(要著者判断),MANUAL,normalization_collision_audit 自動追記(2026-07-17)・著者確認待ち,衝突キー'biological control': [SJR:norm_title] Biological Control | [SJR:norm_title] Journal of Biological Control / ranks: SJR Q1 | SJR Q4 / データ0件。採否が変わる衝突のため要判断(normalization_collision_audit 自動検出)
biological research,(要著者判断),MANUAL,normalization_collision_audit 自動追記(2026-07-17)・著者確認待ち,衝突キー'biological research': [SJR:norm_title] Biological Research | [SJR:norm_title] Journal of Biological Research (Greece) | [SJR:norm_title] Journal of Biological Research (Italy) / ranks: SJR Q1 | SJR Q4 | SJR Q4 / データ0件。採否が変わる衝突のため要判断(normalization_collision_audit 自動検出)
biomaterials,(要著者判断),MANUAL,normalization_collision_audit 自動追記(2026-07-17)・著者確認待ち,衝突キー'biomaterials': [SJR:norm_title] Biomaterials | [SJR:norm_title] International Journal of Biomaterials / ranks: SJR Q1 | SJR Q2 / データ0件。採否が変わる衝突のため要判断(normalization_collision_audit 自動検出)
biometrics,(要著者判断),MANUAL,normalization_collision_audit 自動追記(2026-07-17)・著者確認待ち,衝突キー'biometrics': [SJR:norm_title] Biometrics | [SJR:norm_title] International Journal of Biometrics / ranks: SJR Q1 | SJR Q3 / データ0件。採否が変わる衝突のため要判断(normalization_collision_audit 自動検出)
biostatistics,(要著者判断),MANUAL,normalization_collision_audit 自動追記(2026-07-17)・著者確認待ち,衝突キー'biostatistics': [SJR:norm_title] Biostatistics | [SJR:norm_title] International Journal of Biostatistics / ranks: SJR Q1 | SJR Q2 / データ0件。採否が変わる衝突のため要判断(normalization_collision_audit 自動検出)
biosystems engineering,(要著者判断),MANUAL,normalization_collision_audit 自動追記(2026-07-17)・著者確認待ち,衝突キー'biosystems engineering': [SJR:norm_title] Biosystems Engineering | [SJR:norm_title] Journal of Biosystems Engineering / ranks: SJR Q1 | SJR Q2 / データ0件。採否が変わる衝突のため要判断(normalization_collision_audit 自動検出)
breast cancer,(要著者判断),MANUAL,normalization_collision_audit 自動追記(2026-07-17)・著者確認待ち,衝突キー'breast cancer': [SJR:norm_title] Breast Cancer | [SJR:norm_title] Journal of Breast Cancer | [SJR:norm_title] International Journal of Breast Cancer / ranks: SJR Q1 | SJR Q2 | SJR Q3 / データ0件。採否が変わる衝突のため要判断(normalization_collision_audit 自動検出)
business society,(要著者判断),MANUAL,normalization_collision_audit 自動追記(2026-07-17)・著者確認待ち,衝突キー'business society': [SJR:norm_title] Business and Society | [SJR:norm_title] International Journal of Business and Society / ranks: SJR Q1 | SJR Q3 / データ0件。採否が変わる衝突のため要判断(normalization_collision_audit 自動検出)
cancer,(要著者判断),MANUAL,normalization_collision_audit 自動追記(2026-07-17)・著者確認待ち,衝突キー'cancer': [SJR:norm_title] Cancer | [SJR:norm_title] International Journal of Cancer | [SJR:norm_title] Journal of Cancer / ranks: SJR Q1 | SJR Q1 | SJR Q2 / データ0件。採否が変わる衝突のため要判断(normalization_collision_audit 自動検出)
cardiology,(要著者判断),MANUAL,normalization_collision_audit 自動追記(2026-07-17)・著者確認待ち,衝突キー'cardiology': [SJR:norm_title] International Journal of Cardiology | [SJR:norm_title] Journal of Cardiology | [SJR:norm_title] Cardiology (Switzerland) / ranks: SJR Q1 | SJR Q1 | SJR Q2 / データ0件。採否が変わる衝突のため要判断(normalization_collision_audit 自動検出)
cell biology,(要著者判断),MANUAL,normalization_collision_audit 自動追記(2026-07-17)・著者確認待ち,衝突キー'cell biology': [SJR:norm_title] Journal of Cell Biology | [SJR:norm_title] Cell Biology International | [SJR:norm_title] International Journal of Cell Biology / ranks: SJR Q1 | SJR Q1 | SJR Q3 / データ0件。採否が変わる衝突のため要判断(normalization_collision_audit 自動検出)
central south university,(要著者判断),MANUAL,normalization_collision_audit 自動追記(2026-07-17)・著者確認待ち,衝突キー'central south university': [SJR:norm_title] Journal of Central South University | [SJR:norm_title] Journal of Central South University (Medical Sciences) / ranks: SJR Q1 | SJR Q3 / データ0件。採否が変わる衝突のため要判断(normalization_collision_audit 自動検出)
ceramics,(要著者判断),MANUAL,normalization_collision_audit 自動追記(2026-07-17)・著者確認待ち,衝突キー'ceramics': [SJR:norm_title] Ceramics International | [SJR:norm_title] Ceramics | [SJR:norm_title] Journal of Ceramics / ranks: SJR Q1 | SJR Q2 | SJR Q4 / データ0件。採否が変わる衝突のため要判断(normalization_collision_audit 自動検出)
chinese medicine,(要著者判断),MANUAL,normalization_collision_audit 自動追記(2026-07-17)・著者確認待ち,衝突キー'chinese medicine': [SJR:norm_title] Chinese Medicine (United Kingdom) | [SJR:norm_title] Journal of Chinese Medicine / ranks: SJR Q1 | SJR Q4 / データ0件。採否が変わる衝突のため要判断(normalization_collision_audit 自動検出)
climate,(要著者判断),MANUAL,normalization_collision_audit 自動追記(2026-07-17)・著者確認待ち,衝突キー'climate': [SJR:norm_title] Journal of Climate | [SJR:norm_title] Climate / ranks: SJR Q1 | SJR Q2 / データ0件。採否が変わる衝突のため要判断(normalization_collision_audit 自動検出)
clinical ethics,(要著者判断),MANUAL,normalization_collision_audit 自動追記(2026-07-17)・著者確認待ち,衝突キー'clinical ethics': [SJR:norm_title] Journal of Clinical Ethics | [SJR:norm_title] Clinical Ethics / ranks: SJR Q3 | SJR Q1 / データ0件。採否が変わる衝突のため要判断(normalization_collision_audit 自動検出)
clinical hematology,(要著者判断),MANUAL,normalization_collision_audit 自動追記(2026-07-17)・著者確認待ち,衝突キー'clinical hematology': [SJR:norm_title] Clinical Hematology International | [SJR:norm_title] Journal of Clinical Hematology / ranks: SJR Q1 | SJR Q4 / データ0件。採否が変わる衝突のため要判断(normalization_collision_audit 自動検出)
clinical hypertension,(要著者判断),MANUAL,normalization_collision_audit 自動追記(2026-07-17)・著者確認待ち,衝突キー'clinical hypertension': [SJR:norm_title] Clinical Hypertension | [SJR:norm_title] Journal of Clinical Hypertension / ranks: SJR Q1 | SJR Q2 / データ0件。採否が変わる衝突のため要判断(normalization_collision_audit 自動検出)
clinical immunology,(要著者判断),MANUAL,normalization_collision_audit 自動追記(2026-07-17)・著者確認待ち,衝突キー'clinical immunology': [SJR:norm_title] Journal of Clinical Immunology | [SJR:norm_title] Clinical Immunology / ranks: SJR Q1 | SJR Q2 / データ0件。採否が変わる衝突のため要判断(normalization_collision_audit 自動検出)
clinical pharmacology therapeutics,(要著者判断),MANUAL,normalization_collision_audit 自動追記(2026-07-17)・著者確認待ち,衝突キー'clinical pharmacology therapeutics': [SJR:norm_title] Clinical Pharmacology and Therapeutics | [SJR:norm_title] International Journal of Clinical Pharmacology and Therapeutics / ranks: SJR Q1 | SJR Q3 / データ0件。採否が変わる衝突のため要判断(normalization_collision_audit 自動検出)
cloud computing,(要著者判断),MANUAL,normalization_collision_audit 自動追記(2026-07-17)・著者確認待ち,衝突キー'cloud computing': [SJR:norm_title] Journal of Cloud Computing | [SJR:norm_title] International Journal of Cloud Computing / ranks: SJR Q1 | SJR Q4 / データ0件。採否が変わる衝突のため要判断(normalization_collision_audit 自動検出)
cognitive science,(要著者判断),MANUAL,normalization_collision_audit 自動追記(2026-07-17)・著者確認待ち,衝突キー'cognitive science': [SJR:norm_title] Cognitive Science | [SJR:norm_title] Journal of Cognitive Science / ranks: SJR Q1 | SJR Q3 / データ0件。採否が変わる衝突のため要判断(normalization_collision_audit 自動検出)
communication,(要著者判断),MANUAL,normalization_collision_audit 自動追記(2026-07-17)・著者確認待ち,衝突キー'communication': [SJR:norm_title] Journal of Communication | [SJR:norm_title] International Journal of Communication | [SJR:norm_title] Journal of International Communication / ranks: SJR Q1 | SJR Q1 | SJR Q3 / データ0件。採否が変わる衝突のため要判断(normalization_collision_audit 自動検出)
communication management,(要著者判断),MANUAL,normalization_collision_audit 自動追記(2026-07-17)・著者確認待ち,衝突キー'communication management': [SJR:norm_title] Journal of Communication Management | [SJR:norm_title] Communication and Management / ranks: SJR Q1 | SJR Q4 / データ0件。採否が変わる衝突のため要判断(normalization_collision_audit 自動検出)
communications,(要著者判断),MANUAL,normalization_collision_audit 自動追記(2026-07-17)・著者確認待ち,衝突キー'communications': [SJR:norm_title] Communications | [SJR:norm_title] Journal of Communications / ranks: SJR Q1 | SJR Q3 / データ0件。採否が変わる衝突のため要判断(normalization_collision_audit 自動検出)
comparative politics,(要著者判断),MANUAL,normalization_collision_audit 自動追記(2026-07-17)・著者確認待ち,衝突キー'comparative politics': [SJR:norm_title] Comparative Politics | [SJR:norm_title] Journal of Comparative Politics / ranks: SJR Q1 | SJR Q2 / データ0件。採否が変わる衝突のため要判断(normalization_collision_audit 自動検出)
comparative sociology,(要著者判断),MANUAL,normalization_collision_audit 自動追記(2026-07-17)・著者確認待ち,衝突キー'comparative sociology': [SJR:norm_title] International Journal of Comparative Sociology | [SJR:norm_title] Comparative Sociology / ranks: SJR Q1 | SJR Q3 / データ0件。採否が変わる衝突のため要判断(normalization_collision_audit 自動検出)
complexity,(要著者判断),MANUAL,normalization_collision_audit 自動追記(2026-07-17)・著者確認待ち,衝突キー'complexity': [SJR:norm_title] Journal of Complexity | [SJR:norm_title] Complexity / ranks: SJR Q1 | SJR Q2 / データ0件。採否が変わる衝突のため要判断(normalization_collision_audit 自動検出)
computational applied mathematics,(要著者判断),MANUAL,normalization_collision_audit 自動追記(2026-07-17)・著者確認待ち,衝突キー'computational applied mathematics': [SJR:norm_title] Journal of Computational and Applied Mathematics | [SJR:norm_title] Computational and Applied Mathematics / ranks: SJR Q1 | SJR Q2 / データ0件。採否が変わる衝突のため要判断(normalization_collision_audit 自動検出)
computational geometry,(要著者判断),MANUAL,normalization_collision_audit 自動追記(2026-07-17)・著者確認待ち,衝突キー'computational geometry': [CORE:norm_title] International Symposium on Computational Geometry | [SJR:norm_title] Journal of Computational Geometry / ranks: CORE A* | SJR Q3 / データ0件。採否が変わる衝突のため要判断(normalization_collision_audit 自動検出)
computational linguistics,(要著者判断),MANUAL,normalization_collision_audit 自動追記(2026-07-17)・著者確認待ち,衝突キー'computational linguistics': [CORE:norm_title] International Conference on Computational Linguistics | [SJR:norm_title] Computational Linguistics / ranks: CORE B | SJR Q1 / データ0件。採否が変わる衝突のため要判断(normalization_collision_audit 自動検出)
computational science,(要著者判断),MANUAL,normalization_collision_audit 自動追記(2026-07-17)・著者確認待ち,衝突キー'computational science': [CORE:norm_title] International Conference on Computational Science | [SJR:norm_title] Journal of Computational Science / ranks: CORE Multiconference | SJR Q1 / データ0件。採否が変わる衝突のため要判断(normalization_collision_audit 自動検出)
consumer marketing,(要著者判断),MANUAL,normalization_collision_audit 自動追記(2026-07-17)・著者確認待ち,衝突キー'consumer marketing': [SJR:norm_title] Journal of Consumer Marketing | [SJR:norm_title] Journal of International Consumer Marketing / ranks: SJR Q1 | SJR Q2 / データ0件。採否が変わる衝突のため要判断(normalization_collision_audit 自動検出)
contemporary physics,(要著者判断),MANUAL,normalization_collision_audit 自動追記(2026-07-17)・著者確認待ち,衝突キー'contemporary physics': [SJR:norm_title] Contemporary Physics | [SJR:norm_title] Journal of Contemporary Physics / ranks: SJR Q1 | SJR Q4 / データ0件。採否が変わる衝突のため要判断(normalization_collision_audit 自動検出)
criminal justice review,(要著者判断),MANUAL,normalization_collision_audit 自動追記(2026-07-17)・著者確認待ち,衝突キー'criminal justice review': [SJR:norm_title] Criminal Justice Review | [SJR:norm_title] International Criminal Justice Review / ranks: SJR Q1 | SJR Q2 / データ0件。採否が変わる衝突のため要判断(normalization_collision_audit 自動検出)
critical care medicine,(要著者判断),MANUAL,normalization_collision_audit 自動追記(2026-07-17)・著者確認待ち,衝突キー'critical care medicine': [SJR:norm_title] Critical Care Medicine | [SJR:norm_title] Journal of Critical Care Medicine / ranks: SJR Q1 | SJR Q2 / データ0件。採否が変わる衝突のため要判断(normalization_collision_audit 自動検出)
critique,(要著者判断),MANUAL,normalization_collision_audit 自動追記(2026-07-17)・著者確認待ち,衝突キー'critique': [SJR:norm_title] Critique | [SJR:norm_title] Critique (France) / ranks: SJR Q1 | SJR Q4 / データ0件。採否が変わる衝突のため要判断(normalization_collision_audit 自動検出)
crop protection,(要著者判断),MANUAL,normalization_collision_audit 自動追記(2026-07-17)・著者確認待ち,衝突キー'crop protection': [SJR:norm_title] Crop Protection | [SJR:norm_title] Journal of Crop Protection / ranks: SJR Q1 | SJR Q4 / データ0件。採否が変わる衝突のため要判断(normalization_collision_audit 自動検出)
dairy science,(要著者判断),MANUAL,normalization_collision_audit 自動追記(2026-07-17)・著者確認待ち,衝突キー'dairy science': [SJR:norm_title] Journal of Dairy Science | [SJR:norm_title] International Journal of Dairy Science / ranks: SJR Q1 | SJR Q4 / データ0件。採否が変わる衝突のため要判断(normalization_collision_audit 自動検出)
data information management,(要著者判断),MANUAL,normalization_collision_audit 自動追記(2026-07-17)・著者確認待ち,"衝突キー'data information management': [SJR:norm_title] Data and Information Management | [SJR:norm_title] Journal of Data, Information and Management / ranks: SJR Q1 | SJR Q2 / データ0件。採否が変わる衝突のため要判断(normalization_collision_audit 自動検出)"
dental journal,(要著者判断),MANUAL,normalization_collision_audit 自動追記(2026-07-17)・著者確認待ち,衝突キー'dental journal': [SJR:norm_title] International Dental Journal | [SJR:norm_title] Dental Journal / ranks: SJR Q1 | SJR Q3 / データ0件。採否が変わる衝突のため要判断(normalization_collision_audit 自動検出)
dentistry,(要著者判断),MANUAL,normalization_collision_audit 自動追記(2026-07-17)・著者確認待ち,衝突キー'dentistry': [SJR:norm_title] Journal of Dentistry | [SJR:norm_title] International Journal of Dentistry | [SJR:norm_title] Journal of Dentistry (Iran) | [SJR:norm_title] Dentistry 3000 / ranks: SJR Q1 | SJR Q1 | SJR Q2 | SJR Q3 / データ0件。採否が変わる衝突のため要判断(normalization_collision_audit 自動検出)
design,(要著者判断),MANUAL,normalization_collision_audit 自動追記(2026-07-17)・著者確認待ち,衝突キー'design': [SJR:norm_title] International Journal of Design | [SJR:norm_title] Journal of Design / ranks: SJR Q1 | SJR Q2 / データ0件。採否が変わる衝突のため要判断(normalization_collision_audit 自動検出)
designs for learning,(要著者判断),MANUAL,normalization_collision_audit 自動追記(2026-07-17)・著者確認待ち,衝突キー'designs for learning': [SJR:norm_title] Designs for Learning | [SJR:norm_title] International Journal of Designs for Learning / ranks: SJR Q1 | SJR Q4 / データ0件。採否が変わる衝突のため要判断(normalization_collision_audit 自動検出)
development,(要著者判断),MANUAL,normalization_collision_audit 自動追記(2026-07-17)・著者確認待ち,衝突キー'development': [SJR:norm_title] Development (Cambridge) | [SJR:norm_title] Journal of International Development | [SJR:norm_title] Development / ranks: SJR Q1 | SJR Q2 | SJR Q3 / データ0件。採否が変わる衝突のため要判断(normalization_collision_audit 自動検出)
differential equations,(要著者判断),MANUAL,normalization_collision_audit 自動追記(2026-07-17)・著者確認待ち,衝突キー'differential equations': [SJR:norm_title] Journal of Differential Equations | [SJR:norm_title] Differential Equations | [SJR:norm_title] International Journal of Differential Equations / ranks: SJR Q1 | SJR Q2 | SJR Q3 / データ0件。採否が変わる衝突のため要判断(normalization_collision_audit 自動検出)
distributed computing,(要著者判断),MANUAL,normalization_collision_audit 自動追記(2026-07-17)・著者確認待ち,衝突キー'distributed computing': [CORE:norm_title] International Symposium on Distributed Computing (was WDAG) | [SJR:norm_title] Distributed Computing / ranks: CORE A | SJR Q2 / データ0件。採否が変わる衝突のため要判断(normalization_collision_audit 自動検出)
diversity higher education,(要著者判断),MANUAL,normalization_collision_audit 自動追記(2026-07-17)・著者確認待ち,衝突キー'diversity higher education': [SJR:norm_title] Journal of Diversity in Higher Education | [SJR:norm_title] Diversity in Higher Education / ranks: SJR Q1 | SJR - / データ0件。採否が変わる衝突のため要判断(normalization_collision_audit 自動検出)
ecological engineering,(要著者判断),MANUAL,normalization_collision_audit 自動追記(2026-07-17)・著者確認待ち,衝突キー'ecological engineering': [SJR:norm_title] Ecological Engineering | [SJR:norm_title] Journal of Ecological Engineering / ranks: SJR Q1 | SJR Q2 / データ0件。採否が変わる衝突のため要判断(normalization_collision_audit 自動検出)
ecology,(要著者判断),MANUAL,normalization_collision_audit 自動追記(2026-07-17)・著者確認待ち,衝突キー'ecology': [SJR:norm_title] Journal of Ecology | [SJR:norm_title] Ecology | [SJR:norm_title] International Journal of Ecology / ranks: SJR Q1 | SJR Q1 | SJR Q2 / データ0件。採否が変わる衝突のため要判断(normalization_collision_audit 自動検出)
econometrics,(要著者判断),MANUAL,normalization_collision_audit 自動追記(2026-07-17)・著者確認待ち,衝突キー'econometrics': [SJR:norm_title] Journal of Econometrics | [SJR:norm_title] Econometrics / ranks: SJR Q1 | SJR Q3 / データ0件。採否が変わる衝突のため要判断(normalization_collision_audit 自動検出)
economic geography,(要著者判断),MANUAL,normalization_collision_audit 自動追記(2026-07-17)・著者確認待ち,衝突キー'economic geography': [SJR:norm_title] Economic Geography | [SJR:norm_title] Journal of Economic Geography | [SJR:norm_title] Economic Geography (Switzerland) / ranks: SJR Q1 | SJR Q1 | SJR Q3 / データ0件。採否が変わる衝突のため要判断(normalization_collision_audit 自動検出)
economic geology,(要著者判断),MANUAL,normalization_collision_audit 自動追記(2026-07-17)・著者確認待ち,衝突キー'economic geology': [SJR:norm_title] Economic Geology | [SJR:norm_title] Journal of Economic Geology / ranks: SJR Q1 | SJR Q4 / データ0件。採否が変わる衝突のため要判断(normalization_collision_audit 自動検出)
economic journal,(要著者判断),MANUAL,normalization_collision_audit 自動追記(2026-07-17)・著者確認待ち,衝突キー'economic journal': [SJR:norm_title] Economic Journal | [SJR:norm_title] International Economic Journal / ranks: SJR Q1 | SJR Q2 / データ0件。採否が変わる衝突のため要判断(normalization_collision_audit 自動検出)
economic theory,(要著者判断),MANUAL,normalization_collision_audit 自動追記(2026-07-17)・著者確認待ち,衝突キー'economic theory': [SJR:norm_title] Journal of Economic Theory | [SJR:norm_title] Economic Theory | [SJR:norm_title] International Journal of Economic Theory / ranks: SJR Q1 | SJR Q1 | SJR Q3 / データ0件。採否が変わる衝突のため要判断(normalization_collision_audit 自動検出)
economics,(要著者判断),MANUAL,normalization_collision_audit 自動追記(2026-07-17)・著者確認待ち,衝突キー'economics': [SJR:norm_title] Journal of International Economics | [SJR:norm_title] International Economics | [SJR:norm_title] Economics / ranks: SJR Q1 | SJR Q1 | SJR Q2 / データ0件。採否が変わる衝突のため要判断(normalization_collision_audit 自動検出)
economics business,(要著者判断),MANUAL,normalization_collision_audit 自動追記(2026-07-17)・著者確認待ち,衝突キー'economics business': [SJR:norm_title] Journal of Economics and Business | [SJR:norm_title] International Journal of the Economics of Business / ranks: SJR Q1 | SJR Q2 / データ0件。採否が変わる衝突のため要判断(normalization_collision_audit 自動検出)
economics development,(要著者判断),MANUAL,normalization_collision_audit 自動追記(2026-07-17)・著者確認待ち,衝突キー'economics development': [SJR:norm_title] Journal of Economics and Development | [SJR:norm_title] Economics of Development (discontinued) / ranks: SJR Q1 | SJR - / データ0件。採否が変わる衝突のため要判断(normalization_collision_audit 自動検出)
education,(要著者判断),MANUAL,normalization_collision_audit 自動追記(2026-07-17)・著者確認待ち,衝突キー'education': [SJR:norm_title] Journal of Education | [SJR:norm_title] Journal of Education (South Africa) / ranks: SJR Q1 | SJR Q3 / データ0件。採否が変わる衝突のため要判断(normalization_collision_audit 自動検出)
education culture society,(要著者判断),MANUAL,normalization_collision_audit 自動追記(2026-07-17)・著者確認待ち,"衝突キー'education culture society': [SJR:norm_title] Journal of Education Culture and Society | [SJR:norm_title] Education, Culture, and Society / ranks: SJR Q1 | SJR Q4 / データ0件。採否が変わる衝突のため要判断(normalization_collision_audit 自動検出)"
educational research,(要著者判断),MANUAL,normalization_collision_audit 自動追記(2026-07-17)・著者確認待ち,衝突キー'educational research': [SJR:norm_title] Educational Research | [SJR:norm_title] International Journal of Educational Research | [SJR:norm_title] Journal of Educational Research / ranks: SJR Q1 | SJR Q1 | SJR Q2 / データ0件。採否が変わる衝突のため要判断(normalization_collision_audit 自動検出)
emergency nursing,(要著者判断),MANUAL,normalization_collision_audit 自動追記(2026-07-17)・著者確認待ち,衝突キー'emergency nursing': [SJR:norm_title] International Emergency Nursing | [SJR:norm_title] Journal of Emergency Nursing / ranks: SJR Q1 | SJR Q2 / データ0件。採否が変わる衝突のため要判断(normalization_collision_audit 自動検出)
empirical economics,(要著者判断),MANUAL,normalization_collision_audit 自動追記(2026-07-17)・著者確認待ち,衝突キー'empirical economics': [SJR:norm_title] Empirical Economics | [SJR:norm_title] International Journal of Empirical Economics / ranks: SJR Q1 | SJR Q3 / データ0件。採否が変わる衝突のため要判断(normalization_collision_audit 自動検出)
empirical software engineering measurement,(要著者判断),MANUAL,normalization_collision_audit 自動追記(2026-07-17)・著者確認待ち,衝突キー'empirical software engineering measurement': [CORE:norm_title] International Symposium on Empirical Software Engineering and Measurement | [SJR:norm_title] International Symposium on Empirical Software Engineering and Measurement / ranks: CORE A | SJR - / データ0件。採否が変わる衝突のため要判断(normalization_collision_audit 自動検出)
endocrinology metabolism,(要著者判断),MANUAL,normalization_collision_audit 自動追記(2026-07-17)・著者確認待ち,衝突キー'endocrinology metabolism': [SJR:norm_title] Endocrinology and Metabolism | [SJR:norm_title] International Journal of Endocrinology and Metabolism | [SJR:norm_title] Journal of Endocrinology and Metabolism / ranks: SJR Q1 | SJR Q3 | SJR Q4 / データ0件。採否が変わる衝突のため要判断(normalization_collision_audit 自動検出)
energy storage,(要著者判断),MANUAL,normalization_collision_audit 自動追記(2026-07-17)・著者確認待ち,衝突キー'energy storage': [SJR:norm_title] Journal of Energy Storage | [SJR:norm_title] Energy Storage / ranks: SJR Q1 | SJR Q2 / データ0件。採否が変わる衝突のため要判断(normalization_collision_audit 自動検出)
engineering,(要著者判断),MANUAL,normalization_collision_audit 自動追記(2026-07-17)・著者確認待ち,衝突キー'engineering': [SJR:norm_title] Engineering | [SJR:norm_title] Journal of Engineering (United Kingdom) | [SJR:norm_title] Journal of Engineering / ranks: SJR Q1 | SJR Q2 | SJR Q3 / データ0件。採否が変わる衝突のため要判断(normalization_collision_audit 自動検出)
engineering education,(要著者判断),MANUAL,normalization_collision_audit 自動追記(2026-07-17)・著者確認待ち,衝突キー'engineering education': [SJR:norm_title] Journal of Engineering Education | [SJR:norm_title] International Journal of Engineering Education / ranks: SJR Q1 | SJR Q2 / データ0件。採否が変わる衝突のため要判断(normalization_collision_audit 自動検出)
engineering geology,(要著者判断),MANUAL,normalization_collision_audit 自動追記(2026-07-17)・著者確認待ち,衝突キー'engineering geology': [SJR:norm_title] Engineering Geology | [SJR:norm_title] Journal of Engineering Geology / ranks: SJR Q1 | SJR Q4 / データ0件。採否が変わる衝突のため要判断(normalization_collision_audit 自動検出)
english studies,(要著者判断),MANUAL,normalization_collision_audit 自動追記(2026-07-17)・著者確認待ち,衝突キー'english studies': [SJR:norm_title] English Studies | [SJR:norm_title] International Journal of English Studies | [SJR:norm_title] Journal of English Studies / ranks: SJR Q1 | SJR Q1 | SJR Q2 / データ0件。採否が変わる衝突のため要判断(normalization_collision_audit 自動検出)
english teaching,(要著者判断),MANUAL,normalization_collision_audit 自動追記(2026-07-17)・著者確認待ち,衝突キー'english teaching': [SJR:norm_title] English Teaching | [SJR:norm_title] English Teaching (South Korea) / ranks: SJR Q1 | SJR Q3 / データ0件。採否が変わる衝突のため要判断(normalization_collision_audit 自動検出)
enterprise information systems,(要著者判断),MANUAL,normalization_collision_audit 自動追記(2026-07-17)・著者確認待ち,衝突キー'enterprise information systems': [SJR:norm_title] Enterprise Information Systems | [SJR:norm_title] International Journal of Enterprise Information Systems / ranks: SJR Q1 | SJR Q3 / データ0件。採否が変わる衝突のため要判断(normalization_collision_audit 自動検出)
environment health,(要著者判断),MANUAL,normalization_collision_audit 自動追記(2026-07-17)・著者確認待ち,衝突キー'environment health': [SJR:norm_title] Environment and Health | [SJR:norm_title] International Journal of Environment and Health / ranks: SJR Q1 | SJR Q2 / データ0件。採否が変わる衝突のため要判断(normalization_collision_audit 自動検出)
environmental earth sciences,(要著者判断),MANUAL,normalization_collision_audit 自動追記(2026-07-17)・著者確認待ち,衝突キー'environmental earth sciences': [SJR:norm_title] Environmental Earth Sciences | [SJR:norm_title] Journal of Environmental and Earth Sciences (discontinued) / ranks: SJR Q1 | SJR - / データ0件。採否が変わる衝突のため要判断(normalization_collision_audit 自動検出)
environmental law,(要著者判断),MANUAL,normalization_collision_audit 自動追記(2026-07-17)・著者確認待ち,衝突キー'environmental law': [SJR:norm_title] Journal of Environmental Law | [SJR:norm_title] International Environmental Law / ranks: SJR Q1 | SJR Q4 / データ0件。採否が変わる衝突のため要判断(normalization_collision_audit 自動検出)
environmental sustainability,(要著者判断),MANUAL,normalization_collision_audit 自動追記(2026-07-17)・著者確認待ち,衝突キー'environmental sustainability': [SJR:norm_title] Environmental Sustainability | [SJR:norm_title] International Journal of Environmental Sustainability / ranks: SJR Q1 | SJR Q4 / データ0件。採否が変わる衝突のため要判断(normalization_collision_audit 自動検出)
european education,(要著者判断),MANUAL,normalization_collision_audit 自動追記(2026-07-17)・著者確認待ち,衝突キー'european education': [SJR:norm_title] European Journal of Education | [SJR:norm_title] European Education / ranks: SJR Q1 | SJR Q3 / データ0件。採否が変わる衝突のため要判断(normalization_collision_audit 自動検出)
european psychiatry,(要著者判断),MANUAL,normalization_collision_audit 自動追記(2026-07-17)・著者確認待ち,衝突キー'european psychiatry': [SJR:norm_title] European Psychiatry | [SJR:norm_title] European Journal of Psychiatry / ranks: SJR Q1 | SJR Q2 / データ0件。採否が変わる衝突のため要判断(normalization_collision_audit 自動検出)
evolutionary biology,(要著者判断),MANUAL,normalization_collision_audit 自動追記(2026-07-17)・著者確認待ち,衝突キー'evolutionary biology': [SJR:norm_title] Journal of Evolutionary Biology | [SJR:norm_title] Evolutionary Biology / ranks: SJR Q1 | SJR Q2 / データ0件。採否が変わる衝突のため要判断(normalization_collision_audit 自動検出)
fertility sterility,(要著者判断),MANUAL,normalization_collision_audit 自動追記(2026-07-17)・著者確認待ち,衝突キー'fertility sterility': [SJR:norm_title] Fertility and Sterility | [SJR:norm_title] International Journal of Fertility and Sterility / ranks: SJR Q1 | SJR Q2 / データ0件。採否が変わる衝突のため要判断(normalization_collision_audit 自動検出)
finance,(要著者判断),MANUAL,normalization_collision_audit 自動追記(2026-07-17)・著者確認待ち,衝突キー'finance': [SJR:norm_title] Journal of Finance | [SJR:norm_title] International Finance | [SJR:norm_title] Finance / ranks: SJR Q1 | SJR Q2 | SJR Q4 / データ0件。採否が変わる衝突のため要判断(normalization_collision_audit 自動検出)
folklore,(要著者判断),MANUAL,normalization_collision_audit 自動追記(2026-07-17)・著者確認待ち,衝突キー'folklore': [SJR:norm_title] Folklore (United Kingdom) | [SJR:norm_title] Folklore (Estonia) / ranks: SJR Q1 | SJR Q2 / データ0件。採否が変わる衝突のため要判断(normalization_collision_audit 自動検出)
food engineering,(要著者判断),MANUAL,normalization_collision_audit 自動追記(2026-07-17)・著者確認待ち,衝突キー'food engineering': [SJR:norm_title] Journal of Food Engineering | [SJR:norm_title] International Journal of Food Engineering / ranks: SJR Q1 | SJR Q2 / データ0件。採否が変わる衝突のため要判断(normalization_collision_audit 自動検出)
food nutrition research,(要著者判断),MANUAL,normalization_collision_audit 自動追記(2026-07-17)・著者確認待ち,衝突キー'food nutrition research': [SJR:norm_title] Food and Nutrition Research | [SJR:norm_title] Journal of Food and Nutrition Research / ranks: SJR Q1 | SJR Q3 / データ0件。採否が変わる衝突のため要判断(normalization_collision_audit 自動検出)
food research,(要著者判断),MANUAL,normalization_collision_audit 自動追記(2026-07-17)・著者確認待ち,衝突キー'food research': [SJR:norm_title] Food Research International | [SJR:norm_title] Food Research / ranks: SJR Q1 | SJR Q3 / データ0件。採否が変わる衝突のため要判断(normalization_collision_audit 自動検出)
food science,(要著者判断),MANUAL,normalization_collision_audit 自動追記(2026-07-17)・著者確認待ち,衝突キー'food science': [SJR:norm_title] Journal of Food Science | [SJR:norm_title] International Journal of Food Science / ranks: SJR Q1 | SJR Q2 / データ0件。採否が変わる衝突のため要判断(normalization_collision_audit 自動検出)
food science biotechnology,(要著者判断),MANUAL,normalization_collision_audit 自動追記(2026-07-17)・著者確認待ち,衝突キー'food science biotechnology': [SJR:norm_title] Food Science and Biotechnology | [SJR:norm_title] Journal of Food Science and Biotechnology / ranks: SJR Q1 | SJR Q4 / データ0件。採否が変わる衝突のため要判断(normalization_collision_audit 自動検出)
food science technology,(要著者判断),MANUAL,normalization_collision_audit 自動追記(2026-07-17)・著者確認待ち,衝突キー'food science technology': [SJR:norm_title] Journal of Food Science and Technology | [SJR:norm_title] International Journal of Food Science and Technology | [SJR:norm_title] Food Science and Technology International | [SJR:norm_title] Food Science and Technology (United States) | [SJR:norm_title] Journal of Food Science and Technology (China) | [SJR:norm_title] Journal of Food Science and Technology (Iran) / ranks: SJR Q2 | SJR Q1 | SJR Q2 | SJR Q3 | SJR Q3 | SJR Q4 / データ0件。採否が変わる衝突のため要判断(normalization_collision_audit 自動検出)
forecasting,(要著者判断),MANUAL,normalization_collision_audit 自動追記(2026-07-17)・著者確認待ち,衝突キー'forecasting': [SJR:norm_title] International Journal of Forecasting | [SJR:norm_title] Forecasting | [SJR:norm_title] Journal of Forecasting / ranks: SJR Q1 | SJR Q1 | SJR Q2 / データ0件。採否が変わる衝突のため要判断(normalization_collision_audit 自動検出)
forest engineering,(要著者判断),MANUAL,normalization_collision_audit 自動追記(2026-07-17)・著者確認待ち,衝突キー'forest engineering': [SJR:norm_title] International Journal of Forest Engineering | [SJR:norm_title] Forest Engineering / ranks: SJR Q1 | SJR Q3 / データ0件。採否が変わる衝突のため要判断(normalization_collision_audit 自動検出)
forestry research,(要著者判断),MANUAL,normalization_collision_audit 自動追記(2026-07-17)・著者確認待ち,衝突キー'forestry research': [SJR:norm_title] Forestry Research | [SJR:norm_title] Journal of Forestry Research | [SJR:norm_title] International Journal of Forestry Research / ranks: SJR Q1 | SJR Q1 | SJR Q2 / データ0件。採否が変わる衝突のため要判断(normalization_collision_audit 自動検出)
forum,(要著者判断),MANUAL,normalization_collision_audit 自動追記(2026-07-17)・著者確認待ち,衝突キー'forum': [SJR:norm_title] Forum (Germany) | [SJR:norm_title] FORUM (The Netherlands) / ranks: SJR Q2 | SJR Q1 / データ0件。採否が変わる衝突のため要判断(normalization_collision_audit 自動検出)
frontiers education,(要著者判断),MANUAL,normalization_collision_audit 自動追記(2026-07-17)・著者確認待ち,衝突キー'frontiers education': [CORE:norm_title] Frontiers in Education | [SJR:norm_title] Frontiers in Education / ranks: CORE C | SJR Q1 / データ0件。採否が変わる衝突のため要判断(normalization_collision_audit 自動検出)
frontiers mechanical engineering,(要著者判断),MANUAL,normalization_collision_audit 自動追記(2026-07-17)・著者確認待ち,衝突キー'frontiers mechanical engineering': [SJR:norm_title] Frontiers of Mechanical Engineering | [SJR:norm_title] Frontiers in Mechanical Engineering / ranks: SJR Q1 | SJR Q2 / データ0件。採否が変わる衝突のため要判断(normalization_collision_audit 自動検出)
frontiers physics,(要著者判断),MANUAL,normalization_collision_audit 自動追記(2026-07-17)・著者確認待ち,衝突キー'frontiers physics': [SJR:norm_title] Frontiers of Physics | [SJR:norm_title] Frontiers in Physics / ranks: SJR Q1 | SJR Q2 / データ0件。採否が変わる衝突のため要判断(normalization_collision_audit 自動検出)
fse,(要著者判断),MANUAL,normalization_collision_audit 自動追記(2026-07-17)・著者確認待ち,"衝突キー'fse': [CORE:acronym] ACM International Conference on the Foundations of Software Engineering (was ESEC/FSE, changed 2024; duplicate previously listed as ESEC, removed from DB) | [CORE:acronym] International Workshop on Fast Software Encryption / ranks: CORE A* | CORE B / データ0件。採否が変わる衝突のため要判断(normalization_collision_audit 自動検出)"
functional programming,(要著者判断),MANUAL,normalization_collision_audit 自動追記(2026-07-17)・著者確認待ち,衝突キー'functional programming': [CORE:norm_title] International Conference on Functional Programming | [SJR:norm_title] Journal of Functional Programming / ranks: CORE A | SJR Q3 / データ0件。採否が変わる衝突のため要判断(normalization_collision_audit 自動検出)
fuzzy sets systems,(要著者判断),MANUAL,normalization_collision_audit 自動追記(2026-07-17)・著者確認待ち,衝突キー'fuzzy sets systems': [SJR:norm_title] Fuzzy Sets and Systems | [SJR:norm_title] Transactions on Fuzzy Sets and Systems / ranks: SJR Q1 | SJR Q3 / データ0件。採否が変わる衝突のため要判断(normalization_collision_audit 自動検出)
gambling studies,(要著者判断),MANUAL,normalization_collision_audit 自動追記(2026-07-17)・著者確認待ち,衝突キー'gambling studies': [SJR:norm_title] Journal of Gambling Studies | [SJR:norm_title] International Gambling Studies / ranks: SJR Q1 | SJR Q2 / データ0件。採否が変わる衝突のため要判断(normalization_collision_audit 自動検出)
gastroenterology,(要著者判断),MANUAL,normalization_collision_audit 自動追記(2026-07-17)・著者確認待ち,衝突キー'gastroenterology': [SJR:norm_title] Gastroenterology | [SJR:norm_title] Journal of Gastroenterology | [SJR:norm_title] Gastroenterology (Ukraine) / ranks: SJR Q1 | SJR Q1 | SJR Q4 / データ0件。採否が変わる衝突のため要判断(normalization_collision_audit 自動検出)
gastroenterology hepatology,(要著者判断),MANUAL,normalization_collision_audit 自動追記(2026-07-17)・著者確認待ち,衝突キー'gastroenterology hepatology': [SJR:norm_title] Journal of Gastroenterology and Hepatology (Australia) | [SJR:norm_title] Gastroenterology and Hepatology / ranks: SJR Q1 | SJR Q2 / データ0件。採否が変わる衝突のため要判断(normalization_collision_audit 自動検出)
gender studies,(要著者判断),MANUAL,normalization_collision_audit 自動追記(2026-07-17)・著者確認待ち,衝突キー'gender studies': [SJR:norm_title] Journal of Gender Studies | [SJR:norm_title] Gender Studies / ranks: SJR Q1 | SJR Q4 / データ0件。採否が変わる衝突のため要判断(normalization_collision_audit 自動検出)
genetics,(要著者判断),MANUAL,normalization_collision_audit 自動追記(2026-07-17)・著者確認待ち,衝突キー'genetics': [SJR:norm_title] Genetics | [SJR:norm_title] Journal of Genetics / ranks: SJR Q1 | SJR Q4 / データ0件。採否が変わる衝突のため要判断(normalization_collision_audit 自動検出)
geographical sciences,(要著者判断),MANUAL,normalization_collision_audit 自動追記(2026-07-17)・著者確認待ち,衝突キー'geographical sciences': [SJR:norm_title] Journal of Geographical Sciences | [SJR:norm_title] Geographical Sciences / ranks: SJR Q1 | SJR Q3 / データ0件。採否が変わる衝突のため要判断(normalization_collision_audit 自動検出)
geology,(要著者判断),MANUAL,normalization_collision_audit 自動追記(2026-07-17)・著者確認待ち,衝突キー'geology': [SJR:norm_title] Geology | [SJR:norm_title] Journal of Geology / ranks: SJR Q1 | SJR Q2 / データ0件。採否が変わる衝突のため要判断(normalization_collision_audit 自動検出)
geomechanics,(要著者判断),MANUAL,normalization_collision_audit 自動追記(2026-07-17)・著者確認待ち,衝突キー'geomechanics': [SJR:norm_title] International Journal of Geomechanics | [SJR:norm_title] Journal of Geomechanics / ranks: SJR Q1 | SJR Q2 / データ0件。採否が変わる衝突のため要判断(normalization_collision_audit 自動検出)
geophysics,(要著者判断),MANUAL,normalization_collision_audit 自動追記(2026-07-17)・著者確認待ち,衝突キー'geophysics': [SJR:norm_title] Geophysics | [SJR:norm_title] International Journal of Geophysics / ranks: SJR Q1 | SJR Q3 / データ0件。採否が変わる衝突のため要判断(normalization_collision_audit 自動検出)
health,(要著者判断),MANUAL,normalization_collision_audit 自動追記(2026-07-17)・著者確認待ち,衝突キー'health': [SJR:norm_title] International Health | [SJR:norm_title] Health (United Kingdom) / ranks: SJR Q1 | SJR Q2 / データ0件。採否が変わる衝突のため要判断(normalization_collision_audit 自動検出)
health psychology,(要著者判断),MANUAL,normalization_collision_audit 自動追記(2026-07-17)・著者確認待ち,衝突キー'health psychology': [SJR:norm_title] Health Psychology | [SJR:norm_title] Journal of Health Psychology / ranks: SJR Q1 | SJR Q2 / データ0件。採否が変わる衝突のため要判断(normalization_collision_audit 自動検出)
healthcare informatics research,(要著者判断),MANUAL,normalization_collision_audit 自動追記(2026-07-17)・著者確認待ち,衝突キー'healthcare informatics research': [SJR:norm_title] Journal of Healthcare Informatics Research | [SJR:norm_title] Healthcare Informatics Research / ranks: SJR Q1 | SJR Q2 / データ0件。採否が変わる衝突のため要判断(normalization_collision_audit 自動検出)
heat mass transfer,(要著者判断),MANUAL,normalization_collision_audit 自動追記(2026-07-17)・著者確認待ち,衝突キー'heat mass transfer': [SJR:norm_title] International Journal of Heat and Mass Transfer | [SJR:norm_title] Heat and Mass Transfer / ranks: SJR Q1 | SJR Q2 / データ0件。採否が変わる衝突のため要判断(normalization_collision_audit 自動検出)
hematology,(要著者判断),MANUAL,normalization_collision_audit 自動追記(2026-07-17)・著者確認待ち,衝突キー'hematology': [SJR:norm_title] Hematology (United States) | [SJR:norm_title] International Journal of Hematology | [SJR:norm_title] Hematology (United Kingdom) | [SJR:norm_title] Hematology (Bulgaria) / ranks: SJR Q1 | SJR Q2 | SJR Q2 | SJR Q4 / データ0件。採否が変わる衝突のため要判断(normalization_collision_audit 自動検出)
hepatology,(要著者判断),MANUAL,normalization_collision_audit 自動追記(2026-07-17)・著者確認待ち,衝突キー'hepatology': [SJR:norm_title] Journal of Hepatology | [SJR:norm_title] Hepatology | [SJR:norm_title] Hepatology International | [SJR:norm_title] International Journal of Hepatology / ranks: SJR Q1 | SJR Q1 | SJR Q1 | SJR Q3 / データ0件。採否が変わる衝突のため要判断(normalization_collision_audit 自動検出)
hindu studies,(要著者判断),MANUAL,normalization_collision_audit 自動追記(2026-07-17)・著者確認待ち,衝突キー'hindu studies': [SJR:norm_title] International Journal of Hindu Studies | [SJR:norm_title] Journal of Hindu Studies / ranks: SJR Q1 | SJR Q2 / データ0件。採否が変わる衝突のため要判断(normalization_collision_audit 自動検出)
historical geography,(要著者判断),MANUAL,normalization_collision_audit 自動追記(2026-07-17)・著者確認待ち,衝突キー'historical geography': [SJR:norm_title] Journal of Historical Geography | [SJR:norm_title] Historical Geography / ranks: SJR Q1 | SJR Q3 / データ0件。採否が変わる衝突のため要判断(normalization_collision_audit 自動検出)
human evolution,(要著者判断),MANUAL,normalization_collision_audit 自動追記(2026-07-17)・著者確認待ち,衝突キー'human evolution': [SJR:norm_title] Journal of Human Evolution | [SJR:norm_title] Human Evolution / ranks: SJR Q1 | SJR Q4 / データ0件。採否が変わる衝突のため要判断(normalization_collision_audit 自動検出)
human genetics,(要著者判断),MANUAL,normalization_collision_audit 自動追記(2026-07-17)・著者確認待ち,衝突キー'human genetics': [SJR:norm_title] Human Genetics | [SJR:norm_title] Journal of Human Genetics / ranks: SJR Q1 | SJR Q2 / データ0件。採否が変わる衝突のため要判断(normalization_collision_audit 自動検出)
human rights,(要著者判断),MANUAL,normalization_collision_audit 自動追記(2026-07-17)・著者確認待ち,衝突キー'human rights': [SJR:norm_title] Journal of Human Rights | [SJR:norm_title] International Journal of Human Rights | [SJR:norm_title] Human Rights / ranks: SJR Q1 | SJR Q1 | SJR Q4 / データ0件。採否が変わる衝突のため要判断(normalization_collision_audit 自動検出)
human rights law review,(要著者判断),MANUAL,normalization_collision_audit 自動追記(2026-07-17)・著者確認待ち,衝突キー'human rights law review': [SJR:norm_title] Human Rights Law Review | [SJR:norm_title] International Human Rights Law Review / ranks: SJR Q1 | SJR Q3 / データ0件。採否が変わる衝突のため要判断(normalization_collision_audit 自動検出)
ieee cloud computing,(要著者判断),MANUAL,normalization_collision_audit 自動追記(2026-07-17)・著者確認待ち,衝突キー'ieee cloud computing': [CORE:norm_title] IEEE International Conference on Cloud Computing | [SJR:norm_title] IEEE Transactions on Cloud Computing / ranks: CORE B | SJR Q1 / データ0件。採否が変わる衝突のため要判断(normalization_collision_audit 自動検出)
ieee electromagnetic compatibility,(要著者判断),MANUAL,normalization_collision_audit 自動追記(2026-07-17)・著者確認待ち,衝突キー'ieee electromagnetic compatibility': [SJR:norm_title] IEEE Transactions on Electromagnetic Compatibility | [SJR:norm_title] IEEE International Symposium on Electromagnetic Compatibility / ranks: SJR Q1 | SJR - / データ0件。採否が変わる衝突のため要判断(normalization_collision_audit 自動検出)
ieee fuzzy systems,(要著者判断),MANUAL,normalization_collision_audit 自動追記(2026-07-17)・著者確認待ち,衝突キー'ieee fuzzy systems': [CORE:norm_title] IEEE International Conference on Fuzzy Systems | [SJR:norm_title] IEEE Transactions on Fuzzy Systems | [SJR:norm_title] IEEE International Conference on Fuzzy Systems / ranks: CORE B | SJR Q1 | SJR - / データ0件。採否が変わる衝突のため要判断(normalization_collision_audit 自動検出)
ieee information theory,(要著者判断),MANUAL,normalization_collision_audit 自動追記(2026-07-17)・著者確認待ち,衝突キー'ieee information theory': [CORE:norm_title] IEEE International Symposium on Information Theory | [SJR:norm_title] IEEE Transactions on Information Theory / ranks: CORE B | SJR Q1 / データ0件。採否が変わる衝突のため要判断(normalization_collision_audit 自動検出)
ieee intelligent systems,(要著者判断),MANUAL,normalization_collision_audit 自動追記(2026-07-17)・著者確認待ち,衝突キー'ieee intelligent systems': [CORE:norm_title] IEEE International Conference on Intelligent Systems | [SJR:norm_title] IEEE Intelligent Systems / ranks: CORE C | SJR Q1 / データ0件。採否が変わる衝突のため要判断(normalization_collision_audit 自動検出)
ieee program comprehension,(要著者判断),MANUAL,normalization_collision_audit 自動追記(2026-07-17)・著者確認待ち,"衝突キー'ieee program comprehension': [CORE:norm_title] IEEE International Conference on Program Comprehension (previously IWPC, changed in 2006) | [SJR:norm_title] IEEE International Conference on Program Comprehension / ranks: CORE A | SJR - / データ0件。採否が変わる衝突のため要判断(normalization_collision_audit 自動検出)"
ieee software engineering,(要著者判断),MANUAL,normalization_collision_audit 自動追記(2026-07-17)・著者確認待ち,衝突キー'ieee software engineering': [CORE:norm_title] IEEE Software Engineering Workshop | [SJR:norm_title] IEEE Transactions on Software Engineering / ranks: CORE C | SJR Q1 / データ0件。採否が変わる衝突のため要判断(normalization_collision_audit 自動検出)
ieee test conference,(要著者判断),MANUAL,normalization_collision_audit 自動追記(2026-07-17)・著者確認待ち,衝突キー'ieee test conference': [CORE:norm_title] IEEE International Test Conference | [SJR:norm_title] IEEE International Test Conference (TC) / ranks: CORE A | SJR - / データ0件。採否が変わる衝突のため要判断(normalization_collision_audit 自動検出)
immunotherapy,(要著者判断),MANUAL,normalization_collision_audit 自動追記(2026-07-17)・著者確認待ち,衝突キー'immunotherapy': [SJR:norm_title] Journal of Immunotherapy | [SJR:norm_title] Immunotherapy / ranks: SJR Q1 | SJR Q3 / データ0件。採否が変わる衝突のため要判断(normalization_collision_audit 自動検出)
infectious diseases,(要著者判断),MANUAL,normalization_collision_audit 自動追記(2026-07-17)・著者確認待ち,衝突キー'infectious diseases': [SJR:norm_title] Journal of Infectious Diseases | [SJR:norm_title] International Journal of Infectious Diseases | [SJR:norm_title] Infectious Diseases / ranks: SJR Q1 | SJR Q1 | SJR Q2 / データ0件。採否が変わる衝突のため要判断(normalization_collision_audit 自動検出)
inflammation,(要著者判断),MANUAL,normalization_collision_audit 自動追記(2026-07-17)・著者確認待ち,衝突キー'inflammation': [SJR:norm_title] Inflammation | [SJR:norm_title] Journal of Inflammation (United Kingdom) | [SJR:norm_title] International Journal of Inflammation / ranks: SJR Q1 | SJR Q1 | SJR Q3 / データ0件。採否が変わる衝突のため要判断(normalization_collision_audit 自動検出)
inflammation research,(要著者判断),MANUAL,normalization_collision_audit 自動追記(2026-07-17)・著者確認待ち,衝突キー'inflammation research': [SJR:norm_title] Inflammation Research | [SJR:norm_title] Journal of Inflammation Research / ranks: SJR Q1 | SJR Q2 / データ0件。採否が変わる衝突のため要判断(normalization_collision_audit 自動検出)
informatics,(要著者判断),MANUAL,normalization_collision_audit 自動追記(2026-07-17)・著者確認待ち,衝突キー'informatics': [CORE:acronym] IEEE International Scientific Conference on Informatics | [SJR:norm_title] Informatics / ranks: CORE National:Slovakia | SJR Q1 / データ0件。採否が変わる衝突のため要判断(normalization_collision_audit 自動検出)
information display,(要著者判断),MANUAL,normalization_collision_audit 自動追記(2026-07-17)・著者確認待ち,衝突キー'information display': [SJR:norm_title] Journal of Information Display | [SJR:norm_title] Information Display / ranks: SJR Q1 | SJR Q3 / データ0件。採否が変わる衝突のため要判断(normalization_collision_audit 自動検出)
information security applications,(要著者判断),MANUAL,normalization_collision_audit 自動追記(2026-07-17)・著者確認待ち,衝突キー'information security applications': [CORE:norm_title] International Workshop on Information Security Applications | [SJR:norm_title] Journal of Information Security and Applications / ranks: CORE National: korea | SJR Q1 / データ0件。採否が変わる衝突のため要判断(normalization_collision_audit 自動検出)
information technology management,(要著者判断),MANUAL,normalization_collision_audit 自動追記(2026-07-17)・著者確認待ち,衝突キー'information technology management': [SJR:norm_title] Information Technology and Management | [SJR:norm_title] Journal of Information Technology Management | [SJR:norm_title] International Journal of Information Technology and Management / ranks: SJR Q1 | SJR Q3 | SJR Q4 / データ0件。採否が変わる衝突のため要判断(normalization_collision_audit 自動検出)
innate immunity,(要著者判断),MANUAL,normalization_collision_audit 自動追記(2026-07-17)・著者確認待ち,衝突キー'innate immunity': [SJR:norm_title] Journal of Innate Immunity | [SJR:norm_title] Innate Immunity / ranks: SJR Q1 | SJR Q2 / データ0件。採否が変わる衝突のため要判断(normalization_collision_audit 自動検出)
innovation,(要著者判断),MANUAL,normalization_collision_audit 自動追記(2026-07-17)・著者確認待ち,衝突キー'innovation': [SJR:norm_title] Innovation | [SJR:norm_title] International Journal of Innovation / ranks: SJR Q1 | SJR Q3 / データ0件。採否が変わる衝突のため要判断(normalization_collision_audit 自動検出)
inquiry,(要著者判断),MANUAL,normalization_collision_audit 自動追記(2026-07-17)・著者確認待ち,衝突キー'inquiry': [SJR:norm_title] Inquiry (United States) | [SJR:norm_title] Inquiry (United Kingdom) / ranks: SJR Q2 | SJR Q1 / データ0件。採否が変わる衝突のため要判断(normalization_collision_audit 自動検出)
integrated care,(要著者判断),MANUAL,normalization_collision_audit 自動追記(2026-07-17)・著者確認待ち,衝突キー'integrated care': [SJR:norm_title] International Journal of Integrated Care | [SJR:norm_title] Journal of Integrated Care / ranks: SJR Q1 | SJR Q2 / データ0件。採否が変わる衝突のため要判断(normalization_collision_audit 自動検出)
intelligent systems,(要著者判断),MANUAL,normalization_collision_audit 自動追記(2026-07-17)・著者確認待ち,衝突キー'intelligent systems': [SJR:norm_title] International Journal of Intelligent Systems | [SJR:norm_title] Journal of Intelligent Systems / ranks: SJR Q1 | SJR Q2 / データ0件。採否が変わる衝突のため要判断(normalization_collision_audit 自動検出)
intensive care medicine,(要著者判断),MANUAL,normalization_collision_audit 自動追記(2026-07-17)・著者確認待ち,衝突キー'intensive care medicine': [SJR:norm_title] Intensive Care Medicine | [SJR:norm_title] Journal of Intensive Care Medicine / ranks: SJR Q1 | SJR Q2 / データ0件。採否が変わる衝突のため要判断(normalization_collision_audit 自動検出)
iron steel research,(要著者判断),MANUAL,normalization_collision_audit 自動追記(2026-07-17)・著者確認待ち,衝突キー'iron steel research': [SJR:norm_title] Journal of Iron and Steel Research International | [SJR:norm_title] Journal of Iron and Steel Research / ranks: SJR Q1 | SJR Q3 / データ0件。採否が変わる衝突のため要判断(normalization_collision_audit 自動検出)
islamic architecture,(要著者判断),MANUAL,normalization_collision_audit 自動追記(2026-07-17)・著者確認待ち,衝突キー'islamic architecture': [SJR:norm_title] Journal of Islamic Architecture | [SJR:norm_title] International Journal of Islamic Architecture / ranks: SJR Q1 | SJR Q2 / データ0件。採否が変わる衝突のため要判断(normalization_collision_audit 自動検出)
iswc,(要著者判断),MANUAL,normalization_collision_audit 自動追記(2026-07-17)・著者確認待ち,衝突キー'iswc': [CORE:acronym] IEEE International Symposium on Wearable Computers | [CORE:acronym] International Semantic Web Conference / ranks: CORE Journal Published | CORE A / データ0件。採否が変わる衝突のため要判断(normalization_collision_audit 自動検出)
itc,(要著者判断),MANUAL,normalization_collision_audit 自動追記(2026-07-17)・著者確認待ち,衝突キー'itc': [CORE:acronym] IEEE International Test Conference | [CORE:acronym] International Teletraffic Congress / ranks: CORE A | CORE Unranked / データ0件。採否が変わる衝突のため要判断(normalization_collision_audit 自動検出)
jesuit studies,(要著者判断),MANUAL,normalization_collision_audit 自動追記(2026-07-17)・著者確認待ち,衝突キー'jesuit studies': [SJR:norm_title] Journal of Jesuit Studies | [SJR:norm_title] Jesuit Studies / ranks: SJR Q1 | SJR Q4 / データ0件。採否が変わる衝突のため要判断(normalization_collision_audit 自動検出)
knowledge management,(要著者判断),MANUAL,normalization_collision_audit 自動追記(2026-07-17)・著者確認待ち,衝突キー'knowledge management': [SJR:norm_title] Journal of Knowledge Management | [SJR:norm_title] International Journal of Knowledge Management / ranks: SJR Q1 | SJR Q2 / データ0件。採否が変わる衝突のため要判断(normalization_collision_audit 自動検出)
korean studies,(要著者判断),MANUAL,normalization_collision_audit 自動追記(2026-07-17)・著者確認待ち,衝突キー'korean studies': [SJR:norm_title] Korean Journal of International Studies | [SJR:norm_title] Journal of Korean Studies | [SJR:norm_title] Korean Studies / ranks: SJR Q3 | SJR Q3 | SJR Q1 / データ0件。採否が変わる衝突のため要判断(normalization_collision_audit 自動検出)
language education,(要著者判断),MANUAL,normalization_collision_audit 自動追記(2026-07-17)・著者確認待ち,衝突キー'language education': [SJR:norm_title] Language and Education | [SJR:norm_title] Journal of Language and Education | [SJR:norm_title] International Journal of Language Education | [SJR:norm_title] The Language of Education / ranks: SJR Q1 | SJR Q1 | SJR Q1 | SJR Q4 / データ0件。採否が変わる衝突のため要判断(normalization_collision_audit 自動検出)
law society,(要著者判断),MANUAL,normalization_collision_audit 自動追記(2026-07-17)・著者確認待ち,衝突キー'law society': [SJR:norm_title] Journal of Law and Society | [SJR:norm_title] International Journal of Law and Society / ranks: SJR Q1 | SJR Q2 / データ0件。採否が変わる衝突のため要判断(normalization_collision_audit 自動検出)
learning disabilities,(要著者判断),MANUAL,normalization_collision_audit 自動追記(2026-07-17)・著者確認待ち,衝突キー'learning disabilities': [SJR:norm_title] Journal of Learning Disabilities | [SJR:norm_title] Learning Disabilities / ranks: SJR Q1 | SJR Q3 / データ0件。採否が変わる衝突のため要判断(normalization_collision_audit 自動検出)
lexis,(要著者判断),MANUAL,normalization_collision_audit 自動追記(2026-07-17)・著者確認待ち,衝突キー'lexis': [SJR:norm_title] Lexis (Peru) | [SJR:norm_title] Lexis / ranks: SJR Q1 | SJR Q4 / データ0件。採否が変わる衝突のため要判断(normalization_collision_audit 自動検出)
libri,(要著者判断),MANUAL,normalization_collision_audit 自動追記(2026-07-17)・著者確認待ち,衝突キー'libri': [SJR:norm_title] Libri | [SJR:norm_title] Libri (Turkey) / ranks: SJR Q2 | SJR Q1 / データ0件。採否が変わる衝突のため要判断(normalization_collision_audit 自動検出)
limite,(要著者判断),MANUAL,normalization_collision_audit 自動追記(2026-07-17)・著者確認待ち,衝突キー'limite': [SJR:norm_title] Limite | [SJR:norm_title] Limite (Chile) / ranks: SJR Q1 | SJR Q2 / データ0件。採否が変わる衝突のため要判断(normalization_collision_audit 自動検出)
liver transplantation,(要著者判断),MANUAL,normalization_collision_audit 自動追記(2026-07-17)・著者確認待ち,衝突キー'liver transplantation': [SJR:norm_title] Liver Transplantation | [SJR:norm_title] Journal of Liver Transplantation / ranks: SJR Q1 | SJR Q3 / データ0件。採否が変わる衝突のため要判断(normalization_collision_audit 自動検出)
logos,(要著者判断),MANUAL,normalization_collision_audit 自動追記(2026-07-17)・著者確認待ち,衝突キー'logos': [SJR:norm_title] Logos (Lithuania) | [SJR:norm_title] Logos (Russian Federation) | [SJR:norm_title] Logos (The Netherlands) | [SJR:norm_title] Logos (Spain) | [SJR:norm_title] Logos (United States) / ranks: SJR Q2 | SJR Q1 | SJR Q1 | SJR Q3 | SJR Q2 / データ0件。採否が変わる衝突のため要判断(normalization_collision_audit 自動検出)
mabs,(要著者判断),MANUAL,normalization_collision_audit 自動追記(2026-07-17)・著者確認待ち,衝突キー'mabs': [CORE:acronym] International Workshop on MultiAgent Based Simulation | [SJR:norm_title] mAbs / ranks: CORE C | SJR Q1 / データ0件。採否が変わる衝突のため要判断(normalization_collision_audit 自動検出)
magnetic resonance imaging,(要著者判断),MANUAL,normalization_collision_audit 自動追記(2026-07-17)・著者確認待ち,衝突キー'magnetic resonance imaging': [SJR:norm_title] Journal of Magnetic Resonance Imaging | [SJR:norm_title] Magnetic Resonance Imaging / ranks: SJR Q1 | SJR Q2 / データ0件。採否が変わる衝突のため要判断(normalization_collision_audit 自動検出)
management,(要著者判断),MANUAL,normalization_collision_audit 自動追記(2026-07-17)・著者確認待ち,衝突キー'management': [SJR:norm_title] Journal of Management | [SJR:norm_title] Journal of International Management | [SJR:norm_title] Management (France) | [SJR:norm_title] Management (Croatia) | [SJR:norm_title] Management international | [SJR:norm_title] Management (Montevideo) (discontinued) / ranks: SJR Q1 | SJR Q1 | SJR Q2 | SJR Q4 | SJR Q4 | SJR - / データ0件。採否が変わる衝突のため要判断(normalization_collision_audit 自動検出)
management education,(要著者判断),MANUAL,normalization_collision_audit 自動追記(2026-07-17)・著者確認待ち,衝突キー'management education': [SJR:norm_title] International Journal of Management Education | [SJR:norm_title] Journal of Management Education | [SJR:norm_title] Management in Education | [SJR:norm_title] International Journal of Management in Education / ranks: SJR Q1 | SJR Q1 | SJR Q2 | SJR Q3 / データ0件。採否が変わる衝突のため要判断(normalization_collision_audit 自動検出)
management review,(要著者判断),MANUAL,normalization_collision_audit 自動追記(2026-07-17)・著者確認待ち,衝突キー'management review': [SJR:norm_title] Management International Review | [SJR:norm_title] Management Review (Taiwan) / ranks: SJR Q1 | SJR Q4 / データ0件。採否が変わる衝突のため要判断(normalization_collision_audit 自動検出)
management sustainability,(要著者判断),MANUAL,normalization_collision_audit 自動追記(2026-07-17)・著者確認待ち,衝突キー'management sustainability': [SJR:norm_title] Management and Sustainability | [SJR:norm_title] International Journal of Management and Sustainability / ranks: SJR Q1 | SJR Q3 / データ0件。採否が変わる衝突のため要判断(normalization_collision_audit 自動検出)
manufacturing technology management,(要著者判断),MANUAL,normalization_collision_audit 自動追記(2026-07-17)・著者確認待ち,衝突キー'manufacturing technology management': [SJR:norm_title] Journal of Manufacturing Technology Management | [SJR:norm_title] International Journal of Manufacturing Technology and Management / ranks: SJR Q1 | SJR Q4 / データ0件。採否が変わる衝突のため要判断(normalization_collision_audit 自動検出)
marine science technology,(要著者判断),MANUAL,normalization_collision_audit 自動追記(2026-07-17)・著者確認待ち,衝突キー'marine science technology': [SJR:norm_title] Journal of Marine Science and Technology | [SJR:norm_title] Journal of Marine Science and Technology (Taiwan) / ranks: SJR Q1 | SJR Q4 / データ0件。採否が変わる衝突のため要判断(normalization_collision_audit 自動検出)
materials science,(要著者判断),MANUAL,normalization_collision_audit 自動追記(2026-07-17)・著者確認待ち,衝突キー'materials science': [SJR:norm_title] Journal of Materials Science | [SJR:norm_title] Materials Science / ranks: SJR Q1 | SJR Q3 / データ0件。採否が変わる衝突のため要判断(normalization_collision_audit 自動検出)
materials science technology,(要著者判断),MANUAL,normalization_collision_audit 自動追記(2026-07-17)・著者確認待ち,衝突キー'materials science technology': [SJR:norm_title] Journal of Materials Science and Technology | [SJR:norm_title] Materials Science and Technology (United Kingdom) / ranks: SJR Q1 | SJR Q2 / データ0件。採否が変わる衝突のため要判断(normalization_collision_audit 自動検出)
meat science,(要著者判断),MANUAL,normalization_collision_audit 自動追記(2026-07-17)・著者確認待ち,衝突キー'meat science': [SJR:norm_title] Meat Science | [SJR:norm_title] Journal of Meat Science / ranks: SJR Q1 | SJR Q4 / データ0件。採否が変わる衝突のため要判断(normalization_collision_audit 自動検出)
mechanical sciences,(要著者判断),MANUAL,normalization_collision_audit 自動追記(2026-07-17)・著者確認待ち,衝突キー'mechanical sciences': [SJR:norm_title] International Journal of Mechanical Sciences | [SJR:norm_title] Mechanical Sciences / ranks: SJR Q1 | SJR Q2 / データ0件。採否が変わる衝突のため要判断(normalization_collision_audit 自動検出)
medical education,(要著者判断),MANUAL,normalization_collision_audit 自動追記(2026-07-17)・著者確認待ち,衝突キー'medical education': [SJR:norm_title] Medical Education | [SJR:norm_title] International Journal of Medical Education | [SJR:norm_title] International Medical Education / ranks: SJR Q1 | SJR Q2 | SJR Q2 / データ0件。採否が変わる衝突のため要判断(normalization_collision_audit 自動検出)
medical humanities,(要著者判断),MANUAL,normalization_collision_audit 自動追記(2026-07-17)・著者確認待ち,衝突キー'medical humanities': [SJR:norm_title] Medical Humanities | [SJR:norm_title] Journal of Medical Humanities / ranks: SJR Q1 | SJR Q3 / データ0件。採否が変わる衝突のため要判断(normalization_collision_audit 自動検出)
medical microbiology,(要著者判断),MANUAL,normalization_collision_audit 自動追記(2026-07-17)・著者確認待ち,衝突キー'medical microbiology': [SJR:norm_title] International Journal of Medical Microbiology | [SJR:norm_title] Journal of Medical Microbiology / ranks: SJR Q1 | SJR Q2 / データ0件。採否が変わる衝突のため要判断(normalization_collision_audit 自動検出)
medical mycology,(要著者判断),MANUAL,normalization_collision_audit 自動追記(2026-07-17)・著者確認待ち,衝突キー'medical mycology': [SJR:norm_title] Medical Mycology | [SJR:norm_title] Journal of Medical Mycology / ranks: SJR Q1 | SJR Q3 / データ0件。採否が変わる衝突のため要判断(normalization_collision_audit 自動検出)
medicinal chemistry,(要著者判断),MANUAL,normalization_collision_audit 自動追記(2026-07-17)・著者確認待ち,衝突キー'medicinal chemistry': [SJR:norm_title] Journal of Medicinal Chemistry | [SJR:norm_title] Medicinal Chemistry / ranks: SJR Q1 | SJR Q3 / データ0件。採否が変わる衝突のため要判断(normalization_collision_audit 自動検出)
mediterranean archaeology,(要著者判断),MANUAL,normalization_collision_audit 自動追記(2026-07-17)・著者確認待ち,衝突キー'mediterranean archaeology': [SJR:norm_title] Journal of Mediterranean Archaeology | [SJR:norm_title] Mediterranean Archaeology / ranks: SJR Q1 | SJR Q3 / データ0件。採否が変わる衝突のため要判断(normalization_collision_audit 自動検出)
mental health,(要著者判断),MANUAL,normalization_collision_audit 自動追記(2026-07-17)・著者確認待ち,衝突キー'mental health': [SJR:norm_title] Journal of Mental Health | [SJR:norm_title] International Journal of Mental Health / ranks: SJR Q1 | SJR Q2 / データ0件。採否が変わる衝突のため要判断(normalization_collision_audit 自動検出)
micro,(要著者判断),MANUAL,normalization_collision_audit 自動追記(2026-07-17)・著者確認待ち,衝突キー'micro': [CORE:acronym] International Symposium on Microarchitecture | [SJR:norm_title] Micro / ranks: CORE A* | SJR Q2 / データ0件。採否が変わる衝突のため要判断(normalization_collision_audit 自動検出)
microbiology,(要著者判断),MANUAL,normalization_collision_audit 自動追記(2026-07-17)・著者確認待ち,衝突キー'microbiology': [SJR:norm_title] Microbiology (United Kingdom) | [SJR:norm_title] International Journal of Microbiology | [SJR:norm_title] Journal of Microbiology | [SJR:norm_title] International Microbiology | [SJR:norm_title] Microbiology (Russian Federation) / ranks: SJR Q1 | SJR Q1 | SJR Q2 | SJR Q3 | SJR Q3 / データ0件。採否が変わる衝突のため要判断(normalization_collision_audit 自動検出)
microscopy,(要著者判断),MANUAL,normalization_collision_audit 自動追記(2026-07-17)・著者確認待ち,"衝突キー'microscopy': [SJR:norm_title] Microscopy (Oxford, England) | [SJR:norm_title] Journal of Microscopy / ranks: SJR Q1 | SJR Q3 / データ0件。採否が変わる衝突のため要判断(normalization_collision_audit 自動検出)"
mining science technology,(要著者判断),MANUAL,normalization_collision_audit 自動追記(2026-07-17)・著者確認待ち,衝突キー'mining science technology': [SJR:norm_title] International Journal of Mining Science and Technology | [SJR:norm_title] Mining Science and Technology (Russian Federation) | [SJR:norm_title] Journal of Mining Science and Technology / ranks: SJR Q1 | SJR Q1 | SJR Q2 / データ0件。採否が変わる衝突のため要判断(normalization_collision_audit 自動検出)
molecular biology,(要著者判断),MANUAL,normalization_collision_audit 自動追記(2026-07-17)・著者確認待ち,衝突キー'molecular biology': [SJR:norm_title] Journal of Molecular Biology | [SJR:norm_title] Molecular Biology / ranks: SJR Q1 | SJR Q3 / データ0件。採否が変わる衝突のため要判断(normalization_collision_audit 自動検出)
morphology,(要著者判断),MANUAL,normalization_collision_audit 自動追記(2026-07-17)・著者確認待ち,衝突キー'morphology': [SJR:norm_title] Morphology | [SJR:norm_title] Journal of Morphology | [SJR:norm_title] International Journal of Morphology / ranks: SJR Q1 | SJR Q2 | SJR Q3 / データ0件。採否が変わる衝突のため要判断(normalization_collision_audit 自動検出)
multidisciplinary social sciences,(要著者判断),MANUAL,normalization_collision_audit 自動追記(2026-07-17)・著者確認待ち,衝突キー'multidisciplinary social sciences': [SJR:norm_title] International and Multidisciplinary Journal of Social Sciences | [SJR:norm_title] Journal of Multidisciplinary in Social Sciences / ranks: SJR Q1 | SJR Q4 / データ0件。採否が変わる衝突のため要判断(normalization_collision_audit 自動検出)
nano letters,(要著者判断),MANUAL,normalization_collision_audit 自動追記(2026-07-17)・著者確認待ち,衝突キー'nano letters': [SJR:norm_title] Nano Letters | [SJR:norm_title] International Nano Letters / ranks: SJR Q1 | SJR Q2 / データ0件。採否が変わる衝突のため要判断(normalization_collision_audit 自動検出)
nano research,(要著者判断),MANUAL,normalization_collision_audit 自動追記(2026-07-17)・著者確認待ち,衝突キー'nano research': [SJR:norm_title] Nano Research | [SJR:norm_title] Journal of Nano Research / ranks: SJR Q1 | SJR Q4 / データ0件。採否が変わる衝突のため要判断(normalization_collision_audit 自動検出)
nanomaterials,(要著者判断),MANUAL,normalization_collision_audit 自動追記(2026-07-17)・著者確認待ち,衝突キー'nanomaterials': [SJR:norm_title] Nanomaterials | [SJR:norm_title] Journal of Nanomaterials / ranks: SJR Q1 | SJR Q2 / データ0件。採否が変わる衝突のため要判断(normalization_collision_audit 自動検出)
nanophotonics,(要著者判断),MANUAL,normalization_collision_audit 自動追記(2026-07-17)・著者確認待ち,衝突キー'nanophotonics': [SJR:norm_title] Nanophotonics | [SJR:norm_title] Journal of Nanophotonics / ranks: SJR Q1 | SJR Q4 / データ0件。採否が変わる衝突のため要判断(normalization_collision_audit 自動検出)
natural gas geoscience,(要著者判断),MANUAL,normalization_collision_audit 自動追記(2026-07-17)・著者確認待ち,衝突キー'natural gas geoscience': [SJR:norm_title] Natural Gas Geoscience | [SJR:norm_title] Journal of Natural Gas Geoscience / ranks: SJR Q1 | SJR Q2 / データ0件。採否が変わる衝突のため要判断(normalization_collision_audit 自動検出)
neonatology,(要著者判断),MANUAL,normalization_collision_audit 自動追記(2026-07-17)・著者確認待ち,衝突キー'neonatology': [SJR:norm_title] Neonatology | [SJR:norm_title] Journal of Neonatology / ranks: SJR Q1 | SJR Q3 / データ0件。採否が変わる衝突のため要判断(normalization_collision_audit 自動検出)
neuro oncology,(要著者判断),MANUAL,normalization_collision_audit 自動追記(2026-07-17)・著者確認待ち,衝突キー'neuro oncology': [SJR:norm_title] Neuro-Oncology | [SJR:norm_title] Journal of Neuro-Oncology / ranks: SJR Q1 | SJR Q2 / データ0件。採否が変わる衝突のため要判断(normalization_collision_audit 自動検出)
neurochemistry,(要著者判断),MANUAL,normalization_collision_audit 自動追記(2026-07-17)・著者確認待ち,衝突キー'neurochemistry': [SJR:norm_title] Journal of Neurochemistry | [SJR:norm_title] Neurochemistry International / ranks: SJR Q1 | SJR Q2 / データ0件。採否が変わる衝突のため要判断(normalization_collision_audit 自動検出)
neurocritical care,(要著者判断),MANUAL,normalization_collision_audit 自動追記(2026-07-17)・著者確認待ち,衝突キー'neurocritical care': [SJR:norm_title] Neurocritical Care | [SJR:norm_title] Journal of Neurocritical Care / ranks: SJR Q1 | SJR Q3 / データ0件。採否が変わる衝突のため要判断(normalization_collision_audit 自動検出)
neuroendocrinology,(要著者判断),MANUAL,normalization_collision_audit 自動追記(2026-07-17)・著者確認待ち,衝突キー'neuroendocrinology': [SJR:norm_title] Journal of Neuroendocrinology | [SJR:norm_title] Neuroendocrinology / ranks: SJR Q1 | SJR Q2 / データ0件。採否が変わる衝突のため要判断(normalization_collision_audit 自動検出)
neuroscience research,(要著者判断),MANUAL,normalization_collision_audit 自動追記(2026-07-17)・著者確認待ち,衝突キー'neuroscience research': [SJR:norm_title] Journal of Neuroscience Research | [SJR:norm_title] Neuroscience Research / ranks: SJR Q2 | SJR Q1 / データ0件。採否が変わる衝突のため要判断(normalization_collision_audit 自動検出)
nonlinear science,(要著者判断),MANUAL,normalization_collision_audit 自動追記(2026-07-17)・著者確認待ち,衝突キー'nonlinear science': [SJR:norm_title] Journal of Nonlinear Science | [SJR:norm_title] International Journal of Nonlinear Science / ranks: SJR Q1 | SJR Q4 / データ0件。採否が変わる衝突のため要判断(normalization_collision_audit 自動検出)
nucleus,(要著者判断),MANUAL,normalization_collision_audit 自動追記(2026-07-17)・著者確認待ち,衝突キー'nucleus': [SJR:norm_title] Nucleus | [SJR:norm_title] Nucleus (India) / ranks: SJR Q1 | SJR Q3 / データ0件。採否が変わる衝突のため要判断(normalization_collision_audit 自動検出)
number theory,(要著者判断),MANUAL,normalization_collision_audit 自動追記(2026-07-17)・著者確認待ち,衝突キー'number theory': [SJR:norm_title] Journal of Number Theory | [SJR:norm_title] International Journal of Number Theory / ranks: SJR Q1 | SJR Q2 / データ0件。採否が変わる衝突のため要判断(normalization_collision_audit 自動検出)
nutrition,(要著者判断),MANUAL,normalization_collision_audit 自動追記(2026-07-17)・著者確認待ち,衝突キー'nutrition': [SJR:norm_title] Journal of Nutrition | [SJR:norm_title] Nutrition / ranks: SJR Q1 | SJR Q2 / データ0件。採否が変わる衝突のため要判断(normalization_collision_audit 自動検出)
obstetrics gynecology,(要著者判断),MANUAL,normalization_collision_audit 自動追記(2026-07-17)・著者確認待ち,衝突キー'obstetrics gynecology': [SJR:norm_title] Obstetrics and Gynecology | [SJR:norm_title] Obstetrics and Gynecology International / ranks: SJR Q1 | SJR Q2 / データ0件。採否が変わる衝突のため要判断(normalization_collision_audit 自動検出)
occupational environmental medicine,(要著者判断),MANUAL,normalization_collision_audit 自動追記(2026-07-17)・著者確認待ち,衝突キー'occupational environmental medicine': [SJR:norm_title] Occupational and Environmental Medicine | [SJR:norm_title] Journal of Occupational and Environmental Medicine / ranks: SJR Q1 | SJR Q2 / データ0件。採否が変わる衝突のため要判断(normalization_collision_audit 自動検出)
oceanography,(要著者判断),MANUAL,normalization_collision_audit 自動追記(2026-07-17)・著者確認待ち,衝突キー'oceanography': [SJR:norm_title] Oceanography | [SJR:norm_title] Journal of Oceanography / ranks: SJR Q1 | SJR Q2 / データ0件。採否が変わる衝突のため要判断(normalization_collision_audit 自動検出)
oncology,(要著者判断),MANUAL,normalization_collision_audit 自動追記(2026-07-17)・著者確認待ち,衝突キー'oncology': [SJR:norm_title] International Journal of Oncology | [SJR:norm_title] Oncology (Switzerland) | [SJR:norm_title] Oncology (United States) / ranks: SJR Q1 | SJR Q2 | SJR Q3 / データ0件。採否が変わる衝突のため要判断(normalization_collision_audit 自動検出)
one health,(要著者判断),MANUAL,normalization_collision_audit 自動追記(2026-07-17)・著者確認待ち,衝突キー'one health': [SJR:norm_title] One Health | [SJR:norm_title] International Journal of One Health / ranks: SJR Q1 | SJR Q2 / データ0件。採否が変わる衝突のため要判断(normalization_collision_audit 自動検出)
operational research,(要著者判断),MANUAL,normalization_collision_audit 自動追記(2026-07-17)・著者確認待ち,衝突キー'operational research': [SJR:norm_title] Operational Research | [SJR:norm_title] International Journal of Operational Research / ranks: SJR Q1 | SJR Q4 / データ0件。採否が変わる衝突のため要判断(normalization_collision_audit 自動検出)
ophthalmology,(要著者判断),MANUAL,normalization_collision_audit 自動追記(2026-07-17)・著者確認待ち,衝突キー'ophthalmology': [SJR:norm_title] Ophthalmology | [SJR:norm_title] Journal of Ophthalmology | [SJR:norm_title] International Ophthalmology | [SJR:norm_title] International Journal of Ophthalmology / ranks: SJR Q1 | SJR Q2 | SJR Q2 | SJR Q2 / データ0件。採否が変わる衝突のため要判断(normalization_collision_audit 自動検出)
optimization,(要著者判断),MANUAL,normalization_collision_audit 自動追記(2026-07-17)・著者確認待ち,衝突キー'optimization': [SJR:norm_title] Optimization | [SJR:norm_title] Journal of Optimization / ranks: SJR Q1 | SJR Q2 / データ0件。採否が変わる衝突のため要判断(normalization_collision_audit 自動検出)
oral implantology,(要著者判断),MANUAL,normalization_collision_audit 自動追記(2026-07-17)・著者確認待ち,衝突キー'oral implantology': [SJR:norm_title] International Journal of Oral Implantology | [SJR:norm_title] Journal of Oral Implantology / ranks: SJR Q1 | SJR Q2 / データ0件。採否が変わる衝突のため要判断(normalization_collision_audit 自動検出)
oral maxillofacial surgery,(要著者判断),MANUAL,normalization_collision_audit 自動追記(2026-07-17)・著者確認待ち,衝突キー'oral maxillofacial surgery': [SJR:norm_title] International Journal of Oral and Maxillofacial Surgery | [SJR:norm_title] Journal of Oral and Maxillofacial Surgery | [SJR:norm_title] Oral and Maxillofacial Surgery / ranks: SJR Q1 | SJR Q1 | SJR Q2 / データ0件。採否が変わる衝突のため要判断(normalization_collision_audit 自動検出)
oral science,(要著者判断),MANUAL,normalization_collision_audit 自動追記(2026-07-17)・著者確認待ち,衝突キー'oral science': [SJR:norm_title] International Journal of Oral Science | [SJR:norm_title] Journal of Oral Science | [SJR:norm_title] Oral Science International / ranks: SJR Q1 | SJR Q2 | SJR Q3 / データ0件。採否が変わる衝突のため要判断(normalization_collision_audit 自動検出)
orthopaedic surgery,(要著者判断),MANUAL,normalization_collision_audit 自動追記(2026-07-17)・著者確認待ち,衝突キー'orthopaedic surgery': [SJR:norm_title] Orthopaedic Surgery | [SJR:norm_title] Journal of Orthopaedic Surgery / ranks: SJR Q1 | SJR Q2 / データ0件。採否が変わる衝突のため要判断(normalization_collision_audit 自動検出)
osteopathic medicine,(要著者判断),MANUAL,normalization_collision_audit 自動追記(2026-07-17)・著者確認待ち,衝突キー'osteopathic medicine': [SJR:norm_title] Journal of Osteopathic Medicine | [SJR:norm_title] International Journal of Osteopathic Medicine / ranks: SJR Q1 | SJR Q2 / データ0件。採否が変わる衝突のため要判断(normalization_collision_audit 自動検出)
osteoporosis,(要著者判断),MANUAL,normalization_collision_audit 自動追記(2026-07-17)・著者確認待ち,衝突キー'osteoporosis': [SJR:norm_title] Osteoporosis International | [SJR:norm_title] Journal of Osteoporosis / ranks: SJR Q1 | SJR Q3 / データ0件。採否が変わる衝突のため要判断(normalization_collision_audit 自動検出)
palaeogeography,(要著者判断),MANUAL,normalization_collision_audit 自動追記(2026-07-17)・著者確認待ち,衝突キー'palaeogeography': [SJR:norm_title] Journal of Palaeogeography | [SJR:norm_title] Journal of Palaeogeography (Chinese Edition) / ranks: SJR Q1 | SJR Q2 / データ0件。採否が変わる衝突のため要判断(normalization_collision_audit 自動検出)
pancreatology,(要著者判断),MANUAL,normalization_collision_audit 自動追記(2026-07-17)・著者確認待ち,衝突キー'pancreatology': [SJR:norm_title] Pancreatology | [SJR:norm_title] Journal of Pancreatology / ranks: SJR Q1 | SJR Q3 / データ0件。採否が変わる衝突のため要判断(normalization_collision_audit 自動検出)
parallel distributed computing,(要著者判断),MANUAL,normalization_collision_audit 自動追記(2026-07-17)・著者確認待ち,衝突キー'parallel distributed computing': [CORE:norm_title] International Symposium on Parallel and Distributed Computing | [SJR:norm_title] Journal of Parallel and Distributed Computing / ranks: CORE C | SJR Q1 / データ0件。採否が変わる衝突のため要判断(normalization_collision_audit 自動検出)
parasitology,(要著者判断),MANUAL,normalization_collision_audit 自動追記(2026-07-17)・著者確認待ち,衝突キー'parasitology': [SJR:norm_title] Parasitology | [SJR:norm_title] Parasitology International | [SJR:norm_title] Journal of Parasitology / ranks: SJR Q1 | SJR Q2 | SJR Q3 / データ0件。採否が変わる衝突のため要判断(normalization_collision_audit 自動検出)
parasitology research,(要著者判断),MANUAL,normalization_collision_audit 自動追記(2026-07-17)・著者確認待ち,衝突キー'parasitology research': [SJR:norm_title] Parasitology Research | [SJR:norm_title] Journal of Parasitology Research / ranks: SJR Q1 | SJR Q3 / データ0件。採否が変わる衝突のため要判断(normalization_collision_audit 自動検出)
parkinson s disease,(要著者判断),MANUAL,normalization_collision_audit 自動追記(2026-07-17)・著者確認待ち,衝突キー'parkinson s disease': [SJR:norm_title] Journal of Parkinson's Disease | [SJR:norm_title] Parkinson's Disease / ranks: SJR Q1 | SJR Q2 / データ0件。採否が変わる衝突のため要判断(normalization_collision_audit 自動検出)
peacekeeping,(要著者判断),MANUAL,normalization_collision_audit 自動追記(2026-07-17)・著者確認待ち,衝突キー'peacekeeping': [SJR:norm_title] International Peacekeeping | [SJR:norm_title] Journal of International Peacekeeping / ranks: SJR Q1 | SJR Q2 / データ0件。採否が変わる衝突のため要判断(normalization_collision_audit 自動検出)
pediatric research,(要著者判断),MANUAL,normalization_collision_audit 自動追記(2026-07-17)・著者確認待ち,衝突キー'pediatric research': [SJR:norm_title] Pediatric Research | [SJR:norm_title] Journal of Pediatric Research / ranks: SJR Q1 | SJR Q3 / データ0件。採否が変わる衝突のため要判断(normalization_collision_audit 自動検出)
perfusion,(要著者判断),MANUAL,normalization_collision_audit 自動追記(2026-07-17)・著者確認待ち,衝突キー'perfusion': [SJR:norm_title] Perfusion (United Kingdom) | [SJR:norm_title] Perfusion (Germany) / ranks: SJR Q1 | SJR Q4 / データ0件。採否が変わる衝突のため要判断(normalization_collision_audit 自動検出)
perinatology,(要著者判断),MANUAL,normalization_collision_audit 自動追記(2026-07-17)・著者確認待ち,衝突キー'perinatology': [SJR:norm_title] Journal of Perinatology | [SJR:norm_title] Perinatology / ranks: SJR Q1 | SJR Q4 / データ0件。採否が変わる衝突のため要判断(normalization_collision_audit 自動検出)
personnel psychology,(要著者判断),MANUAL,normalization_collision_audit 自動追記(2026-07-17)・著者確認待ち,衝突キー'personnel psychology': [SJR:norm_title] Personnel Psychology | [SJR:norm_title] Journal of Personnel Psychology / ranks: SJR Q1 | SJR Q2 / データ0件。採否が変わる衝突のため要判断(normalization_collision_audit 自動検出)
petrology,(要著者判断),MANUAL,normalization_collision_audit 自動追記(2026-07-17)・著者確認待ち,衝突キー'petrology': [SJR:norm_title] Journal of Petrology | [SJR:norm_title] Petrology / ranks: SJR Q1 | SJR Q3 / データ0件。採否が変わる衝突のため要判断(normalization_collision_audit 自動検出)
pets,(要著者判断),MANUAL,normalization_collision_audit 自動追記(2026-07-17)・著者確認待ち,衝突キー'pets': [CORE:acronym] Privacy Enhancing Technologies Symposium (was International Workshop of Privacy Enhancing Technologies) | [SJR:norm_title] Pets / ranks: CORE A | SJR Q2 / データ0件。採否が変わる衝突のため要判断(normalization_collision_audit 自動検出)
pharmacy practice,(要著者判断),MANUAL,normalization_collision_audit 自動追記(2026-07-17)・著者確認待ち,衝突キー'pharmacy practice': [SJR:norm_title] International Journal of Pharmacy Practice | [SJR:norm_title] Journal of Pharmacy Practice | [SJR:norm_title] Pharmacy Practice / ranks: SJR Q1 | SJR Q2 | SJR Q2 / データ0件。採否が変わる衝突のため要判断(normalization_collision_audit 自動検出)
philosophia,(要著者判断),MANUAL,normalization_collision_audit 自動追記(2026-07-17)・著者確認待ち,衝突キー'philosophia': [SJR:norm_title] Philosophia (United States) | [SJR:norm_title] Philosophia (Philippines) / ranks: SJR Q1 | SJR Q2 / データ0件。採否が変わる衝突のため要判断(normalization_collision_audit 自動検出)
philosophical investigations,(要著者判断),MANUAL,normalization_collision_audit 自動追記(2026-07-17)・著者確認待ち,衝突キー'philosophical investigations': [SJR:norm_title] Philosophical Investigations | [SJR:norm_title] Journal of Philosophical Investigations / ranks: SJR Q1 | SJR Q2 / データ0件。採否が変わる衝突のため要判断(normalization_collision_audit 自動検出)
philosophical quarterly,(要著者判断),MANUAL,normalization_collision_audit 自動追記(2026-07-17)・著者確認待ち,衝突キー'philosophical quarterly': [SJR:norm_title] Philosophical Quarterly | [SJR:norm_title] International Philosophical Quarterly / ranks: SJR Q1 | SJR Q3 / データ0件。採否が変わる衝突のため要判断(normalization_collision_audit 自動検出)
photochemistry photobiology,(要著者判断),MANUAL,normalization_collision_audit 自動追記(2026-07-17)・著者確認待ち,衝突キー'photochemistry photobiology': [SJR:norm_title] Photochemistry and Photobiology | [SJR:norm_title] Journal of Photochemistry and Photobiology / ranks: SJR Q1 | SJR Q3 / データ0件。採否が変わる衝突のため要判断(normalization_collision_audit 自動検出)
physical activity health,(要著者判断),MANUAL,normalization_collision_audit 自動追記(2026-07-17)・著者確認待ち,衝突キー'physical activity health': [SJR:norm_title] Journal of Physical Activity and Health | [SJR:norm_title] Physical Activity and Health / ranks: SJR Q1 | SJR Q2 / データ0件。採否が変わる衝突のため要判断(normalization_collision_audit 自動検出)
physical oceanography,(要著者判断),MANUAL,normalization_collision_audit 自動追記(2026-07-17)・著者確認待ち,衝突キー'physical oceanography': [SJR:norm_title] Journal of Physical Oceanography | [SJR:norm_title] Physical Oceanography / ranks: SJR Q1 | SJR Q3 / データ0件。採否が変わる衝突のため要判断(normalization_collision_audit 自動検出)
phytopathology,(要著者判断),MANUAL,normalization_collision_audit 自動追記(2026-07-17)・著者確認待ち,衝突キー'phytopathology': [SJR:norm_title] Phytopathology | [SJR:norm_title] Journal of Phytopathology | [SJR:norm_title] International Journal of Phytopathology / ranks: SJR Q1 | SJR Q3 | SJR Q3 / データ0件。採否が変わる衝突のため要判断(normalization_collision_audit 自動検出)
plant biology,(要著者判断),MANUAL,normalization_collision_audit 自動追記(2026-07-17)・著者確認待ち,衝突キー'plant biology': [SJR:norm_title] Plant Biology | [SJR:norm_title] Journal of Plant Biology | [SJR:norm_title] International Journal of Plant Biology / ranks: SJR Q1 | SJR Q2 | SJR Q2 / データ0件。採否が変わる衝突のため要判断(normalization_collision_audit 自動検出)
plant ecology,(要著者判断),MANUAL,normalization_collision_audit 自動追記(2026-07-17)・著者確認待ち,衝突キー'plant ecology': [SJR:norm_title] Journal of Plant Ecology | [SJR:norm_title] Plant Ecology / ranks: SJR Q1 | SJR Q2 / データ0件。採否が変わる衝突のため要判断(normalization_collision_audit 自動検出)
plant pathology,(要著者判断),MANUAL,normalization_collision_audit 自動追記(2026-07-17)・著者確認待ち,衝突キー'plant pathology': [SJR:norm_title] Plant Pathology | [SJR:norm_title] Journal of Plant Pathology / ranks: SJR Q1 | SJR Q2 / データ0件。採否が変わる衝突のため要判断(normalization_collision_audit 自動検出)
policy studies,(要著者判断),MANUAL,normalization_collision_audit 自動追記(2026-07-17)・著者確認待ち,衝突キー'policy studies': [SJR:norm_title] Policy Studies | [SJR:norm_title] Journal of Policy Studies / ranks: SJR Q1 | SJR Q2 / データ0件。採否が変わる衝突のため要判断(normalization_collision_audit 自動検出)
political economy,(要著者判断),MANUAL,normalization_collision_audit 自動追記(2026-07-17)・著者確認待ち,衝突キー'political economy': [SJR:norm_title] Journal of Political Economy | [SJR:norm_title] International Journal of Political Economy / ranks: SJR Q1 | SJR Q2 / データ0件。採否が変わる衝突のため要判断(normalization_collision_audit 自動検出)
political theory,(要著者判断),MANUAL,normalization_collision_audit 自動追記(2026-07-17)・著者確認待ち,衝突キー'political theory': [SJR:norm_title] Political Theory | [SJR:norm_title] Journal of International Political Theory / ranks: SJR Q1 | SJR Q2 / データ0件。採否が変わる衝突のため要判断(normalization_collision_audit 自動検出)
polymer,(要著者判断),MANUAL,normalization_collision_audit 自動追記(2026-07-17)・著者確認待ち,衝突キー'polymer': [SJR:norm_title] Polymer | [SJR:norm_title] Polymer International | [SJR:norm_title] Polymer (Korea) / ranks: SJR Q1 | SJR Q2 | SJR Q4 / データ0件。採否が変わる衝突のため要判断(normalization_collision_audit 自動検出)
polymer science,(要著者判断),MANUAL,normalization_collision_audit 自動追記(2026-07-17)・著者確認待ち,衝突キー'polymer science': [SJR:norm_title] Journal of Polymer Science | [SJR:norm_title] International Journal of Polymer Science / ranks: SJR Q1 | SJR Q2 / データ0件。採否が変わる衝突のため要判断(normalization_collision_audit 自動検出)
population economics,(要著者判断),MANUAL,normalization_collision_audit 自動追記(2026-07-17)・著者確認待ち,衝突キー'population economics': [SJR:norm_title] Journal of Population Economics | [SJR:norm_title] Population and Economics / ranks: SJR Q1 | SJR Q3 / データ0件。採否が変わる衝突のため要判断(normalization_collision_audit 自動検出)
population studies,(要著者判断),MANUAL,normalization_collision_audit 自動追記(2026-07-17)・著者確認待ち,衝突キー'population studies': [SJR:norm_title] Population Studies | [SJR:norm_title] International Journal of Population Studies / ranks: SJR Q1 | SJR Q3 / データ0件。採否が変わる衝突のため要判断(normalization_collision_audit 自動検出)
preventive medicine,(要著者判断),MANUAL,normalization_collision_audit 自動追記(2026-07-17)・著者確認待ち,衝突キー'preventive medicine': [SJR:norm_title] Preventive Medicine | [SJR:norm_title] International Journal of Preventive Medicine / ranks: SJR Q1 | SJR Q3 / データ0件。採否が変わる衝突のため要判断(normalization_collision_audit 自動検出)
project management,(要著者判断),MANUAL,normalization_collision_audit 自動追記(2026-07-17)・著者確認待ち,衝突キー'project management': [SJR:norm_title] International Journal of Project Management | [SJR:norm_title] Journal of Project Management (Canada) / ranks: SJR Q1 | SJR Q3 / データ0件。採否が変わる衝突のため要判断(normalization_collision_audit 自動検出)
projections,(要著者判断),MANUAL,normalization_collision_audit 自動追記(2026-07-17)・著者確認待ち,衝突キー'projections': [SJR:norm_title] Projections (New York) | [SJR:norm_title] Projections / ranks: SJR Q1 | SJR Q2 / データ0件。採否が変わる衝突のため要判断(normalization_collision_audit 自動検出)
prosthodontics,(要著者判断),MANUAL,normalization_collision_audit 自動追記(2026-07-17)・著者確認待ち,衝突キー'prosthodontics': [SJR:norm_title] Journal of Prosthodontics | [SJR:norm_title] International Journal of Prosthodontics / ranks: SJR Q1 | SJR Q2 / データ0件。採否が変わる衝突のため要判断(normalization_collision_audit 自動検出)
proteomics,(要著者判断),MANUAL,normalization_collision_audit 自動追記(2026-07-17)・著者確認待ち,衝突キー'proteomics': [SJR:norm_title] Proteomics | [SJR:norm_title] Journal of Proteomics / ranks: SJR Q1 | SJR Q2 / データ0件。採否が変わる衝突のため要判断(normalization_collision_audit 自動検出)
psychological science,(要著者判断),MANUAL,normalization_collision_audit 自動追記(2026-07-17)・著者確認待ち,衝突キー'psychological science': [SJR:norm_title] Psychological Science | [SJR:norm_title] Journal of Psychological Science / ranks: SJR Q1 | SJR Q3 / データ0件。採否が変わる衝突のため要判断(normalization_collision_audit 自動検出)
psychology,(要著者判断),MANUAL,normalization_collision_audit 自動追記(2026-07-17)・著者確認待ち,衝突キー'psychology': [SJR:norm_title] Journal of Psychology | [SJR:norm_title] International Journal of Psychology | [SJR:norm_title] Psychology / ranks: SJR Q1 | SJR Q1 | SJR Q4 / データ0件。採否が変わる衝突のため要判断(normalization_collision_audit 自動検出)
psychopathology,(要著者判断),MANUAL,normalization_collision_audit 自動追記(2026-07-17)・著者確認待ち,衝突キー'psychopathology': [SJR:norm_title] Psychopathology | [SJR:norm_title] Journal of Psychopathology / ranks: SJR Q1 | SJR Q3 / データ0件。採否が変わる衝突のため要判断(normalization_collision_audit 自動検出)
public administration,(要著者判断),MANUAL,normalization_collision_audit 自動追記(2026-07-17)・著者確認待ち,衝突キー'public administration': [SJR:norm_title] Public Administration | [SJR:norm_title] International Journal of Public Administration / ranks: SJR Q1 | SJR Q2 / データ0件。採否が変わる衝突のため要判断(normalization_collision_audit 自動検出)
public policy,(要著者判断),MANUAL,normalization_collision_audit 自動追記(2026-07-17)・著者確認待ち,衝突キー'public policy': [SJR:norm_title] Journal of Public Policy | [SJR:norm_title] International Journal of Public Policy / ranks: SJR Q1 | SJR Q3 / データ0件。採否が変わる衝突のため要判断(normalization_collision_audit 自動検出)
quantitative economics,(要著者判断),MANUAL,normalization_collision_audit 自動追記(2026-07-17)・著者確認待ち,衝突キー'quantitative economics': [SJR:norm_title] Quantitative Economics | [SJR:norm_title] Journal of Quantitative Economics / ranks: SJR Q1 | SJR Q3 / データ0件。採否が変わる衝突のため要判断(normalization_collision_audit 自動検出)
quaternary,(要著者判断),MANUAL,normalization_collision_audit 自動追記(2026-07-17)・著者確認待ち,衝突キー'quaternary': [SJR:norm_title] Quaternary International | [SJR:norm_title] Quaternary / ranks: SJR Q2 | SJR Q1 / データ0件。採否が変わる衝突のため要判断(normalization_collision_audit 自動検出)
radiation research,(要著者判断),MANUAL,normalization_collision_audit 自動追記(2026-07-17)・著者確認待ち,衝突キー'radiation research': [SJR:norm_title] Journal of Radiation Research | [SJR:norm_title] Radiation Research | [SJR:norm_title] International Journal of Radiation Research / ranks: SJR Q1 | SJR Q1 | SJR Q4 / データ0件。採否が変わる衝突のため要判断(normalization_collision_audit 自動検出)
reading writing,(要著者判断),MANUAL,normalization_collision_audit 自動追記(2026-07-17)・著者確認待ち,衝突キー'reading writing': [SJR:norm_title] Reading and Writing | [SJR:norm_title] Reading and Writing (South Africa) / ranks: SJR Q1 | SJR Q2 / データ0件。採否が変わる衝突のため要判断(normalization_collision_audit 自動検出)
refrigeration,(要著者判断),MANUAL,normalization_collision_audit 自動追記(2026-07-17)・著者確認待ち,衝突キー'refrigeration': [SJR:norm_title] International Journal of Refrigeration | [SJR:norm_title] Journal of Refrigeration / ranks: SJR Q1 | SJR Q4 / データ0件。採否が変わる衝突のため要判断(normalization_collision_audit 自動検出)
religion,(要著者判断),MANUAL,normalization_collision_audit 自動追記(2026-07-17)・著者確認待ち,衝突キー'religion': [SJR:norm_title] Religion | [SJR:norm_title] Journal of Religion / ranks: SJR Q1 | SJR Q2 / データ0件。採否が変わる衝突のため要判断(normalization_collision_audit 自動検出)
retos,(要著者判断),MANUAL,normalization_collision_audit 自動追記(2026-07-17)・著者確認待ち,衝突キー'retos': [SJR:norm_title] Retos | [SJR:norm_title] Retos (Ecuador) / ranks: SJR Q1 | SJR Q3 / データ0件。採否が変わる衝突のため要判断(normalization_collision_audit 自動検出)
review economics,(要著者判断),MANUAL,normalization_collision_audit 自動追記(2026-07-17)・著者確認待ち,衝突キー'review economics': [SJR:norm_title] Annual Review of Economics | [SJR:norm_title] Review of International Economics | [SJR:norm_title] International Review of Economics | [SJR:norm_title] Review of Economics / ranks: SJR Q1 | SJR Q1 | SJR Q2 | SJR Q3 / データ0件。採否が変わる衝突のため要判断(normalization_collision_audit 自動検出)
review education,(要著者判断),MANUAL,normalization_collision_audit 自動追記(2026-07-17)・著者確認待ち,衝突キー'review education': [SJR:norm_title] Review of Education | [SJR:norm_title] International Review of Education / ranks: SJR Q1 | SJR Q2 / データ0件。採否が変わる衝突のため要判断(normalization_collision_audit 自動検出)
review finance,(要著者判断),MANUAL,normalization_collision_audit 自動追記(2026-07-17)・著者確認待ち,衝突キー'review finance': [SJR:norm_title] Review of Finance | [SJR:norm_title] International Review of Finance / ranks: SJR Q1 | SJR Q2 / データ0件。採否が変わる衝突のため要判断(normalization_collision_audit 自動検出)
review financial economics,(要著者判断),MANUAL,normalization_collision_audit 自動追記(2026-07-17)・著者確認待ち,衝突キー'review financial economics': [SJR:norm_title] Annual Review of Financial Economics | [SJR:norm_title] Review of Financial Economics / ranks: SJR Q1 | SJR Q3 / データ0件。採否が変わる衝突のため要判断(normalization_collision_audit 自動検出)
review law economics,(要著者判断),MANUAL,normalization_collision_audit 自動追記(2026-07-17)・著者確認待ち,衝突キー'review law economics': [SJR:norm_title] International Review of Law and Economics | [SJR:norm_title] Review of Law and Economics / ranks: SJR Q1 | SJR Q3 / データ0件。採否が変わる衝突のため要判断(normalization_collision_audit 自動検出)
review sociology,(要著者判断),MANUAL,normalization_collision_audit 自動追記(2026-07-17)・著者確認待ち,衝突キー'review sociology': [SJR:norm_title] Annual Review of Sociology | [SJR:norm_title] International Review of Sociology / ranks: SJR Q1 | SJR Q2 / データ0件。採否が変わる衝突のため要判断(normalization_collision_audit 自動検出)
revista espanola de cardiologia,(要著者判断),MANUAL,normalization_collision_audit 自動追記(2026-07-17)・著者確認待ち,衝突キー'revista espanola de cardiologia': [SJR:norm_title] Revista Espanola de Cardiologia (English edition) | [SJR:norm_title] Revista Espanola de Cardiologia / ranks: SJR Q1 | SJR Q2 / データ0件。採否が変わる衝突のため要判断(normalization_collision_audit 自動検出)
rheumatic diseases,(要著者判断),MANUAL,normalization_collision_audit 自動追記(2026-07-17)・著者確認待ち,衝突キー'rheumatic diseases': [SJR:norm_title] Journal of Rheumatic Diseases | [SJR:norm_title] International Journal of Rheumatic Diseases / ranks: SJR Q1 | SJR Q3 / データ0件。採否が変わる衝突のため要判断(normalization_collision_audit 自動検出)
rhinology,(要著者判断),MANUAL,normalization_collision_audit 自動追記(2026-07-17)・著者確認待ち,衝突キー'rhinology': [SJR:norm_title] Rhinology | [SJR:norm_title] Journal of Rhinology / ranks: SJR Q1 | SJR Q3 / データ0件。採否が変わる衝突のため要判断(normalization_collision_audit 自動検出)
robotics,(要著者判断),MANUAL,normalization_collision_audit 自動追記(2026-07-17)・著者確認待ち,衝突キー'robotics': [SJR:norm_title] Robotics | [SJR:norm_title] Journal of Robotics / ranks: SJR Q1 | SJR Q2 / データ0件。採否が変わる衝突のため要判断(normalization_collision_audit 自動検出)
russian linguistics,(要著者判断),MANUAL,normalization_collision_audit 自動追記(2026-07-17)・著者確認待ち,衝突キー'russian linguistics': [SJR:norm_title] Russian Journal of Linguistics | [SJR:norm_title] Russian Linguistics / ranks: SJR Q1 | SJR Q2 / データ0件。採否が変わる衝突のため要判断(normalization_collision_audit 自動検出)
school health,(要著者判断),MANUAL,normalization_collision_audit 自動追記(2026-07-17)・著者確認待ち,衝突キー'school health': [SJR:norm_title] Journal of School Health | [SJR:norm_title] International Journal of School Health / ranks: SJR Q1 | SJR Q4 / データ0件。採否が変わる衝突のため要判断(normalization_collision_audit 自動検出)
science communication,(要著者判断),MANUAL,normalization_collision_audit 自動追記(2026-07-17)・著者確認待ち,衝突キー'science communication': [SJR:norm_title] Science Communication | [SJR:norm_title] Journal of Science Communication / ranks: SJR Q1 | SJR Q2 / データ0件。採否が変わる衝突のため要判断(normalization_collision_audit 自動検出)
science education,(要著者判断),MANUAL,normalization_collision_audit 自動追記(2026-07-17)・著者確認待ち,衝突キー'science education': [SJR:norm_title] Science Education | [SJR:norm_title] Science and Education | [SJR:norm_title] International Journal of Science Education | [SJR:norm_title] Science Education International / ranks: SJR Q1 | SJR Q1 | SJR Q1 | SJR Q3 / データ0件。採否が変わる衝突のため要判断(normalization_collision_audit 自動検出)
security,(要著者判断),MANUAL,normalization_collision_audit 自動追記(2026-07-17)・著者確認待ち,衝突キー'security': [CORE:norm_title] International Workshop on Security | [SJR:norm_title] International Security / ranks: CORE National: Japan | SJR Q1 / データ0件。採否が変わる衝突のため要判断(normalization_collision_audit 自動検出)
semantics,(要著者判断),MANUAL,normalization_collision_audit 自動追記(2026-07-17)・著者確認待ち,"衝突キー'semantics': [CORE:acronym] Semantics - International Conference on Semantic Systems | [SJR:norm_title] Journal of Semantics / ranks: CORE Regional: Austria, Germany, Netherlands | SJR Q1 / データ0件。採否が変わる衝突のため要判断(normalization_collision_audit 自動検出)"
semiconductors,(要著者判断),MANUAL,normalization_collision_audit 自動追記(2026-07-17)・著者確認待ち,衝突キー'semiconductors': [SJR:norm_title] Journal of Semiconductors | [SJR:norm_title] Semiconductors / ranks: SJR Q1 | SJR Q4 / データ0件。採否が変わる衝突のため要判断(normalization_collision_audit 自動検出)
sexual health,(要著者判断),MANUAL,normalization_collision_audit 自動追記(2026-07-17)・著者確認待ち,衝突キー'sexual health': [SJR:norm_title] International Journal of Sexual Health | [SJR:norm_title] Sexual Health / ranks: SJR Q1 | SJR Q2 / データ0件。採否が変わる衝突のため要判断(normalization_collision_audit 自動検出)
sexual medicine,(要著者判断),MANUAL,normalization_collision_audit 自動追記(2026-07-17)・著者確認待ち,衝突キー'sexual medicine': [SJR:norm_title] Journal of Sexual Medicine | [SJR:norm_title] Sexual Medicine / ranks: SJR Q1 | SJR Q2 / データ0件。採否が変わる衝突のため要判断(normalization_collision_audit 自動検出)
slovo,(要著者判断),MANUAL,normalization_collision_audit 自動追記(2026-07-17)・著者確認待ち,衝突キー'slovo': [SJR:norm_title] Slovo (Croatia) | [SJR:norm_title] Slovo / ranks: SJR Q1 | SJR Q4 / データ0件。採否が変わる衝突のため要判断(normalization_collision_audit 自動検出)
social history,(要著者判断),MANUAL,normalization_collision_audit 自動追記(2026-07-17)・著者確認待ち,衝突キー'social history': [SJR:norm_title] Journal of Social History | [SJR:norm_title] Social History / ranks: SJR Q1 | SJR Q2 / データ0件。採否が変わる衝突のため要判断(normalization_collision_audit 自動検出)
social work,(要著者判断),MANUAL,normalization_collision_audit 自動追記(2026-07-17)・著者確認待ち,衝突キー'social work': [SJR:norm_title] Journal of Social Work | [SJR:norm_title] International Social Work | [SJR:norm_title] Social Work / ranks: SJR Q1 | SJR Q1 | SJR Q2 / データ0件。採否が変わる衝突のため要判断(normalization_collision_audit 自動検出)
sociology,(要著者判断),MANUAL,normalization_collision_audit 自動追記(2026-07-17)・著者確認待ち,衝突キー'sociology': [SJR:norm_title] Sociology | [SJR:norm_title] Journal of Sociology | [SJR:norm_title] International Sociology | [SJR:norm_title] International Journal of Sociology / ranks: SJR Q1 | SJR Q1 | SJR Q2 | SJR Q2 / データ0件。採否が変わる衝突のため要判断(normalization_collision_audit 自動検出)
sociology education,(要著者判断),MANUAL,normalization_collision_audit 自動追記(2026-07-17)・著者確認待ち,衝突キー'sociology education': [SJR:norm_title] Sociology of Education | [SJR:norm_title] International Journal of Sociology of Education / ranks: SJR Q1 | SJR Q2 / データ0件。採否が変わる衝突のため要判断(normalization_collision_audit 自動検出)
soil science plant nutrition,(要著者判断),MANUAL,normalization_collision_audit 自動追記(2026-07-17)・著者確認待ち,衝突キー'soil science plant nutrition': [SJR:norm_title] Journal of Soil Science and Plant Nutrition | [SJR:norm_title] Soil Science and Plant Nutrition / ranks: SJR Q1 | SJR Q2 / データ0件。採否が変わる衝突のため要判断(normalization_collision_audit 自動検出)
sophia,(要著者判断),MANUAL,normalization_collision_audit 自動追記(2026-07-17)・著者確認待ち,衝突キー'sophia': [SJR:norm_title] Sophia | [SJR:norm_title] Sophia (Ecuador) / ranks: SJR Q1 | SJR Q2 / データ0件。採否が変わる衝突のため要判断(normalization_collision_audit 自動検出)
space science technology,(要著者判断),MANUAL,normalization_collision_audit 自動追記(2026-07-17)・著者確認待ち,衝突キー'space science technology': [SJR:norm_title] Space: Science and Technology (United States) | [SJR:norm_title] Space Science and Technology / ranks: SJR Q1 | SJR Q4 / データ0件。採否が変わる衝突のため要判断(normalization_collision_audit 自動検出)
special education,(要著者判断),MANUAL,normalization_collision_audit 自動追記(2026-07-17)・著者確認待ち,衝突キー'special education': [SJR:norm_title] Journal of Special Education | [SJR:norm_title] International Journal of Special Education / ranks: SJR Q1 | SJR Q3 / データ0件。採否が変わる衝突のため要判断(normalization_collision_audit 自動検出)
sport exercise psychology,(要著者判断),MANUAL,normalization_collision_audit 自動追記(2026-07-17)・著者確認待ち,衝突キー'sport exercise psychology': [SJR:norm_title] International Journal of Sport and Exercise Psychology | [SJR:norm_title] Journal of Sport and Exercise Psychology / ranks: SJR Q1 | SJR Q2 / データ0件。採否が変わる衝突のため要判断(normalization_collision_audit 自動検出)
sport history,(要著者判断),MANUAL,normalization_collision_audit 自動追記(2026-07-17)・著者確認待ち,衝突キー'sport history': [SJR:norm_title] Sport in History | [SJR:norm_title] Journal of Sport History / ranks: SJR Q1 | SJR Q3 / データ0件。採否が変わる衝突のため要判断(normalization_collision_audit 自動検出)
sport society,(要著者判断),MANUAL,normalization_collision_audit 自動追記(2026-07-17)・著者確認待ち,衝突キー'sport society': [SJR:norm_title] Sport in Society | [SJR:norm_title] International Journal of Sport and Society / ranks: SJR Q1 | SJR Q3 / データ0件。採否が変わる衝突のため要判断(normalization_collision_audit 自動検出)
stem cells,(要著者判断),MANUAL,normalization_collision_audit 自動追記(2026-07-17)・著者確認待ち,衝突キー'stem cells': [SJR:norm_title] Stem Cells | [SJR:norm_title] Stem Cells International | [SJR:norm_title] International Journal of Stem Cells | [SJR:norm_title] Journal of Stem Cells / ranks: SJR Q1 | SJR Q2 | SJR Q2 | SJR Q4 / データ0件。採否が変わる衝突のため要判断(normalization_collision_audit 自動検出)
stem education,(要著者判断),MANUAL,normalization_collision_audit 自動追記(2026-07-17)・著者確認待ち,衝突キー'stem education': [SJR:norm_title] International Journal of STEM Education | [SJR:norm_title] STEM Education / ranks: SJR Q1 | SJR Q2 / データ0件。採否が変わる衝突のため要判断(normalization_collision_audit 自動検出)
structural engineering,(要著者判断),MANUAL,normalization_collision_audit 自動追記(2026-07-17)・著者確認待ち,衝突キー'structural engineering': [SJR:norm_title] Journal of Structural Engineering | [SJR:norm_title] Structural Engineering International | [SJR:norm_title] International Journal of Structural Engineering | [SJR:norm_title] Journal of Structural Engineering (India) / ranks: SJR Q1 | SJR Q2 | SJR Q4 | SJR Q4 / データ0件。採否が変わる衝突のため要判断(normalization_collision_audit 自動検出)
surgical oncology,(要著者判断),MANUAL,normalization_collision_audit 自動追記(2026-07-17)・著者確認待ち,衝突キー'surgical oncology': [SJR:norm_title] Surgical Oncology | [SJR:norm_title] Journal of Surgical Oncology | [SJR:norm_title] International Journal of Surgical Oncology / ranks: SJR Q1 | SJR Q1 | SJR Q2 / データ0件。採否が変わる衝突のため要判断(normalization_collision_audit 自動検出)
sustainable development,(要著者判断),MANUAL,normalization_collision_audit 自動追記(2026-07-17)・著者確認待ち,衝突キー'sustainable development': [SJR:norm_title] Sustainable Development | [SJR:norm_title] International Journal of Sustainable Development / ranks: SJR Q1 | SJR Q4 / データ0件。採否が変わる衝突のため要判断(normalization_collision_audit 自動検出)
theological studies,(要著者判断),MANUAL,normalization_collision_audit 自動追記(2026-07-17)・著者確認待ち,衝突キー'theological studies': [SJR:norm_title] Theological Studies | [SJR:norm_title] Journal of Theological Studies / ranks: SJR Q1 | SJR Q2 / データ0件。採否が変わる衝突のため要判断(normalization_collision_audit 自動検出)
theoria,(要著者判断),MANUAL,normalization_collision_audit 自動追記(2026-07-17)・著者確認待ち,衝突キー'theoria': [SJR:norm_title] Theoria (Sweden) | [SJR:norm_title] Theoria (Spain) / ranks: SJR Q1 | SJR Q2 / データ0件。採否が変わる衝突のため要判断(normalization_collision_audit 自動検出)
theory,(要著者判断),MANUAL,normalization_collision_audit 自動追記(2026-07-17)・著者確認待ち,衝突キー'theory': [SJR:norm_title] International Theory | [SJR:norm_title] Theory Workshop / ranks: SJR Q1 | SJR Q3 / データ0件。採否が変わる衝突のため要判断(normalization_collision_audit 自動検出)
tissue engineering regenerative medicine,(要著者判断),MANUAL,normalization_collision_audit 自動追記(2026-07-17)・著者確認待ち,衝突キー'tissue engineering regenerative medicine': [SJR:norm_title] Tissue Engineering and Regenerative Medicine | [SJR:norm_title] Journal of Tissue Engineering and Regenerative Medicine / ranks: SJR Q1 | SJR Q2 / データ0件。採否が変わる衝突のため要判断(normalization_collision_audit 自動検出)
topoi,(要著者判断),MANUAL,normalization_collision_audit 自動追記(2026-07-17)・著者確認待ち,衝突キー'topoi': [SJR:norm_title] Topoi | [SJR:norm_title] Topoi (Brazil) / ranks: SJR Q1 | SJR Q2 / データ0件。採否が変わる衝突のため要判断(normalization_collision_audit 自動検出)
tourism research,(要著者判断),MANUAL,normalization_collision_audit 自動追記(2026-07-17)・著者確認待ち,衝突キー'tourism research': [SJR:norm_title] International Journal of Tourism Research | [SJR:norm_title] Proceedings of the International Conference on Tourism Research / ranks: SJR Q1 | SJR - / データ0件。採否が変わる衝突のため要判断(normalization_collision_audit 自動検出)
tourism review,(要著者判断),MANUAL,normalization_collision_audit 自動追記(2026-07-17)・著者確認待ち,衝突キー'tourism review': [SJR:norm_title] Tourism Review | [SJR:norm_title] Tourism Review International / ranks: SJR Q1 | SJR Q3 / データ0件。採否が変わる衝突のため要判断(normalization_collision_audit 自動検出)
toxicological sciences,(要著者判断),MANUAL,normalization_collision_audit 自動追記(2026-07-17)・著者確認待ち,衝突キー'toxicological sciences': [SJR:norm_title] Toxicological Sciences | [SJR:norm_title] Journal of Toxicological Sciences / ranks: SJR Q1 | SJR Q3 / データ0件。採否が変わる衝突のため要判断(normalization_collision_audit 自動検出)
toxicology,(要著者判断),MANUAL,normalization_collision_audit 自動追記(2026-07-17)・著者確認待ち,衝突キー'toxicology': [SJR:norm_title] Toxicology | [SJR:norm_title] Journal of Toxicology | [SJR:norm_title] International Journal of Toxicology | [SJR:norm_title] Toxicology International / ranks: SJR Q1 | SJR Q2 | SJR Q3 | SJR Q4 / データ0件。採否が変わる衝突のため要判断(normalization_collision_audit 自動検出)
transfer,(要著者判断),MANUAL,normalization_collision_audit 自動追記(2026-07-17)・著者確認待ち,衝突キー'transfer': [SJR:norm_title] Transfer | [SJR:norm_title] Transfer (Spain) / ranks: SJR Q1 | SJR Q2 / データ0件。採否が変わる衝突のため要判断(normalization_collision_audit 自動検出)
translational medicine,(要著者判断),MANUAL,normalization_collision_audit 自動追記(2026-07-17)・著者確認待ち,衝突キー'translational medicine': [SJR:norm_title] Journal of Translational Medicine | [SJR:norm_title] International Journal of Translational Medicine / ranks: SJR Q1 | SJR Q3 / データ0件。採否が変わる衝突のため要判断(normalization_collision_audit 自動検出)
tribology,(要著者判断),MANUAL,normalization_collision_audit 自動追記(2026-07-17)・著者確認待ち,衝突キー'tribology': [SJR:norm_title] Tribology International | [SJR:norm_title] Journal of Tribology | [SJR:norm_title] Tribology / ranks: SJR Q1 | SJR Q2 | SJR Q3 / データ0件。採否が変わる衝突のため要判断(normalization_collision_audit 自動検出)
tropical medicine health,(要著者判断),MANUAL,normalization_collision_audit 自動追記(2026-07-17)・著者確認待ち,衝突キー'tropical medicine health': [SJR:norm_title] Tropical Medicine and International Health | [SJR:norm_title] Tropical Medicine and Health / ranks: SJR Q1 | SJR Q2 / データ0件。採否が変わる衝突のため要判断(normalization_collision_audit 自動検出)
veterinary parasitology,(要著者判断),MANUAL,normalization_collision_audit 自動追記(2026-07-17)・著者確認待ち,衝突キー'veterinary parasitology': [SJR:norm_title] Veterinary Parasitology | [SJR:norm_title] Journal of Veterinary Parasitology / ranks: SJR Q1 | SJR Q4 / データ0件。採否が変わる衝突のため要判断(normalization_collision_audit 自動検出)
veterinary research,(要著者判断),MANUAL,normalization_collision_audit 自動追記(2026-07-17)・著者確認待ち,衝突キー'veterinary research': [SJR:norm_title] Veterinary Research | [SJR:norm_title] Journal of Veterinary Research (Poland) | [SJR:norm_title] Journal of Veterinary Research / ranks: SJR Q1 | SJR Q2 | SJR Q4 / データ0件。採否が変わる衝突のため要判断(normalization_collision_audit 自動検出)
virology,(要著者判断),MANUAL,normalization_collision_audit 自動追記(2026-07-17)・著者確認待ち,衝突キー'virology': [SJR:norm_title] Journal of Virology | [SJR:norm_title] Virology / ranks: SJR Q1 | SJR Q2 / データ0件。採否が変わる衝突のため要判断(normalization_collision_audit 自動検出)
water,(要著者判断),MANUAL,normalization_collision_audit 自動追記(2026-07-17)・著者確認待ち,衝突キー'water': [SJR:norm_title] Water (Switzerland) | [SJR:norm_title] Water International | [SJR:norm_title] International Journal of Water / ranks: SJR Q1 | SJR Q3 | SJR Q4 / データ0件。採否が変わる衝突のため要判断(normalization_collision_audit 自動検出)
women s health,(要著者判断),MANUAL,normalization_collision_audit 自動追記(2026-07-17)・著者確認待ち,衝突キー'women s health': [SJR:norm_title] Women's Health | [SJR:norm_title] Journal of Women's Health | [SJR:norm_title] International Journal of Women's Health / ranks: SJR Q1 | SJR Q2 | SJR Q1 / データ0件。採否が変わる衝突のため要判断(normalization_collision_audit 自動検出)
zoology,(要著者判断),MANUAL,normalization_collision_audit 自動追記(2026-07-17)・著者確認待ち,衝突キー'zoology': [SJR:norm_title] Journal of Zoology | [SJR:norm_title] Zoology | [SJR:norm_title] International Journal of Zoology / ranks: SJR Q1 | SJR Q2 | SJR Q2 / データ0件。採否が変わる衝突のため要判断(normalization_collision_audit 自動検出)
