"Key","Item Type","Publication Year","Author","Title","Publication Title","ISBN","ISSN","DOI","Url","Abstract Note","Date","Date Added","Date Modified","Access Date","Pages","Num Pages","Issue","Volume","Number Of Volumes","Journal Abbreviation","Short Title","Series","Series Number","Series Text","Series Title","Publisher","Place","Language","Rights","Type","Archive","Archive Location","Library Catalog","Call Number","Extra","Notes","File Attachments","Link Attachments","Manual Tags","Automatic Tags","Editor","Series Editor","Translator","Contributor","Attorney Agent","Book Author","Cast Member","Commenter","Composer","Cosponsor","Counsel","Interviewer","Producer","Recipient","Reviewed Author","Scriptwriter","Words By","Guest","Number","Edition","Running Time","Scale","Medium","Artwork Size","Filing Date","Application Number","Assignee","Issuing Authority","Country","Meeting Name","Conference Name","Court","References","Reporter","Legal Status","Priority Numbers","Programming Language","Version","System","Code","Code Number","Section","Session","Committee","History","Legislative Body"
"5SZBHCE4","conferencePaper","2025","Surendiran, J","The hand glove mouse: a new paradigm in gesture-based, ergonomic human-computer interaction","2025 6th international conference on smart electronics and communication (ICOSEC)","","","10.1109/ICOSEC67334.2025.11459623","","","2025","2026-07-17 05:51:56","2026-07-17 05:51:56","","614-619","","","","","","","","","","","","","","","","","","","","","","","","Adders; Aerospace and electronic systems; Circuits; Contacts; ergonomics; Feedback; gaming; gesture classification; gesture recognition; Hand Glove Mouse; human-computer interaction; input modalities; Integrated circuits; intuitive control; Microcontrollers; Microprocessors; motion tracking; Sensor systems; strain-free interaction; Very large scale integration; virtual reality","","","","","","","","","","","","","","","","","","","","","","","","","","","","","","","","","","","","","","","","","","","","","","",""
"4GY8BAIS","conferencePaper","2025","Kosanovic, Nicolas; Dowdy, Jordan; Vaz, Jean Chagas","Towards miniature humanoid tele-loco-manipulation using virtual reality and reinforcement learning","2025 IEEE-RAS 24th international conference on humanoid robots (humanoids)","","","10.1109/Humanoids65713.2025.11264861","","","2025","2026-07-17 05:51:57","2026-07-17 05:51:57","","1233-1240","","","","","","","","","","","","","","","","","","","","","","","","Hardware; Humanoid robots; Legged locomotion; Manipulators; Navigation; Reinforcement learning; Robot sensing systems; Sensors; Telepresence; Virtual reality","","","","","","","","","","","","","","","","","","","","","","","","","","","","","","","","","","","","","","","","","","","","","","",""
"4KLLDJ3F","conferencePaper","2026","DeVeaux, Cyan; Hall, Elizabeth H.; Shaw, Andy J.; Francl, Andrew Frederick; van Horne, Paulus; Nieuwenhuizen, Frank M.; Garí, Sebastià V. Amengual; Huberth, Madeline","Audiovisual realism in MR: Investigating the effects of room acoustics on co-presence with photorealistic avatars","2026 IEEE conference on virtual reality and 3D user interfaces (VR)","","","10.1109/VR67842.2026.00075","","","2026","2026-07-17 05:51:57","2026-07-17 05:51:57","","552-562","","","","","","","","","","","","","","","","","","","","","","","","Amplitude shift keying; audio; avatars; Avatars; Circuits; Communication systems; Feedback; Graphical user interfaces; Location awareness; mixed reality; Protocols; room acoustics; Video games; Videos","","","","","","","","","","","","","","","","","","","","","","","","","","","","","","","","","","","","","","","","","","","","","","",""
"6A64FYDJ","journalArticle","2025","Nyatsanga, Simbarashe; Roble, Doug; Neff, Michael","The impact of avatar retargeting on pointing and conversational communication","IEEE Transactions on Visualization and Computer Graphics","","","10.1109/TVCG.2025.3549171","","","2025","2026-07-17 05:51:57","2026-07-17 05:51:57","","3108-3118","","5","31","","","","","","","","","","","","","","","","","","","","","Accuracy; Avatars; Computer graphics; Computing methodologies; Fingers; Graphics systems and interfaces; Hands; HCI design and evaluation methods; Human computer interaction (HCI); Human-centered computing; Kinematics; Observers; Semantics; Stability criteria; Training; User studies; Virtual reality; Wrist","","","","","","","","","","","","","","","","","","","","","","","","","","","","","","","","","","","","","","","","","","","","","","",""
"8CUGLU4W","conferencePaper","2025","Chen, Xinjie; Ma, Yuan; Wang, Meili","AC-motion: High-quality arbitrary motion style transfer with local channel modulation and adaptive attention","2025 11th international conference on virtual reality (ICVR)","","","10.1109/ICVR66534.2025.11172600","","","2025","2026-07-17 05:51:57","2026-07-17 05:51:57","","247-255","","","","","","","","","","","","","","","","","","","","","","","","Accuracy; adaptive attention; Adaptive systems; Animation; Attention mechanisms; content consistency loss; Distortion; local channel modulation; Modulation; motion style transfer; Oscillators; Production; Virtual reality","","","","","","","","","","","","","","","","","","","","","","","","","","","","","","","","","","","","","","","","","","","","","","",""
"KUJCLBU4","conferencePaper","2025","Nova, Arnaldo Barreto Vila; Vidal, Creto Augusto; Cavalcante-Neto, Joaquim B.; de Oliveira Carneiro, Lílian","Regionality marks for facial conformation modeling","2025 27th symposium on virtual and augmented reality (SVR)","","","10.1109/SVR67689.2025.00030","","","2025","2026-07-17 05:51:57","2026-07-17 05:51:57","","149-155","","","","","","","","","","","","","","","","","","","","","","","","Adaptation models; Anatomy; Character generation; Deformation; face anthropometry; Faces; Facial conformation; Interference; Level measurement; regionality marks; Scalability; Solid modeling; Visualization","","","","","","","","","","","","","","","","","","","","","","","","","","","","","","","","","","","","","","","","","","","","","","",""
"5VIHLZDX","conferencePaper","2025","Benkhalifa, Abdelaziz; Kodad, Mohcine; Chafik, Hajar","Evaluating the effectiveness of smart environment in distance learning: a PLS-SEM approach","2025 international conference on circuit, systems and communication (ICCSC)","","","10.1109/ICCSC66714.2025.11135033","","","2025","2026-07-17 05:51:57","2026-07-17 05:51:57","","1-6","","","","","","","","","","","","","","","","","","","","","","","","Computer aided instruction; Correlation; Digital intelligence; Distance learning; E-learning; Education; Electronic learning; Focusing; Human factors; Mathematical models; PLS-SEM; Smart Environments; Stress","","","","","","","","","","","","","","","","","","","","","","","","","","","","","","","","","","","","","","","","","","","","","","",""
"2YLEXTBM","conferencePaper","2025","Hanai, Shun; Takeuchi, Yuto; Sato, Yushi; Okamoto, Yoshihiro; Iwai, Daisuke; Sato, Kosuke","Haptic augmentation by a wrist mounted device with laser speckle vibration sensing and hand projection","2025 IEEE conference on virtual reality and 3D user interfaces abstracts and workshops (VRW)","","","10.1109/VRW66409.2025.00163","","","2025","2026-07-17 05:51:57","2026-07-17 05:51:57","","802-806","","","","","","","","","","","","","","","","","","","","","","","","Hands; Laser applications; Laser feedback; Laser speckle measurement; Measurement by laser beam; Projected extended hand; Remote touch sensation; Sensors; Sensory addition; Speckle; Vibrations; Visualization; Wearable devices; Wrist","","","","","","","","","","","","","","","","","","","","","","","","","","","","","","","","","","","","","","","","","","","","","","",""
"DZ4SXCCQ","conferencePaper","2025","Zou, Chanjuan","Multimodal diffusion-guided dance generation framework for digital human-based interactive music-driven dance teaching system","2025 international conference on communication, computer, and information technology (IC3IT)","","","10.1109/IC3IT66137.2025.11341585","","","2025","2026-07-17 05:51:57","2026-07-17 05:51:57","","1-6","","","","","","","","","","","","","","","","","","","","","","","","conditional denoising diffusion model; dance teaching system; Diffusion models; Digital humans; Humanities; multimodal diffusion-guided dance generation; Noise reduction; pose transformer network; Real-time systems; Rhythm; skinned multi-person linear; Solid modeling; Synchronization; Transformers; Virtual reality","","","","","","","","","","","","","","","","","","","","","","","","","","","","","","","","","","","","","","","","","","","","","","",""
"SHFV4C6X","conferencePaper","2025","Kim, Hyunuk; Lee, Dajin; Choi, Seungmoon","Enhancing body-penetrating phantom sensations through multisensory integration of sound and vibration","2025 IEEE world haptics conference (WHC)","","","10.1109/WHC64065.2025.11123325","","","2025","2026-07-17 05:51:57","2026-07-17 05:51:57","","332-341","","","","","","","","","","","","","","","","","","","","","","","","audio; body penetration; crossmodal correspondence; funneling illusion; Haptic interfaces; Multisensory integration; multisensory perception; Phantoms; Semantics; sound; Systematics; Tactile phantom sensation; vibration; Vibrations; Virtual environments","","","","","","","","","","","","","","","","","","","","","","","","","","","","","","","","","","","","","","","","","","","","","","",""
"2VCQ84RX","journalArticle","2026","Du, Fangyu; Yang, Yang; Gao, Xuehao; Hou, Hongye; Sun, Chen","Hierarchical diffusion for sparse-to-full human motion reconstruction","IEEE Signal Processing Letters","","","10.1109/LSP.2026.3694693","","","2026","2026-07-17 05:51:57","2026-07-17 05:51:57","","2185-2189","","","33","","","","","","","","","","","","","","","","","","","","","Accuracy; Animation; Computer vision; Computers; Conferences; Design methodology; diffusion models; Diffusion models; Joints; machine learning; Modeling; motion analysis; Noise reduction; Sequences; virtual reality","","","","","","","","","","","","","","","","","","","","","","","","","","","","","","","","","","","","","","","","","","","","","","",""
"QUBNSHMB","conferencePaper","2025","Bahrin, Abdul Syafiq; Sunar, Mohd Shahrizal; Latip, Hadafi Fitri Mohd","Design and evaluation of self-competition virtual reality cycling exergames","2025 international conference on ICT for smart society (ICISS)","","","10.1109/ICISS66954.2025.11389222","","","2025","2026-07-17 05:51:57","2026-07-17 05:51:57","","1-6","","","","","","","","","","","","","","","","","","","","","","","","Aging; Avatars; Benchmark testing; Data collection; engagement; exergaming; Feedforward systems; gamification; Human computer interaction; human-computer interaction; Interviews; motivation; Usability; User experience","","","","","","","","","","","","","","","","","","","","","","","","","","","","","","","","","","","","","","","","","","","","","","",""
"PQX3XXVA","journalArticle","2025","Lei, Long; Hu, Yingbai; Jiang, Zixing; Miao, Juzheng; Luo, Xiao; Zhang, Yu; Wang, Qiong; Wang, Shujun; Li, Zheng; Heng, Pheng-Ann","Toward lung ultrasound automation: Fully autonomous robotic longitudinal and transverse scans along intercostal spaces","IEEE Transactions on Medical Robotics and Bionics","","","10.1109/TMRB.2025.3550663","","","2025","2026-07-17 05:51:57","2026-07-17 05:51:57","","768-781","","2","7","","","","","","","","","","","","","","","","","","","","","Computed tomography; lung ultrasound; Lungs; medical automation; Medical robotics; Medical services; Probes; Ribs; Robot kinematics; Robotic ultrasound system; Robots; Surface morphology; Ultrasonic imaging","","","","","","","","","","","","","","","","","","","","","","","","","","","","","","","","","","","","","","","","","","","","","","",""
"KT83H8X9","conferencePaper","2025","Hagimori, Daiki; Yamada, Yuki; Zukawa, Hiroki","(Not my) self-haptics: Reducing the sense of ownership and agency toward a virtual keypad due to visual misalignment and invisibility of the self-haptic hand","2025 IEEE world haptics conference (WHC)","","","10.1109/WHC64065.2025.11123344","","","2025","2026-07-17 05:51:57","2026-07-17 05:51:57","","280-293","","","","","","","","","","","","","","","","","","","","","","","","Faces; Hands; Haptic interfaces; Haptics; Perception and psychophysics; Psychophysics; Tactile sensors; User experience; User interfaces; Virtual reality; Virtual Reality; Visualization","","","","","","","","","","","","","","","","","","","","","","","","","","","","","","","","","","","","","","","","","","","","","","",""
"53JJ5VMD","conferencePaper","2025","Sunil, K.S.; Harigovind, A.; Jomon, Ancel; Jyothish, K.; Choorakat, Mark","Genemate: a real-time animation of a 3D human model","2025 2nd international conference on trends in engineering systems and technologies (ICTEST)","","","10.1109/ICTEST64710.2025.11042321","","","2025","2026-07-17 05:51:57","2026-07-17 05:51:57","","1-6","","","1","","","","","","","","","","","","","","","","","","","","","3D Modeling; Animation; Education; Engines; MediaPipe; Medical services; Motion capture; Photogrammetry; Real-time Animation; Real-time systems; Rigging; Solid modeling; Three-dimensional displays; Unreal Engine; Virtual reality","","","","","","","","","","","","","","","","","","","","","","","","","","","","","","","","","","","","","","","","","","","","","","",""
"PVIPV95C","conferencePaper","2025","Buffa, Michel; Winckler, Marco; Escobar, Quentin; Demont, Samuel; Hofr, Ayoub; Mir-Sadjadi, Adam","Interactive audio sculpting: Plugin customization and UI affordances in immersive environments","2025 IEEE 6th international symposium on the internet of sounds (IS2)","","","10.1109/IS264627.2025.11284559","","","2025","2026-07-17 05:51:57","2026-07-17 05:51:57","","1-10","","","","","","","","","","","","","","","","","","","","","","","","Collaboration; Collaborative Experiences; CRDT; Graphical user interfaces; Instruments; Internet; Metaverse; Modulation; Musical Metaverse; Source coding; Standards; Three-dimensional displays; Usability; Web Audio Modules; Web Audio Plugins; Web standards; WebMIDI; WebXR WebAudio","","","","","","","","","","","","","","","","","","","","","","","","","","","","","","","","","","","","","","","","","","","","","","",""
"37W7IQQ9","journalArticle","2025","Tanaka, Kiyu; Nakamura, Takuto; Matsumoto, Keigo; Kuzuoka, Hideaki; Narumi, Takuji","Detection thresholds for replay and real-time discrepancies in VR hand redirection","IEEE Transactions on Visualization and Computer Graphics","","","10.1109/TVCG.2025.3549571","","","2025","2026-07-17 05:51:57","2026-07-17 05:51:57","","2767-2775","","5","31","","","","","","","","","","","","","","","","","","","","","detection threshold; Hand redirection; Hands; Haptic interfaces; Medical treatment; Motors; Psychophysics; Real-time systems; replay; Sports; Streaming media; Virtual environments; Visualization","","","","","","","","","","","","","","","","","","","","","","","","","","","","","","","","","","","","","","","","","","","","","","",""
"HPYCYZLP","journalArticle","2025","Forrester, Paul; Kim, Tae Wan","Immersive artificial intelligence and the ethics of virtual experience","Computer","","","10.1109/MC.2025.3572692","","","2025","2026-07-17 05:51:57","2026-07-17 05:51:57","","57-69","","9","58","","","","","","","","","","","","","","","","","","","","","Artificial intelligence; Biometrics; Ethics; Immersive experience; Information integrity; Virtual reality","","","","","","","","","","","","","","","","","","","","","","","","","","","","","","","","","","","","","","","","","","","","","","",""
"ECE79Q65","journalArticle","2025","Liu, Jian; Sun, Wei; Liu, Chongpei; Yang, Hui; Zhang, Xing; Mian, Ajmal","MH6D: Multi-hypothesis consistency learning for category-level 6-D object pose estimation","IEEE Transactions on Neural Networks and Learning Systems","","","10.1109/TNNLS.2024.3360712","","","2025","2026-07-17 05:51:57","2026-07-17 05:51:57","","4820-4833","","3","36","","","","","","","","","","","","","","","","","","","","","Category-level; feature attention; Feature extraction; generalizable 6-D object pose estimation; multi-hypothesis (MH) consistency learning; Point cloud compression; Pose estimation; Shape; Synthetic data; Training; Training data","","","","","","","","","","","","","","","","","","","","","","","","","","","","","","","","","","","","","","","","","","","","","","",""
"P7R3WN8B","journalArticle","2025","Wang, Haoran; Foroutani, Yasamin; Nepo, Matthew; Rodriguez, Mercedes; Ma, Ji; Hubschman, Jean-Pierre; Tsao, Tsu-Chin; Rosen, Jacob","Control modes of teleoperated surgical robotic system’s tools in ophthalmic surgery","IEEE Transactions on Medical Robotics and Bionics","","","10.1109/TMRB.2025.3604102","","","2025","2026-07-17 05:51:57","2026-07-17 05:51:57","","1455-1464","","4","7","","","","","","","","","","","","","","","","","","","","","control mode; Control systems; Input devices; Main-secondary; Manipulators; Medical robotics; Microscopy; ophthalmic surgery; ophthalmic surgical robotic system; ophthalmology; Ophthalmology; Retina; Robot kinematics; scaling factor; Surgery; surgical robotics; teleoperation; Teleoperators; Virtual reality; Virtual reality simulation","","","","","","","","","","","","","","","","","","","","","","","","","","","","","","","","","","","","","","","","","","","","","","",""
"K4FF3CUZ","conferencePaper","2026","Kalenberg, Matthias; Heine, Michael; Ghanate, Samarth; Hofmann, Christian; Walter, Jonas; Franke, Jörg; Fürst, Jens","Social force-based proxemics for mutual and comfortable navigation of an intelligent wheelchair","2026 IEEE international conference on advanced robotics and its social impacts (ARSO)","","","10.1109/ARSO68304.2026.11536118","","","2026","2026-07-17 05:51:57","2026-07-17 05:51:57","","1-6","","","","","","","","","","","","","","","","","","","","","","","","Conferences; Distance measurement; Equations; Force; Modeling; Navigation; Pedestrians; Printing; Robots; Trajectory","","","","","","","","","","","","","","","","","","","","","","","","","","","","","","","","","","","","","","","","","","","","","","",""
"8LRZWVZ3","journalArticle","2025","Diao, Yuanbin; Su, Yu-Sheng","Exploring the impact of the metaverse on promoting students’ access to quality education: a meta-analysis","IEEE Transactions on Learning Technologies","","","10.1109/TLT.2025.3550714","","","2025","2026-07-17 05:51:57","2026-07-17 05:51:57","","321-334","","","18","","","","","","","","","","","","","","","","","","","","","Artificial intelligence; Laboratories; Meta-analysis; Metaverse; Mixed reality; Prototypes; quality education; sustainable development; Technological innovation; Thermodynamics; Training; Transforms; Vocabulary","","","","","","","","","","","","","","","","","","","","","","","","","","","","","","","","","","","","","","","","","","","","","","",""
"3LPAEI98","conferencePaper","2026","Mutlu, Sinan; Angelis, Georgios F.; Ozkan, Savas; Wisbey, Paul; Drosou, Anastasios; Ozay, Mete","Mem-MLP: Real-time 3D human motion generation from sparse inputs","2026 IEEE/CVF winter conference on applications of computer vision (WACV)","","","10.1109/WACV61042.2026.00805","","","2026","2026-07-17 05:51:57","2026-07-17 05:51:57","","8343-8352","","","","","","","","","","","","","","","","","","","","","","","","3d human pose estimation; auto-regressive; Avatars; Communication systems; Graphical user interfaces; Local area networks; Mobile handsets; multi-task learning; Passive optical networks; Radio access networks; Regional area networks; Video games; Videos; vqvae","","","","","","","","","","","","","","","","","","","","","","","","","","","","","","","","","","","","","","","","","","","","","","",""
"25XLLG8F","conferencePaper","2025","Kareer, Simar; Patel, Dhruv; Punamiya, Ryan; Mathur, Pranay; Cheng, Shuo; Wang, Chen; Hoffman, Judy; Xu, Danfei","EgoMimic: Scaling imitation learning via egocentric video","2025 IEEE international conference on robotics and automation (ICRA)","","","10.1109/ICRA55743.2025.11127989","","","2025","2026-07-17 05:51:57","2026-07-17 05:51:57","","13226-13233","","","","","","","","","","","","","","","","","","","","","","","","Glass; Hands; Imitation learning; Kinematics; Manipulators; Market research; Robots; Soft sensors; Three-dimensional displays; Videos","","","","","","","","","","","","","","","","","","","","","","","","","","","","","","","","","","","","","","","","","","","","","","",""
"USJ852Y4","journalArticle","2026","Zhou, Qiushi; Soto, Jean Paul Vera; Bai, Zhongyi; Parent, Mark; Todi, Kashyap; Jonker, Tanya R.; Velloso, Eduardo","A probabilistic approach to understanding user preferences for adaptive placement of AR interfaces in different physical environments","IEEE Transactions on Visualization and Computer Graphics","","","10.1109/TVCG.2026.3667949","","","2026","2026-07-17 05:51:57","2026-07-17 05:51:57","","5483-5500","","7","32","","","","","","","","","","","","","","","","","","","","","Adaptation models; adaptive interface; Adaptive systems; augmented reality; Clutter; Crowdsourcing; Extended reality; Headphones; Layout; Optimization; Probabilistic logic; User preference; Visualization","","","","","","","","","","","","","","","","","","","","","","","","","","","","","","","","","","","","","","","","","","","","","","",""
"5FR6TUBH","conferencePaper","2026","Wang, Duo; Ni, Jianwei; Zhou, Yuhan; Ding, Weiyu; Song, Wenxuan; Jamison, Shandra; Yao, Mike; Cao, Caroline","SpatialTutor: Object-aware mixed reality training for procedural medical skills training with AI-driven support","2026 IEEE international conference on artificial intelligence and eXtended and virtual reality (AIxVR)","","","10.1109/AIxVR67263.2026.00016","","","2026","2026-07-17 05:51:57","2026-07-17 05:51:57","","57-66","","","","","","","","","","","","","","","","","","","","","","","","Interaction Design; Large Language Model; Large language models; Medical Simulation; Mixed reality; Mixed Reality; Procedural Skills Training; Real-time systems; Solid modeling; Spatial Interface; Systems support; Three-dimensional displays; Training; Transforms; Usability; Virtual reality","","","","","","","","","","","","","","","","","","","","","","","","","","","","","","","","","","","","","","","","","","","","","","",""
"IIAR3VFA","conferencePaper","2026","Ms.K.Arthi; P, Deva Dharshini; G, Harini; M, Muthu Aiswarya; K, Vasundhara","TrustFit: Uncertainty-aware explainable virtual TryOn system for online apparel shopping","2026 6th international conference on pervasive computing and social networking (ICPCSN)","","","10.1109/ICPCSN68523.2026.11543600","","","2026","2026-07-17 05:51:57","2026-07-17 05:51:57","","958-963","","","","","","","","","","","","","","","","","","","","","","","","Accuracy; Artificial intelligence; Clothing; E-commerce personalization; Explainable AI; Fabrics; Feed in tariff; Fit prediction reliability; Fitting; Modeling; Pressure-based heatmaps; Printing; Uncertainty; Uncertainty-aware systems; Virtual Try-On (VTON); Visualization","","","","","","","","","","","","","","","","","","","","","","","","","","","","","","","","","","","","","","","","","","","","","","",""
"F9QZB6NV","conferencePaper","2025","Deshmukh, Kiran; Madhavi, Bhavesh; Patil, Soham; Bokare, Parag; Karande, Shubham","StyleXR: a virtual try-on","2025 international conference on applications of machine intelligence and data analytics (ICAMIDA)","","","10.1109/ICAMIDA64673.2025.11209719","","","2025","2026-07-17 05:51:57","2026-07-17 05:51:57","","1-5","","","","","","","","","","","","","","","","","","","","","","","","Clothing; computer vision; Computer vision; CP-VITON; deep learning; Deep learning; Electronic commerce; Fitting; generative adversarial network (GAN); Generative adversarial networks; Hands; high-resolution rendering; implicit warping; online shopping experience; pose estimation; Rendering (computer graphics); semantic segmentation; Semantic segmentation; Synthetic data; Virtual try-on","","","","","","","","","","","","","","","","","","","","","","","","","","","","","","","","","","","","","","","","","","","","","","",""
"G6TYZV7A","journalArticle","2026","Rekik, Rim; Wuhrer, Stefanie; Hoyet, Ludovic; Zibrek, Katja; Olivier, Anne-Hélène","Quality assessment of 3D human animation: Subjective and objective evaluation","IEEE Transactions on Visualization and Computer Graphics","","","10.1109/TVCG.2025.3631385","","","2026","2026-07-17 05:51:57","2026-07-17 05:51:57","","1780-1792","","2","32","","","","","","","","","","","","","","","","","","","","","3D digital human evaluation; Animation; Correlation; Distortion; Distortion measurement; Geometry; Human animation; Measurement; Neural networks; quality assessment; Quality assessment; Three-dimensional displays; Training","","","","","","","","","","","","","","","","","","","","","","","","","","","","","","","","","","","","","","","","","","","","","","",""
"K5UK5IXX","conferencePaper","2025","Gao, Yunlong; Wang, Yongjuan; Kang, Jinyu; Chen, Shida; Hu, Cancan; Lu, Xingyu","Firing methods for firing robots based on supervised learning and model predictive control","2025 3rd international conference on control and robot technology (ICCRT)","","","10.1109/ICCRT63554.2025.11072801","","","2025","2026-07-17 05:51:57","2026-07-17 05:51:57","","37-43","","","","","","","","","","","","","","","","","","","","","","","","Accuracy; Estimation; Firing; firing accuracy; firing robot; Humanoid robots; image sorve control; model predictive control; Prediction algorithms; Predictive control; Servosystems; supervised learning; Supervised learning; Target tracking; Trajectory","","","","","","","","","","","","","","","","","","","","","","","","","","","","","","","","","","","","","","","","","","","","","","",""
"A76S5P5Y","journalArticle","2025","Friedel, Marcus K. E.; McKendrick, Zachary; Sharlin, Ehud; Suzuki, Ryo","PantographHaptics: a technique for large-surface passive haptic interactions using pantograph mechanisms","IEEE Transactions on Visualization and Computer Graphics","","","10.1109/TVCG.2025.3549869","","","2025","2026-07-17 05:51:57","2026-07-17 05:51:57","","2736-2745","","5","31","","","","","","","","","","","","","","","","","","","","","Couplings; force feedback; Force feedback; Hands; haptic interfaces; Haptic interfaces; Manipulators; Motors; passive mechanisms; Prototypes; Rendering (computer graphics); Robots; Three-dimensional displays; Virtual reality","","","","","","","","","","","","","","","","","","","","","","","","","","","","","","","","","","","","","","","","","","","","","","",""
"NJ42BZUV","conferencePaper","2025","Wu, Jiacheng; Zhang, Ruiqi; Chen, Jie; Zhang, Hui","Fast and physically-based neural explicit surface for relightable human avatars","2025 IEEE international conference on multimedia and expo (ICME)","","","10.1109/ICME59968.2025.11210133","","","2025","2026-07-17 05:51:57","2026-07-17 05:51:57","","1-6","","","","","","","","","","","","","","","","","","","","","","","","Avatars; Geometry; Lighting; Memory efficiency; Memory management; Physical Human Avatar Reconstruction; Physically-based Rendering; Real-time; Real-time systems; Reflectivity; Rendering (computer graphics); Shape; Surface reconstruction; Videos","","","","","","","","","","","","","","","","","","","","","","","","","","","","","","","","","","","","","","","","","","","","","","",""
"JRUAFCSV","journalArticle","2026","","IEEE draft recommended practice for evaluating artificial intelligence generated content","IEEE P3376/D5, April 2026","","","","","","2026","2026-07-17 05:51:57","2026-07-17 05:51:57","","1-52","","","","","","","","","","","","","","","","","","","","","","","","Artificial intelligence; artificial intelligence generated content; Content management; evaluation metrics; Generative AI; generative artificial intelligence; IEEE 3376; IEEE Standards; Performance evaluation","","","","","","","","","","","","","","","","","","","","","","","","","","","","","","","","","","","","","","","","","","","","","","",""
"9UR72YZ7","conferencePaper","2026","Fu, Biying; Weier, Martin","Zero-shot and foundation model performance on face emotion recognition for avatars in XR – challenges, limitations, and potentials","2026 IEEE conference on virtual reality and 3D user interfaces abstracts and workshops (VRW)","","","10.1109/VRW70859.2026.00092","","","2026","2026-07-17 05:51:57","2026-07-17 05:51:57","","482-488","","","","","","","","","","","","","","","","","","","","","","","","Avatars; Digital humans; face emotion recognition on digital avatars; foundation models on emotion recognition; Frequency modulation; Graphical user interfaces; HTTP; Network resource management; Protocols; Radio broadcasting; Video equipment; Videos; zero-shot model on emotion recognition","","","","","","","","","","","","","","","","","","","","","","","","","","","","","","","","","","","","","","","","","","","","","","",""
"WTQGZT3G","journalArticle","2026","Cheng, Haojie; Liu, Chang; Kanneganti, Abhiram; Choolani, Mahesh Arjandas; Gosavi, Arundhati Tushar; Khoo, Eng Tat","A mixed reality system for robust manikin localization in childbirth training","IEEE Transactions on Visualization and Computer Graphics","","","10.1109/TVCG.2026.3680576","","","2026","2026-07-17 05:51:57","2026-07-17 05:51:57","","3956-3966","","5","32","","","","","","","","","","","","","","","","","","","","","Childbirth training; Circuits; Circuits and systems; Contacts; Feedback; Filtering; Filters; Flexible printed circuits; Frequency modulation; Head-mounted displays; Low-pass filters; Manikin localization; Mixed reality; Radio broadcasting; Real-time tracking","","","","","","","","","","","","","","","","","","","","","","","","","","","","","","","","","","","","","","","","","","","","","","",""
"H8F7PK9A","conferencePaper","2025","Fukatsu, Haru; Peng, Yanhong; Funabora, Yuki; Doki, Shinji","Funabot-suit for upper body: McKibben actuated-suit inducing seven kinesthetic perceptions in elbow, shoulder, and trunk","2025 IEEE international conference on systems, man, and cybernetics (SMC)","","","10.1109/SMC58881.2025.11342743","","","2025","2026-07-17 05:51:57","2026-07-17 05:51:57","","3719-3726","","","","","","","","","","","","","","","","","","","","","","","","Artificial muscles; Clothing; Cybernetics; Deformation; Design methodology; Elbow; Haptic interfaces; Human-robot interaction; Muscles; Wearable devices","","","","","","","","","","","","","","","","","","","","","","","","","","","","","","","","","","","","","","","","","","","","","","",""
"LQZNPELV","conferencePaper","2025","Poojary, Nisha P; G M, Harshitha","Tailors touch - AI-powered virtual try-on and custom tailoring platform","2025 9th international conference on computational system and information technology for sustainable solutions (CSITSS)","","","10.1109/CSITSS67709.2025.11294677","","","2025","2026-07-17 05:51:57","2026-07-17 05:51:57","","1-6","","","","","","","","","","","","","","","","","","","","","","","","Accuracy; AI in fashion; Artificial intelligence; BodyPix; Clothing; Computational modeling; Fitting; Human pose detection; Software; Sustainable development; Tailoring; Three-dimensional displays; Virtual try-on; Visualization; Webcams","","","","","","","","","","","","","","","","","","","","","","","","","","","","","","","","","","","","","","","","","","","","","","",""
"XQH7Y6BM","conferencePaper","2025","Tunc, Mustafa; Demirel, Doga; Kockara, Sinan; Halic, Tansel","Crack-free multi-resolution dynamic volume refinement for physics-based bone drilling and shaving in arthroscopic procedures","2025 IEEE conference on virtual reality and 3D user interfaces abstracts and workshops (VRW)","","","10.1109/VRW66409.2025.00141","","","2025","2026-07-17 05:51:58","2026-07-17 05:51:58","","695-702","","","","","","","","","","","","","","","","","","","","","","","","Arthroscopic Rotator Cuff; Arthroscopy; Bones; Drilling; Dynamic Voxelization; Dynamics; Force feedback; Portals; Real-time Bone Drilling Simulation; Real-time systems; Rendering (computer graphics); Surgery; Surgery Simulator; Virtual reality; Visualization; Voxels","","","","","","","","","","","","","","","","","","","","","","","","","","","","","","","","","","","","","","","","","","","","","","",""
"T7656A6B","conferencePaper","2025","Figueira, Guilherme R.; Nóbrega, Rui","Towards augmented XR movement and interaction confidence across substitutional reality","2025 international conference on graphics and interaction (ICGI)","","","10.1109/ICGI68463.2025.11302724","","","2025","2026-07-17 05:51:58","2026-07-17 05:51:58","","1-8","","","","","","","","","","","","","","","","","","","","","","","","Augmented reality; Graphics; Headphones; Mixed reality; User experience; Videos; Virtual environments","","","","","","","","","","","","","","","","","","","","","","","","","","","","","","","","","","","","","","","","","","","","","","",""
"ZFCCSGU7","journalArticle","2026","Günter, Clara; Liu, Yiming; Leib, Raz; Franklin, David W.","Natural grasping in virtual worlds: Validation of a haptic setup for human object manipulation","IEEE Transactions on Haptics","","","10.1109/TOH.2025.3642547","","","2026","2026-07-17 05:51:58","2026-07-17 05:51:58","","2-13","","1","19","","","","","","","","","","","","","","","","","","","","","Fingers; Force; Force feedback; Grasping; grip force modulation; Hands; human sensorimotor control; human-robot physical interaction; object manipulation; Robot sensing systems; Robots; Thumb; virtual environment; Virtual environments; Visualization","","","","","","","","","","","","","","","","","","","","","","","","","","","","","","","","","","","","","","","","","","","","","","",""
"XYCUMP98","conferencePaper","2026","Matouq, Jumana; Joudeh, Yara; Hamzeh, Zaina; Hamdona, Raneem; AL-bawaneh, Sadeen; Jbarah, Mira","Gamified real-time biofeedback for pulmonary rehabilitation","2026 1st international conference on emerging technologies and engineering systems (ICETES)","","","10.1109/ICETES68504.2026.11518716","","","2026","2026-07-17 05:51:58","2026-07-17 05:51:58","","272-275","","","","","","","","","","","","","","","","","","","","","","","","Biological control systems; Birds; Calibration; Distance measurement; Fluid flow; game rehabilitation; Games; Image sensors; incentive spirometry; Measurement; pulmonary health; Real-time systems; Respiratory rehabilitation; SDG 3; Timing","","","","","","","","","","","","","","","","","","","","","","","","","","","","","","","","","","","","","","","","","","","","","","",""
"8VS2HGDL","conferencePaper","2025","Fan, Congyi; Guan, Jian; Zhao, Xuanjia; Xu, Dongli; Lin, Youtian; Ye, Tong; Feng, Pengming; Pan, Haiwei","Align your rhythm: Generating highly aligned dance poses with gating-enhanced rhythm-aware feature representation","2025 IEEE/CVF international conference on computer vision (ICCV)","","","10.1109/ICCV51701.2025.01226","","","2025","2026-07-17 05:51:58","2026-07-17 05:51:58","","13193-13202","","","","","","","","","","","","","","","","","","","","","","","","Broadcasting; Communication systems; Filtering; Filters; Graphical user interfaces; Motion pictures; Protocols; Radio access networks; Regional area networks; Videos","","","","","","","","","","","","","","","","","","","","","","","","","","","","","","","","","","","","","","","","","","","","","","",""
"ECHUP5SA","conferencePaper","2025","Rosenberg-Munoz, Daniel","The five spatial elements: a framework for spatial interactions in MR","2025 IEEE international symposium on mixed and augmented reality adjunct (ISMAR-adjunct)","","","10.1109/ISMAR-Adjunct68609.2025.00029","","","2025","2026-07-17 05:51:58","2026-07-17 05:51:58","","120-126","","","","","","","","","","","","","","","","","","","","","","","","Dynamics; Immersive Environments; Media; Mixed reality; Proxemics; Spatial augmented reality; Spatial Augmented Reality; Spatial Interactions; Testing; Three-dimensional displays; Tracking; Virtual reality; Visualization; Vocabulary","","","","","","","","","","","","","","","","","","","","","","","","","","","","","","","","","","","","","","","","","","","","","","",""
"RDA3YPZF","journalArticle","2026","Chen, Pingping; Hu, Xiaopeng; Jiang, Biao; Zhu, Yaosheng; Jiang, Mengxi","Surface-aligned 3-D human shape estimation via gaussian curvature structure learning","IEEE Sensors Journal","","","10.1109/JSEN.2025.3624143","","","2026","2026-07-17 05:51:58","2026-07-17 05:51:58","","570-580","","1","26","","","","","","","","","","","","","","","","","","","","","3-D human shape estimation; Estimation; Gaussian curvature; Gaussian processes; Image capture; Image reconstruction; Intelligent sensors; monocular image; Optimization; Sensors; Shape measureent; Solid modeling; Surface reconstruction; surface structure constraints; texture details; Three-dimensional displays; Training","","","","","","","","","","","","","","","","","","","","","","","","","","","","","","","","","","","","","","","","","","","","","","",""
"A2CP2T9Y","journalArticle","2025","Chen, Tianyi; Fu, Hongxin; Wang, Hao; Huang, Yan; Wu, Si; Xu, Yong; Wu, Dapeng","3DMM-GAN: Multi-modal alignment with adversarial learning for compositional 3D human image synthesis","IEEE Transactions on Emerging Topics in Computational Intelligence","","","10.1109/TETCI.2025.3607392","","","2025","2026-07-17 05:51:58","2026-07-17 05:51:58","","3951-3963","","6","9","","","","","","","","","","","","","","","","","","","","","3D-aware GAN; Accuracy; adversarial learning; Adversarial machine learning; Generative adversarial networks; Generators; Geometry; Histograms; human image synthesis; Human image synthesis; Image color analysis; multi-modal alignment; Semantics; Three-dimensional displays","","","","","","","","","","","","","","","","","","","","","","","","","","","","","","","","","","","","","","","","","","","","","","",""
"79GEX6RY","conferencePaper","2026","Khan, Md Wahiduzzaman; Jia, Mingshan; Zhang, Xiaolin; Yu, En; Shan, Caifeng; Musial-Gabrys, Kaska","InstaFace: Identity-preserving facial editing with single image inference","2026 IEEE 20th international conference on automatic face and gesture recognition (FG)","","","10.1109/FG67764.2026.11556929","","","2026","2026-07-17 05:51:58","2026-07-17 05:51:58","","1-10","","","","","","","","","","","","","","","","","","","","","","","","Computer vision; Computers; Conferences; Faces; Lighting; Modeling; Noise reduction; Pattern recognition; Printing; Training","","","","","","","","","","","","","","","","","","","","","","","","","","","","","","","","","","","","","","","","","","","","","","",""
"4MPJIGE9","conferencePaper","2025","Thuong, Le Cong; Phuong Le, Thu; Dang, Minh Hang; Tung Ha, Son; Le, Thanh Ha","HySUP: Seam-aware hand-body fusion for accurate whole-body 3-D reconstruction from a single image","2025 international conference on multimedia analysis and pattern recognition (MAPR)","","","10.1109/MAPR67746.2025.11133973","","","2025","2026-07-17 05:51:58","2026-07-17 05:51:58","","1-5","","","","","","","","","","","","","","","","","","","","","","","","3-D reconstruction; Accuracy; Computational modeling; Expressive human pose estimation; Hands; hybrid models; optimization; Pose estimation; Shape; SMPL-X; Solid modeling; Telepresence; Three-dimensional displays; Transforms; Wrist","","","","","","","","","","","","","","","","","","","","","","","","","","","","","","","","","","","","","","","","","","","","","","",""
"X7KWFSRQ","conferencePaper","2025","Scofano, Luca; Sampieri, Alessio; De Matteis, Edoardo; Spinelli, Indro; Galasso, Fabio","Social EgoMesh estimation","2025 IEEE/CVF winter conference on applications of computer vision (WACV)","","","10.1109/WACV61041.2025.00580","","","2025","2026-07-17 05:51:58","2026-07-17 05:51:58","","5948-5958","","","","","","","","","","","","","","","","","","","","","","","","Behavioral sciences; Cameras; Computer vision; Diffusion models; egocentric view; generative ai; human mesh recovery; Location awareness; Pose estimation; Probabilistic logic; Solid modeling; Three-dimensional displays; Video sequences","","","","","","","","","","","","","","","","","","","","","","","","","","","","","","","","","","","","","","","","","","","","","","",""
"9ANVVV8X","conferencePaper","2026","Zubekhin, Anton; Zhu, Heming; Gotardo, Paulo; Beeler, Thabo; Habermann, Marc; Theobalt, Christian","GIGA: Generalizable sparse image-driven gaussian humans","2026 international conference on 3D vision (3DV)","","","10.1109/3DV69130.2026.00086","","","2026","2026-07-17 05:51:58","2026-07-17 05:51:58","","849-859","","","","","","","","","","","","","","","","","","","","","","","","Avatars; Computer vision; Computers; Conferences; freeview rendering; generalizable; Learning (artificial intelligence); Modeling; novel view synthesis; Printing; Rendering (computer graphics); Timing; Training; virtual humans","","","","","","","","","","","","","","","","","","","","","","","","","","","","","","","","","","","","","","","","","","","","","","",""
"CRCEDTN9","journalArticle","2025","Zedda, A.; Caruso, M.; Bertuletti, S.; Baldazzi, G.; Sedda, G.; Spanu, A.; Riboni, D.; Pibiri, A.; Monticone, M.; Cereatti, A.; Pani, D.","A user-friendly wearable telerehabilitation system based on neuromotor training for mild post-stroke patients: The DoMoMEA system","IEEE access : practical innovations, open solutions","","","10.1109/ACCESS.2025.3587614","","","2025","2026-07-17 05:51:58","2026-07-17 05:51:58","","122900-122913","","","13","","IEEE Access","","","","","","","","","","","","","","","","","","","Iron; Magnetic sensors; Motors; Neuromotor recovery; Real-time systems; Sensor systems; Sensors; stroke; Stroke (medical condition); Substrates; telemedicine; Telemedicine; telerehabilitation; Training; wearable system","","","","","","","","","","","","","","","","","","","","","","","","","","","","","","","","","","","","","","","","","","","","","","",""
"AWSFHPGU","conferencePaper","2025","Dridi, Imane; Bouguetitiche, Amina; Cherif, Foudil","Individuality within crowd: Distinctive features to ensure a diverse crowd appearance","2025 international symposium on iNnovative informatics of biskra (ISNIB)","","","10.1109/ISNIB64820.2025.10983343","","","2025","2026-07-17 05:51:58","2026-07-17 05:51:58","","1-6","","","","","","","","","","","","","","","","","","","","","","","","accessories; Adaptation models; Animation; appearance; clothes; Clothing; color; Color; crowd realism; hair; Hair; Informatics; Shape; Skin; texture; variety; Virtual environments; visual quality; Visualization","","","","","","","","","","","","","","","","","","","","","","","","","","","","","","","","","","","","","","","","","","","","","","",""
"NFLHW4G6","journalArticle","2025","Miyake, Tamon; Al-Sada, Mohammed; Iskandar, Abdullah; Itano, Shunya; Kamezaki, Mitsuhiro; Nakajima, Tatsuo; Sugano, Shigeki","Development and evaluation of a treadmill-based video-see-through and optical-see-through mixed reality systems for obstacle negotiation training","IEEE Transactions on Visualization and Computer Graphics","","","10.1109/TVCG.2024.3424206","","","2025","2026-07-17 05:51:58","2026-07-17 05:51:58","","4953-4967","","9","31","","","","","","","","","","","","","","","","","","","","","Belts; Foot; Gait assessment; Legged locomotion; mixed reality; obstacle negotiation; Resists; Training; Virtual environments; Visualization","","","","","","","","","","","","","","","","","","","","","","","","","","","","","","","","","","","","","","","","","","","","","","",""
"UMV8A2GA","journalArticle","2026","Hagimori, Daiki; Yamada, Yuki; Zukawa, Hiroki","Reconciling reduced the sense of ownership and agency toward a virtual keypad with enhanced haptic experience using visually adjusted self-haptics for key-input interaction","IEEE Transactions on Haptics","","","10.1109/TOH.2026.3710603","","","2026","2026-07-17 05:51:58","2026-07-17 05:51:58","","1-13","","","","","","","","","","","","","","","","","","","","","","","","Conferences; Displays; Hands; Haptic interfaces; Haptics; Perception; Presses; Pressing; Semiconductor optical amplifiers; Service-oriented architecture; Tactile sensors; Virtual Reality; Visualization","","","","","","","","","","","","","","","","","","","","","","","","","","","","","","","","","","","","","","","","","","","","","","",""
"UGHAFYG4","conferencePaper","2025","Ling, Hsieh I; Yuan, Chiu Fu","A study on the Expected State of Mind of elementary school children participating in MR virtual hands-on experiments","2025 international conference on education technology and computers (ICETC)","","","10.1109/ICETC66579.2025.11387465","","","2025","2026-07-17 05:51:58","2026-07-17 05:51:58","","74-79","","","","","","","","","","","","","","","","","","","","","","","","Computers; Data analysis; Education; Expected State of Mind; Mixed reality; MR; Regression analysis; Reliability; Technological innovation; virtual hands-on experiments; Virtual reality","","","","","","","","","","","","","","","","","","","","","","","","","","","","","","","","","","","","","","","","","","","","","","",""
"HEVK64W9","conferencePaper","2025","Ebrahimi, Arghavan Nova; Ramaprasad, Harini","Successful practices for avatars in virtual world learning: Perspectives from experienced educators","2025 IEEE digital education and MOOCS conference (democon)","","","10.1109/DEMOcon65705.2025.11282660","","","2025","2026-07-17 05:51:58","2026-07-17 05:51:58","","1-7","","","","","","","","","","","","","","","","","","","","","","","","Affordances; Avatars; Buildings; Collaboration; Computer aided instruction; Desktop Virtual Worlds; Digital Education; Digital Identity; Distance measurement; Educational Technology; Electronic learning; Embodied Learning; Guidelines; Interaction Design; Interviews; Second Life; Signifiers; Virtual Learning Environments; VWEC","","","","","","","","","","","","","","","","","","","","","","","","","","","","","","","","","","","","","","","","","","","","","","",""
"IWKLYNJ3","conferencePaper","2026","Nemoto, Kotaro; Sasaki, Takeshi","Handwritten input using a palm as a writing medium in MR environments","2026 IEEE/SICE international symposium on system integration (SII)","","","10.1109/SII64115.2026.11404593","","","2026","2026-07-17 05:51:58","2026-07-17 05:51:58","","1180-1185","","","","","","","","","","","","","","","","","","","","","","","","Keyboards; Mixed reality; Prototypes; System integration; Tactile sensors; Tracking; Usability; Virtual reality; Visualization; Writing","","","","","","","","","","","","","","","","","","","","","","","","","","","","","","","","","","","","","","","","","","","","","","",""
"GUQIAWIT","journalArticle","2025","Hor, Kunthroza; Sung, Nak-Jun; Ma, Jun; Choi, Min-Hyung; Hong, Min","A fast parallel processing algorithm for triangle collision detection based on AABB and octree space slicing in Unity3D","IEEE access : practical innovations, open solutions","","","10.1109/ACCESS.2024.3525025","","","2025","2026-07-17 05:51:58","2026-07-17 05:51:58","","4759-4773","","","13","","IEEE Access","","","","","","","","","","","","","","","","","","","Collision avoidance; Collision detection; Computational modeling; compute shader; GPU parallel processing; Graphics processing units; octree; Octrees; Parallel processing; Partitioning algorithms; Rendering (computer graphics); Solid modeling; space slicing; spatial division; Three-dimensional displays; Unity3D; Virtual environments","","","","","","","","","","","","","","","","","","","","","","","","","","","","","","","","","","","","","","","","","","","","","","",""
"M7L5B2AA","journalArticle","2025","Zhan, Youyi; Shao, Tianjia; Wang, He; Yang, Yin; Zhou, Kun","Interactive rendering of relightable and animatable gaussian avatars","IEEE Transactions on Visualization and Computer Graphics","","","10.1109/TVCG.2025.3569923","","","2025","2026-07-17 05:51:58","2026-07-17 05:51:58","","8491-8502","","10","31","","","","","","","","","","","","","","","","","","","","","animation; Avatars; Gaussian splatting; human reconstruction; Image color analysis; Image reconstruction; Lighting; Material properties; Neural radiance field; Relighting; Rendering (computer graphics); Solid modeling; Training; Videos","","","","","","","","","","","","","","","","","","","","","","","","","","","","","","","","","","","","","","","","","","","","","","",""
"GMWCAKPM","journalArticle","2025","Song, Guoli; Li, Andi; Ying, Yuhan; Zhao, Yiwen; Zhao, Xingang; Zhang, Lei","Development and evaluation of an automated computational approach for the precise placement of pedicle screws in spinal surgery leveraging three-dimensional point cloud registration methods","IEEE Transactions on Automation Science and Engineering","","","10.1109/TASE.2025.3593231","","","2025","2026-07-17 05:51:58","2026-07-17 05:51:58","","19606-19618","","","22","","","","","","","","","","","","","","","","","","","","","3D point clouds segmentation; Accuracy; Computed tomography; Fasteners; Image segmentation; improved Super4PCS; Magnetic resonance imaging; Planning; Point cloud compression; PointNet++ & Siamese; registration-based planning; Surgery; Trajectory","","","","","","","","","","","","","","","","","","","","","","","","","","","","","","","","","","","","","","","","","","","","","","",""
"F8WATN8M","conferencePaper","2026","Zhang, Jiefeng; Li, Helong; Zhu, Guangze; Hong, Nan; Hua, Sheng; Tan, Zhouyang; Li, Boming; Chen, Li","Collision early warning technology of transformer bushing lifting based on BIM","2026 5th international conference on smart grid and green energy (ICSGGE)","","","10.1109/ICSGGE69348.2026.11508378","","","2026","2026-07-17 05:51:58","2026-07-17 05:51:58","","291-296","","","","","","","","","","","","","","","","","","","","","","","","BIM; Building information management; collision detection; Construction; Engines; Lifting equipment; Modeling; Optimization; physical engine; Printing; Simulation; Technology; transformer hoisting; Transformers","","","","","","","","","","","","","","","","","","","","","","","","","","","","","","","","","","","","","","","","","","","","","","",""
"IDBY8VIR","conferencePaper","2025","Ito, Takato; Tanabe, Takeshi; Hasegawa, Shoichi; Ienaga, Naoto; Kuroda, Yoshihiro","Fundamental investigation of warmth motion illusion induced by pulling illusion","2025 IEEE world haptics conference (WHC)","","","10.1109/WHC64065.2025.11123218","","","2025","2026-07-17 05:51:58","2026-07-17 05:51:58","","592-599","","","","","","","","","","","","","","","","","","","","","","","","body scheme; Design methodology; Haptic interfaces; Heating systems; Immersive experience; non-contact thermal display; pulling illusion; virtual reality; Visualization","","","","","","","","","","","","","","","","","","","","","","","","","","","","","","","","","","","","","","","","","","","","","","",""
"YRYDVH5S","conferencePaper","2025","Lehocki, Fedor; Dudasko, Stefan; Vrins, Anita; Tirpakova, Veronika; Discantini, Imrish; Putekova, Silvia; Alimardani, Maryam","To physically embody or not? A comparison of virtual vs. physical robots as exercise coaches for older adults","2025 34th IEEE international conference on robot and human interactive communication (RO-MAN)","","","10.1109/RO-MAN63969.2025.11217653","","","2025","2026-07-17 05:51:58","2026-07-17 05:51:58","","2340-2345","","","","","","","","","","","","","","","","","","","","","","","","Anxiety disorders; Assistive technologies; Older adults; Social intelligence; Social robots; Usability","","","","","","","","","","","","","","","","","","","","","","","","","","","","","","","","","","","","","","","","","","","","","","",""
"9K5BKMIX","journalArticle","2025","Lee, Dajin; Choi, Seungmoon","Perceptual alignment of spatial auditory and tactile stimuli for effective directional cueing","IEEE Transactions on Visualization and Computer Graphics","","","10.1109/TVCG.2025.3549128","","","2025","2026-07-17 05:51:58","2026-07-17 05:51:58","","2589-2599","","5","31","","","","","","","","","","","","","","","","","","","","","Accuracy; Actuators; Audio-Tactile; Avoidance; Azimuth; Crossmodal Congruence; Ear; Hazards; Location awareness; Multisensory integration; Multisensory Integration; Spatial audio; Spatial Audio; Tactile Cueing; Training; Visualization","","","","","","","","","","","","","","","","","","","","","","","","","","","","","","","","","","","","","","","","","","","","","","",""
"6EPV7XUC","conferencePaper","2025","Akada, Hiroyasu; Wang, Jian; Golyanik, Vladislav; Theobalt, Christian","Bring your rear cameras for egocentric 3D human pose estimation","2025 IEEE/CVF international conference on computer vision (ICCV)","","","10.1109/ICCV51701.2025.00886","","","2025","2026-07-17 05:51:58","2026-07-17 05:51:58","","9497-9507","","","","","","","","","","","","","","","","","","","","","","","","Antennas; Avatars; egocentric 3d human pose estimation; Feeds; Graphical user interfaces; Location awareness; Pixel; Protocols; synthetic data; Ultra wideband technology; Video equipment; Videos","","","","","","","","","","","","","","","","","","","","","","","","","","","","","","","","","","","","","","","","","","","","","","",""
"EMX8PYFH","journalArticle","2025","Pabst, Michael; Rudolph, Linda; Brasch, Nikolas; Biener, Verena; Eghtebas, Chloe; Eck, Ulrich; Schmalstieg, Dieter; Klinker, Gudrun","MRUnion: Asymmetric task-aware 3D mutual scene generation of dissimilar spaces for mixed reality telepresence","IEEE Transactions on Visualization and Computer Graphics","","","10.1109/TVCG.2025.3549878","","","2025","2026-07-17 05:51:58","2026-07-17 05:51:58","","3354-3364","","5","31","","","","","","","","","","","","","","","","","","","","","Avatars; Collaboration; Data mining; Layout; mixed reality; Mixed reality; mutual space; Pipelines; Semantics; telepresence; Telepresence; Three-dimensional displays; Virtual reality","","","","","","","","","","","","","","","","","","","","","","","","","","","","","","","","","","","","","","","","","","","","","","",""
"YYS9QA74","conferencePaper","2025","Thomas, Jerald; Arefin, Mohammed Safayet; Bowman, Doug","Stereo-correct digital magnification of the physical world using video-pass-through augmented reality","2025 IEEE conference on virtual reality and 3D user interfaces abstracts and workshops (VRW)","","","10.1109/VRW66409.2025.00088","","","2025","2026-07-17 05:51:58","2026-07-17 05:51:58","","381-386","","","","","","","","","","","","","","","","","","","","","","","","Augmented reality; Augmented Reality; Magnification; Performance evaluation; Real-time systems; Software; Software algorithms; Stereo image processing; Three-dimensional displays; Usability; User interfaces; Video Pass Though; Visualization","","","","","","","","","","","","","","","","","","","","","","","","","","","","","","","","","","","","","","","","","","","","","","",""
"NGFUDHHS","conferencePaper","2025","Chen, Chengyu; Kuzmichev, Victor","Digital twin of textile fabric in draping test","2025 IEEE smart world congress (SWC)","","","10.1109/SWC65939.2025.00250","","","2025","2026-07-17 05:51:58","2026-07-17 05:51:58","","1591-1598","","","","","","","","","","","","","","","","","","","","","","","","Accuracy; Clothing; digital twin; Digital twins; drapability; dress shaping; Fabrics; Fitting; Mathematical models; prediction; Predictive models; shoulder fitting method; Technological innovation; test; Textile industry; textile material; Virtual environments; virtual simulation","","","","","","","","","","","","","","","","","","","","","","","","","","","","","","","","","","","","","","","","","","","","","","",""
"I4IG82HW","conferencePaper","2025","Rahmah, Syadza Atika; Rama H. S., Muhammad; R., Anom Besari A.; Obo, Takenori; Takesue, Naoyuki; Kubota, Naoyuki","Designing human–ceiling robot collaboration in a corsi block-tapping game: Enhancing cognitive function in he elderly","2025 international conference on machine learning and cybernetics (ICMLC)","","","10.1109/ICMLC66258.2025.11280089","","","2025","2026-07-17 05:51:58","2026-07-17 05:51:58","","127-132","","","","","","","","","","","","","","","","","","","","","","","","Assistive robots; Cognitive Training; Collaboration; Corsi Block Tapping; Games; Human-Robot Collaboration; Human-robot interaction; Monitoring; Older adults; Real-time systems; Robots; Safety; Social Assistive Robot; Training","","","","","","","","","","","","","","","","","","","","","","","","","","","","","","","","","","","","","","","","","","","","","","",""
"QIDN3RVX","journalArticle","2025","Ushiyama, Keigo; Kajimoto, Hiroyuki","Kinesthetic weight modulation: The effects of whole-arm tendon vibration on the perceived heaviness","IEEE Transactions on Haptics","","","10.1109/TOH.2025.3622538","","","2025","2026-07-17 05:51:58","2026-07-17 05:51:58","","980-991","","4","18","","","","","","","","","","","","","","","","","","","","","Actuators; Force; Heaviness; Kinematics; kinesthetic illusion; Muscles; Propioception; Resistance; tendon vibration; Tendons; Vibrations; Visualization; Weight measurement","","","","","","","","","","","","","","","","","","","","","","","","","","","","","","","","","","","","","","","","","","","","","","",""
"72LJMZVZ","conferencePaper","2025","He, Haonan; Zheng, Yufeng; Song, Jie","Capturing head avatar with hand contacts from a monocular video","2025 IEEE/CVF international conference on computer vision (ICCV)","","","10.1109/ICCV51701.2025.01217","","","2025","2026-07-17 05:51:58","2026-07-17 05:51:58","","13099-13108","","","","","","","","","","","","","","","","","","","","","","","","Avatars; Circuits and systems; Contacts; Digital images; Graphical user interfaces; HTTP; Pixel; Protocols; Video equipment; Videos","","","","","","","","","","","","","","","","","","","","","","","","","","","","","","","","","","","","","","","","","","","","","","",""
"9SJQXUKK","conferencePaper","2026","Hayes, John; Jakubik, Connor; Currie-Gregg, Nancy J.","Development of an immersive orion docking simulator with vestibular perturbations","2026 IEEE aerospace conference","","","10.1109/AERO66936.2026.11519890","","","2026","2026-07-17 05:51:58","2026-07-17 05:51:58","","1-17","","","","","","","","","","","","","","","","","","","","","","","","Displays; Equations; Gravity; Modeling; Moon; Printing; Simulation; Tagging; US Department of Transportation; Vectors","","","","","","","","","","","","","","","","","","","","","","","","","","","","","","","","","","","","","","","","","","","","","","",""
"4QPDVT6B","conferencePaper","2025","Fern, Nina","Immersive blue spaces: Developing a mixed reality ocean encounter to improve wellbeing in adolescents and young adults","2025 IEEE international symposium on mixed and augmented reality adjunct (ISMAR-adjunct)","","","10.1109/ISMAR-Adjunct68609.2025.00184","","","2025","2026-07-17 05:51:58","2026-07-17 05:51:58","","775-776","","","","","","","","","","","","","","","","","","","","","","","","blue space; Mixed reality; Mixed Reality; Public healthcare; Rivers; Sea surface; Sensors; Spatial audio; Testing; User experience; Virtual environments; virtual nature; Visualization; wellbeing","","","","","","","","","","","","","","","","","","","","","","","","","","","","","","","","","","","","","","","","","","","","","","",""
"DVT8ZNK4","conferencePaper","2025","Cho, Hyunwoo; Chang, Eunhee; Yuan, Bowen; Teo, Theophilus; Lee, Gun A.; Piumsomboon, Thammathip; Billinghurst, Mark","Bichronous collaboration: Using spatiotemporal cues to collaborate across time and space on physical tasks","2025 IEEE international symposium on mixed and augmented reality (ISMAR)","","","10.1109/ISMAR67309.2025.00144","","","2025","2026-07-17 05:51:58","2026-07-17 05:51:58","","1398-1408","","","","","","","","","","","","","","","","","","","","","","","","Asynchronous collaboration; Hybrid user interfaces; Real-time systems; Reviews; Spatiotemporal cue; Spatiotemporal phenomena; Synchronous collaboration; Teamwork; Three-dimensional displays; Trajectory; Usability; User interfaces; Videos; Visualization","","","","","","","","","","","","","","","","","","","","","","","","","","","","","","","","","","","","","","","","","","","","","","",""
"56FSM9EA","conferencePaper","2026","Rohil, Mukesh Kumar; Agarwal, Yash","Texture mapping and surface models for augmented reality applications","2026 IEEE international conference for convergence in computing technology (I3CTCON)","","","10.1109/I3CTCON68242.2026.11507659","","","2026","2026-07-17 05:51:58","2026-07-17 05:51:58","","1-9","","","","","","","","","","","","","","","","","","","","","","","","Argon; Augmented reality; Augmented Reality; Computers; Manuals; Modeling; Ray tracing; Real-time systems; Solid Modelling; Surface Modelling; Surfaces; Texture Mapping; Three-dimensional displays; Timing","","","","","","","","","","","","","","","","","","","","","","","","","","","","","","","","","","","","","","","","","","","","","","",""
"UV4JLAMJ","conferencePaper","2026","Qian, Zhiyin; Zhang, Siwei; Bhatnagar, Bharat Lal; Bogo, Federica; Tang, Siyu","Masked modeling for human motion recovery under occlusions","2026 international conference on 3D vision (3DV)","","","10.1109/3DV69130.2026.00074","","","2026","2026-07-17 05:51:58","2026-07-17 05:51:58","","717-727","","","","","","","","","","","","","","","","","","","","","","","","Cameras; Decoding; human motion generation; human motion recovery; Learning (artificial intelligence); Modeling; Printing; Timing; Training; Trajectory; Transformers; Videos","","","","","","","","","","","","","","","","","","","","","","","","","","","","","","","","","","","","","","","","","","","","","","",""
"CU69EMJ7","journalArticle","2026","Huang, Chong; Zhu, Ye; Liu, Fuguo","The design and joint simulation of software-in- the-Loop for a digital mechatronics teaching experimental platform","IEEE access : practical innovations, open solutions","","","10.1109/ACCESS.2026.3686064","","","2026","2026-07-17 05:51:59","2026-07-17 05:51:59","","63523-63535","","","14","","IEEE Access","","","","","","","","","","","","","","","","","","","Aerospace components; Aerospace materials; Central Processing Unit; Circuit synthesis; Circuits; Circuits and systems; Communication systems; Contacts; Feedback; Internet of Things; mechatronics; simulation; Software-in-the-loop; teaching experimental platform","","","","","","","","","","","","","","","","","","","","","","","","","","","","","","","","","","","","","","","","","","","","","","",""
"PEHX785D","conferencePaper","2025","Li, Yan","Vision-language-action models: Foundations, techniques and applications","2025 17th international conference on intelligent human-machine systems and cybernetics (IHMSC)","","","10.1109/IHMSC66529.2025.00046","","","2025","2026-07-17 05:51:59","2026-07-17 05:51:59","","174-177","","","","","","","","","","","","","","","","","","","","","","","","Adaptation models; Navigation; Robustness; Semantics; Service robots; Solid modeling; Surveys; Tokenization; Virtual reality; Vision-Language-Action Models; Visual perception; VLA applications; VLA architecture","","","","","","","","","","","","","","","","","","","","","","","","","","","","","","","","","","","","","","","","","","","","","","",""
"HXC2C4CL","conferencePaper","2025","Xia, Songpengcheng; Zhang, Yu; Su, Zhuo; Zheng, Xiaozheng; Lv, Zheng; Wang, Guidong; Zhang, Yongjie; Wu, Qi; Chu, Lei; Pei, Ling","EnvPoser: Environment-aware realistic human motion estimation from sparse observations with uncertainty modeling","2025 IEEE/CVF conference on computer vision and pattern recognition (CVPR)","","","10.1109/CVPR52734.2025.00178","","","2025","2026-07-17 05:51:59","2026-07-17 05:51:59","","1839-1849","","","","","","","","","","","","","","","","","","","","","","","","Context modeling; Estimation; Hands; Motion estimation; Pattern recognition; Performance evaluation; Reliability; Semantics; Tracking; Uncertainty","","","","","","","","","","","","","","","","","","","","","","","","","","","","","","","","","","","","","","","","","","","","","","",""
"BP6YXBAG","conferencePaper","2026","Cordova, Miguel; Espinoza, Sebastián","Evaluating user satisfaction and technical challenges in the educational metaverse: a case study of contiverso","2026 IEEE engineering education world conference (EDUNINE)","","","10.1109/EDUNINE62390.2026.11546896","","","2026","2026-07-17 05:51:59","2026-07-17 05:51:59","","1-6","","","","","","","","","","","","","","","","","","","","","","","","Artificial intelligence; avatar customization; Avatars; Correlation; educational metaverse; Electronic learning; Instruments; Metaverse; Modeling; Printing; Recording; support systems; technical challenges; Testing; user satisfaction","","","","","","","","","","","","","","","","","","","","","","","","","","","","","","","","","","","","","","","","","","","","","","",""
"ECEMZR68","conferencePaper","2025","McGann, Laura H.; Jakes, Rachel S.; Wajda, Douglas A.; Tyler, Dustin J.","Multimodal analysis of sensorimotor learning in an immersive, neural haptic human-in-the-loop interface to inform training and design","2025 IEEE conference on telepresence","","","10.1109/Telepresence66096.2025.11521434","","","2025","2026-07-17 05:51:59","2026-07-17 05:51:59","","219-224","","","","","","","","","","","","","","","","","","","","","","","","Feedback; gaze tracking; Grasping; Hands; Human in the loop; human-in-the-loop; immersive virtual twin; Learning (artificial intelligence); neural haptics; Printing; Robots; sensorimotor learning; Timing; Training; Usability","","","","","","","","","","","","","","","","","","","","","","","","","","","","","","","","","","","","","","","","","","","","","","",""
"HRN2LE8S","conferencePaper","2025","Omar, Khalil; Gómez, Jorge Marx","Metaverse-enhanced learning ecosystem (MELE) framework","2025 1st international conference on computational intelligence approaches and applications (ICCIAA)","","","10.1109/ICCIAA65327.2025.11013595","","","2025","2026-07-17 05:51:59","2026-07-17 05:51:59","","1-7","","","","","","","","","","","","","","","","","","","","","","","","Adaptation models; adaptive learning; Adaptive learning; Curriculum development; e-learning; Ecosystems; Electronic learning; gamification; Immersive learning; immersive learning environments; Metaverse; Teamwork; Three-dimensional displays; Training; virtual collaboration","","","","","","","","","","","","","","","","","","","","","","","","","","","","","","","","","","","","","","","","","","","","","","",""
"XF8WIUCD","conferencePaper","2025","Totsila, Dionis; Krauss, Clemente Donoso; Hoffman, Enrico Mingo; Mouret, Jean-Baptiste; Ivaldi, Serena","Safe bimanual teleoperation with language-guided collision avoidance","2025 IEEE conference on telepresence","","","10.1109/Telepresence66096.2025.11521313","","","2025","2026-07-17 05:51:59","2026-07-17 05:51:59","","141-145","","","","","","","","","","","","","","","","","","","","","","","","Clouds; Collision avoidance; Conferences; Grounding; Humanoid robots; Joining processes; Limiting; Modeling; Printing; Robots","","","","","","","","","","","","","","","","","","","","","","","","","","","","","","","","","","","","","","","","","","","","","","",""
"QG27CD2I","conferencePaper","2026","Bhattacharyya, Soham; Banerjee, Anubhab; Abbas, Zia","A pico-watt, supply-insensitive all-CMOS voltage reference, from -30°C to 160°C for ultra low power IoT applications","2026 IEEE international symposium on circuits and systems (ISCAS)","","","10.1109/ISCAS66217.2026.11562488","","","2026","2026-07-17 05:51:59","2026-07-17 05:51:59","","1047-1051","","","","","","","","","","","","","","","","","","","","","","","","Circuits; CMOS voltage reference; Current; Design methodology; Distance measurement; Equations; line sensitivity; low power; Photonic band gap; Printing; PTAT generation; Sensitivity; subthreshold operation; Temperature; temperature compensation; Voltage","","","","","","","","","","","","","","","","","","","","","","","","","","","","","","","","","","","","","","","","","","","","","","",""
"JKJ53DYH","journalArticle","2026","Gu, Haozhi; Lu, Zubo; Zhang, Liheng; Yu, Weihao; Huang, Jin","MGHead: Motion-aware animated gaussian head avatars with anchored skeletal structures","IEEE Transactions on Multimedia","","","10.1109/TMM.2026.3655480","","","2026","2026-07-17 05:51:59","2026-07-17 05:51:59","","4002-4013","","","28","","","","","","","","","","","","","","","","","","","","","3D Gaussians; 3D head avatars; 3D morphable model; Avatars; Deformable models; Deformation; Faces; Feature extraction; Geometry; Neural radiance field; real-time rendering; Rendering (computer graphics); Solid modeling; Three-dimensional displays","","","","","","","","","","","","","","","","","","","","","","","","","","","","","","","","","","","","","","","","","","","","","","",""
"TGPUCYFQ","conferencePaper","2025","Linke, Mary-Anneliese; Ghellal, Sabiha","Empowering through posture: Power poses in MR exergames to boost self-efficacy","2025 IEEE conference on games (CoG)","","","10.1109/CoG64752.2025.11114106","","","2025","2026-07-17 05:51:59","2026-07-17 05:51:59","","1-7","","","","","","","","","","","","","","","","","","","","","","","","Accuracy; exergames; game design; game experience; Games; mixed reality; Mixed reality; power poses; Prototypes; Psychology; selfefficacy; Testing; Timing; Virtual reality","","","","","","","","","","","","","","","","","","","","","","","","","","","","","","","","","","","","","","","","","","","","","","",""
"HH566FQT","conferencePaper","2025","Ji, Kaiyang; Shi, Ye; Jin, Zichen; Chen, Kangyi; Xu, Lan; Ma, Yuexin; Yu, Jingyi; Wang, Jingya","Towards immersive human-x interaction: a real-time framework for physically plausible motion synthesis","2025 IEEE/CVF international conference on computer vision (ICCV)","","","10.1109/ICCV51701.2025.00948","","","2025","2026-07-17 05:51:59","2026-07-17 05:51:59","","10173-10183","","","","","","","","","","","","","","","","","","","","","","","","3d human motion; Avatars; Broadcast technology; Broadcasting; Circuits and systems; Contacts; diffusion; Graphical user interfaces; human reaction generation; Local area networks; Millimeter wave integrated circuits; MIMICs; Monolithic integrated circuits; motion tracking","","","","","","","","","","","","","","","","","","","","","","","","","","","","","","","","","","","","","","","","","","","","","","",""
"J3GG5RIG","conferencePaper","2025","Yu, Kangyou; Luo, Yunhao; Kumaran, Radha; Dirksen, Shane; Sra, Misha; Höllerer, Tobias","The cost of virtuality switching: Searching for physical and virtual targets in optical-see-through augmented reality","2025 IEEE international symposium on mixed and augmented reality (ISMAR)","","","10.1109/ISMAR67309.2025.00168","","","2025","2026-07-17 05:51:59","2026-07-17 05:51:59","","1649-1659","","","","","","","","","","","","","","","","","","","","","","","","Accuracy; Augmented reality; Augmented Reality; Costs; Fatigue; Object Selection; Optical switches; Search problems; Strain; Systematics; Time measurement; Visual Search; Visualization","","","","","","","","","","","","","","","","","","","","","","","","","","","","","","","","","","","","","","","","","","","","","","",""
"78QB75SN","conferencePaper","2026","Yazaki, Hiroki; Hirokawa, Shinnosuke; Hori, Ryosuke; Saito, Hideo; Sawada, Azusa; Nakanoya, Manabu","Real-time dynamic digital twin generation using multiple first-person views","2026 IEEE conference on virtual reality and 3D user interfaces abstracts and workshops (VRW)","","","10.1109/VRW70859.2026.00139","","","2026","2026-07-17 05:51:59","2026-07-17 05:51:59","","718-724","","","","","","","","","","","","","","","","","","","","","","","","3D Gaussian Splatting; Avatars; Central Processing Unit; Circuits and systems; Computing methodologies - Artificial intelligence - Computer vision - Computer vision problems - Reconstruction; Contacts; Digital twin; Feeds; Filtering; Filters; First-person view; Graphical user interfaces; Location awareness; Videos","","","","","","","","","","","","","","","","","","","","","","","","","","","","","","","","","","","","","","","","","","","","","","",""
"KU6ECTHA","conferencePaper","2025","Rao Devana, V.N. Koteswara; Prasad, K. Vara; Prasad, D. Rajendra; Basha, N. Khadar; Mamatha, D.; Ponnapalli, V.L.N. Phani; Ravi Sankar, Ch. V.; Reddy Karna, Vishnu Vardhana; Narayana Swamy, C. Kumara","A compact fan shaped antenna for wearable applications","2025 international conference on next generation communication & information processing (INCIP)","","","10.1109/INCIP64058.2025.11019760","","","2025","2026-07-17 05:51:59","2026-07-17 05:51:59","","281-284","","","","","","","","","","","","","","","","","","","","","","","","Back; Biomedical equipment; CST; Fans; flexible substate; medical application; Medical services; Microstrip; Microstrip antennas; microstrip patch antenna; Patch antennas; Substrates; Wearable antenna; Wearable antennas; WiMAX","","","","","","","","","","","","","","","","","","","","","","","","","","","","","","","","","","","","","","","","","","","","","","",""
"7BLXKQSL","journalArticle","2025","Park, Soohyun; Seon Kim, Gyu; Kim, Joongheon","Joint quantum reinforcement learning and neural myerson auction for high-quality digital-twin services in multitier networks","IEEE Internet of Things Journal","","","10.1109/JIOT.2025.3553519","","","2025","2026-07-17 05:51:59","2026-07-17 05:51:59","","23722-23735","","13","12","","","","","","","","","","","","","","","","","","","","","Age-of-Information (AoI); Artificial intelligence; auction; Cloud computing; Digital twins; digital-twin; Encoding; Internet of Things; Internet of Things (IoT); quantum reinforcement learning (QRL); Qubit; Reinforcement learning; Scheduling; Scheduling algorithms; Training","","","","","","","","","","","","","","","","","","","","","","","","","","","","","","","","","","","","","","","","","","","","","","",""
"DUEJRV4H","journalArticle","2025","Ye, Weiwei; Zhao, Xinchun; Wang, Yixun; Chen, Hailong; Lin, Luping","Digital twin-assisted online monitoring of elevator abnormal vibration using improved ShuffleNetV2 and domain adaptation","IEEE access : practical innovations, open solutions","","","10.1109/ACCESS.2025.3550880","","","2025","2026-07-17 05:51:59","2026-07-17 05:51:59","","46897-46908","","","13","","IEEE Access","","","","","","","","","","","","","","","","","","","abnormal vibration; Adaptation models; Automobiles; Computational modeling; Data models; Digital twin; Digital twins; Elevators; lightweight models; Monitoring; Numerical models; online monitoring; Rails; subdomain adaptation; Vibrations","","","","","","","","","","","","","","","","","","","","","","","","","","","","","","","","","","","","","","","","","","","","","","",""
"F4UAIIGC","journalArticle","2026","Zhang, Jiaji; Sun, Jinlong; Zhao, Haitao; Huang, Feige; Xu, Bo; Wang, Qiankun","Toward smart and green energy stations: a cognitive digital twin framework for intelligent management","IEEE Internet Computing","","","10.1109/MIC.2025.3649567","","","2026","2026-07-17 05:51:59","2026-07-17 05:51:59","","46-55","","2","30","","","","","","","","","","","","","","","","","","","","","Artificial intelligence; Data models; Decision making; Digital twins; Distributed databases; Energy management; Green products; Intelligent systems; Monitoring; Optimization; Predictive models; Real-time systems; Sensor systems; Smart devices","","","","","","","","","","","","","","","","","","","","","","","","","","","","","","","","","","","","","","","","","","","","","","",""
"CZZFCB3A","journalArticle","2025","Zhang, Haodong; Chen, Zhike; Xu, Haocheng; Hao, Lei; Wu, Xiaofei; Xu, Songcen; Xiong, Rong; Wang, Yue","Unified cross-structural motion retargeting for humanoid characters","IEEE Transactions on Visualization and Computer Graphics","","","10.1109/TVCG.2024.3386923","","","2025","2026-07-17 05:51:59","2026-07-17 05:51:59","","3863-3876","","7","31","","","","","","","","","","","","","","","","","","","","","Animation; Character animation; Decoding; deep learning; Dynamics; Kinematics; motion retargeting; Optimization; Task analysis; Training","","","","","","","","","","","","","","","","","","","","","","","","","","","","","","","","","","","","","","","","","","","","","","",""
"3WEFMK8H","journalArticle","2025","Yin, Mingrui; Sen, Sohom; Guan, Yongjie; Jagdish Dubey, Dhananjay; Chen, Xinran; Hou, Xueyu; Han, Tao; Ansari, Nirwan","MRCoach: a real-time IoT-enabled mixed reality system with semantic-aware transmission for smart sports and personalized coaching","IEEE Internet of Things Journal","","","10.1109/JIOT.2025.3612408","","","2025","2026-07-17 05:51:59","2026-07-17 05:51:59","","52466-52473","","24","12","","","","","","","","","","","","","","","","","","","","","3-D human model; 3-D sports analysis; Accuracy; Internet of Things; mixed reality; Pose estimation; Real-time systems; Sports; sports coaching system; Three-dimensional displays; Training; Trajectory; Videos; Virtual reality","","","","","","","","","","","","","","","","","","","","","","","","","","","","","","","","","","","","","","","","","","","","","","",""
"WAGY9TCJ","conferencePaper","2025","Kunitake, Yuto; Miyashita, Ku","The metaverse as a living space: a discussion of privacy protection issues considering media evolution","2025 international conference on metaverse computing, networking and applications (MetaCom)","","","10.1109/MetaCom65502.2025.00007","","","2025","2026-07-17 05:51:59","2026-07-17 05:51:59","","1-6","","","","","","","","","","","","","","","","","","","","","","","","Living Space; Media; Metaverse; Philosophical considerations; Privacy; Privacy Protection; Protection; Security; Systematic literature review; Three-dimensional displays; User-generated content; User-Generated Content; Visualization","","","","","","","","","","","","","","","","","","","","","","","","","","","","","","","","","","","","","","","","","","","","","","",""
"2YA2AUTH","conferencePaper","2026","Bozhilov, Ivaylo","Semantic compression for 3D content: a unified conceptual framework and survey of advanced solutions","2026 joint international conference on digital arts, media and technology with ECTI northern section conference on electrical, electronics, computer and telecommunication engineering (ECTI DAMT & NCON)","","","10.1109/ECTIDAMTNCON67592.2026.11459979","","","2026","2026-07-17 05:51:59","2026-07-17 05:51:59","","710-715","","","","","","","","","","","","","","","","","","","","","","","","Artificial Intelligence; Avatars; Communication systems; Communications technology; Compression; Computer Communication Technologies; Graphical user interfaces; HTTP; Image Processing; Protocols; Receivers; Semantic communication; Semantic Communications; Telecommunications; Video games","","","","","","","","","","","","","","","","","","","","","","","","","","","","","","","","","","","","","","","","","","","","","","",""
"U34NDQPF","conferencePaper","2026","Zhang, Jingwei; Ji, Rongwei; Deng, Zeyu; Wang, Chen","You define your biometrics: Customized biometric authentication via commercial handheld device","2026 IEEE international conference on consumer electronics (ICCE)","","","10.1109/ICCE67443.2026.11449685","","","2026","2026-07-17 05:51:59","2026-07-17 05:51:59","","1-6","","","","","","","","","","","","","","","","","","","","","","","","Acoustics; Authentication; Biometric authentication; handheld devices; Hands; Haptic interfaces; Inertial sensors; Microphones; multimodal sensing; Receivers; Self-defined biometrics; Vibrations; Video games","","","","","","","","","","","","","","","","","","","","","","","","","","","","","","","","","","","","","","","","","","","","","","",""
"HB2K4F2A","conferencePaper","2026","Manson, Julien; Lécuyer, Anatole; Dubois, Sylvain; Casiez, Géry; Saint-Aubert, Justine","Anchor-based haptics: Portable interfaces leveraging real surfaces to display grounded forces for 3D shape simulation in VR","2026 IEEE conference on virtual reality and 3D user interfaces (VR)","","","10.1109/VR67842.2026.00024","","","2026","2026-07-17 05:52:13","2026-07-17 05:52:13","","1-11","","","","","","","","","","","","","","","","","","","","","","","","Aircraft propulsion; Avatars; Circuits; Circuits and systems; Contacts; Feedback; Graphical user interfaces; Haptic display; Kinesthetic devices; Portable interfaces; Programmable logic arrays; Propellers; Protocols; Shape simulation; Virtual reality","","","","","","","","","","","","","","","","","","","","","","","","","","","","","","","","","","","","","","","","","","","","","","",""
"U94LIX7P","journalArticle","2025","Gao, Yang; Dai, Yangbin; Zhang, Guangtao; Guo, Honglei; Mostajeran, Fariba; Zheng, Binge; Yu, Tao","Trust in virtual agents: Exploring the role of stylization and voice","IEEE Transactions on Visualization and Computer Graphics","","","10.1109/TVCG.2025.3549566","","","2025","2026-07-17 05:52:13","2026-07-17 05:52:13","","3623-3633","","5","31","","","","","","","","","","","","","","","","","","","","","Animation; Artificial intelligence; Avatars; Electronic mail; Games; Image reconstruction; Three-dimensional displays; Training; Trust; Videos; Virtual Agents; Virtual Reality; Visualization","","","","","","","","","","","","","","","","","","","","","","","","","","","","","","","","","","","","","","","","","","","","","","",""
"CXX9BURZ","journalArticle","2025","Yin, Jiaqi; Liu, Shihan; Lee, Shao-Wen; Kitsios, Andreas; Gillies, Marco; Birtel, Michèle Denise; Farmer, Harry; Pan, Xueni","Immersive intergroup contact: Using virtual reality to enhance empathy and reduce stigma towards schizophrenia","IEEE Transactions on Visualization and Computer Graphics","","","10.1109/TVCG.2025.3616759","","","2025","2026-07-17 05:52:13","2026-07-17 05:52:13","","9656-9666","","11","31","","","","","","","","","","","","","","","","","","","","","Atmospheric measurements; Attitude Change; Electronic mail; Empathy; Media; Medical services; Mental health; Particle measurements; Schizophrenia; Social factors; Stigmatization; Training; Videos; Virtual Reality","","","","","","","","","","","","","","","","","","","","","","","","","","","","","","","","","","","","","","","","","","","","","","",""
"J4H6RSG9","conferencePaper","2025","Alyousify, Ahmed; Gilányi, Attila; Bucsku, Mária; Molnár, Judit; Veres-Balajti, Ilona","Counter-posture training in virtual reality: a novel approach to workplace injury prevention","2025 IEEE 16th international conference on cognitive infocommunications (CogInfoCom)","","","10.1109/CogInfoCom66819.2025.11200180","","","2025","2026-07-17 05:52:13","2026-07-17 05:52:13","","000255-000260","","","","","","","","","","","","","","","","","","","","","","","","Counter-Posture Training; Employment; Engines; Human-Computer Interaction; Injuries; Occupational health; Occupational Health; Prevention and mitigation; Real-time systems; Repetitive Strain Injury (RSI); Strain; Three-dimensional displays; Training; Unity 3D; Virtual reality; Virtual Reality; Workplace Safety","","","","","","","","","","","","","","","","","","","","","","","","","","","","","","","","","","","","","","","","","","","","","","",""
"9LV25WPK","conferencePaper","2025","Taira, Yuki; Yamamoto, Kunio; Oshita, Masaki","Generation of avatar’s full-body locomotion from head and hand movements using motion matching","2025 5th international conference on computer graphics, image and virtualization (ICCGIV)","","","10.1109/ICCGIV65419.2025.11085327","","","2025","2026-07-17 05:52:13","2026-07-17 05:52:13","","106-109","","","","","","","","","","","","","","","","","","","","","","","","Avatars; character animation; Delays; Feature extraction; Hands; Head; Low latency communication; motion matching; Motion tracking; Real-time systems; Resists; Tracking; Virtualization","","","","","","","","","","","","","","","","","","","","","","","","","","","","","","","","","","","","","","","","","","","","","","",""
"LXV97TFZ","conferencePaper","2025","Ocampo, Natalia; Gonzalez, J. Felipe; Teather, Robert J.","Comparing hand and controller avatars with hand tracking and controller-based interaction","2025 IEEE international symposium on mixed and augmented reality (ISMAR)","","","10.1109/ISMAR67309.2025.00029","","","2025","2026-07-17 05:52:13","2026-07-17 05:52:13","","164-174","","","","","","","","","","","","","","","","","","","","","","","","Accuracy; Avatar Representation; Avatars; Games; Gesture-Based Interaction; Grasping; Hand Tracking; Handheld Controllers; Hands; Input Device; Input devices; Performance evaluation; Target Acquisition; Target tracking; User experience; Virtual Reality (VR); Visualization","","","","","","","","","","","","","","","","","","","","","","","","","","","","","","","","","","","","","","","","","","","","","","",""
"KSXQTSI7","conferencePaper","2025","Mayer, Anjela; Miguel-Alonso, Ines; Chardonnet, Jean-Rémy; Bustillo, Andres; Ovtcharova, Jivka","Enhancing asynchronous learning in immersive environments: Exploring baseline modalities for avatar-based AR guidance","2025 IEEE conference on virtual reality and 3D user interfaces abstracts and workshops (VRW)","","","10.1109/VRW66409.2025.00325","","","2025","2026-07-17 05:52:13","2026-07-17 05:52:13","","1358-1359","","","","","","","","","","","","","","","","","","","","","","","","Asynchronous Collaboration; Augmented reality; Augmented Reality; Avatar; Avatars; Collaboration; Comparative Study; Conferences; Industrial training; Learning; Reliability; Three-dimensional displays; Training; Usability; User interfaces; Virtual Reality","","","","","","","","","","","","","","","","","","","","","","","","","","","","","","","","","","","","","","","","","","","","","","",""
"8AZX7PSA","conferencePaper","2025","Au, Domenic; Allison, Robert S.; Gunasekera, Iroshini; Wilcox, Laurie M.","Misperception of the distance of virtual augmentations","2025 IEEE conference virtual reality and 3D user interfaces (VR)","","","10.1109/VR59515.2025.00075","","","2025","2026-07-17 05:52:14","2026-07-17 05:52:14","","516-525","","","","","","","","","","","","","","","","","","","","","","","","Accuracy; augmented reality; Augmented reality; binocular disparity; Location awareness; Measurement; Observers; Occlusion; Probes; Propioception; Rendering (computer graphics); stereopsis; Three-dimensional displays; User interfaces","","","","","","","","","","","","","","","","","","","","","","","","","","","","","","","","","","","","","","","","","","","","","","",""
"R4ZMVN25","journalArticle","2026","Mao, Haotian; Zhou, Hangyu; Xu, Zhuoxiong; Wei, Siyue; Quan, Yule; Zhang, Yan; Guo, Zixuan; Deng, Nianchen; Yang, Xubo","LIVE-GS: LLM powers interactive VR experience with physics-aware gaussian splatting","IEEE Transactions on Visualization and Computer Graphics","","","10.1109/TVCG.2026.3680710","","","2026","2026-07-17 05:52:14","2026-07-17 05:52:14","","3146-3156","","5","32","","","","","","","","","","","","","","","","","","","","","3D Gaussian Splatting; Amplitude shift keying; Anisotropic; Automated Physics Assignment; Central Processing Unit; Circuits; Feedback; Feeds; Filters; Physics-based Interaction; Programmable logic arrays; Video equipment; Videos; Virtual Reality","","","","","","","","","","","","","","","","","","","","","","","","","","","","","","","","","","","","","","","","","","","","","","",""
"QB66B2QK","journalArticle","2026","Ota, Takashi; Eguchi, Ryo","Vibrohaptic design for simulating high-five interactions at virtual talent fan meetings","IEEE Transactions on Haptics","","","10.1109/TOH.2026.3686731","","","2026","2026-07-17 05:52:14","2026-07-17 05:52:14","","445-457","","2","19","","","","","","","","","","","","","","","","","","","","","Broadcast technology; Broadcasting; Circuits; Circuits and systems; Contacts; Feedback; Filtering; Filters; haptics; Microcontrollers; Microprocessors; mixed reality; vibration stimulation; Virtual reality; virtual talent; VTuber","","","","","","","","","","","","","","","","","","","","","","","","","","","","","","","","","","","","","","","","","","","","","","",""
"QN3HXSRH","conferencePaper","2025","Iskalinov, Sultan; Aliyev, Abay; Azimbay, Nurzhau; Garifullin, Ernur; Omirgaliyev, Ruslan","Alternative to the traditional learning: Usage of virutal reality platform for remote education","2025 IEEE european technology and engineering management summit (e-TEMS)","","","10.1109/E-TEMS64751.2025.11239118","","","2025","2026-07-17 05:52:14","2026-07-17 05:52:14","","252-257","","","","","","","","","","","","","","","","","","","","","","","","COVID-19; educational technology; Hardware; immersive learning; Interviews; remote education; Social dynamics; social interaction; Spatial audio; student engagement; Surveys; Three-dimensional displays; Training; Transforms; Videoconferences; virtual reality; VRChat","","","","","","","","","","","","","","","","","","","","","","","","","","","","","","","","","","","","","","","","","","","","","","",""
"AXPCDYA5","journalArticle","2026","Küntzer, Lucas; Feick, Martin; Benzschawel, Max; Kassm, Naz Al; Mentler, Tilo; Spaderna, Heike; Teather, Robert J.; Rock, Georg","Telling us what you experience: Effects of questionnaire interface design on subjective measurements in virtual reality","IEEE Transactions on Visualization and Computer Graphics","","","10.1109/TVCG.2026.3680686","","","2026","2026-07-17 05:52:14","2026-07-17 05:52:14","","3934-3944","","5","32","","","","","","","","","","","","","","","","","","","","","Circuits; Communication systems; Computer networks; Electronic mail; Feedback; in-VR Questionnaire; Interface Design; Internet; inVRQ; Message systems; Negative feedback; Protocols; Quality of experience; Subjective Measurements; Task Load; Usability; Virtual Reality","","","","","","","","","","","","","","","","","","","","","","","","","","","","","","","","","","","","","","","","","","","","","","",""
"UTRJQT9G","journalArticle","2026","Kim, Jong-Hyun","A unified perceptual–physical framework for real-time underwater motion simulation of immersive agents and large-scale crowds","IEEE access : practical innovations, open solutions","","","10.1109/ACCESS.2026.3696348","","","2026","2026-07-17 05:52:14","2026-07-17 05:52:14","","79331-79345","","","14","","IEEE Access","","","","","","","","","","","","","","","","","","","Animation; Avatars; Buoyancy; device-free interaction; Drag; Dynamics; Force; immersive virtual reality; large-scale crowd simulation; Modeling; perceptual–physical modeling; Real-time systems; Simulation; state-based dynamics; Timing; Underwater motion simulation","","","","","","","","","","","","","","","","","","","","","","","","","","","","","","","","","","","","","","","","","","","","","","",""
"Z7BQR289","conferencePaper","2025","Chen, Yingxuan; Gou, Ruoxuan; Miao, Runjie; Fu, Yihang; Peng, Sen; Dong, Xiao","Head avatar reconstruction from large-volume video based on mesh-embedded gaussians","2025 international conference on sensor-cloud and edge computing system (SCECS)","","","10.1109/SCECS65243.2025.11065584","","","2025","2026-07-17 05:52:14","2026-07-17 05:52:14","","217-220","","","","","","","","","","","","","","","","","","","","","","","","3D reconstruction; Accuracy; Computational modeling; Digital human avatar; Digital humans; Dynamics; Edge computing; Lips; Solid modeling; Teeth; Three-dimensional displays; Virtual environments; Virtual reality","","","","","","","","","","","","","","","","","","","","","","","","","","","","","","","","","","","","","","","","","","","","","","",""
"423KSHKY","journalArticle","2025","Laine, Teemu H.; Lee, Woohyun; Moon, Jiyoung; Hasanov, Aziz; Suk, Hae Jung","Scenario-based immersive virtual reality platform for testing empathy types: a development study","IEEE access : practical innovations, open solutions","","","10.1109/ACCESS.2025.3624300","","","2025","2026-07-17 05:52:14","2026-07-17 05:52:14","","183242-183261","","","13","","IEEE Access","","","","","","","","","","","","","","","","","","","Anxiety disorders; Conformance testing; Data collection; Development study; empathy type; Instruments; Medical treatment; Psychology; scenario-based; Systematic literature review; usability; Usability; user experience; User experience; virtual reality; Virtual reality","","","","","","","","","","","","","","","","","","","","","","","","","","","","","","","","","","","","","","","","","","","","","","",""
"BVE4S5PR","journalArticle","2025","Zhang, Jinsong; Zhu, Minjie; Zhang, Yuxiang; Zheng, Zerong; Liu, Yebin; Li, Kun","SpeechAct: Towards generating whole-body motion from speech","IEEE Transactions on Visualization and Computer Graphics","","","10.1109/TVCG.2025.3529611","","","2025","2026-07-17 05:52:14","2026-07-17 05:52:14","","6737-6750","","10","31","","","","","","","","","","","","","","","","","","","","","contrastive motion learning; Faces; Fitting; Generators; Hands; hybrid point representation; Hybrid power systems; Learning systems; Recording; Solid modeling; Speech-driven motion generation; Three-dimensional displays; Translation; VQ-VAE","","","","","","","","","","","","","","","","","","","","","","","","","","","","","","","","","","","","","","","","","","","","","","",""
"W7NRIFP5","conferencePaper","2025","Altoé, Rodrigo Oliveira; da Silva Braz, Gabriel; Furtado, Guilherme Rangel; Felipe Blanco-Diaz, Cristian; Guerrero-Mendez, Cristian David; Milanezi de Andrade, Rafhael","Preliminary investigation of virtual reality versus non-virtual reality visualization impact on EEG-based movement identification for future prosthetic control applications","2025 IEEE international conference on advanced robotics (ICAR)","","","10.1109/ICAR65334.2025.11338702","","","2025","2026-07-17 05:52:14","2026-07-17 05:52:14","","372-377","","","","","","","","","","","","","","","","","","","","","","","","Accuracy; Bars; Brain–computer interface; Classification algorithms; Common spatial patterns; Control systems; Electroencephalography; Immersive virtual reality; Lower-limb motor imagery; Motors; Nearest neighbor methods; Standards; Support vector machines; Visualization","","","","","","","","","","","","","","","","","","","","","","","","","","","","","","","","","","","","","","","","","","","","","","",""
"CS2F2NIV","conferencePaper","2025","Pardini, Marco; Frumento, Sergio; Martini, Matteo; Rho, Gianluca; Vatteroni, Valerio; Tharun, Krishant; Alaimo, Martina; Galatolo, Federico A.; De Marinis, Martina; Scilingo, Enzo Pasquale; Menicucci, Danilo; Cimino, Mario G.C.A.; Chessa, Manuela; Greco, Alberto","Deep learning-based classification of social anxiety disorder using continuous self-reported anxiety in virtual reality","2025 IEEE medical measurements & applications (MeMeA)","","","10.1109/MeMeA65319.2025.11068082","","","2025","2026-07-17 05:52:14","2026-07-17 05:52:14","","1-6","","","","","","","","","","","","","","","","","","","","","","","","1D-CNN; Anxiety Classification; Anxiety disorders; Biomedical monitoring; Convolutional neural networks; Feature extraction; Leave-One-Subject-Out; Real-time systems; Social Anxiety Disorder; Solid modeling; Trajectory; Virtual environments; Virtual Reality","","","","","","","","","","","","","","","","","","","","","","","","","","","","","","","","","","","","","","","","","","","","","","",""
"QJ2CKFPN","conferencePaper","2025","Lee, Seung Jun; Kim, Tae Hyeong; Do, Hyeong Jin; Jung, Kyu Dan; Ryu, Hyun Gon; Kim, Nam Joon","Intuitive robot arm control system based on HMD hand tracking","2025 international conference on electronics, information, and communication (ICEIC)","","","10.1109/ICEIC64972.2025.10879724","","","2025","2026-07-17 05:52:14","2026-07-17 05:52:14","","1-4","","","","","","","","","","","","","","","","","","","","","","","","Control systems; Hand Tracking; Hands; HMD; Inverse Kinematic; Kinematics; Manipulators; Motors; remote control; Resists; Robot Arm; Robots; Shoulder; Temperature measurement; Temperature sensors; Unity; VR","","","","","","","","","","","","","","","","","","","","","","","","","","","","","","","","","","","","","","","","","","","","","","",""
"CY4CNYQ4","conferencePaper","2025","Jeong, Jaejoon; Lee, Gun A.; Yang, Hyung-Jeong; Kim, Soo-Hyung; Shin, Ji-eun; Suh, Gayun; Kang, Sei; Kim, Seungwon","Three techniques for enhancing emotional expression on embodied avatar face in VR","2025 IEEE international symposium on mixed and augmented reality (ISMAR)","","","10.1109/ISMAR67309.2025.00016","","","2025","2026-07-17 05:52:14","2026-07-17 05:52:14","","23-33","","","","","","","","","","","","","","","","","","","","","","","","Avatars; Faces; Focusing; Human computer interaction; Human-centered computing—Human computer interaction (HCI)—HCI design and evaluation methods—User studies; Human-centered computing—Human computer interaction (HCI)—Interaction paradigms—Virtual reality; Mirrors; Oral communication; Particle measurements; Real-time systems; Synchronization; User experience","","","","","","","","","","","","","","","","","","","","","","","","","","","","","","","","","","","","","","","","","","","","","","",""
"AVLTXPGE","conferencePaper","2025","Zhao, Changxiao; Su, Zijie; Feng, Mingbo; Wang, Ercong; Kong, Xiangyu; Jia, Zhongtian","Three-dimensional human body reconstruction and novel views synthesis based on bidirectional constraints","2025 IEEE 2nd international conference on deep learning and computer vision (DLCV)","","","10.1109/DLCV65218.2025.11088649","","","2025","2026-07-17 05:52:14","2026-07-17 05:52:14","","1-6","","","","","","","","","","","","","","","","","","","","","","","","3D Gaussian Splatting; 3D Reconstruction; Accuracy; Deformation; Generation; Image reconstruction; Novel View Synthesis; Reflection; Robustness; Shape; Solid modeling; Three-dimensional displays; Transforms; Virtual Humans; Virtual reality","","","","","","","","","","","","","","","","","","","","","","","","","","","","","","","","","","","","","","","","","","","","","","",""
"2MGBZMU2","journalArticle","2026","Hughes, Jack T.; Mazmanyan, Garegin; Ghufran, Mohammad; Rastgoftar, Hossein","VR-based control of multicopter operation","IEEE Aerospace and Electronic Systems Magazine","","","10.1109/MAES.2025.3623070","","","2026","2026-07-17 05:52:14","2026-07-17 05:52:14","","46-55","","2","41","","","","","","","","","","","","","","","","","","","","","Aerospace control; Aerospace electronics; Autonomous aerial vehicles; Cameras; drone 3D reconstruction; Drones; Graphics processing units; Headphones; human robot interaction; Human spatial awareness enhancement; livestreaming; Mixed reality; real-time scanning; Real-time systems; Teleoperators; Three-dimensional displays; Virtual reality; Visualization","","","","","","","","","","","","","","","","","","","","","","","","","","","","","","","","","","","","","","","","","","","","","","",""
"VZ5N3WM8","conferencePaper","2026","Christopoulos, Athanasios; Mystakidis, Stylianos; Laakso, Mikko-Jussi","The experiential quantum framework: Design principles for immersive virtual reality in quantum mechanics education","2026 49th MIPRO ICT and electronics convention (MIPRO)","","","10.1109/MIPRO70003.2026.11591996","","","2026","2026-07-17 05:52:14","2026-07-17 05:52:14","","424-429","","","","","","","","","","","","","","","","","","","","","","","","Affordances; cognitive load theory; Design methodology; design principles; embodied cognition; immersive learning; Learning (artificial intelligence); Loading; Modeling; Printing; Quantum mechanics; quantum mechanics education; Reviews; virtual reality; Virtual reality; Visualization","","","","","","","","","","","","","","","","","","","","","","","","","","","","","","","","","","","","","","","","","","","","","","",""
"UJ3TIIFY","conferencePaper","2026","Nelson, Michael G.; Mousas, Christos","Demographic influences on balance-based locomotion in virtual reality","2026 IEEE conference on virtual reality and 3D user interfaces abstracts and workshops (VRW)","","","10.1109/VRW70859.2026.00059","","","2026","2026-07-17 05:52:14","2026-07-17 05:52:14","","284-290","","","","","","","","","","","","","","","","","","","","","","","","balance board; Circuits; demographic factors; Electronic mail; Feedback; gender; Graphical user interfaces; height; Locomotion; Microcontrollers; Microprocessors; prior experience; Protocols; Radio access networks; Video games; Videos; weight","","","","","","","","","","","","","","","","","","","","","","","","","","","","","","","","","","","","","","","","","","","","","","",""
"V3V579E6","journalArticle","2025","Sun, Aoxin; Wu, Jian; Fan, Runze; Im, Sio Kei; Wang, Lili","Efficient and comfortable haptic retargeting with reset point optimization","IEEE Transactions on Visualization and Computer Graphics","","","10.1109/TVCG.2024.3523042","","","2025","2026-07-17 05:52:14","2026-07-17 05:52:14","","6588-6602","","9","31","","","","","","","","","","","","","","","","","","","","","ergonomics; Ergonomics; Hands; Haptic interfaces; haptic retargeting; Optimization methods; psychology; Psychology; reset techniques; Reviews; Shape; Sun; Virtual reality; Visualization","","","","","","","","","","","","","","","","","","","","","","","","","","","","","","","","","","","","","","","","","","","","","","",""
"PD8KZTKI","conferencePaper","2025","Duan, Yupei; Xu, Xinhao; Wang, Fang; Shyu, Chi-Ren; Islam, Syed Kamrul; Eliza, Sazia; Flink, Jim; Gu, Yuanyuan; He, Hao; Li, Shangman; Murrell, Scottie; Nalmas, Amith; Almasri, Mahmoud","Enhancing student self-efficacy and interest in microelectronics through immersive virtual reality in an informal learning environment","2025 IEEE international conference on advanced learning technologies (ICALT)","","","10.1109/ICALT64023.2025.00096","","","2025","2026-07-17 05:52:14","2026-07-17 05:52:14","","308-312","","","","","","","","","","","","","","","","","","","","","","","","Conferences; Correlation; Engineering profession; Industries; Interest in STEM; Lithography; Microelectronics; Microelectronics Education; Microfabrication; Self-Efficacy; Sparks; STEM Education; Training; Virtual reality; Virtual Reality","","","","","","","","","","","","","","","","","","","","","","","","","","","","","","","","","","","","","","","","","","","","","","",""
"3F5V3F4T","conferencePaper","2025","Menz, William; Hartbrich, Jakob; Bhattacharya, Abhinav; Rao, Rakesh Rao Ramachandra; Göring, Steve; Raake, Alexander","Impact of texture resolution, polygon count, quality level, and viewing distance on volumetric avatar visual quality","2025 international conference on metaverse computing, networking and applications (MetaCom)","","","10.1109/MetaCom65502.2025.00037","","","2025","2026-07-17 05:52:14","2026-07-17 05:52:14","","165-172","","","","","","","","","","","","","","","","","","","","","","","","Avatars; Encoding; Quality assessment; quality of experience; Quality of experience; System performance; Teleconferencing; Three-dimensional displays; Trajectory; video quality; Videos; virtual reality; Visualization; volumetric video","","","","","","","","","","","","","","","","","","","","","","","","","","","","","","","","","","","","","","","","","","","","","","",""
"IAUWP4ZA","conferencePaper","2025","Jiang, Zeren; Wang, Shaofei; Tang, Siyu","DNF-avatar: Distilling neural fields for real-time animatable avatar relighting","2025 IEEE/CVF international conference on computer vision workshops (ICCVW)","","","10.1109/ICCVW69036.2025.00668","","","2025","2026-07-17 05:52:14","2026-07-17 05:52:14","","6442-6453","","","","","","","","","","","","","","","","","","","","","","","","Avatars; Computational modeling; Human reconstruction; Monte Carlo methods; Probes; Ray tracing; Real-time systems; Rendering (computer graphics); Solid modeling; Sports; Video games","","","","","","","","","","","","","","","","","","","","","","","","","","","","","","","","","","","","","","","","","","","","","","",""
"NNYMK2BN","journalArticle","2026","Wang, Zan; Li, Anqi; Li, Yixuan; Liang, Wei; Ning, Bing","What you see is what you wear: Crafting garments for diverse avatars with consistent wearing effects","IEEE Transactions on Visualization and Computer Graphics","","","10.1109/TVCG.2026.3680706","","","2026","2026-07-17 05:52:14","2026-07-17 05:52:14","","4408-4418","","5","32","","","","","","","","","","","","","","","","","","","","","Amplitude modulation; Amplitude shift keying; Anisotropic; Avatars; Digital Garment; Electronic mail; Filters; Graphical user interfaces; Internet; Passive optical networks; Sewing Pattern; Videos; Virtual Avatar","","","","","","","","","","","","","","","","","","","","","","","","","","","","","","","","","","","","","","","","","","","","","","",""
"CPZD3FV9","journalArticle","2026","Yu, Wangbo; Feng, Chaoran; Yuan, Li; Tian, Yonghong","NOFA++: Tuning-free NeRF-based one-shot facial avatar reconstruction","IEEE Transactions on Circuits and Systems for Video Technology","","","10.1109/TCSVT.2025.3628119","","","2026","2026-07-17 05:52:14","2026-07-17 05:52:14","","5409-5423","","4","36","","","","","","","","","","","","","","","","","","","","","3D facial avatar reconstruction; 3D morphable models; 3D-aware GAN; Avatars; Deformation; Faces; Image reconstruction; neural radiance field; Neural radiance field; Rendering (computer graphics); Solid modeling; Three-dimensional displays; Training; Videos","","","","","","","","","","","","","","","","","","","","","","","","","","","","","","","","","","","","","","","","","","","","","","",""
"H4MHDGTK","journalArticle","2025","Nam, Hyeongil; Sarvesh, Muskan; Kang, Seoyoung; Woo, Woontack; Kim, Kangsoo","Effects of AI-powered embodied avatars on communication quality and social connection in asynchronous virtual meetings","IEEE Transactions on Visualization and Computer Graphics","","","10.1109/TVCG.2025.3616761","","","2025","2026-07-17 05:52:14","2026-07-17 05:52:14","","10152-10162","","11","31","","","","","","","","","","","","","","","","","","","","","Artificial intelligence; asynchronous communication; Asynchronous communication; avatar; Avatars; Collaboration; Faces; intelligent agent; Real-time systems; sense of belonging; social presence; Tracking; Training; trust; Virtual reality; Visualization; Web conferencing","","","","","","","","","","","","","","","","","","","","","","","","","","","","","","","","","","","","","","","","","","","","","","",""
"8JB7SE6S","conferencePaper","2026","Liu, Rongkai; Li, Huiying; Li, Yue; Liu, Zidong; Zhang, Zhenliang","Symmetrical reality-based large-scale simulation of embodied agents for the evolutionary virtual world","2026 IEEE conference on virtual reality and 3D user interfaces abstracts and workshops (VRW)","","","10.1109/VRW70859.2026.00225","","","2026","2026-07-17 05:52:14","2026-07-17 05:52:14","","1101-1102","","","","","","","","","","","","","","","","","","","","","","","","Artificial intelligence; Avatars; Contacts; Graphical user interfaces; HTTP; Human-Robot Social Interaction; Protocols; Radio access networks; Regional area networks; Symmetrical Reality; Virtual Human","","","","","","","","","","","","","","","","","","","","","","","","","","","","","","","","","","","","","","","","","","","","","","",""
"8I77Q6XL","conferencePaper","2025","Covarrubias, Mario; Mencaci, Emma; Tarabini, Marco; Francia, Carlalberto; Galli, Manuela","Enhancing adaptive sports participation for students with disabilities through virtual reality kayaking simulations","2025 IEEE international conference on metrology for eXtended reality, artificial intelligence and neural engineering (MetroXRAINE)","","","10.1109/MetroXRAINE66377.2025.11339993","","","2025","2026-07-17 05:52:15","2026-07-17 05:52:15","","883-888","","","","","","","","","","","","","","","","","","","","","","","","Adaptive sports; Artificial intelligence; disabilities; Extended reality; Hands; inclusion; interactive kayaking; mixed reality; Motors; Real-time systems; rehabilitation; Sports; Tracking; Unity; Usability; Virtual environments; virtual reality; Wearable sensors","","","","","","","","","","","","","","","","","","","","","","","","","","","","","","","","","","","","","","","","","","","","","","",""
"8G27Z42F","journalArticle","2026","Bhardwaj, Siddharth; Ro, Hana; Gbekie, Catherine; Kanekar, Neeta; Agrawal, Sunil K.","Effects of task-driven head orientations on gait and balance during walking in virtual reality","IEEE Transactions on Neural Systems and Rehabilitation Engineering","","","10.1109/TNSRE.2026.3708538","","","2026","2026-07-17 05:52:15","2026-07-17 05:52:15","","3178-3189","","","34","","","","","","","","","","","","","","","","","","","","","Aging; balance; Costing; Costs; dual-task; gait; Head; head-orientation; Interference; Legged locomotion; Motors; sensory reweighting; Stability; Timing; Virtual reality; Visualization","","","","","","","","","","","","","","","","","","","","","","","","","","","","","","","","","","","","","","","","","","","","","","",""
"B23XPNUG","conferencePaper","2026","Obulesu, Damala; Akhila, P.; Kumar, G.Sai; Anitha, U.; Roy, G.Goutham; Sivakrishna, K.Sivakrishna K.","VirtuSpeak: AI-assisted virtual reality environment for soft skill development and performance evaluation","2026 international conference on AI-driven smart systems and ubiquitous computing (ICAUC)","","","10.1109/ICAUC68182.2026.11441306","","","2026","2026-07-17 05:52:15","2026-07-17 05:52:15","","1-6","","","","","","","","","","","","","","","","","","","","","","","","Anxiety disorders; Artificial Intelligence (AI); Communication Skills; Immersive learning; Immersive Learning; Interview Training; Interviews; Public Speaking; Real-Time Feedback; Real-time systems; Smart systems; Speech; Speech analysis; Speech Analysis; Systems architecture; Training; Ubiquitous computing; Virtual Reality (VR)","","","","","","","","","","","","","","","","","","","","","","","","","","","","","","","","","","","","","","","","","","","","","","",""
"8DX5FTFH","journalArticle","2025","Cheng, Xuanru; Wang, Xian; Tai, Chi-lok; Lee, Lik-Hang","MetaRoundWorm: a virtual reality escape room game for learning the lifecycle and immune response to parasitic infections","IEEE Transactions on Visualization and Computer Graphics","","","10.1109/TVCG.2025.3616752","","","2025","2026-07-17 05:52:15","2026-07-17 05:52:15","","9953-9963","","11","31","","","","","","","","","","","","","","","","","","","","","Biological systems; Electronic mail; Game-Based Learning; Games; Gamification; Immune system; Liver; Lungs; MetaRoundWorm; Parasite Lifecycle Education; Public healthcare; Sports; Training; Virtual Reality; Visualization","","","","","","","","","","","","","","","","","","","","","","","","","","","","","","","","","","","","","","","","","","","","","","",""
"MSJ4T7VD","journalArticle","2026","Rossato, Julien; Brogi, Bernardo; Baldi, Tommaso Lisini; Hinnekens, Elodie; Prattichizzo, Domenico; d'Avella, Andrea","Hybrid kinematic and muscular null space for simultaneous control of natural and extra degrees of freedom","IEEE Transactions on Neural Systems and Rehabilitation Engineering","","","10.1109/TNSRE.2026.3702775","","","2026","2026-07-17 05:52:15","2026-07-17 05:52:15","","2971-2981","","","34","","","","","","","","","","","","","","","","","","","","","Arm; Body null space control; Calibration; Distance measurement; Electromyography; Hands; high-density surface EMG; human augmentation; Limbs; Muscles; Null space; Redundancy; Termination of employment; virtual reality interfaces","","","","","","","","","","","","","","","","","","","","","","","","","","","","","","","","","","","","","","","","","","","","","","",""
"KQHC5C39","journalArticle","2026","Cheng, Long; Mazzola, Gilberto; Knüsel, Samuel; Schreiner, Michael; Kunz, Andreas","U-NEXT: a user-centered new prototype for walking excavator simulator","IEEE Transactions on Visualization and Computer Graphics","","","10.1109/TVCG.2026.3679892","","","2026","2026-07-17 05:52:15","2026-07-17 05:52:15","","3314-3324","","5","32","","","","","","","","","","","","","","","","","","","","","Aerospace electronics; Aerospace engineering; Aerospace simulation; Circuits; Circuits and systems; Contacts; Feedback; Ground support; Perspective; Simulator; Video equipment; Video-Passthrough; Videos; Virtual Reality; Walking Excavator","","","","","","","","","","","","","","","","","","","","","","","","","","","","","","","","","","","","","","","","","","","","","","",""
"27XPDEXX","conferencePaper","2026","Mayer, Elisabeth; Odaker, Thomas; Kranzlmüller, Dieter","I like to move it, move it - non-intrusive full body tracking for caves","2026 IEEE conference on virtual reality and 3D user interfaces abstracts and workshops (VRW)","","","10.1109/VRW70859.2026.00069","","","2026","2026-07-17 05:52:15","2026-07-17 05:52:15","","350-355","","","","","","","","","","","","","","","","","","","","","","","","Aerospace and electronic systems; Avatars; Circuits; Communication systems; Electronic mail; Feedback; full body tracking; Graphical user interfaces; human pose estimation; Internet; natural interactions; Sensor systems; user study; Videos; Virtual Reality","","","","","","","","","","","","","","","","","","","","","","","","","","","","","","","","","","","","","","","","","","","","","","",""
"YHN6RYV2","conferencePaper","2025","Lammert, Anton; Klass, Lina; Simon, Laura; Hornecker, Eva; Ehlers, Jan; Froehlich, Bernd","Rhythmic interaction influences synchrony perception in VR","2025 IEEE international symposium on mixed and augmented reality (ISMAR)","","","10.1109/ISMAR67309.2025.00049","","","2025","2026-07-17 05:52:15","2026-07-17 05:52:15","","381-391","","","","","","","","","","","","","","","","","","","","","","","","Frequency synchronization; Gaze tracking; Hands; Humanities; Motors; Pupils; Rhythmic Interaction; Sensitivity; Shape; Synchronization; Synchrony Perception; Videos","","","","","","","","","","","","","","","","","","","","","","","","","","","","","","","","","","","","","","","","","","","","","","",""
"WLI8GJKT","journalArticle","2025","Moseman, Andrew","An airplane longer than a football field: Radia is building the world's largest aircraft to carry giant windturbine blades","IEEE Spectrum","","","10.1109/MSPEC.2025.11197247","","","2025","2026-07-17 05:52:15","2026-07-17 05:52:15","","24-28","","10","62","","","","","","","","","","","","","","","","","","","","","Aerospace engineering; Aircraft manufacture; Aircraft propulsion; Airplanes; Blades; Freight handling; Physics; Product design; Wind turbines","","","","","","","","","","","","","","","","","","","","","","","","","","","","","","","","","","","","","","","","","","","","","","",""
"LY6EPBYT","journalArticle","2026","Ibragimov, Azim; Wilson, Ethan; Butler, Kevin R. B.; Jain, Eakta","Toward multimodal privacy in XR: Design and evaluation of composite privatization methods for gaze and body tracking data","IEEE Transactions on Visualization and Computer Graphics","","","10.1109/TVCG.2026.3679093","","","2026","2026-07-17 05:52:15","2026-07-17 05:52:15","","4396-4407","","5","32","","","","","","","","","","","","","","","","","","","","","Accuracy; Behavioral Biometrics; Biometrics; Data privacy; Eye Tracking; Gaze tracking; Headphones; Motion Tracking; Multimodal Privacy; Privacy; Privacy-Preserving Mechanisms; Protection; Re-identification; Real-time systems; Telemetry; Usability; Virtual Reality; XR Privacy","","","","","","","","","","","","","","","","","","","","","","","","","","","","","","","","","","","","","","","","","","","","","","",""
"5FK5UBFT","conferencePaper","2025","Lin, Yusong; Feng, Yaoyao; Yao, Mengyuan; Li, Jinke; Dong, Zhiyuan; Li, Yinghao","Nonrigid point cloud registration of human body via multi-granularity feature matching","2025 international conference on virtual reality and visualization (ICVRV)","","","10.1109/ICVRV67992.2025.00100","","","2025","2026-07-17 05:52:15","2026-07-17 05:52:15","","550-555","","","","","","","","","","","","","","","","","","","","","","","","Accuracy; Adhesives; Deformation; deformation field fusion; Fasteners; human body point cloud registration; Limbs; multi-granularity feature match; nonrigid registration; Point cloud compression; Probabilistic logic; Three-dimensional displays; Virtual reality; Visualization","","","","","","","","","","","","","","","","","","","","","","","","","","","","","","","","","","","","","","","","","","","","","","",""
"AJZQI8PB","conferencePaper","2026","da Costa, Jeferson B.; de M. Ferreira, Lucas; Castro, Lucas G. M.","Hierarchical inverse kinematics for seated virtual avatars: a real-time motion smoothing algorithm using FinalIK","2026 IEEE international conference on consumer electronics (ICCE)","","","10.1109/ICCE67443.2026.11449718","","","2026","2026-07-17 05:52:15","2026-07-17 05:52:15","","1-6","","","","","","","","","","","","","","","","","","","","","","","","Avatar Embodiment; Avatars; FinalIK; Inverse Kinematics; Jitter; Kinematics; Motion Smoothing; Noise measurement; Real-Time Animation; Real-time systems; Rendering (computer graphics); Seated Interaction; Sensors; Smoothing methods; Telemetry; Tracking; Virtual Reality","","","","","","","","","","","","","","","","","","","","","","","","","","","","","","","","","","","","","","","","","","","","","","",""
"49C5LFM4","journalArticle","2026","Harada, Naoya; Harato, Nozomu; Kitazaki, Michiteru; Tasaki, Ryosuke","Design and evaluation of a physically synchronized virtual therapist avatar to improve trust in a single-arm massage robot incorporating skilled massage techniques","IEEE access : practical innovations, open solutions","","","10.1109/ACCESS.2026.3658879","","","2026","2026-07-17 05:52:15","2026-07-17 05:52:15","","16831-16847","","","14","","IEEE Access","","","","","","","","","","","","","","","","","","","Avatars; haptics; heart rate variability (HRV); Human-robot interaction; human–robot interaction (HRI); Manipulators; Psychology; Resists; Robot sensing systems; robotic massage; Robots; Service robots; Synchronization; trust; virtual reality (VR); Visualization","","","","","","","","","","","","","","","","","","","","","","","","","","","","","","","","","","","","","","","","","","","","","","",""
"2RYXLWFA","journalArticle","2026","Gao, Yang; Dai, Yangbin; Zhang, Guangtao; Guo, Honglei; Mostajeran, Fariba; Steinicke, Frank; Li, Lin; Yu, Tao","What makes a virtual celebrity agent trustworthy in VR? Exploring the role of stylization and voice","IEEE Transactions on Visualization and Computer Graphics","","","10.1109/TVCG.2026.3680715","","","2026","2026-07-17 05:52:15","2026-07-17 05:52:15","","3999-4009","","5","32","","","","","","","","","","","","","","","","","","","","","Avatars; Celebrity agent; Central Processing Unit; Frequency modulation; Graphical user interfaces; Millimeter wave integrated circuits; MIMICs; Monolithic integrated circuits; Motion pictures; Radio broadcasting; Trust; Videos; Virtual agent; Virtual human; Virtual reality","","","","","","","","","","","","","","","","","","","","","","","","","","","","","","","","","","","","","","","","","","","","","","",""
"P6XYC5RX","journalArticle","2025","Xie, Xueguang; Gao, Yang; Hou, Fei; Cheng, Tianwei; Hao, Aimin; Qin, Hong","Fluid inverse volumetric modeling and applications from surface motion","IEEE Transactions on Visualization and Computer Graphics","","","10.1109/TVCG.2024.3370551","","","2025","2026-07-17 05:52:15","2026-07-17 05:52:15","","1785-1801","","3","31","","","","","","","","","","","","","","","","","","","","","Deep learning; Fluid re-simulation; Image reconstruction; inverse modeling; Inverse problems; Optimization; parameter estimation; Parameter estimation; Surface reconstruction; Three-dimensional displays; velocity field reconstruction","","","","","","","","","","","","","","","","","","","","","","","","","","","","","","","","","","","","","","","","","","","","","","",""
"WKP5QCMS","journalArticle","2026","Ge, Wenqi; Guo, Junde; Fu, Zhen; Yang, Shunpeng; Chen, Jiayu; Chen, Hua","CWI: Composite humanoid whole-body imitation system for loco-manipulation","IEEE Robotics and Automation Letters","","","10.1109/LRA.2026.3710366","","","2026","2026-07-17 05:52:15","2026-07-17 05:52:15","","1-8","","","","","","","","","","","","","","","","","","","","","","","","End effectors; Hands; Humanoid robots; Humanoids; Joints; Learning (artificial intelligence); Legged locomotion; Loco-Manipulation; Measurement; Tracking; Training; Trajectory; Whole-Body Control","","","","","","","","","","","","","","","","","","","","","","","","","","","","","","","","","","","","","","","","","","","","","","",""
"9STVLIP2","conferencePaper","2025","Chen, Kuan-Hsuan; Zeng, Mei-Yuan; Sun, Shih-Wei","Telepresence museum based on 3D scanning for human bodies and a solid art sculpture with hand gesture recognition","2025 IEEE international conference on artificial intelligence and eXtended and virtual reality (AIxVR)","","","10.1109/AIxVR63409.2025.00064","","","2025","2026-07-17 05:52:15","2026-07-17 05:52:15","","336-339","","","","","","","","","","","","","","","","","","","","","","","","3D Scanning; Art; Digital twins; Gesture recognition; Hand Gesture Recognition; Hands; Machine learning; Museums; Solids; telepresence; Telepresence; Three-dimensional displays; Virtual Museum; Virtual reality","","","","","","","","","","","","","","","","","","","","","","","","","","","","","","","","","","","","","","","","","","","","","","",""
"SX3TZDN8","conferencePaper","2026","Rings, Sebastian; Magdych, Valeria; Steinicke, Frank","Acceptance of simulated body-proximate technologies in XR: a transhumanist perspective","2026 IEEE conference on virtual reality and 3D user interfaces abstracts and workshops (VRW)","","","10.1109/VRW70859.2026.00112","","","2026","2026-07-17 05:52:15","2026-07-17 05:52:15","","578-582","","","","","","","","","","","","","","","","","","","","","","","","Body-Proximate; Circuits; Circuits and systems; Contacts; Extended Reality; Feedback; Graphical user interfaces; Millimeter wave integrated circuits; MIMICs; Monolithic integrated circuits; Smart devices; Smart glasses; Transhumanism; XR","","","","","","","","","","","","","","","","","","","","","","","","","","","","","","","","","","","","","","","","","","","","","","",""
"IQSC3A2P","conferencePaper","2025","Akmatbekov, Ulan; Sprenger, Janis; Xu, Rui; Slusallek, Philipp","Simulating body movements for multiple agent avoidance","2025 IEEE conference on virtual reality and 3D user interfaces abstracts and workshops (VRW)","","","10.1109/VRW66409.2025.00148","","","2025","2026-07-17 05:52:15","2026-07-17 05:52:15","","730-735","","","","","","","","","","","","","","","","","","","","","","","","Animation; Autoencoders; Crowd Simulation; Data-Driven Animation; Motion capture; Motion Capture; Reinforcement learning; Reinforcement Learning; Runtime; Soft sensors; Solid modeling; Three-dimensional displays; User interfaces; Vectors","","","","","","","","","","","","","","","","","","","","","","","","","","","","","","","","","","","","","","","","","","","","","","",""
"C3KCD4ME","journalArticle","2025","Zhang, Jia-Qi; Wang, Miao; Zhang, Fu-Cheng; Zhang, Fang-Lue","Skinned motion retargeting with preservation of body part relationships","IEEE Transactions on Visualization and Computer Graphics","","","10.1109/TVCG.2024.3423426","","","2025","2026-07-17 05:52:15","2026-07-17 05:52:15","","4923-4936","","9","31","","","","","","","","","","","","","","","","","","","","","Animation; Bones; different structure; Joints; Motion retargeting; Semantics; Shape; Skeleton; spatial relationship; Task analysis","","","","","","","","","","","","","","","","","","","","","","","","","","","","","","","","","","","","","","","","","","","","","","",""
"RNR2YAU5","conferencePaper","2025","Sun, Xiaohan; Xu, Yinghan; Dingliana, John; O’Sullivan, Carol","Evaluating CrowdSplat: Perceived level of detail for gaussian crowds","2025 IEEE conference on virtual reality and 3D user interfaces abstracts and workshops (VRW)","","","10.1109/VRW66409.2025.00146","","","2025","2026-07-17 05:52:15","2026-07-17 05:52:15","","720-724","","","","","","","","","","","","","","","","","","","","","","","","Avatars; Computer graphics; Computing methodologies; Conferences; Crowd rendering; Games; Optimization; Perception; Point cloud compression; Real-time systems; Rendering; Rendering (computer graphics); Three-dimensional displays; User interfaces; Visualization","","","","","","","","","","","","","","","","","","","","","","","","","","","","","","","","","","","","","","","","","","","","","","",""
"68AXY8B3","conferencePaper","2025","Bao, Yiwei; Wang, Zhiming; Lu, Feng","GazeGene: Large-scale synthetic gaze dataset with 3D eyeball annotations","2025 IEEE/CVF conference on computer vision and pattern recognition (CVPR)","","","10.1109/CVPR52734.2025.01747","","","2025","2026-07-17 05:52:15","2026-07-17 05:52:15","","18749-18759","","","","","","","","","","","","","","","","","","","","","","","","Accuracy; Annotations; data synthesis; deep learning; Estimation; gaze estimation; Pattern recognition; Periodic structures; Pupils; Research and development; Three-dimensional displays; Vectors; Visualization","","","","","","","","","","","","","","","","","","","","","","","","","","","","","","","","","","","","","","","","","","","","","","",""
"KINVMDES","conferencePaper","2025","Cheng, Long; Gisler, Joy; Lao, Kenli; Kunz, Andreas","Generative artificial intelligence chatbot integration for virtual reality language learning","2025 IEEE conference on virtual reality and 3D user interfaces abstracts and workshops (VRW)","","","10.1109/VRW66409.2025.00035","","","2025","2026-07-17 05:52:15","2026-07-17 05:52:15","","137-142","","","","","","","","","","","","","","","","","","","","","","","","Accuracy; Chatbot; Chatbots; Large Language Model; Large language models; Learning (artificial intelligence); Oral communication; Speech to text; Text to speech; Three-dimensional displays; User interfaces; Virtual Reality; Vocabulary","","","","","","","","","","","","","","","","","","","","","","","","","","","","","","","","","","","","","","","","","","","","","","",""
"XCDJVDHQ","conferencePaper","2025","Wolff, Milan; Nelson, Jessica Fae; Greiner, Will; Banic, Amy","Going and returning: Lakota travel verbs in virtual reality","2025 IEEE international symposium on mixed and augmented reality adjunct (ISMAR-adjunct)","","","10.1109/ISMAR-Adjunct68609.2025.00173","","","2025","2026-07-17 05:52:15","2026-07-17 05:52:15","","753-754","","","","","","","","","","","","","","","","","","","","","","","","Augmented reality; Lakota; language revitalization; Legged locomotion; Linguistics; Measurement; Navigation; Space exploration; Usability; Virtual environments; virtual reality","","","","","","","","","","","","","","","","","","","","","","","","","","","","","","","","","","","","","","","","","","","","","","",""
"CANE583L","conferencePaper","2025","He, Wenkun; Liu, Yun; Liu, Ruitao; Yi, Li","SyncDiff: Synchronized motion diffusion for multi-body human-object interaction synthesis","2025 IEEE/CVF international conference on computer vision (ICCV)","","","10.1109/ICCV51701.2025.01091","","","2025","2026-07-17 05:52:15","2026-07-17 05:52:15","","11731-11743","","","","","","","","","","","","","","","","","","","","","","","","Aerospace and electronic systems; Aerospace control; Attitude control; Brushes; Circuits and systems; Contacts; hand-object interaction synthesis; High frequency; human-object interaction synthesis; Media Access Control; motion synchronization; Product development; Videos","","","","","","","","","","","","","","","","","","","","","","","","","","","","","","","","","","","","","","","","","","","","","","",""
"5YR7ZK76","journalArticle","2025","Weiss, Yannick; Rasch, Julian; Fischer, Jonas; Müller, Florian","Investigating the effects of haptic illusions in collaborative virtual reality","IEEE Transactions on Visualization and Computer Graphics","","","10.1109/TVCG.2025.3616760","","","2025","2026-07-17 05:52:15","2026-07-17 05:52:15","","10109-10119","","11","31","","","","","","","","","","","","","","","","","","","","","Collaboration; Extended reality; Handover; Hands; haptic illusions; Haptic interfaces; multi-user collaboration; Rendering (computer graphics); Shape; Training; User experience; virtual and extended reality; Visualization","","","","","","","","","","","","","","","","","","","","","","","","","","","","","","","","","","","","","","","","","","","","","","",""
"G9CBMFDP","conferencePaper","2026","Hattori, Taiki; Terada, Kazunori; Hirai, Masahiro","Virtual prejudice in childhood: Impulsive avoidance toward racial out-group avatars","2026 IEEE conference on virtual reality and 3D user interfaces abstracts and workshops (VRW)","","","10.1109/VRW70859.2026.00103","","","2026","2026-07-17 05:52:15","2026-07-17 05:52:15","","538-540","","","","","","","","","","","","","","","","","","","","","","","","Application specific integrated circuits; Avatars; Central Processing Unit; Empirical studies in HCI; Graphical user interfaces; HTTP; implicit biases; NOMA; personal space; Protocols; racial familiality; Radio access networks; Regional area networks; System-on-chip","","","","","","","","","","","","","","","","","","","","","","","","","","","","","","","","","","","","","","","","","","","","","","",""
"2TIAW2MR","conferencePaper","2025","Boustila, Sabah; Morris, Alexis","A holistic framework for promoting work life balance and well-being in the metaverse era","2025 IEEE international symposium on mixed and augmented reality adjunct (ISMAR-adjunct)","","","10.1109/ISMAR-Adjunct68609.2025.00055","","","2025","2026-07-17 05:52:15","2026-07-17 05:52:15","","247-251","","","","","","","","","","","","","","","","","","","","","","","","Artificial intelligence; Augmented reality; Augmented Reality; Employment; Extended reality; Extended Reality; Internet of Things; IoT; Metaverse; Virtual Reality; Work Life Balance","","","","","","","","","","","","","","","","","","","","","","","","","","","","","","","","","","","","","","","","","","","","","","",""
"4RQZCPR8","conferencePaper","2026","Fu, Yilan","Virtual dance visualization and interactive presentation in digital media environments","2026 international conference on vision, advanced imaging and computer technology (VAICT)","","","10.1109/VAICT69205.2026.11519184","","","2026","2026-07-17 05:52:15","2026-07-17 05:52:15","","46-49","","","","","","","","","","","","","","","","","","","","","","","","Body Visualization; Construction; Design methodology; Humanities; Immersive Experience; Interaction Design; Media; Printing; Spatial Construction; Technology; Virtual Dance; Virtual environments; Visualization","","","","","","","","","","","","","","","","","","","","","","","","","","","","","","","","","","","","","","","","","","","","","","",""
"ZDRNI7BE","conferencePaper","2025","Petkova, Radostina; Bozhilov, Ivaylo; Tonchev, Krasimir; Manolova, Agata; Poulkov, Vladimir","Can rigid body transformation be applied in the latent domain of compressed multi-view point clouds?","2025 28th international symposium on wireless personal multimedia communications (WPMC)","","","10.1109/WPMC67460.2025.11351076","","","2025","2026-07-17 05:52:15","2026-07-17 05:52:15","","1-6","","","","","","","","","","","","","","","","","","","","","","","","autoencoder; Autoencoders; compression-aware representation learning; Digital communication; Encoding; latent space embeddings; Multi-view point clouds; Multimedia communication; Point cloud compression; Representation learning; rigid body transformation; Robots; Three-dimensional displays; Virtual reality; Wireless communication","","","","","","","","","","","","","","","","","","","","","","","","","","","","","","","","","","","","","","","","","","","","","","",""
"Y6B9M7PV","conferencePaper","2026","Franco, Olmo A. Moreno; Giurin, Gabriele; Tefera, Yonas T.; Di Natali, Christian; Monica, Luigi; Caldwell, Darwin G.; Ortiz, Jesus","Integrating automatic force assistance configuration with mixed reality for active exoskeletons","2026 IEEE/SICE international symposium on system integration (SII)","","","10.1109/SII64115.2026.11404649","","","2026","2026-07-17 05:52:15","2026-07-17 05:52:15","","1054-1060","","","","","","","","","","","","","","","","","","","","","","","","Exoskeletons; Manuals; Materials handling; Mechanical sensors; Mixed reality; Musculoskeletal system; System integration; Tuning; Usability; Wearable devices","","","","","","","","","","","","","","","","","","","","","","","","","","","","","","","","","","","","","","","","","","","","","","",""
"BWRPRG7Y","journalArticle","2026","Zhang, Jia-Qi; Wang, Jia-Jun; Zhang, Fang-Lue; Wang, Miao","Generating distance-aware human-to-human interaction motions from text guidance","IEEE Transactions on Visualization and Computer Graphics","","","10.1109/TVCG.2026.3651382","","","2026","2026-07-17 05:52:15","2026-07-17 05:52:15","","2615-2627","","3","32","","","","","","","","","","","","","","","","","","","","","Accuracy; Computational modeling; Dynamics; Films; Hands; Human-to-human interaction; masked generative model; motion synthesis; Quantization (signal); Semantics; Solid modeling; text-driven generation; Three-dimensional displays; Transformers","","","","","","","","","","","","","","","","","","","","","","","","","","","","","","","","","","","","","","","","","","","","","","",""
"DXQLL2YP","conferencePaper","2025","Nierula, Birgit; Lafci, Mustafa Tevfik; Melnik, Anna; Akgül, Mert; Siewe, Farelle Toumaleu; Bosse, Sebastian","Differential physiological responses to proxemic and facial threats in virtual avatar interactions","2025 IEEE international symposium on mixed and augmented reality adjunct (ISMAR-adjunct)","","","10.1109/ISMAR-Adjunct68609.2025.00036","","","2025","2026-07-17 05:52:15","2026-07-17 05:52:15","","162-167","","","","","","","","","","","","","","","","","","","","","","","","Augmented reality; Avatars; Electrocardiography; Electrodermal Activity; Extraterrestrial measurements; Heart rate variability; Personal Space; Physiology; Proxemics; Psychophysics; Psychophysiology; Skin; Skin Conductance Response; Virtual environments; Virtual Reality","","","","","","","","","","","","","","","","","","","","","","","","","","","","","","","","","","","","","","","","","","","","","","",""
"CZUCQIJS","conferencePaper","2025","Cheng, Wei","Digital twin-driven multi-intelligent body simulation system for building emergency evacuation","2025 2nd international conference on software, systems and information technology (SSITCON)","","","10.1109/SSITCON66133.2025.11342058","","","2025","2026-07-17 05:52:15","2026-07-17 05:52:15","","1-6","","","","","","","","","","","","","","","","","","","","","","","","Adaptation models; Buildings; Data models; digital twin; Digital twins; emergency evacuation; multi-intelligence body simulation; Optimization; Path planning; Real-time systems; Solid modeling; Three-dimensional displays; Transportation","","","","","","","","","","","","","","","","","","","","","","","","","","","","","","","","","","","","","","","","","","","","","","",""
"J7BEQEDW","conferencePaper","2025","Liu, LeiPeng; Yang, Bo","Multi-scale position-aware attention and irregular erasure network for occluded person re-identification","2025 international conference on virtual reality and visualization (ICVRV)","","","10.1109/ICVRV67992.2025.00016","","","2025","2026-07-17 05:52:15","2026-07-17 05:52:15","","37-42","","","","","","","","","","","","","","","","","","","","","","","","Computational modeling; Data Augmentation; Identification of persons; Occlusion Person ReIdentification; Occlusion Robustness; Person Re-Identification; Probabilistic logic; Probability distribution; Public security; Representation learning; Robustness; Solid modeling; Surveillance; Virtual reality","","","","","","","","","","","","","","","","","","","","","","","","","","","","","","","","","","","","","","","","","","","","","","",""
"4Q8ALT2S","conferencePaper","2026","AbdelGawad, Marwa W.; Khan, Abdul Muhaimin Dad; AbuDhaim, Batool Baker; Tamimi, Hamza; Seddek, Hamza; Desouky, Osama","Students as developers: Student-developed VR applications to enhance conceptual understanding in engineering education","2026 IEEE global engineering education conference (EDUCON)","","","10.1109/EDUCON67543.2026.11574190","","","2026","2026-07-17 05:52:16","2026-07-17 05:52:16","","1-10","","","","","","","","","","","","","","","","","","","","","","","","Active Learning; Collaboration; Computers; Design methodology; Engineering students; Learning (artificial intelligence); Manuals; Mechanical engineering; Project-based Learning; Spatial Visualization; Surveys; Tools; Virtual Reality; Visualization","","","","","","","","","","","","","","","","","","","","","","","","","","","","","","","","","","","","","","","","","","","","","","",""
"BFJIF3VM","conferencePaper","2025","Zojaji, Sahba; Nakano, Yukiko I.; Peters, Christopher","Impact of cultural differences and politeness on joining small groups of humans, robots, and virtual characters","2025 20th ACM/IEEE international conference on human-robot interaction (HRI)","","","10.1109/HRI61500.2025.10973814","","","2025","2026-07-17 05:52:16","2026-07-17 05:52:16","","479-488","","","","","","","","","","","","","","","","","","","","","","","","Collaboration; Cultural differences; Culture; Embodiment; Free-standing conversational groups; Human-robot interaction; Humans; Legged locomotion; Location awareness; Market research; Politeness; Robots; So-cial norms; Uncertainty; Virtual characters","","","","","","","","","","","","","","","","","","","","","","","","","","","","","","","","","","","","","","","","","","","","","","",""
"W97WJ7AP","journalArticle","2025","Herman, Bridger; Jackson, Cullen D.; Keefe, Daniel F.","Touching the ground: Evaluating the effectiveness of data physicalizations for spatial data analysis tasks","IEEE Transactions on Visualization and Computer Graphics","","","10.1109/TVCG.2024.3456377","","","2025","2026-07-17 05:52:16","2026-07-17 05:52:16","","875-885","","1","31","","","","","","","","","","","","","","","","","","","","","Bars; Data analysis; Data physicalization; Data visualization; Encoding; evaluation; Spatial databases; Three-dimensional displays; virtual reality; Virtual reality","","","","","","","","","","","","","","","","","","","","","","","","","","","","","","","","","","","","","","","","","","","","","","",""
"32AYB28H","conferencePaper","2025","Wölfel, Matthias; Hepperle, Daniel; Deuchler, Jonas; Florath, Michael","The influence of face and gaze tracking in hmds on the social perception of avatars","2025 11th international conference on virtual reality (ICVR)","","","10.1109/ICVR66534.2025.11172428","","","2025","2026-07-17 05:52:16","2026-07-17 05:52:16","","79-87","","","","","","","","","","","","","","","","","","","","","","","","Avatar-Mediated Communication; Avatars; Faces; Facial features; Facial-Feature Tracking; Gaze tracking; Head-mounted displays; Headphones; Immersive Virtual Reality; Non-Verbal Communication; Sensor phenomena and characterization; Shape; Social Perception; Tracking; Virtual environments","","","","","","","","","","","","","","","","","","","","","","","","","","","","","","","","","","","","","","","","","","","","","","",""
"6LYF3HQP","conferencePaper","2025","R, Sricharan.; Shafana, N. Jeenath; Shyam Sundar, K; Amshavalli, R.S.; Rajalakshmi, R.","Virtual fit trail: Revolutionizing size recommendations and enhanced shopping experience","2025 7th international conference on intelligent sustainable systems (ICISS)","","","10.1109/ICISS63372.2025.11076443","","","2025","2026-07-17 05:52:16","2026-07-17 05:52:16","","581-586","","","","","","","","","","","","","","","","","","","","","","","","3D Modeling; Augmented Reality; Clothing; Computer Vision; E-Commerce; Electronic commerce; Fashion Technology; Fitting; Machine Learning; Online Retail Innovation; Personalized Shopping; Real-time systems; Reinforcement learning; Size Prediction; Technological innovation; Three-dimensional displays; Time factors; Turning; Virtual Fitting Room; Virtual Try-On; Visualization","","","","","","","","","","","","","","","","","","","","","","","","","","","","","","","","","","","","","","","","","","","","","","",""
"RDPR8BW7","conferencePaper","2025","Natteshan, N.V.S.; Sabri, Mohammad Omar; Satyanarayana, Telugu; Babu, M. Ashok; Karthikeyan, G.; Balasubramaniyan, R.","Innovative big data analytics - enabled virtual reality learning systems: Personalized adaptive courses based on analytics of student progress and conduct","2025 5th asian conference on innovation in technology (ASIANCON)","","","10.1109/ASIANCON66527.2025.11281376","","","2025","2026-07-17 05:52:16","2026-07-17 05:52:16","","1-6","","","","","","","","","","","","","","","","","","","","","","","","Adaptation models; Adaptive learning; Adaptive Learning; Analytical models; Big Data; Big Data Analytics; Biomedical monitoring; Data models; Educational technology; Intelligent Tutoring; Personalized Education; Real-time systems; Solid modeling; Student Behavior Analysis; Virtual Reality Learning Systems; Visualization","","","","","","","","","","","","","","","","","","","","","","","","","","","","","","","","","","","","","","","","","","","","","","",""
"4XH8MZW6","conferencePaper","2025","Balta, Burak; Hafiz, Khandaker Nusaiba; Realmuto, Jonathan","Normalizing task-oriented human-robot interaction for large-scale virtual environments","2025 international conference on rehabilitation robotics (ICORR)","","","10.1109/ICORR66766.2025.11063133","","","2025","2026-07-17 05:52:16","2026-07-17 05:52:16","","1641-1646","","","","","","","","","","","","","","","","","","","","","","","","Haptic interfaces; Haptics; Human Motor Control; Human-robot interaction; Motor drives; Motors; Neuromuscular; Physical Human-Robot Interaction; Physiology; Training; Trajectory; User experience; Virtual environments","","","","","","","","","","","","","","","","","","","","","","","","","","","","","","","","","","","","","","","","","","","","","","",""
"ZHYMBECM","conferencePaper","2025","Liu, Hanxi; Men, Yifang; Lian, Zhouhui","Creating your editable 3D photorealistic avatar with tetrahedron-constrained gaussian splatting","2025 IEEE/CVF conference on computer vision and pattern recognition (CVPR)","","","10.1109/CVPR52734.2025.01489","","","2025","2026-07-17 05:52:16","2026-07-17 05:52:16","","15976-15986","","","","","","","","","","","","","","","","","","","","","","","","3d avatar generation; 3d editing; 3d virtual try-ons; Avatars; gaussian splatting; Image reconstruction; Kernel; Location awareness; Optimization; Pattern recognition; photorealistic rendering; Rendering (computer graphics); Representation learning; Three-dimensional displays; Videos","","","","","","","","","","","","","","","","","","","","","","","","","","","","","","","","","","","","","","","","","","","","","","",""
"2X6GJI98","conferencePaper","2025","Mölder, Sebastian; Eichhorn, Christian; Papadopoulos, Theodoros; Plecher, David A.","Lights-out factories – hands-on control: Haptic teleoperation of a robotic arm through virtual reality","2025 IEEE international symposium on mixed and augmented reality adjunct (ISMAR-adjunct)","","","10.1109/ISMAR-Adjunct68609.2025.00147","","","2025","2026-07-17 05:52:16","2026-07-17 05:52:16","","696-699","","","","","","","","","","","","","","","","","","","","","","","","Accuracy; Haptic Feedback; Haptic interfaces; Lights-out Factories; Manipulators; Manufacturing; Production facilities; Robot sensing systems; Robotic Teleoperation; Usability; User interfaces; User preference; Virtual Reality; Visualization; Visualization Techniques","","","","","","","","","","","","","","","","","","","","","","","","","","","","","","","","","","","","","","","","","","","","","","",""
"I4S3LYB9","conferencePaper","2025","Agrawal, Anjali; Chen, Zhenghong; Desman, Braden E.; Wang, Jinhua; Tanaka, Akiyoshi; Foysal, Fahim; Hess, Charlie D.; Farrell, Will; Owens, Jim; Truesdell, Daniel S.; Calhoun, Benton H.","37.2 a 2-dimensional mm-Scale network-on-textiles (kNOTs) for wearable computing with direct die-to-yarn integration of 0.6×2.15mm2 SoC and bySPI chiplets","2025 IEEE international solid-state circuits conference (ISSCC)","","","10.1109/ISSCC49661.2025.10904771","","","2025","2026-07-17 05:52:16","2026-07-17 05:52:16","","608-610","","","68","","","","","","","","","","","","","","","","","","","","","Chiplets; Fabrics; Integrated circuit interconnections; Sensors; Synchronization; Virtual reality; Wearable devices; Weaving; Wires; Yarn","","","","","","","","","","","","","","","","","","","","","","","","","","","","","","","","","","","","","","","","","","","","","","",""
"D4LTUXJ2","journalArticle","2026","Sobhi, Mohamad; Moosavi, Mahdiyeh Sadat; Guillet, Christophe; Mérienne, Frédéric; Ebadzadeh, Mohammad Mehdi","Closer to human: Hybrid training of VR agents beyond robotic motion","IEEE access : practical innovations, open solutions","","","10.1109/ACCESS.2026.3658497","","","2026","2026-07-17 05:52:16","2026-07-17 05:52:16","","18940-18951","","","14","","IEEE Access","","","","","","","","","","","","","","","","","","","AI agent; Cloning; Convergence; human-like motion; imitation learning; Imitation learning; Navigation; Optimization; Pipelines; reinforcement learning; Reinforcement learning; Robots; Training; Trajectory; Virtual reality","","","","","","","","","","","","","","","","","","","","","","","","","","","","","","","","","","","","","","","","","","","","","","",""
"KKAU66AQ","journalArticle","2026","Hirao, Yutaro; Narumi, Takuji; Argelaguet, Ferran; Lécuyer, Anatole","Move or push? Studying pseudo-haptic perceptions obtained with motion or force input","IEEE Transactions on Visualization and Computer Graphics","","","10.1109/TVCG.2025.3624414","","","2026","2026-07-17 05:52:16","2026-07-17 05:52:16","","2354-2365","","2","32","","","","","","","","","","","","","","","","","","","","","Avatars; cross-modal integration; Force; Force sensors; force-input; Hands; Haptic interfaces; Noise; Pseudo-Haptics; sensory substitution; Springs; Tendons; Vibrations; virtual reality; Visualization","","","","","","","","","","","","","","","","","","","","","","","","","","","","","","","","","","","","","","","","","","","","","","",""
"832K8TH2","conferencePaper","2026","Mabjan, P.; B, Pandurangaraju.; Shaik, Fahimuddin; Gouthami, K.; Yadav, G. Harinath; Haneef, P. Mahammad","Attention-based feature fusion for realistic and personalized facial expression generation","2026 3rd international conference on emerging trends in engineering and medical sciences (ICETEMS)","","","10.1109/ICETEMS66917.2026.11469594","","","2026","2026-07-17 05:52:16","2026-07-17 05:52:16","","1-6","","","","","","","","","","","","","","","","","","","","","","","","Attention Mechanism; Avatars; Circuits; CNN; Emotion Synthesis; Facial Expression Generation; Feature Fusion; Feedback; Feeds; GAN; Graphical user interfaces; HTTP; Human-Computer Interaction; Identity Preservation; Image Realism; LoRa; Personalized Avatars; Pixel; Protocols; Videos","","","","","","","","","","","","","","","","","","","","","","","","","","","","","","","","","","","","","","","","","","","","","","",""
"EVT2RDN4","conferencePaper","2026","Gunaratne, U. B. R. A.; Illangarathna, A. N. L.; Praveen, E. D. C.; Wanigasingha, N.H.; Wijenayake, Udaya","TryOnAI: Revolutionizing online shopping with augmented reality and deep learning for virtual try-ons and size prediction","2026 6th international conference on advanced research in computing (ICARC)","","","10.1109/ICARC68737.2026.11453617","","","2026","2026-07-17 05:52:16","2026-07-17 05:52:16","","1-6","","","","","","","","","","","","","","","","","","","","","","","","Accuracy; Augmented reality; Augmented Reality; Body Size Prediction; Clothing; Deep learning; Deep Learning; Electronic commerce; Fitting; Predictive models; Real-time systems; Size measurement; Three-dimensional displays; Virtual Try-Ons","","","","","","","","","","","","","","","","","","","","","","","","","","","","","","","","","","","","","","","","","","","","","","",""
"6EQPR3T6","journalArticle","2026","Vrontos, Apostolos; Nitsch, Verena; Mertens, Alexander; Brandl, Christopher","Characterizing EMS-induced haptic weight perceptions: Effects of posture, augmentation parameters, and user variability","IEEE Transactions on Haptics","","","10.1109/TOH.2026.3663216","","","2026","2026-07-17 05:52:16","2026-07-17 05:52:16","","205-216","","1","19","","","","","","","","","","","","","","","","","","","","","augmented reality; Augmented reality; Calibration; Elbow; Electrical muscle stimulation (EMS); Ergonomics; Fatigue; haptic feedback; Haptic interfaces; Medical services; Muscles; Propioception; proprioceptive feedback; user study; virtual reality; Virtual reality; weight perception","","","","","","","","","","","","","","","","","","","","","","","","","","","","","","","","","","","","","","","","","","","","","","",""
"RE6VQBKM","conferencePaper","2025","Pereira, Lucas Alviene; Negrão, Matheus D.; Maciel, Anderson; Torchelsen, Rafael; Nedel, Luciana; Freitas, Carla M. D. S.","Exploring a safe zone-based locomotion method with natural movement and adaptive teleportation for immersive environments","2025 27th symposium on virtual and augmented reality (SVR)","","","10.1109/SVR67689.2025.00047","","","2025","2026-07-17 05:52:16","2026-07-17 05:52:16","","302-310","","","","","","","","","","","","","","","","","","","","","","","","Augmented reality; Correlation; Cybersickness; Faces; Legged locomotion; Locomotion; Navigation; Redirect Walking; Safety; Teleportation; User experience; Virtual environments; Virtual Reality; Zone Teleport","","","","","","","","","","","","","","","","","","","","","","","","","","","","","","","","","","","","","","","","","","","","","","",""
"3YH3KS2X","conferencePaper","2025","Sebastião, José A.; Figueiredo, Lucas S.","NeoEduc: a synchronous AI-driven 3D avatar tutor for middle-school robotics","2025 27th symposium on virtual and augmented reality (SVR)","","","10.1109/SVR67689.2025.00039","","","2025","2026-07-17 05:52:16","2026-07-17 05:52:16","","222-231","","","","","","","","","","","","","","","","","","","","","","","","Adaptive systems; Avatars; Education; Intelligent tutoring; Interviews; large language models; Large language models; Navigation; robotics education; Robots; Three-dimensional displays; Usability; User experience; virtual avatars","","","","","","","","","","","","","","","","","","","","","","","","","","","","","","","","","","","","","","","","","","","","","","",""
"LC2S5CEW","conferencePaper","2025","Lutfallah, Mathieu; Biella, Alessandro; Kunz, Andreas","Hand redirection thresholds in a shooting game","2025 IEEE conference on virtual reality and 3D user interfaces abstracts and workshops (VRW)","","","10.1109/VRW66409.2025.00379","","","2025","2026-07-17 05:52:16","2026-07-17 05:52:16","","1466-1467","","","","","","","","","","","","","","","","","","","","","","","","Conferences; Games; Hand Redirection; Hands; Haptic interfaces; Haptic Retargeting; Perception; Three-dimensional displays; User interfaces; Virtual reality","","","","","","","","","","","","","","","","","","","","","","","","","","","","","","","","","","","","","","","","","","","","","","",""
"LSK764Q8","conferencePaper","2025","Patil, Punashri; Dighe, Sumit; Dikkar, Rushikesh; Gajbhiye, Prathamesh; Shravagi, Sushant","TREND TRY-on: Discover your perfect look with virtual try-ons","2025 third international conference on industry 4.0 technology (i4tech)","","","10.1109/I4Tech64670.2025.11277807","","","2025","2026-07-17 05:52:16","2026-07-17 05:52:16","","1-5","","","","","","","","","","","","","","","","","","","","","","","","body detection; Cameras; Clothing; Deep learning; Electronic commerce; Fitting; image processing; machine learning; Market research; Real-time systems; Three-dimensional displays; Transforms; Visualization; yolov8 algorithm","","","","","","","","","","","","","","","","","","","","","","","","","","","","","","","","","","","","","","","","","","","","","","",""
"YA2F3LF7","conferencePaper","2025","Ye, Zhengkun; Mahdad, Ahmed Tanvir; Wang, Yan; Shi, Cong; Chen, Yingying; Saxena, Nitesh","BPSniff: Continuously surveilling private blood pressure information in the metaverse via unrestricted inbuilt motion sensors","2025 IEEE symposium on security and privacy (SP)","","","10.1109/SP61157.2025.00049","","","2025","2026-07-17 05:52:16","2026-07-17 05:52:16","","4356-4374","","","","","","","","","","","","","","","","","","","","","","","","Biomedical monitoring; Blood flow; blood pressure; Headphones; Long short term memory; metaverse; Metaverse; Monitoring; Motion detection; privacy leakage; Solid modeling; Standards; Vibrations","","","","","","","","","","","","","","","","","","","","","","","","","","","","","","","","","","","","","","","","","","","","","","",""
"6NHN73JK","conferencePaper","2025","Sundaram, Karthic; N, Maheswaran; S, Karthick; S, Vinu","AI-driven dress fitting system using deep learning and immersive technologies","2025 10th international conference on communication and electronics systems (ICCES)","","","10.1109/ICCES67310.2025.11337100","","","2025","2026-07-17 05:52:16","2026-07-17 05:52:16","","1011-1016","","","","","","","","","","","","","","","","","","","","","","","","Accuracy; Body Shape Estimation; Deep learning; Deep Learning; Dress Fit Prediction; Engines; Estimation; Feature extraction; Fitting; Immersive Technologies; Reliability; Shape; Vectors; Visualization","","","","","","","","","","","","","","","","","","","","","","","","","","","","","","","","","","","","","","","","","","","","","","",""
"CGFGXNJK","journalArticle","2025","Wang, Shunbo; Xu, Qing; Schoeffmann, Klaus","Exploring the effects of augmented reality guidance position within a body-fixed coordinate system on pedestrian navigation","IEEE Transactions on Visualization and Computer Graphics","","","10.1109/TVCG.2025.3616773","","","2025","2026-07-17 05:52:16","2026-07-17 05:52:16","","9921-9931","","11","31","","","","","","","","","","","","","","","","","","","","","Annotations; AR guidance position; AR HMDs; body-fixed coordinate system; Data mining; eye movements; Hands; Legged locomotion; Navigation; pedestrian navigation; Pedestrians; Position measurement; Symbols; Training; Visualization","","","","","","","","","","","","","","","","","","","","","","","","","","","","","","","","","","","","","","","","","","","","","","",""
"Y28EAXHP","journalArticle","2026","Kulozik, Julian; Jarrassé, Nathanaël","Assessing the 6-DoF accuracy and robustness of the HTC VIVE ultimate stand-alone inside-out motion tracker: a robot-driven evaluation","IEEE Sensors Journal","","","10.1109/JSEN.2026.3657180","","","2026","2026-07-17 05:52:16","2026-07-17 05:52:16","","8386-8398","","6","26","","","","","","","","","","","","","","","","","","","","","Accuracy; Cameras; Error analysis; Lighting; Meters; motion analysis; motion capture; Motion capture; Motion control; performance evaluation; pose estimation; Robot vision systems; Robots; sensors; Sensors; Tracking","","","","","","","","","","","","","","","","","","","","","","","","","","","","","","","","","","","","","","","","","","","","","","",""
"LSLG93BP","conferencePaper","2026","Sun, Liyuan; Guarese, Renan","Exploring proprioception and spatial awareness during auditory and visual feet guidance in bouldering","2026 IEEE conference on virtual reality and 3D user interfaces abstracts and workshops (VRW)","","","10.1109/VRW70859.2026.00133","","","2026","2026-07-17 05:52:16","2026-07-17 05:52:16","","684-691","","","","","","","","","","","","","","","","","","","","","","","","Amplitude shift keying; Auditory guidance; Augmented Reality; Bouldering; Circuits; Climbing; Diodes; Feedback; Frequency modulation; Graphical user interfaces; Light emitting diodes; Modulation; Proprioception; Protocols; Radio broadcasting; Sonification; Spatial Awareness","","","","","","","","","","","","","","","","","","","","","","","","","","","","","","","","","","","","","","","","","","","","","","",""
"F7WMSSZM","conferencePaper","2025","Shakeel, Muhammad Usama; Ejaz, Aayan; Ashfaq, Hamid; Ahmed, Shakeel; Shaheen, Reema","SyncFit: AI-powered mobile eCommerce application utilising AR for virtual clothing fitting","2025 international conference on artificial intelligence, computer, data sciences and applications (ACDSA)","","","10.1109/ACDSA65407.2025.11165966","","","2025","2026-07-17 05:52:16","2026-07-17 05:52:16","","1-6","","","","","","","","","","","","","","","","","","","","","","","","Accuracy; Artificial Intelligence; Augmented reality; Augmented Reality; Clothing; Machine Learning; Pose estimation; Real-time systems; Rendering (computer graphics); Size Recommendation System; Stability analysis; Statistical analysis; Three-dimensional displays; Usability; Virtual Try-On","","","","","","","","","","","","","","","","","","","","","","","","","","","","","","","","","","","","","","","","","","","","","","",""
"XD6FNMZE","conferencePaper","2025","Chase, Elyse D.Z.; Sullivan, Daziyah H.; O'Malley, Marcia K.","Hands-on or hands-off? Active touch influences multisensory perception of referred haptics","2025 IEEE world haptics conference (WHC)","","","10.1109/WHC64065.2025.11123388","","","2025","2026-07-17 05:52:16","2026-07-17 05:52:16","","321-331","","","","","","","","","","","","","","","","","","","","","","","","Accuracy; force feedback; Haptic interfaces; passive touch; Propioception; Solid modeling; springs; Springs; squeeze; stiffness perception; User experience; Vibrations; virtual environments; Virtual environments; virtual reality (VR); Visualization; wearable devices; Wearable devices; yoked","","","","","","","","","","","","","","","","","","","","","","","","","","","","","","","","","","","","","","","","","","","","","","",""
"74JSFH6L","conferencePaper","2026","Takeuchi, Yuto; Iwai, Daisuke","Multimodal integration of visual masking and phantom sensation for 3D object interaction in hand projection","2026 IEEE conference on virtual reality and 3D user interfaces abstracts and workshops (VRW)","","","10.1109/VRW70859.2026.00110","","","2026","2026-07-17 05:52:16","2026-07-17 05:52:16","","569-573","","","","","","","","","","","","","","","","","","","","","","","","Circuits; Circuits and systems; Communications technology; Contacts; Feedback; HTTP; human augmentation; Modulation; phantom sensation; projected hand; Protocols; Spatial augmented reality; Speckle; Switching systems","","","","","","","","","","","","","","","","","","","","","","","","","","","","","","","","","","","","","","","","","","","","","","",""
"HM76RAC4","conferencePaper","2025","Zhang, Jian; Buckingham, Gavin; Johal, Wafa; Knibbe, Jarrod","ThumbShift: Modulating perceived object properties through dynamic thumb repositioning","2025 IEEE international symposium on mixed and augmented reality (ISMAR)","","","10.1109/ISMAR67309.2025.00067","","","2025","2026-07-17 05:52:16","2026-07-17 05:52:16","","571-581","","","","","","","","","","","","","","","","","","","","","","","","Augmented reality; Collaboration; Dynamics; Estimation; Force; Grasping; Hands; Haptic interfaces; perceptual illusion; pseudo-haptics; Real-time systems; Thumb; virtual reality; visuo-haptic perception","","","","","","","","","","","","","","","","","","","","","","","","","","","","","","","","","","","","","","","","","","","","","","",""
"IS3VDVAX","conferencePaper","2025","Mane, Deepak; Patthe, Aaditya; Pawar, Kunal; Nikam, Poonam; Pawar, Sejal","StyleSnap: Revolutionizing fashion with virtual try-on technology","2025 IEEE 7th international conference on cybernetics, cognition and machine learning applications (ICCCMLA)","","","10.1109/ICCCMLA66092.2025.11580908","","","2025","2026-07-17 05:52:16","2026-07-17 05:52:16","","1-6","","","","","","","","","","","","","","","","","","","","","","","","ALIAS Generator; Clothing; Clothing Segmentation; Deep Learning; Electronic commerce; Fashion Technology; Feed in tariff; Fitting; Geometric Matching Module; Human Pose Estimation; Modeling; Modules (abstract algebra); Printing; Three-dimensional displays; Timing; Virtual Try-On; Visualization","","","","","","","","","","","","","","","","","","","","","","","","","","","","","","","","","","","","","","","","","","","","","","",""
"A6SWNLED","conferencePaper","2026","Lin, Haihan; Pan, Ye; Li, Nianlong; Lv, Wanjun; Han, Teng; Tian, Feng","AniXDim: Integrating cross-dimensional interaction into desktop character animation workflows","2026 IEEE conference on virtual reality and 3D user interfaces (VR)","","","10.1109/VR67842.2026.00059","","","2026","2026-07-17 05:52:16","2026-07-17 05:52:16","","380-390","","","","","","","","","","","","","","","","","","","","","","","","3D interface; Brushes; Circuits; Cross-device interaction; Feedback; Filtering; Filters; Index Terms: Character Animation; Low-pass filters; Millimeter wave integrated circuits; MIMICs; Mixed Reality; Monolithic integrated circuits; Motion pictures; Pose Authoring","","","","","","","","","","","","","","","","","","","","","","","","","","","","","","","","","","","","","","","","","","","","","","",""
"E253X4U9","conferencePaper","2026","Shin, Soyong; Pahuja, Anuj; Richard, Alexander; Kitani, Kris; Saragih, Jason; Chen, Yuhua; Xu, Weipeng; Halilaj, Eni; Bagautdinov, Timur","EgoMDM: Diffusion-based human motion synthesis from sparse egocentric sensors","2026 international conference on 3D vision (3DV)","","","10.1109/3DV69130.2026.00085","","","2026","2026-07-17 05:52:16","2026-07-17 05:52:16","","839-848","","","","","","","","","","","","","","","","","","","","","","","","ar/vr; computer vision; Computer vision; Computers; Conferences; diffusion model; Foot; Grounding; human motion; Joints; Modeling; Printing; Shape; Tracking","","","","","","","","","","","","","","","","","","","","","","","","","","","","","","","","","","","","","","","","","","","","","","",""
"B8F75BRF","journalArticle","2025","Wei, Tingting; Sukhbayar, Battsooj; Cao, Lei","Motion capture using GCN and multi-scale features in virtual human animation","IEEE access : practical innovations, open solutions","","","10.1109/ACCESS.2025.3641607","","","2025","2026-07-17 05:52:16","2026-07-17 05:52:16","","208748-208762","","","13","","IEEE Access","","","","","","","","","","","","","","","","","","","Accuracy; Adaptation models; animation; Animation; Convolution; Dynamics; Feature extraction; graph convolutional network; Mathematical models; motion capture; Motion capture; multi-scale feature fusion; Solid modeling; Spatiotemporal phenomena; Virtual human-driven","","","","","","","","","","","","","","","","","","","","","","","","","","","","","","","","","","","","","","","","","","","","","","",""
"XTHFP2U4","conferencePaper","2025","Naini, Abinay Reddy; Zheng, Zhaobo K.; Misu, Teruhisa; Akash, Kumar","Self-supervised learning-based multimodal prediction on prosocial behavior intentions","ICASSP 2025 - 2025 IEEE international conference on acoustics, speech and signal processing (ICASSP)","","","10.1109/ICASSP49660.2025.10890650","","","2025","2026-07-17 05:52:16","2026-07-17 05:52:16","","1-5","","","","","","","","","","","","","","","","","","","","","","","","Human computer interaction; Intelligent vehicles; Multimodal Machine Learning; Physiology; Pipelines; Pre-trained Model; Predictive models; Prosocial Behaviors; Roads; Self-supervised learning; Self-Supervised Learning; Signal processing; Speech processing; Transformers","","","","","","","","","","","","","","","","","","","","","","","","","","","","","","","","","","","","","","","","","","","","","","",""
"ICV6DS76","journalArticle","2025","Boban, Loën; Boulic, Ronan; Herbelin, Bruno","An embodied body morphology task for investigating self-avatar proportions perception in Virtual Reality","IEEE Transactions on Visualization and Computer Graphics","","1941-0506","10.1109/TVCG.2025.3549123","","The perception of one's own body is subject to systematic distortions and can be influenced by exposure to visual stimuli showing distorted bodies. In Virtual Reality (VR), echoing such body judgment inaccuracies, avatars with strong appearance dissimilarities with respect to users' bodies can be successfully embodied. The present experimental work investigates, in the healthy population, the perception of the own body in immersive and embodied VR, as well as the impact of being co-present with virtual humans on such self-perception. Participants were successively presented with different avatars, corresponding to various upper- and lower-body proportions, and were asked to compare them with their perceived own body morphology. To investigate the influence of co-present virtual humans on this judgment, the task was performed in co-presence with virtual agents corresponding to various body appearances. Results show an overall overestimation of one's leg length and no influence of the co-present agent's appearance. Importantly, the embodiment scores reflect such body morphology judgment inaccuracy, with participants reporting lower levels of embodiment for avatars with very short legs than for avatars with very long legs. Our findings suggest specifics of embodied body judgment methods, likely resulting from the experience of embodying the avatar as compared to visual appreciation only.","2025-05","2026-07-17 05:52:56","2026-07-17 05:52:56","","3077-3086","","5","31","","","","","","","","","","","","","","","","","","","","","Avatars; body image; body schema; dissimilar avatars; Distortion; Legged locomotion; Mirrors; Morphology; Reflection; sense of embodiment; Shape; Systematics; Virtual environments; Virtual reality; Visualization","","","","","","","","","","","","","","","","","","","","","","","","","","","","","","","","","","","","","","","","","","","","","","",""
"V62WM47Q","conferencePaper","2025","Bartlett, Kristin A.; Krogmeier, Claudia","Observations on virtual reality avatar alignment with research participants’ skin tone and gender","2025 IEEE conference virtual reality and 3D user interfaces (VR)","","2642-5254","10.1109/VR59515.2025.00053","","Previous research has drawn attention to the fact that Virtual Reality (VR) technology is primarily designed around the interests and needs of male, western, educated, and wealthy individuals. In this paper, we look specifically at the avatars used in VR research. We analyzed 40 recent studies in which research participants embodied full avatars or were given virtual hands. While nearly every study matched the gender of the participant to the gender of the avatar, similar efforts were not made regarding skin color. We draw attention to two serious problems in VR research: the explicit and implicit exclusion of participants on the basis of skin color through avatar design. Explicit exclusion, in which only participants whose skin tones matched the light-skinned avatar were recruited occurred in 5","2025-03","2026-07-17 05:52:56","2026-07-17 05:52:56","","288-295","","","","","","","","","","","","","","","","","","","","","","","","Avatars; Color; Design justice; Diversity and Gender issues; Embodiment; Gender issues; Hands; Race; Skin; Skin color; Standards; Surveys; Three-dimensional displays; Trajectory; User interfaces; Virtual reality","","","","","","","","","","","","","","","","","","","","","","","","","","","","","","","","","","","","","","","","","","","","","","",""
"BFWW2SAC","journalArticle","2025","Henry, Jackson; Canales, Ryan; Stolarski, Catherine; Adkins, Alex; Venkatakrishnan, Rohith; Venkatakrishnan, Roshan; Jörg, Sophie","Does hand size matter? The effect of avatar hand size on non-verbal communication in virtual reality","IEEE Transactions on Visualization and Computer Graphics","","1941-0506","10.1109/TVCG.2025.3549894","","Virtual reality (VR) has increasingly become a popular platform for socializing and collaborating remotely because it enables both verbal and nonverbal aspects of communication through the use of embodied avatars. However, such avatars are not typically adjusted to match the proportions of the user, leading to inaccuracies which might diminish experiences involving nonverbal communication. Therefore, in this paper, we investigated the impact that out-of-proportion avatar hands (relative to the user's hands) have on nonverbal communication and collaboration in VR. We designed an experiment based on the game “charades”, wherein two users nonverbally interact with each other trying to communicate and guess words. In a within-subjects study with 72 participants (36 dyads), participants' avatar hands were scaled to be 25","2025-05","2026-07-17 05:52:56","2026-07-17 05:52:56","","3161-3171","","5","31","","","","","","","","","","","","","","","","","","","","","Animation; Atmospheric measurements; avatars; Avatars; body proportions; Collaboration; communication; embodiment; Hands; Particle measurements; Tracking; User experience; Video conferencing; Virtual environments; virtual reality; Visualization","","","","","","","","","","","","","","","","","","","","","","","","","","","","","","","","","","","","","","","","","","","","","","",""
"359NP9EE","journalArticle","2026","Khan, Omar A.; Kum, Junyeong; Nam, Hyeongil; Lee, Myungho; Kim, Kangsoo","Influence of avatar appearance and target distance on locomotion method selection in virtual reality","IEEE Transactions on Visualization and Computer Graphics","","1941-0506","10.1109/TVCG.2026.3679092","","Room-scale locomotion in VR can promote physical movement to combat the negative effects of a sedentary lifestyle. Therefore, it is useful to investigate factors which may motivate users to walk instead of teleport. In a within-subjects study with 24 participants, we investigated the effects of avatar appearance and target distance on users' locomotion behavior, when given the option to either walk or teleport. In particular, we manipulated three aspects of avatar appearance-body completeness (full-body vs upper-body only), body weight (normal vs obese), and clothing (casual vs superhero armor), and we provided three target distances (1.5 meters, 3.0 meters, and 4.5 meters). We found that avatar obesity decreased willingness to walk, but only for full-body avatars. We also found that close target distances encouraged more walking than teleporting, up to a certain threshold distance. Additionally, we found that users' perceived similarity to their avatar correlated with their willingness to walk. Our findings can be applied to motivate users to walk more in VR, such as in VR exergames.","2026-05","2026-07-17 05:52:56","2026-07-17 05:52:56","","4668-4677","","5","32","","","","","","","","","","","","","","","","","","","","","Affordances; appearance; avatars; Avatars; Clothing; exergames; Games; Legged locomotion; locomotion; Meters; Navigation; Obesity; proteus effect; Teleportation; User experience; Virtual reality","","","","","","","","","","","","","","","","","","","","","","","","","","","","","","","","","","","","","","","","","","","","","","",""
"F2ZZUE78","conferencePaper","2025","Okada, Kotaro; Matsui, Kazuhiro; Fujii, Ruu; Kojima, Ryoma; Atsuumi, Keita; Hirai, Hiroaki; Nishikawa, Atsushi","Impact of virtual self-touch on the embodiment of avatars with different body sizes","2025 IEEE conference on virtual reality and 3D user interfaces abstracts and workshops (VRW)","","","10.1109/VRW66409.2025.00262","","This study explores the impact of our developed virtual self-touch (VST), where participants touch an avatar as a substitute body and receive haptic feedback, on updating the body schema for intervention in motor control strategies. VST was tested with ten participants using avatars of normal size and those with elongated forearms. The effectiveness of the method was evaluated using perceptual drift and reaching tasks, comparing VST to the arm swing task (AST). The results showed that VST enhanced perceptual drift and affected motor control strategy more than AST, suggesting its role in altering the body schema. The effect of this motor control strategy leads to rehabilitation.","2025-03","2026-07-17 05:52:56","2026-07-17 05:52:56","","1232-1233","","","","","","","","","","","","","","","","","","","","","","","","Avatars; Body Schema; Conferences; Embodiment; Haptic; Haptic interfaces; Life and medical sciences; Motor drives; Protocols; Three-dimensional displays; User interfaces; Virtual reality; Virtual Self-Touch","","","","","","","","","","","","","","","","","","","","","","","","","","","","","","","","","","","","","","","","","","","","","","",""
"UVC6XREE","journalArticle","2026","Dufresne, Florian; Gorisse, Geoffrey; Christmann, Olivier","Characterizing device transitions and their impact on presence, embodiment and avatar identification in cross-platform virtual environments","IEEE Transactions on Visualization and Computer Graphics","","1941-0506","10.1109/TVCG.2026.3668931","","Cross-platform virtual environments allow users to experience interactive virtual places from a variety of peripherals, such as mobiles, computers or virtual reality headsets. These devices offer different interactivity and immersion levels, which shape the subjective experience of presence in the virtual space. Moreover, users may be provided with virtual representations, or avatars, to evolve in the environment. Controlling such avatars will likely induce a sense of embodiment and an identification toward these representations. When using cross-platform applications, users may have to transpose their experience across different devices, likely transporting their avatar and prior experience with them. In this context, understanding the impact of device transitions and prior experience may have over user experience constructs appears critical. We designed an experiment to explore their effects, which primarily unveiled that transitioning from high-immersion devices to low-immersion ones causes a significant drop in users’ sense of presence, embodiment and identification. These results are supposedly due to a comparison effect between devices emphasized by the strong expectations created by the first exposure in VR. Our study further unveiled a strong connection between the sense of embodiment and character identification demonstrated by statistical correlations. It finally confirmed that identification may persist across devices and exposures, shedding light on this avatar-related construct for research on cross-device realities.","2026-07","2026-07-17 05:52:56","2026-07-17 05:52:56","","5564-5576","","7","32","","","","","","","","","","","","","","","","","","","","","Avatars; Computers; cross-platform; embodiment; identification; Media; mobile; persistence; presence; Psychology; Resists; Sensitivity; Switches; TV; User experience; Virtual environment; Virtual environments; virtual reality","","","","","","","","","","","","","","","","","","","","","","","","","","","","","","","","","","","","","","","","","","","","","","",""
"YM6A9Y33","conferencePaper","2026","Lai, Kaylee; Andersen, Ryan; Buck, Lauren","User experience and performance during immersive avatar customization","2026 IEEE conference on virtual reality and 3D user interfaces abstracts and workshops (VRW)","","","10.1109/VRW70859.2026.00216","","In this work, we present a methodology that treats avatar customization as a measurable cognitive-perceptual task and report results from a pilot study examining how presenting the same customization interface across different mediums affects user experience and performance. Participants completed an avatar target matching task on either a tablet or a VR headset. Interaction metrics, subjective workload and usability measures, and similarity ratings were analyzed. While subjective measures did not differ substantially, preliminary results showed VR users tended to perform fewer actions and take longer between actions. We discuss implications for future studies investigating immersive customization interface design.","2026-03","2026-07-17 05:52:56","2026-07-17 05:52:56","","1083-1084","","","","","","","","","","","","","","","","","","","","","","","","Amplitude modulation; Amplitude shift keying; avatar customization; Avatars; Graphical user interfaces; HTTP; pilot study; Protocols; usability; virtual reality; workload","","","","","","","","","","","","","","","","","","","","","","","","","","","","","","","","","","","","","","","","","","","","","","",""
"TNB8L8PH","journalArticle","2026","Lefrou, Titouan; Lefeuvre, Théo; Dufresne, Florian; Dubosc, Charlotte; Christmann, Olivier; Gorisse, Geoffrey","I have a claw! Impact of embodying a biomimetic avatar on self-perception and task performance in virtual reality","IEEE Transactions on Visualization and Computer Graphics","","1941-0506","10.1109/TVCG.2026.3693261","","Embodied representations are known to influence user behavior in virtual environments through stereotypes associated with their appearance, a phenomenon known as the Proteus effect, or through perceived affordances. The latter concept refers to the suggested ways of interacting with the environment as perceived by the capabilities of the user’s virtual representation. The inherent ability of virtual reality to support non-anthropomorphic avatars, enabling new interaction modalities, paves the way for a deeper understanding of affordances in virtual environments. We designed an experiment to assess the effect of embodying a chimeric hand (crab claw), compared to a regular hand, on participants’ sense of embodiment, presence, character plausibility, mental workload, and behavior. Following a within-subject design, participants took part in a gamified task consisting of finding a key in a wrecked pirate ship. As the key could be hidden in containers of different durability, their strategy (opening or destroying objects) was used as an objective measure. Results indicated a high perceived usability and a low mental workload with both virtual limbs. Participants also performed hitting actions more frequently when using the biomimetic limb than when using the humanoid hand representation. A higher perceived change in the body schema was reported when embodying the crab claw, but a higher sense of body ownership and agency were observed with the anthropomorphic hand. Results revealed no significant difference in terms of plausibility.","2026-07","2026-07-17 05:52:56","2026-07-17 05:52:56","","7046-7057","","7","32","","","","","","","","","","","","","","","","","","","","","affordance; Affordances; agency; avatar; Avatars; behavior; biomimetic; Biomimetics; body ownership; Containers; Design methodology; embodiment; Hands; Limbs; proteus effect; Testing; Virtual environments; Virtual reality","","","","","","","","","","","","","","","","","","","","","","","","","","","","","","","","","","","","","","","","","","","","","","",""
"WDNL9XBI","conferencePaper","2025","Elliott, Thomas C.; Yang, Yanzhuo; Knibbe, Jarrod; Henry, Julie D.; Baghaei, Nilufar","Customizing stylized avatars for self-compassion: Design impacts in virtual reality therapy","2025 IEEE international symposium on mixed and augmented reality adjunct (ISMAR-adjunct)","","2771-1110","10.1109/ISMAR-Adjunct68609.2025.00112","","Virtual Reality (VR) presents a promising platform for delivering self-compassion interventions, yet optimal design strategies for avatars remain unclear—particularly in emotionally sensitive contexts such as depression therapy. This paper explores how avatar stylization and customization affect user experience and therapeutic outcomes in immersive individualized VR (iVR). We conducted two user studies within an iVR self-compassion therapy system. Study 1 introduced fixed stylized avatars, while Study 2 added self-resembling avatar customization. Results from the User Experience Questionnaire (UEQ) and Self-Compassion Scale (SCS) revealed that stylized avatars were well received, avoiding uncanny valley effects while maintaining usability. Customization did not significantly alter overall user experience but led to a moderate improvement in self-compassion scores. Qualitative feedback highlighted trade-offs between emotional safety and fidelity expectations. Our findings suggest that stylized, customizable avatars can support therapeutic engagement without requiring high realism, offering design insights for emotionally sensitive iVR interventions.","2025-10","2026-07-17 05:52:56","2026-07-17 05:52:56","","557-560","","","","","","","","","","","","","","","","","","","","","","","","Augmented reality; avatar customization; Avatars; Depression; embodiment; individualized VR (iVR); Medical treatment; mental health; Mental health; Safety; self-compassion; stylized avatars; therapeutic design; Usability; User experience; user experience (UX); vHealth; Virtual Reality (VR)","","","","","","","","","","","","","","","","","","","","","","","","","","","","","","","","","","","","","","","","","","","","","","",""
"G88HXP3I","conferencePaper","2026","Mizutani, Kenji; Nagata, Hiroyuki; Obayashi, Seika; Tazawa, Kentaro","The effects of conversational avatar appearance and voice volume on perceived distance in virtual reality","2026 IIEEJ international conference on image electronics and visual computing (IEVC)","","","10.1109/IEVC69170.2026.11508449","","The use of AI in VR psychological counseling is being explored. One approach being considered is to use a robot avatar rather than a human-like one to indicate that the conversation partner is an AI. This study measured the space participants perceived as “conversationally appropriate” when responding to greetings from avatars, examining how combinations of appearance and vocal volume influence interpersonal space (IPS). The average IPS showed a trend of “speaker ¡ human ¡ robot.” The main effect of voice volume was significant, with IPS increasing as volume rose. At moderate volume levels, the difference in IPS between humans and robots decreased. The results of this study provide design guidelines for VR counseling using robots.","2026-03","2026-07-17 05:52:56","2026-07-17 05:52:56","","1-4","","","","","","","","","","","","","","","","","","","","","","","","Avatars; counseling; Distance measurement; Employee welfare; interpersonal space; IP networks; Media; Printing; Robots; virtual reality; voice volume","","","","","","","","","","","","","","","","","","","","","","","","","","","","","","","","","","","","","","","","","","","","","","",""
"9BFLSLEX","journalArticle","2025","Khan, Omar; Nam, Hyeongil; Kim, Kangsoo","Impact of avatar-locomotion congruence on user experience and identification in virtual reality","IEEE Transactions on Visualization and Computer Graphics","","1941-0506","10.1109/TVCG.2025.3616836","","As virtual reality (VR) continues to expand, particularly in social VR platforms and immersive gaming environments, understanding the factors that shape user experience is becoming increasingly important. Avatars and locomotion methods play central roles in influencing how users identify with their virtual representations and navigate virtual spaces. Despite extensive research on these elements individually, their relationship remains underexplored. In particular, little is known about how congruence between avatar appearance and locomotion method affects user perceptions. This study investigates the impact of avatar-locomotion congruence on user experience and avatar identification in VR. We conducted a within-subjects experiment with 30 participants, employing two visually distinct avatar types (human and gorilla) and two locomotion methods (human-like arm-swinging and gorilla-like arm-rolling), to assess their individual and combined effects. Our results indicate that congruence between avatar appearance and locomotion method enhances both avatar identification and user experience. These findings contribute to the understanding of the relationship between avatars and locomotion in VR, with potential applications in enhancing user experience in immersive gaming, social VR, and gamified remote physical therapy.","2025-11","2026-07-17 05:52:56","2026-07-17 05:52:56","","9878-9888","","11","31","","","","","","","","","","","","","","","","","","","","","appearance; avatar identification; avatars; Avatars; Data mining; Games; gamification; Legged locomotion; locomotion; Navigation; Teleportation; Training; user experience; User experience; Virtual environments; Virtual reality; Visualization","","","","","","","","","","","","","","","","","","","","","","","","","","","","","","","","","","","","","","","","","","","","","","",""
"HERR7TCA","journalArticle","2025","Berrezueta-Guzman, Santiago; Wagner, Stefan","Immersive multiplayer VR: Unreal engine’s strengths, limitations, and future prospects","IEEE access : practical innovations, open solutions","","2169-3536","10.1109/ACCESS.2025.3570166","","Virtual Reality (VR) has revolutionized digital interactions, particularly in multiplayer games, where players engage in immersive experiences that foster social connectivity and collaboration. Unreal Engine is at the core of this evolution, a powerful development platform known for its advanced networking tools, VR-specific capabilities, and seamless cross-platform support. Unreal Engine’s cross-platform support also ensures accessibility and scalability across diverse devices. This paper analyzes Unreal Engine’s role in advancing multiplayer VR development, focusing on its ability to create immersive environments that enhance user engagement and social interaction. We examined key features such as real-time networking for seamless communication, detailed avatar customization, and realistic environmental rendering, all contributing to an enhanced sense of presence. Beyond its technical features, this research identifies key challenges in multiplayer VR gaming, including latency, scalability, and ethical concerns related to inclusivity and user privacy. We propose future directions to address these issues, such as integrating artificial intelligence (AI), enhancing haptic feedback, and optimizing large-scale VR projects. By bridging these gaps, Unreal Engine can strengthen its role as a pioneering platform for social interaction, education, and collaboration in virtual spaces. This study also evaluates Unreal Engine’s effectiveness in facilitating social interaction and compares its capabilities with alternative platforms. The findings highlight best practices for VR game developers and provide recommendations to enhance user engagement and accessibility, ensuring that multiplayer VR continues to evolve as a transformative medium.","2025","2026-07-17 05:52:56","2026-07-17 05:52:56","","85597-85612","","","13","","IEEE Access","","","","","","","","","","","","","","","","","","","AI-driven VR interactions; avatar customization; Avatars; Collaboration; cross-platform VR development; Engines; Ethics; Focusing; Games; haptic feedback in VR; Haptic interfaces; immersive environments; literature review; multiplayer virtual reality (VR); Real-time systems; real-time VR communication; Scalability; scalability in multiplayer VR; social interaction in VR; Systematic literature review; unreal engine","","","","","","","","","","","","","","","","","","","","","","","","","","","","","","","","","","","","","","","","","","","","","","",""
"WEEARA64","conferencePaper","2025","Lee, Jeongmin; Chen, Yuetong; Gillies, Marco; Pan, Xueni","The effect of child and adult avatars on spatial perception in urban-scale virtual environment","2025 IEEE international conference on artificial intelligence and eXtended and virtual reality (AIxVR)","","2771-7453","10.1109/AIxVR63409.2025.00012","","Spatial perception varies significantly between large-scale environments and smaller, object- or room-scale settings. Individuals process and interpret space differently depending on its scale, using their own bodies as reference points. In order to study spatial cognition as it applies to urban environments, it is vital to study it at a suitable scale and in people navigating those environments. Virtual Reality (VR) provides a way to study our spatial cognition in realistic, large-scale urban environments that participants are able to navigate freely. This paper presents a methodology for studying spatial cognition of large-scale virtual urban environments, including three novel tasks that address spatial memory (memory of landmarks and navigation paths) and preferences for urban features (deleting or adding features). This study applies this methodology to investigate the differences in spatial perception, memory, and layout preferences between people embodied in child and adult avatars. This is an interesting problem, as it opens up the possibility of allowing adults to understand how children experience urban environments differently. Using Virtual Reality, participants experienced an urban-scale environment while embodied in either a child or an adult in a full-body avatar and then undertook our spatial memory and preference tasks. The study showed no difference in the memory tasks, though the participants in child avatars deleted more features. This suggests that there is no evidence that embodiment as a child affects spatial cognition but that it might allow participants to detect more problems with an environment.","2025-01","2026-07-17 05:52:56","2026-07-17 05:52:56","","19-26","","","","","","","","","","","","","","","","","","","","","","","","Artificial intelligence; Avatars; body size; Cognition; embodiment; Layout; Navigation; Spatial cognition; spatial memory; spatial perception; Urban planning; virtual avatar; Virtual environments","","","","","","","","","","","","","","","","","","","","","","","","","","","","","","","","","","","","","","","","","","","","","","",""
"NB8ZHFR9","conferencePaper","2025","Zhao, Yue; Lindeman, Robert W.; Piumsomboon, Thammathip","Daddy long legs: a scale and speed up virtual reality locomotion technique for medium-scale scenarios","2025 IEEE conference virtual reality and 3D user interfaces (VR)","","2642-5254","10.1109/VR59515.2025.00057","","Locomotion techniques are essential to enhance the sense of presence or ""being there"" in virtual reality. This research proposes a novel technique, ""Daddy Long Legs"" (DLL), for navigating medium-scale virtual environments. DLL builds on principles from Seven-league Boots (7LB) and Ground-level Scaling (GLS), aiming to enhance positional accuracy by offering an elevated perspective while preserving immersion through maintaining the user's interpupillary distance. A user study (n = 24) compared three methods across comfort, embodiment, workload, and walking behavior. Participants completed walking tasks in a virtual garden, followed by questionnaires and interviews to capture their experiences. Results show that DLL outperformed 7LB in all measures. However, GLS was noted for its near-natural walking behavior, received the most favorable feedback, and was the preferred locomotion method.","2025-03","2026-07-17 05:52:56","2026-07-17 05:52:56","","329-339","","","","","","","","","","","","","","","","","","","","","","","","Accuracy; Atmospheric measurements; Ground-level Scaling; Interviews; Legged locomotion; Locomotion Technique; Navigation; Particle measurements; Scaled Walking; Seven-league Boots; Three-dimensional displays; User interfaces; Virtual environments; Virtual Reality","","","","","","","","","","","","","","","","","","","","","","","","","","","","","","","","","","","","","","","","","","","","","","",""
"YXACL9H4","conferencePaper","2025","Moyen, Sophia Bianchi; Krohn, Rickmer; Lueth, Sophie; Pompetzki, Kay; Peters, Jan; Prasad, Vignesh; Chalvatzaki, Georgia","The role of embodiment in intuitive whole-body teleoperation for mobile manipulation","2025 IEEE-RAS 24th international conference on humanoid robots (humanoids)","","2164-0580","10.1109/Humanoids65713.2025.11203105","","Intuitive Teleoperation interfaces are essential for mobile manipulation robots to ensure high quality data collection while reducing operator workload. A strong sense of embodiment combined with minimal physical and cognitive demands not only enhances the user experience during largescale data collection, but also helps maintain data quality over extended periods. This becomes especially crucial for challenging long-horizon mobile manipulation tasks that require whole-body coordination. We compare two distinct robot control paradigms: a coupled embodiment integrating arm manipulation and base navigation functions, and a decoupled embodiment treating these systems as separate control entities. Additionally, we evaluate two visual feedback mechanisms: immersive virtual reality and conventional screen-based visualization of the robot's field of view. These configurations were systematically assessed across a complex, multi-stage task sequence requiring integrated planning and execution. Our results show that the use of VR as a feedback modality increases task completion time, cognitive workload, and perceived effort of the teleoperator. Coupling manipulation and navigation leads to a comparable workload on the user as decoupling the embodiments, while preliminary experiments suggest that data acquired by coupled teleoperation leads to better imitation learning performance. Our holistic view on intuitive teleoperation interfaces provides valuable insight into collecting high-quality, high-dimensional mobile manipulation data at scale with the human operator in mind.","2025-09","2026-07-17 05:52:56","2026-07-17 05:52:56","","585-592","","","","","","","","","","","","","","","","","","","","","","","","Data collection; Humanoid robots; Navigation; Robot control; Robot kinematics; Robot sensing systems; Teleoperators; User experience; Virtual reality; Visualization","","","","","","","","","","","","","","","","","","","","","","","","","","","","","","","","","","","","","","","","","","","","","","",""
"SQJXCYP8","conferencePaper","2025","Giangualano, Antonella; Boffi, Paolo; Osimo, Sofia Adelaide; Yavari, Mona; Gabbiadini, Alessandro; Lanzi, Pier Luca; Gallace, Alberto","Embodiment in nature: How avatar choice shapes an underwater virtual reality experience","2025 IEEE international conference on metrology for eXtended reality, artificial intelligence and neural engineering (MetroXRAINE)","","","10.1109/MetroXRAINE66377.2025.11340450","","Immersive Virtual Reality (IVR) applications are increasingly used to foster environmental awareness and promote pro-environmental behaviors by reducing psychological distance and enhancing nature-connectedness. In this study, we investigated how different avatars, in an underwater educational IVR experience, influence users' Sense of Embodiment (SoE), measured through self-reported and physiological measures (Electrodermal Activity – EDA). Results showed that the Sense of Agency plays a key role in enhancing overall SoE, raising it when users embody an avatar capable of free movement and interaction. Conversely, restricted interactivity resulted in higher EDA, suggesting that this may be due to the frustration caused by the unmet desire to move and explore.","2025-10","2026-07-17 05:52:56","2026-07-17 05:52:56","","506-511","","","","","","","","","","","","","","","","","","","","","","","","Avatars; Climate change; Climate Change; Embodiment; Human-Computer Interaction; Immersive learning; Immersive Virtual Reality; Particle measurements; Physiological Measures; Physiology; Plastics; Psychology; Shape; Shape measurement; Solid modeling","","","","","","","","","","","","","","","","","","","","","","","","","","","","","","","","","","","","","","","","","","","","","","",""
"B8R364P8","conferencePaper","2026","Ishige, Tomoya; Matsumoto, Shunya; Mizutani, Kenji","Effects of observation distance and impact sound frequency variations on weight perception in virtual reality","2026 IIEEJ international conference on image electronics and visual computing (IEVC)","","","10.1109/IEVC69170.2026.11508350","","Presenting weight perception without physical objects in virtual reality (VR) is a significant challenge. This study explored how observation distance and impact sound frequency influence weight perception in VR environments. Using a standardized metallic impact sound with frequency variations (0.5 times, 1.0 times, 1.5 times), participants evaluated weight perception under five conditions combining observation distance and impact sound frequency. Results showed that weight perception decreased with greater observation distance for the same sound, and that low frequency sounds consistently enhanced weight perception. These findings emphasize the importance of both visual and auditory cues in weight perception formation and provide practical insights for designing immersive VR experiences, particularly in rehabilitation and remote operation contexts.","2026-03","2026-07-17 05:52:57","2026-07-17 05:52:57","","1-4","","","","","","","","","","","","","","","","","","","","","","","","cross-modal illusion; Distance measurement; Frequency; observation distance; Printing; Standards; Timing; virtual reality; Visualization; weight perception","","","","","","","","","","","","","","","","","","","","","","","","","","","","","","","","","","","","","","","","","","","","","","",""
"CQQXFP75","journalArticle","2026","Shivakumar, Vyomakesh; Kohm, Kristopher C.; Robb, Andrew C.; Pagano, Christopher C.; Babu, Sabarish V.","Beyond the self: Avatar anthropomorphic fidelity and calibration effects on judging others' interpersonal horizontal reachability in VR","IEEE Transactions on Visualization and Computer Graphics","","1941-0506","10.1109/TVCG.2026.3679904","","Effective collaboration in Virtual Reality depends on users' ability to accurately perceive the affordances of others within a shared space. This paper presents the first empirical investigation of how people judge others' reaching capabilities in Immersive Virtual Environments (IVEs). We examined whether observers can reliably estimate the maximum horizontal reach distance of virtual actors, how different actor representations influence these perceptual judgments, and whether calibration feedback can improve estimation accuracy. Participants (N=35) judged the reachability of objects for virtual actors across three visual fidelity conditions: high-fidelity, low-fidelity, and end-effector-only representations. Results demonstrate that users can successfully estimate others' horizontal reachability in IVEs, though with overestimation. Calibration through action feedback significantly improved estimation accuracy, with overestimation decreasing across trials. Visual fidelity showed no main effect on initial reachability judgments but significantly affected postcalibration performance, with low-fidelity representations demonstrating significantly better calibration outcomes compared to high-fidelity avatars, while end-effector-only representations showed no significant difference from either condition. The findings contribute to the social perception literature in Virtual Reality (VR) and to provide design guidelines for avatar systems in collaborative virtual environments, where spatial coordination and shared action planning are critical.","2026-05","2026-07-17 05:52:57","2026-07-17 05:52:57","","4503-4513","","5","32","","","","","","","","","","","","","","","","","","","","","affordance perception; Amplitude modulation; Amplitude shift keying; Apertures; avatar fidelity; Avatars; calibration; Central Processing Unit; Circuits; Contacts; Electronic mail; Feedback; Graphical user interfaces; interpersonal affordance; reachability judgment; spatial perception; virtual humans; Virtual reality","","","","","","","","","","","","","","","","","","","","","","","","","","","","","","","","","","","","","","","","","","","","","","",""
"73JW7Y9Y","journalArticle","2026","Corrò, Christian; Chittaro, Luca","The integration of interactive psychoeducation and agent embodiment in virtual reality training: An evaluation on breathing techniques","IEEE Transactions on Learning Technologies","","1939-1382","10.1109/TLT.2026.3683471","","Immersive virtual reality (VR) is increasingly used in education for its ability to create engaging learning experiences. However, VR-based systems for skill acquisition, especially in the health domain, often lack adequate educational foundations, potentially limiting their effectiveness. To address this limitation, this article investigates an interactive psychoeducation that incorporates users’ real-time physiological signals. Moreover, given the growing use of virtual agents in education and their potential to enhance psychoeducation delivery through natural human-like interactions, this article also studies the role of virtual agent embodiment as a second variable. We conducted a 2 × 2 between-subjects study (n = 56) using a VR-based breathing training system, varying the presence of psychoeducation and virtual agent embodiment to assess their individual and combined impacts on users’ self-efficacy, motivation, attention, social presence, and performance of the taught skill. Results revealed that psychoeducation significantly enhanced self-efficacy and motivation, particularly by increasing participants’ interest in, and perceived value of, the experience, while agent embodiment improved social presence, relatedness, and skill performance. These findings show that interactive psychoeducation and embodied virtual agents can enhance complementary aspects of VR-based training effectiveness.","2026","2026-07-17 05:52:57","2026-07-17 05:52:57","","404-417","","","19","","","","","","","","","","","","","","","","","","","","","Amplitude modulation; Amplitude shift keying; Application specific integrated circuits; Breathing training; Central Processing Unit; Circuits; Communication systems; Computer networks; embodiment; Feedback; Protocols; psychoeducation; System-on-chip; user study; virtual agent; virtual reality (VR)","","","","","","","","","","","","","","","","","","","","","","","","","","","","","","","","","","","","","","","","","","","","","","",""
"NIJYLQN6","conferencePaper","2025","Takenaka, Shun; Mizuho, Takato; Narumi, Takuji; Kuzuoka, Hideaki","Exploring the effects of self-avatars on virtual reality-based reminiscence therapy for young adults","2025 IEEE conference on virtual reality and 3D user interfaces abstracts and workshops (VRW)","","","10.1109/VRW66409.2025.00158","","Reminiscence therapy is a method to improve mental health by stimulating memories of past experiences and sharing them with others. Virtual Reality (VR) technology has attracted attention as a tool to enhance the effects of reminiscence therapy, as it can provide experiences with a high degree of reproducibility. Meanwhile, VR avatars are known to promote episodic memory, but their effects on reminiscence therapy have not yet been fully investigated. As a preliminary step toward applying VR-based reminiscence therapy for older adults, we conducted a small-scale experiment with eight university students. We found that participants recalled significantly more detailed memories when their VR self-avatars were displayed than when they were not. However, no significant difference was observed in its effect on self-recognition.","2025-03","2026-07-17 05:52:57","2026-07-17 05:52:57","","780-784","","","","","","","","","","","","","","","","","","","","","","","","Avatars; Conferences; Hands; Medical treatment; Mental health; Older adults; Reminiscence Therapy; Reproducibility of results; Self-Avatar; Three-dimensional displays; User interfaces; Virtual Reality","","","","","","","","","","","","","","","","","","","","","","","","","","","","","","","","","","","","","","","","","","","","","","",""
"JKV3HVRI","journalArticle","2025","Nakano, Kizashi; Narumi, Takuji","Avatars, should we look at them directly or through a mirror?: Effects of avatar display method on sense of embodiment and gaze","IEEE Transactions on Visualization and Computer Graphics","","1941-0506","10.1109/TVCG.2025.3549545","","In the real world, the body typically remains within the downward field of view (FOV) irrespective of whether it is consciously or unconsciously observed. However, with head-mounted displays (HMDs) that have restricted viewing angles, users are unable to see their own avatars directly unless they tilt their heads significantly downward. To overcome this, virtual mirrors are commonly employed in virtual environments (VEs) to provide users with a full-body view of their avatars, which ultimately enhances the viewer's sense of embodiment (SoE). However, positioning users directly in front of a virtual mirror may restrict their movement and reduce their sense of presence. To overcome this limitation, we developed an HMD with an extended downward field of view (FOV) integrated with eye-tracking. We compared the impact of using virtual mirrors alone versus the extended downward FOV in terms of several parameters, including the head pitch angle, perceived SoE, presence, and task difficulty during a reaching task that involves both hand and foot movements. The results demonstrated that the extended downward FOV offered by the proposed HMD improved the users' sense of agency toward their avatars and enhanced their sense of presence compared to when only virtual mirrors are used. In addition, the participants tended to use the virtual mirror for hand movements and relied on the extended downward FOV for foot movements, often maintaining a stable head angle. Both the virtual mirror and extended downward FOV facilitated easier and faster completion of a reaching task while encouraging an upward head angle. However, the combined use of virtual mirrors and extended downward FOV did not have a significant impact on the SoE or presence. Notably, the extended downward FOV alone, without the integration of the virtual mirror, was more effective in increasing both SoE and presence.","2025-05","2026-07-17 05:52:57","2026-07-17 05:52:57","","2912-2922","","5","31","","","","","","","","","","","","","","","","","","","","","Avatar; Avatars; Downward field of view; Gaze tracking; Hands; Head; Legged locomotion; Liquid crystal displays; Mirrors; Resists; Sense of agency; Synchronization; Virtual environments; Virtual mirror","","","","","","","","","","","","","","","","","","","","","","","","","","","","","","","","","","","","","","","","","","","","","","",""
"KYUFD7TC","conferencePaper","2025","Tschanter, Jonathan; Merz, Christian; Wienrich, Carolin; Latoschik, Marc Erich","Towards understanding harassment in social virtual reality: a study design on the impact of avatar self-similarity","2025 IEEE conference on virtual reality and 3D user interfaces abstracts and workshops (VRW)","","","10.1109/VRW66409.2025.00043","","In social virtual reality (VR), harassment persists as a pervasive and critical issue. Prior work emphasizes its perceived realness and emotional impact. However, the influence of avatar design, particularly the role of self-similarity, remains underexplored. Self-similar avatars can enhance user identification and engagement, yet potentially intensify the psychological and physiological effects of harassment. Existing studies often rely on interviews or user-generated content, lacking systematic analysis and controlled comparisons. To address these gaps, we present a process for creating realistic VR harassment scenarios. We built a scenario based on existing literature and validated it with expert reviews and user feedback. We propose a 2 × 2 between-subjects design to systematically examine users’ emotional and physiological states, their identification with avatars, and the effects of avatar self-similarity. The study design will deepen the understanding of harassment dynamics in VR. Additionally, it can provide actionable insights for designing safer, more inclusive virtual environments that promote user well-being and foster equitable communities.","2025-03","2026-07-17 05:52:57","2026-07-17 05:52:57","","172-177","","","","","","","","","","","","","","","","","","","","","","","","Avatar Design; Avatars; Embodiment; Harassment; Identification; Personalization; Physiology; Reviews; Safety; Self-Similarity; Shape; Social Virtual Reality; Systematics; Three-dimensional displays; User interfaces; User-generated content; Virtual environments","","","","","","","","","","","","","","","","","","","","","","","","","","","","","","","","","","","","","","","","","","","","","","",""
"YBNGLFKB","conferencePaper","2026","Botev, Jean; da Silva, Emanuel Dias; Sun, Ningyuan","Advanced haptic directional awareness in virtual reality","2026 IEEE conference on virtual reality and 3D user interfaces abstracts and workshops (VRW)","","","10.1109/VRW70859.2026.00121","","Haptic feedback can augment human spatial awareness in virtual reality (VR) by conveying information without overloading visual or auditory channels. This paper investigates vibrotactile directional feedback as a form of sensory augmentation for navigation in immersive environments. We present a VR system using a wearable vibrotactile vest that provides head-referenced, real-time directional cues with minimal tracking requirements. A user study (N=42) evaluated the system across three navigation tasks with limited or no visual guidance. Participants reliably located targets and avoided hazards using haptic feedback alone, independent of prior experience. Subjective results indicate high confidence and usability without significant cognitive interference. Eye-tracking analysis further revealed correlations between saccadic behavior, task performance, and subjective experience, suggesting opportunities for adaptive haptic feedback. These results demonstrate that vibrotactile directional feedback is an effective approach to spatial human augmentation in VR, supporting navigation and awareness when visual cues are unreliable or unavailable.","2026-03","2026-07-17 05:52:57","2026-07-17 05:52:57","","619-623","","","","","","","","","","","","","","","","","","","","","","","","accessibility; Circuits; Circuits and systems; Contacts; Feedback; Frequency modulation; haptics; HTTP; navigation; Protocols; Radio broadcasting; Video games; Videos; Virtual reality","","","","","","","","","","","","","","","","","","","","","","","","","","","","","","","","","","","","","","","","","","","","","","",""
"B8MKXFIZ","journalArticle","2026","Ogawa, Maki; Aoyama, Kazuma; Narumi, Takuji; Matsumoto, Keigo","Letting go of your real body: Noisy electrical stimulation facilitates body schema transformation in virtual reality","IEEE Transactions on Visualization and Computer Graphics","","1941-0506","10.1109/TVCG.2026.3679128","","The use of beyond-real interactions (BRI) expands the possibilities of virtual reality (VR) experiences by enabling novel capabilities, such as extending the range of manipulation or employing unusual body configurations. However, such interactions require users to adapt to novel sensorimotor mappings, which can lead to decreased performance and a poorer quality of user experience. Recently, proprioceptive suppression with noisy tendon electrical stimulation (n-TES) has been proposed to promote adaptation to BRI, though its effects have been reported to be limited. This study investigated the effects of proprioceptive suppression via n-TES on the adaptation process to BRI and the consequent changes in body schema, which have remained unexplored in prior research. Using a between-subjects design with 24 participants, we examined the effects of n-TES on a reaching task with Go-Go interaction, which extends virtual hands to enable users to reach farther than physically possible. Body schema changes were measured using a pointing task without visual feedback of the hand after adaptation to the Go-Go interaction. The results revealed that n-TES significantly altered the adaptation process by facilitating early learning and also enhanced body schema changes and aftereffects of adaptation under certain conditions. However, parameter fitting of the learning curves also suggested that n-TES might lead to a deterioration in the final level of performance achieved through adaptation. Our findings provide initial evidence that proprioceptive suppression by n-TES can contribute to facilitating sensorimotor adaptation within VR applications, while its practical utility may require adjusting stimulation to prevent potential side effects in the later stages of adaptation, specifically in trajectory smoothness.","2026-05","2026-07-17 05:52:57","2026-07-17 05:52:57","","3486-3496","","5","32","","","","","","","","","","","","","","","","","","","","","Amplitude modulation; Amplitude shift keying; Avatars; beyond-real interaction; body schema; Circuits; Electrical stimulation; Electronic mail; Feedback; Feedback loop; Graphical user interfaces; Location awareness; motor adaptation; multisensory integration; Protocols","","","","","","","","","","","","","","","","","","","","","","","","","","","","","","","","","","","","","","","","","","","","","","",""
"ED65A4NX","conferencePaper","2025","Hajj-Hassan, Mira; Chaker, Rawad; Hoyek, Nady","AsymmetricVR, shared embodiment and group size: a pilot study about the new york city serious game for english practice","2025 11th international conference on virtual reality (ICVR)","","","10.1109/ICVR66534.2025.11172391","","This paper presents a pilot study on the use of a virtual reality tool designed to support asymmetric VR, where one user (the VR user) is immersed in the virtual environment, while the other (non-VR user) interacts with them from the external world. The study is conducted in the context of English-speaking exercises for adults. It aimed to test the application before its integration into actual language class materials. Participants engaged in a series of activities within a VR environment and worked collaboratively to solve language-based enigmas across four different tasks. A total of 17 participants grouped into 5 different size groups were involved in the pilot study, which provided valuable insights into the tool’s hedonic and pragmatic qualities (AttrakDiff2 questionnaire), group dynamics and the effectiveness of collaboration. Promising results were found regarding user experience and the potential educational value of the tool. Future research should aim to refine the application’s usability, validate findings with larger and more diverse samples. Additionally, future studies should test these user functionalities in other domains, such as sciences, technology, engineering, and mathematics, and investigate additional user experience dimensions, including age-related differences and accessibility improvements.","2025-07","2026-07-17 05:52:57","2026-07-17 05:52:57","","357-366","","","","","","","","","","","","","","","","","","","","","","","","Asymmetric VR collaborative learning; Federated learning; group size; immersive learning; Immersive learning; Mathematics; Pragmatics; Serious games; teamwork; Teamwork; Urban areas; Usability; User experience; Virtual environments; Virtual Reality","","","","","","","","","","","","","","","","","","","","","","","","","","","","","","","","","","","","","","","","","","","","","","",""
"FCCUBQGP","conferencePaper","2025","Ashrafi, Navid; Vona, Francesco; Hinzmann, Sina; Henning, Juliane; Vergari, Maurizio; Warsinke, Maximilian; Moreira, Catarina Pinto; Voigt-Antons, Jan-Niklas","Size matters: The impact of avatar size on user experience in healthcare applications","2025 17th international conference on quality of multimedia experience (QoMEX)","","2472-7814","10.1109/QoMEX65720.2025.11219980","","The usage of virtual avatars in healthcare applications has become widely popular; however, certain critical aspects, such as social distancing and avatar size, remain insufficiently explored. This research investigates user experience and preferences when interacting with a healthcare application utilizing virtual avatars displayed in different sizes. For our study, we had 23 participants interacting with five different avatars (a human-size avatar followed by four, respectively, smaller avatars in a randomized order) varying in size, projected on a wall in front of them. The avatars were fully integrated with an artificial intelligence chatbot to make them conversational. Users were asked to rate the usability of the system after interacting with each avatar and complete a survey regarding trust and an additional questionnaire on social presence. The results of this study show that avatar size significantly influences the perceived attractiveness and perspicuity with the medium-sized avatars having received the highest ratings. Social presence correlated strongly with stimulation and attractiveness, suggesting that an avatar’s visual appeal and interactivity influenced user engagement more than its physical size. Additionally, we observed a tendency for gender-specific differences on some of the UEQ+ scales, with male participants tending to prefer human-sized representations, while female participants slightly favored smaller avatars. These findings highlight the importance of avatar design and representation in optimizing user experience and trust in virtual healthcare environments.","2025-09","2026-07-17 05:52:57","2026-07-17 05:52:57","","1-7","","","","","","","","","","","","","","","","","","","","","","","","Artificial intelligence; Avatars; Chatbots; healthcare; human-size; Medical services; Quality of experience; size; Social factors; Surveys; Usability; user experience; User experience; virtual avatar; Visualization","","","","","","","","","","","","","","","","","","","","","","","","","","","","","","","","","","","","","","","","","","","","","","",""
"JR8BIIUQ","conferencePaper","2025","Ao, Xiang","Effects of virtual reality exercise on body composition and health-related fitness in female college students with low physical activity*","2025 international conference on frontiers technology in circuits and systems (FTCS)","","","10.1109/FTCS68006.2025.11405811","","Physical inactivity represents a significant public health challenge among female college students, contributing to adverse metabolic profiles and diminished cardiorespiratory fitness. This quasi-experimental study examined the efficacy of an 8-week virtual reality (VR) boxing intervention on key health parameters in this vulnerable population. Fourteen sedentary participants completed a structured program consisting of two supervised 30-minute VR sessions weekly. Comprehensive assessments revealed statistically significant improvements in body composition metrics, including reductions in body fat percentage (-2.4%,p=0.044), fat mass (-2.0~kg,p=0.044), and body weight (-2.9~kg,p=0.040). Aerobic performance demonstrated substantial enhancement with a 135-meter increase in the 12 minute run distance (p=0.045), while lower-limb muscular endurance showed only marginal, non-significant improvement. These findings underscore the potential of VR-based exercise as an innovative, engaging strategy for improving body composition and aerobic capacity in sedentary young women, though supplementary training modalities may be necessary to address muscular endurance deficits. The study provides empirical support for integrating immersive technologies into campus health promotion initiatives targeting physically inactive female students.","2025-11","2026-07-17 05:52:57","2026-07-17 05:52:57","","453-458","","","","","","","","","","","","","","","","","","","","","","","","aerobic capacity; body composition; Circuits and systems; college students; Fats; health promotion; Measurement; muscular endurance; physical inactivity; Public healthcare; Training; Virtual reality; Virtual reality exercise","","","","","","","","","","","","","","","","","","","","","","","","","","","","","","","","","","","","","","","","","","","","","","",""
"25IPUDMV","journalArticle","2026","Yang, Fu-Chia; Smith, Harrison Jesse; Mousas, Christos; Neff, Michael","The motion is the message: Evaluating motion tracking quality for VR avatars","IEEE Transactions on Visualization and Computer Graphics","","1941-0506","10.1109/TVCG.2026.3680600","","Motion tracking to project users into embodied virtual reality (VR) as avatars is an essential application of real-time computer graphics. Most current embodied VR systems rely on head-mounted displays (HMDs) to estimate user pose, as headset sensors can track the head and hands, thereby reconstructing the full body without the need for external hardware. However, measuring the quality of motion reconstruction algorithms from HMD-based tracking, particularly those intended for use in social settings, remains challenging due to the complex interaction between motion and perceived social signals. This paper compares two industrial tracking reconstruction solutions, called HMD1 (i.e., a basic HMD-based method that uses head tracking and hand positions estimated from HMD cameras) and HMD2 (i.e., an advanced HMD-based method with additional onboard camera streams), that estimate user motion using only an HMD against ground-truth motion capture (MoCap) data. It advocates for a social signal-based analysis that views motion as a communication medium and employs user observations to measure whether viewers successfully perceive the information encoded in motion. Across 156 socially expressive clips, Social Signal ratings were more effective than generic measures at revealing differences between the HMD methods. HMD2 preserved social meaning more accurately than HMD1, with fewer significant deviations from MoCap, while both HMD methods were frequently rated less natural than MoCap. A qualitative review localized recurrent failure modes, such as arm swivel/shoulder errors, posture reconstruction issues, and floating/stance artifacts, which help explain the misreading of social signals. We release a dashboard scorecard, motion capture data, and a benchmark protocol to enable consistent motion evaluation. More generally, this work advocates for an underexplored approach to motion evaluation that focuses on assessing the semantics of motion to determine quality. As reliance on generative artificial intelligence (AI) increases, it is essential to standardize evaluation to preserve the authenticity of the social signals conveyed. The developed dataset and the evaluation framework are provided on our project's website: https://github.com/facebookresearch/MotionIsTheMessageDataset.","2026-05","2026-07-17 05:52:57","2026-07-17 05:52:57","","3615-3625","","5","32","","","","","","","","","","","","","","","","","","","","","Amplitude shift keying; Avatars; Circuits; Electronic mail; evaluation; Feedback; Filtering; Filters; Graphical user interfaces; motion tracking; naturalness; Video equipment; Videos; Virtual reality","","","","","","","","","","","","","","","","","","","","","","","","","","","","","","","","","","","","","","","","","","","","","","",""
"3XI8BFBK","journalArticle","2025","Park, Sungeun; Kim, Wooksung; Kim, Jihyung","Analysis of the virtual reality user experience improvement through human vision adjustment using diopter dial","IEEE access : practical innovations, open solutions","","2169-3536","10.1109/ACCESS.2024.3521918","","The head-mounted display (HMD) form factor is an essential element that influences the various emotions users experience during their virtual reality (VR) sessions. In particular, it has been announced that the VR experience highly depends on the user’s field of vision because it blocks the user’s view of the real world and transmits information exclusively in the virtual world. Users with eye diseases wore vision aids to experience VR environments or used them without sufficient vision. Furthermore, this problem led to factors that reduced the user’s sense of immersion and ease of use. In this paper, we analyzed how providing users with adjusted human vision via diopter dial affects the improvement of VR user experiences. The experimental procedure consisted of 2D video and 360-degree video as audiovisual content, as well as sitting mode games and room-scale mode games as playable content. We measured the immersion and sickness of the experimental environment using each verified questionnaire on the 5-point Likert scale and the discomfort score for each experimental content to measure the degree of discomfort. The experimental environment is Phase 1, where users experienced VR while wearing vision aids, and Phase 2, where users experience VR with human vision adjustment using a diopter dial without vision aids. The difference between the evaluation results of both experimental environments was 1.56 for immersion, 2.35 for sickness, and 3.85 for discomfort. Additionally, user feedback was gathered through in-depth interviews to enhance the reliability of the statistical analysis. Through these results, we confirmed that human vision adjustment using the diopter dial provides users with an improved form factor, reduces discomfort and sickness, and enhances the immersive feeling of the VR environment through improved display visibility.","2025","2026-07-17 05:52:57","2026-07-17 05:52:57","","5832-5845","","","13","","IEEE Access","","","","","","","","","","","","","","","","","","","Adaptive optics; Games; head-mounted displays (HMD); human vision adjustment; immersion; Lenses; Optical imaging; Optical sensors; Resists; user experience; User experience; Virtual environments; Virtual reality; Virtual reality (VR); vision aids; Visualization","","","","","","","","","","","","","","","","","","","","","","","","","","","","","","","","","","","","","","","","","","","","","","",""
"IF9E2Y3V","journalArticle","2025","Murmu, Chandni; Venkatakrishnan, Rohith; Venkatakrishnan, Roshan; Lin, Wen-Chieh; Robb, Andrew C.; Pagano, Christopher; Babu, Sabarish V.","An empirical evaluation of how virtual hand visibility affects near-field size perception and reporting of tangible objects in virtual reality","IEEE Transactions on Visualization and Computer Graphics","","1941-0506","10.1109/TVCG.2025.3616829","","In immersive virtual environments (IVEs), accurate size perception is critical, especially in training simulations designed to mimic real-world tasks, such as, nuclear power plant control room or medical procedures. These simulations have dials or instruments of varying sizes. Visual information of the objects alone, often fails to capture subtle size differences in virtual reality (VR). However, integrating haptic and hand-avatars may potentially improve accuracy and performance. This improvement could be especially beneficial for real-world scenarios where hand(s) are intermittently visible or obscured. To investigate how this intermittent presence or absence of body-scaled hand-avatars affects size perception when integrated with haptic information, we conducted 2x2 mixed-factorial experiment design using a near-field, size-estimation task in VR. The experiment conditions compared size estimations with or without virtual hand visibility in the perception and reporting phases. The task involved 16 graspable objects of varying sizes and randomly repeated 3 times across 48 trials per participant (total 80 participants). We employed Linear Mixed Models (LMMs) analysis to objective measures: perceived size, residual error and proportional errors. Results revealed that as the tangible-graspable size increases, overestimation reduces if the hand-avatars are visible in the reporting phase. Also, overestimation reduces as the number of trials increases, if the hand-avatars are visible in the reporting phase. Thus, the presence of hand-avatars facilitated perceptual calibration. This novel study, with different combinations of hand-avatar visibility, taking perception and reporting of size as two separate phases, could open future research directions in more complex scenarios for refined integration of sensory modalities and consequently enhance real-world application performance.","2025-11","2026-07-17 05:52:57","2026-07-17 05:52:57","","9867-9877","","11","31","","","","","","","","","","","","","","","","","","","","","Accuracy; Avatars; Ego-Centric Ruler; End effectors; End-Effector Representation; End-Effector Visibility; Hands; Haptic interfaces; Motors; Near-Field; Size Perception; Solid modeling; Surgery; Tangible Objects; Training; Virtual Reality (VR); Virtual-Hand Interaction; Visualization; Visuo-haptic","","","","","","","","","","","","","","","","","","","","","","","","","","","","","","","","","","","","","","","","","","","","","","",""
"QN8L8WH3","conferencePaper","2025","Yang, Hao-Zhong; Li, Yi-Jun; Han, Zi-Nan; Shu, Wen-Tong; Wang, Miao","Exploring the influence of crowd size across different tasks on user performance, experience and social presence in shared virtual environments","2025 IEEE international symposium on mixed and augmented reality (ISMAR)","","2473-0726","10.1109/ISMAR67309.2025.00133","","Shared virtual environments are becoming essential platforms for collaborative interaction and immersive entertainment, enabling users to be co-located and engage in activities together. The presence of surrounding virtual humans forms an environmental crowd, serving as a component of ambient stimuli in these environments. However, it remains unclear how crowd size affects users under different cognitive and motor demands. This study investigates the influence of crowd size on user performance, experience and social presence across three fundamental VR tasks: Spatial Locomotion, Memory Search, and Motor Coordination. We conducted a controlled within-subjects experiment, manipulating each task's crowd size at Small, Medium, and Large levels. Our results show that crowd size significantly impacts user performance, experience, and social presence, but these effects are task-dependent. While Medium size can enhance performance, Large size in cognitively demanding tasks may induce attentional blindness and diminish sensitivity to social cues. Task functionality further shapes how users perceive and respond to virtual crowds. Additionally, users' preferences for crowd size varied across different tasks, and most participants expressed a desire for control over the number of visible avatars. These findings provide novel insights into human crowd perception mechanisms, revealing cross-task perceptual variations that pave the way for further exploring crowd perception in shared virtual environments.","2025-10","2026-07-17 05:52:57","2026-07-17 05:52:57","","1278-1288","","","","","","","","","","","","","","","","","","","","","","","","Virtual Reality; Virtual environments; Shape; Collaboration; User experience; Entertainment industry; Sensitivity; Motors; Blindness; Cognitive load; Crowd Size; Motor coordination; Shared Virtual Environments; Task-Centric; User Experience","","","","","","","","","","","","","","","","","","","","","","","","","","","","","","","","","","","","","","","","","","","","","","",""
"DHP74S55","journalArticle","2026","Tschanter, Jonathan; Merz, Christian; Wienrich, Carolin; Latoschik, Marc Erich","How harassment shapes self-perception and well-being in social VR: Evidence from a controlled lab study","IEEE Transactions on Visualization and Computer Graphics","","1941-0506","10.1109/TVCG.2026.3680575","","Social Virtual Reality (SVR) allows users to meet and build relationships through embodied avatars and real-time interaction in virtual spaces. While embodiment can strengthen social connections and presence, it can also intensify negative encounters, making SVR particularly vulnerable to harassment. Despite frequent reports of verbal, visual, and “physical” violations in SVR, little is known about how harassment reshapes users' self-perception, including their sense of embodiment, self-identification, closeness, and avatar customization preferences. We conducted a controlled experiment with 52 participants who experienced either a neutral or a harassment condition in a scenario modeled after real SVR incidents. Participants perceived the harassing peer as significantly more negative, annoying, and disturbing than the neutral peer. Contrary to prior reports, harassment did not significantly affect well-being measures, including emotional state, self-esteem, and physiological arousal, within this controlled scenario. However, participants reported stronger bodily change, attributed more of their own attitudes and emotions to their avatars, and increased interpersonal distance when personal space was invaded. Self-reported coping strategies included ignoring, stepping back, using humor, and retaliating. Notably, avatar customization preferences shifted across conditions. Participants in the neutral condition favored personalized avatars, whereas those in the harassment condition more frequently preferred anonymity in public spaces. Together, these findings demonstrate that harassment in SVR not only exploits embodiment but also reshapes self-perception. We further contribute methodological insights into how harassment can be ethically and reproducibly studied in controlled SVR-like experiments.","2026-05","2026-07-17 05:52:57","2026-07-17 05:52:57","","3690-3700","","5","32","","","","","","","","","","","","","","","","","","","","","avatar; emotion; Avatars; sense of embodiment; self-identification; Feedback; simulation; MIMICs; Graphical user interfaces; Amplitude modulation; Circuits; Contacts; Amplitude shift keying; Millimeter wave integrated circuits; Monolithic integrated circuits; coping strategies; harassment; Social virtual reality","","","","","","","","","","","","","","","","","","","","","","","","","","","","","","","","","","","","","","","","","","","","","","",""
"DGPPXQYS","conferencePaper","2025","Matsui, Taichi; She, Wan Jou; Shibuya, Yu","Influence of self-avatar impressions on agreeableness in virtual reality","2025 international conference on artificial intelligence, computer, data sciences and applications (ACDSA)","","","10.1109/ACDSA65407.2025.11166334","","Virtual environment technology enables users to create and embody avatars that differ from their real-life appearances. The ""Proteus effect"" refers to how an avatar’s appearance can shape a user’s cognition and behavior. This study explores how users’ impressions of avatars with different visual characteristics influence their levels of agreeableness, with the broader aim of supporting skill development for daily tasks and social interaction. In the experiment, Priest and Warrior avatars were used in a prisoner’s dilemma task to assess the relationship between avatar impressions and agreeableness. While significant differences in perceived agreeableness and extroversion were found based on avatar appearance, no significant effects were observed in actual task behavior. Future research should enhance the experimental design by incorporating outcome-based rewards to better capture behavioral effects.","2025-08","2026-07-17 05:52:57","2026-07-17 05:52:57","","1-5","","","","","","","","","","","","","","","","","","","","","","","","virtual reality; Virtual environments; Avatars; Visualization; Shape; Artificial intelligence; Cognition; agreeableness; Periodic structures; self-avatar impression","","","","","","","","","","","","","","","","","","","","","","","","","","","","","","","","","","","","","","","","","","","","","","",""
"8P55JAGS","journalArticle","2025","Smekal, Vojtěch; Hecquard, Jeanne; Kühne, Sophie; Occidental, Nicole; Lécuyer, Anatole; Macé, Marc; de Gelder, Beatrice","Influence of haptic feedback on perception of threat and peripersonal space in social VR","IEEE Transactions on Visualization and Computer Graphics","","1941-0506","10.1109/TVCG.2025.3549884","","Humans experience social interactions partly through nonverbal communication, including proxemic behaviors and haptic sensations. Body language, facial expressions, personal spaces, and social touch are multiple factors influencing how a stranger's approach is experienced. Furthermore, the rise of virtual social platforms raises concerns about virtual harassment and the perception of personal space in VR: harassment is felt much more strongly in virtual spaces, and the psychological effects can be just as severe. While most virtual platforms have a ‘personal bubble’ feature that keeps strangers at a distance, it does not seem to suffice: personal space violations seem influenced by more than simply distance. With this paper, we aim to further clarify the variability of personal spaces. We focus on haptic stimulation, elaborating our hypotheses on the relationship between social touch and the perception of personal spaces. Users wore a haptic compression belt and were immersed in a virtual dark alley. Virtual agents approached them while exhibiting either neutral or threatening body language. In half of all trials, as the agent advanced, the compression belt tightened around the users' torsos with three different pressures. Participants could press a response button when uncomfortable with the agent's proximity. Peripersonal space violations occurred 31","2025-05","2026-07-17 05:52:57","2026-07-17 05:52:57","","2986-2994","","5","31","","","","","","","","","","","","","","","","","","","","","Avatars; Social VR; Haptic interfaces; Training; Belts; Psychology; Tactile sensors; Aerospace electronics; Peripersonal space; Electroencephalography; Torso; Affective haptics; Pressing; Threat perception; Virtual agents","","","","","","","","","","","","","","","","","","","","","","","","","","","","","","","","","","","","","","","","","","","","","","",""
"RTV4UCCH","conferencePaper","2025","Sekido, Yoji; Hosoya, Kenta; Hatanaka, Shuichiro; Kosaka, Tetsuo","Development of a multimodal dialogue system in a VR environment","2025 IEEE 14th global conference on consumer electronics (GCCE)","","2693-0854","10.1109/GCCE65946.2025.11275447","","We investigated the impact of displaying a conversational agent in three dimensions within a virtual reality (VR) space for multimodal dialogue systems using generative AI. Conventional systems present the agent on a 2D screen, which imposes limits such as unnatural interpersonal distance and a lack of depth, preventing the interaction from approaching human-human dialogue. To address these issues, we built a life-sized agent in a Unity-based VR environment where the user wearing a head-mounted display (HMD). A comparative experiment between the VR system and a baseline 2D system showed that the VR system achieved higher scores for human-likeness and intention to continue use.","2025-09","2026-07-17 05:52:57","2026-07-17 05:52:57","","1104-1107","","","","","","","","","","","","","","","","","","","","","","","","Virtual reality; Resists; Three-dimensional displays; User experience; Head-mounted displays; Generative AI; Consumer electronics; generative AI; Green products; human-agent interaction; multimodal dialogue system; Two-dimensional displays; VR communication","","","","","","","","","","","","","","","","","","","","","","","","","","","","","","","","","","","","","","","","","","","","","","",""
"TARLHWW4","journalArticle","2025","Mizuho, Takato; Takenaka, Shun; Narumi, Takuji; Kuzuoka, Hideaki","Multiple self-avatar effect: Effects of using diverse self-avatars on memory acquisition and retention of sign-language gestures","IEEE Transactions on Visualization and Computer Graphics","","1941-0506","10.1109/TVCG.2024.3433498","","In this study, by taking advantage of the benefit of virtual reality (VR), we propose a new learning method that employs multiple embodied self-avatars during learning. Based on the multiple-context effect, which posits that learning in diverse situations can prevent forgetting and enhance memory retention, we conducted a between-participants study under two conditions: the varied avatar condition, in which participants learned sign languages with different self-avatars in six iterations, and the constant avatar condition, in which the same self-avatar was used consistently. Initially, the varied avatar condition performed worse than the constant avatar condition. However, in a test conducted after one week in the real world, the varied avatar condition showed significantly less forgetting and better retention than the constant avatar condition. Furthermore, our results suggested a positive correlation between the degree of embodiment toward the avatars and the effectiveness of the proposed method. This study presents an innovative design approach for the use of self-avatars in VR-based education.","2025-09","2026-07-17 05:52:57","2026-07-17 05:52:57","","5116-5129","","9","31","","","","","","","","","","","","","","","","","","","","","embodiment; virtual reality; Avatar; Virtual environments; Avatars; learning; Training; Visualization; Task analysis; Cybersickness; Testing; context-dependent memory","","","","","","","","","","","","","","","","","","","","","","","","","","","","","","","","","","","","","","","","","","","","","","",""
"DTGBUFFA","conferencePaper","2025","Bingol, Gulnaziye; Suyunov, Lazizjon; Kamolov, Zukhriddin; Floris, Alessandro; Porcu, Simone; Atzori, Luigi","QoE in multi-user collaborative virtual reality games: Impact of network and avatar quality","2025 17th international conference on quality of multimedia experience (QoMEX)","","2472-7814","10.1109/QoMEX65720.2025.11219890","","This paper presents the results of a subjective assessment investigating the impact of multiple factors (network, avatar, and player role) on the perceived Quality of Experience (QoE) in a multi-user collaborative virtual reality (VR) game. Forty test participants collaborated in pairs to complete a cooking VR game, wearing a Meta Quest Pro headset, under variable network conditions (no impairments or delayed network traffic), using diverse types of avatars (cartoon-style and humanoid), and interpreting different roles (teacher and student). A humanoid custom avatar has been implemented that replicates the user’s facial expressions and body movements to investigate whether the introduction of non-verbal emotional communication within a VR environment influences the perceived user experience. Quality-and emotion-related subjective metrics were rated by test participants at the end of each test session, and the computed results show that the cartoon-like avatar, being lightweight, provides the highest perceived QoE even when the network was impaired. On the other hand, while the QoE using the humanoid avatar lowers with the introduction of network distortions (because of the larger amount of data required to replicate the facial expressions), the ability to see the facial expressions of the partner prevents a greater reduction of user experience due to the network issues.","2025-09","2026-07-17 05:52:57","2026-07-17 05:52:57","","1-7","","","","","","","","","","","","","","","","","","","","","","","","Virtual Reality; Avatar; Avatars; Visualization; Measurement; Collaboration; User experience; Games; Delays; Facial Expressions; Humanoid robots; Quality of experience; Quality of Experience; Subjective Assessment; Telecommunication traffic","","","","","","","","","","","","","","","","","","","","","","","","","","","","","","","","","","","","","","","","","","","","","","",""
"I4LUVLXP","conferencePaper","2025","Mizuno, Yoto; Roth, Richard; Cordeil, Maxime; Baghaei, Nilufar","Reducing stress in annual performance reviews through AI-enabled avatar interaction","2025 IEEE international symposium on mixed and augmented reality adjunct (ISMAR-adjunct)","","2771-1110","10.1109/ISMAR-Adjunct68609.2025.00110","","Virtual reality (VR) has gained significant attention in recent years as a potential tool to improve interview skills for employment. Interviewees facing challenges during the job application process, especially those with high anxiety, can benefit from VR-based training platforms that simulate interview scenarios. We investigated the integration of VR avatar design and Generative Artificial Intelligence (GAI) in the context of annual performance reviews (APR). The study evaluated user experiences across three APR settings: a face-to-face APR without VR, a realistic AI-enabled avatar in a VR environment, and a stylised AI-enabled avatar in a VR environment. The VR avatars were connected to a GAI system, which facilitated audio-based interactions during the APR process.A within-subject experiment involving 20 participants compared these settings through questionnaires, assessing system usability, sense of presence, ease of self-disclosure, intimacy, stress levels and acceptance of opinions. The results showed that in-person APR was preferred for self-disclosure, intimacy, and acceptance of opinions during the performance evaluation. VR APRs with realistic and stylised avatars received positive usability feedback and were favoured for reducing stress and pressure. Participants provided qualitative feedback emphasising the need to improve the VR avatars’ responses, facial expressions, and eye contact.The findings suggest that VR APR systems hold promise as an alternative or complementary approach to traditional methods, offering potential benefits such as reducing stress for employees during performance evaluations.","2025-10","2026-07-17 05:52:57","2026-07-17 05:52:57","","545-549","","","","","","","","","","","","","","","","","","","","","","","","Virtual Reality (VR); Avatars; Training; User experience; Usability; Anxiety disorders; Interviews; Reviews; Stress; Performance evaluation; Annual Performance Reviews (APR); Avatar Interactions; Generative AI; Generative Artificial Intelligence (GAI); Stress Reduction; User Experience (UX)","","","","","","","","","","","","","","","","","","","","","","","","","","","","","","","","","","","","","","","","","","","","","","",""
"LNEFY3PJ","conferencePaper","2025","Huang, Yudong; Singh, Avneet; Miller, Mark Roman","Experience level influences user's criteria for avatar animation realism","2025 IEEE international symposium on mixed and augmented reality (ISMAR)","","2473-0726","10.1109/ISMAR67309.2025.00084","","The sense of realism in avatar animation is a widely pursued goal in social VR applications. A common approach to enhancing realism is improving the match between avatar motion and real-world human movement. However, experience with existing VR platforms may reshape users' expectations, suggesting that matching reality is not the only path to enhancing the sense of realism. This study examines how different levels of experience with a social VR platform influence users' criteria for evaluating the realism of avatar animation. Participants were shown a set of animations varying in the degree they reflected real-world motion and motion seen on the social VR platform VRChat. Results showed that users with no VRChat experience found animations recorded on VRChat unnatural and unrealistic, but experienced users in fact rated these animations as more likely to come from a real person than the motion-capture animations. Additionally, highly experienced users recognized the intent to imitate VRChat's style and noted the differences from genuine in-platform animations. All these results suggest users' expectations of and criteria for realistic animation were shaped by their experience level. The findings support the idea that realism in avatar animation does not solely depend on mimicking real-world movement. Experience with VR platforms can shape how users expect, perceive, and evaluate animation realism. This insight can inform the design of more immersive VR environments and virtual humans in the future.","2025-10","2026-07-17 05:52:57","2026-07-17 05:52:57","","750-759","","","","","","","","","","","","","","","","","","","","","","","","Virtual environments; Avatars; Social VR; Augmented reality; Shape; Animation; User experience; Cultural differences; Interviews; User Experience; Avatar animation; Perception of Realism","","","","","","","","","","","","","","","","","","","","","","","","","","","","","","","","","","","","","","","","","","","","","","",""
"MS22MFWC","conferencePaper","2025","Manson, Julien; Lécuyer, Anatole; Pacchierotti, Claudio; Saint-Aubert, Justine","Walk on hands: Can vibrations in the hands support walking experience in virtual reality?","2025 IEEE world haptics conference (WHC)","","2835-9534","10.1109/WHC64065.2025.11123244","","Previous works have shown that vibrations under the feet can significantly enhance the walking experience in Virtual Reality (VR). However, such approaches often require specialized hardware. Therefore, in this paper, we study if vibrations in the hands could represent a simple and cost-effective alternative to improve the walking experience in VR. We conducted a user study comparing vibrations displayed in the hands, vibrations under the feet, and no vibration in a VR passive walking simulation during which participants were seated and embodied a first-person avatar. We compared the different conditions regarding: the sensation of walking, avatar embodiment, cybersickness, and comfort. Interestingly, our results show that vibrations in the hands significantly increase the sensation of walking and embodiment compared to no vibration. Moreover, no significant difference is observed between vibrations under the feet and in the hands concerning the sensation of walking. Still, embodiment is higher with vibrations under the feet. No significant differences in cybersickness or comfort were observed between vibrations displays. Overall, our results promote using vibrations in the hands as a cost-effective and suitable alternative to vibrations under the feet in VR applications for which the walking sensation is prominent, leveraging for instance vibrations embedded in VR controllers.","2025-07","2026-07-17 05:52:57","2026-07-17 05:52:57","","547-554","","","","","","","","","","","","","","","","","","","","","","","","Virtual reality; Embodiment; Avatars; Hardware; Haptic interfaces; Legged locomotion; Hands; Foot; Vibrations; Cybersickness; Walking sensation","","","","","","","","","","","","","","","","","","","","","","","","","","","","","","","","","","","","","","","","","","","","","","",""
"MD3FN94R","journalArticle","2026","Cheng, Haojie; Ong, Shaun Jing Heng; Cai, Shaoyu; Koh, Aiden Tat Yang; Ouyang, Fuxi; Khoo, Eng Tat","EgoPoseVR: Spatiotemporal multi-modal reasoning for egocentric full-body pose in virtual reality","IEEE Transactions on Visualization and Computer Graphics","","1941-0506","10.1109/TVCG.2026.3680618","","Immersive virtual reality (VR) applications demand accurate, temporally coherent full-body pose tracking. Recent head-mounted camera-based approaches show promise in egocentric pose estimation, but encounter challenges when applied to VR head-mounted displays (HMDs), including temporal instability, inaccurate lower-body estimation, and the lack of real-time inference. To address these limitations, we present EgoPoseVR, an end-to-end framework for accurate egocentric full-body pose estimation in VR that integrates headset motion cues with egocentric RGB-D observations through a dual-modality fusion pipeline. A spatiotemporal encoder extracts frame- and joint-level representations, which are fused via cross-attention to fully exploit complementary motion cues across modalities. A kinematic optimization module then imposes constraints from HMD signals, enhancing the accuracy and stability of pose estimation. To facilitate training and evaluation, we introduce a large-scale synthetic dataset of over 1.8 million temporally aligned HMD and RGB-D frames across diverse VR scenarios. Experimental results show that EgoPoseVR outperforms state-of-the-art egocentric pose estimation models. A user study in real-world scenes further shows that EgoPoseVR achieved significantly higher subjective ratings in accuracy, stability, embodiment, and intention for future use compared to baseline methods. These results show that EgoPoseVR enables robust full-body pose tracking, offering a practical solution for accurate VR embodiment without requiring additional body-worn sensors or room-scale tracking systems.","2026-05","2026-07-17 05:52:57","2026-07-17 05:52:57","","3211-3221","","5","32","","","","","","","","","","","","","","","","","","","","","Virtual reality; head-mounted displays; Avatars; Feedback; Feeds; Filters; Antennas; Graphical user interfaces; Filtering; Circuits; Integrated circuits; Circuits and systems; egocentric full-body pose estimation; multimodal spatiotemporal fusion","","","","","","","","","","","","","","","","","","","","","","","","","","","","","","","","","","","","","","","","","","","","","","",""
"K4BFBNUF","conferencePaper","2025","Cardoso, Lucas R. L.; Dempsey-Jones, Harriet; Bo, Antonio P. L.; Bochkezanian, Vanesa; Forner-Cordero, Arturo; Melendez-Calderon, Alejandro","Where is my hand? Assessing visuo-tactile integration of hand and shoulder after virtual reality training using a body-machine interface","2025 international conference on rehabilitation robotics (ICORR)","","1945-7901","10.1109/ICORR66766.2025.11063186","","Immersive virtual reality (VR) has potential for enhancing rehabilitation in clinical populations, such as individuals with stroke, but many face usability challenges. A promising approach involves a Body-Machine Interface using shoulder movements to control a virtual hand, potentially altering body perception. Investigating bodily illusions is crucial for expanding therapeutic applications. This study examines how a single VR motor-training session, using shoulder movements to control a virtual hand, affects brain representations of the real hand and shoulder. The Crossmodal Congruency Test (CCT) was adapted to assess the visuo-tactile interaction between the shoulder and hand in neurotypical participants before and after VR training. Nine participants controlled the virtual hand with shoulder movements, while eight used their fingers, both receiving shoulder tactile feedback. No significant differences were found in hand-to-shoulder visuo-tactile integration. The results suggest that the Body-Machine Interface may not alter bodily representations of the hand and shoulder, or that tactile feedback alone could elicit changes. Although the results did not fully meet expectations, the study provided valuable insights and identified methodological limitations for future research.","2025-05","2026-07-17 05:52:57","2026-07-17 05:52:57","","1629-1634","","","","","","","","","","","","","","","","","","","","","","","","Virtual reality; Training; Hands; Usability; Tactile sensors; Faces; Assistive robots; Stroke (medical condition)","","","","","","","","","","","","","","","","","","","","","","","","","","","","","","","","","","","","","","","","","","","","","","",""
"5XGQND44","journalArticle","2025","Coesel, Anna Martin; Biancardi, Beatrice; Barange, Mukesh; Buisine, Stéphanie","The hidden face of the proteus effect: Deindividuation, embodiment and identification","IEEE Transactions on Visualization and Computer Graphics","","1941-0506","10.1109/TVCG.2025.3549849","","The Proteus effect describes how users of virtual environments adjust their attitudes to match stereotypes associated with their avatar's appearance. While numerous studies have demonstrated this phenomenon's reliability, its underlying processes remain poorly understood. This work investigates deindividuation's hypothesized but unproven role within the Proteus effect. Deindividuated individuals tend to follow situational norms rather than personal ones. Therefore, together with high embodiment and identification processes, deindividuation may lead to a stronger Proteus effect. We present two experimental studies. First, we demonstrated the emergence of the Proteus effect in a real-world academic context: engineering students got better scores in a statistical task when embodying Albert Einstein's avatar compared to a control one. In the second study, we tested the role of deindividuation by manipulating participants' exposure to different identity cues during the task. While we could not find a significant effect of deindividuation on the participants' performance, our results highlight an unexpected pattern, with embodiment as a negative predictor and identification as a positive predictor of performance. These results open avenues for further research on the processes involved in the Proteus effect, particularly those focused on the relation between the avatar and the nature of the task to be performed. All supplemental materials are available at https://osf.io/au3wk/.","2025-05","2026-07-17 05:52:57","2026-07-17 05:52:57","","3306-3313","","5","31","","","","","","","","","","","","","","","","","","","","","Virtual Reality; Virtual environments; Avatars; Training; Shape; Proteus Effect; Psychology; Data mining; Artificial intelligence; Testing; Avatar Embodiment; Avatar Identification; Deindividuation; Electric shock; Engineering students","","","","","","","","","","","","","","","","","","","","","","","","","","","","","","","","","","","","","","","","","","","","","","",""
"3HNC2X8K","conferencePaper","2025","Grensing, Florian; Schmücker, Vanessa; Hildebrand, Anne Sophie; Klucken, Tim; Maleshkova, Maria","Using physiological data to evaluate anxiety responses during different behavioural avoidance tests","2025 IEEE international conference on artificial intelligence and eXtended and virtual reality (AIxVR)","","2771-7453","10.1109/AIxVR63409.2025.00038","","Specific phobias, such as spider phobia, are a widespread condition, that can negatively impact the quality of life of affected people. Phobias are typically characterised by avoidance behaviour, which can be measured using a behavioural avoidance test (BAT). While behavioural avoidance tests are traditionally performed using a real stimulus (e.g., a spider), virtual reality has also gained popularity in the field of psychology. This offers a more accessible and affordable alternative to traditional diagnostic methods. Our work focuses on a comparison of BATs in vivo and in virtuo, and considering two different approach modalities, by analysing the physiological responses of participants. This study aims to investigate whether these responses during in virtuo BATs are comparable to those observed during in vivo BATs, and whether the modality influences the outcome. In this work, we present our study involving 25 participants and an initial look at the data collected.","2025-01","2026-07-17 05:52:57","2026-07-17 05:52:57","","198-202","","","","","","","","","","","","","","","","","","","","","","","","Virtual reality; Virtual Reality; Physiology; Psychology; Anxiety disorders; Artificial intelligence; Behavioural Avoidance Test; In vivo; Physiological Signals; Psychological States","","","","","","","","","","","","","","","","","","","","","","","","","","","","","","","","","","","","","","","","","","","","","","",""
"L6GHQIMF","journalArticle","2026","Zhou, Tian; Chen, Lin; Wang, Xiaocheng; Fang, Xiao; Lu, Xin; Ni, Runjie; Chen, Shu; Wei, Zerong; Lau, Rong; Yu, Yanmei; Ye, XiangMing; Xu, Dongrong","Beyond symmetry: a novel asymmetric interaction strategy for immersive VR-based mirror therapy","IEEE Transactions on Visualization and Computer Graphics","","1941-0506","10.1109/TVCG.2026.3680628","","Virtual Reality (VR) has been widely applied in healthcare domain. Virtual Reality Mirror Therapy (VRMT) is one such clinical application for phantom limb pain management and post-stroke hemiparesis rehabilitation. However, the prevailing design of VRMT tasks typically follows the schema of traditional mirror therapy paradigm that prescribes strictly symmetric bilateral movements along the body's midline. While symmetry is not a requirement by the mirror neuron therapy where mirror therapies derive, this constraint imposes unnecessary limitations to both the development of diversified game-based rehabilitation tasks and portability of VR equipment and hardware. As a result, average patients using a conventional VR system may often find it difficult to perform certain exercises, such as arm abductions, or not possible to run a VRMT paradigm on affordable VR equipment for home-based rehabilitation. We therefore propose AsymmVRMT, an asymmetric strategy for mirrored affected limb mapping, and adopted it in our VRMT paradigm. We conducted a randomized controlled trial (RCT) on post-stroke hemiparetic patients, and examined their clinical outcome measures (FM-UE, BI & WMFT) along with their user experience data (SUS & VEQ). Results showed that patients demonstrated stronger adaptability and more positive perceptions toward using the AsymmVRMT model, while the therapeutic outcomes were as good as those using conventional VRMT. AsymmVRMT therefore appears to be an effective alternative for human-computer interaction in VR that may offer higher flexibility and diversity to address the hardware-related constraints in rehabilitation system development, facilitating convenient VR-based rehabilitation for patients, both at the hospital and at home.","2026-05","2026-07-17 05:52:57","2026-07-17 05:52:57","","4699-4709","","5","32","","","","","","","","","","","","","","","","","","","","","Virtual Reality; Avatars; Modulation; User Experience; Human-Computer Interaction; Feedback; Graphical user interfaces; Hand Redirection; Frequency modulation; Stroke Rehabilitation; Circuits; Radio broadcasting; Central Processing Unit; Hemiparesis Rehabilitation; Mirror Neuron; Mirror Therapy","","","","","","","","","","","","","","","","","","","","","","","","","","","","","","","","","","","","","","","","","","","","","","",""
"3MU89X95","conferencePaper","2025","Wei, Zheng; Sun, Jia; Liao, Junxiang; Lee, Lik-Hang; Hui, Pan; Qu, Huamin; Tong, Wai; Xu, Xian","Exploring gaze dynamics in vr film education: Gender, avatar, and the shift between male and female perspectives","2025 IEEE international symposium on mixed and augmented reality (ISMAR)","","2473-0726","10.1109/ISMAR67309.2025.00027","","In virtual reality (VR) education, especially in creative fields like film production, avatar design and narrative style extend beyond appearance and aesthetics. This study explores how the interaction between avatar gender, the dominant narrative actor's gender, and the learner's gender influences film production learning in VR, focusing on gaze dynamics and gender perspectives. Using a 2×2×2 experimental design, 48 participants operated avatars of different genders and interacted with male or female-dominant narratives. The results show that the consistency between the avatar and gender affects presence, and learners' control over the avatar is also influenced by gender matching. Learners using avatars of the opposite gender reported stronger control, suggesting gender incongruity prompted more focus on the avatar. Additionally, female participants with female avatars were more likely to adopt a “female gaze,” favoring soft lighting and emotional shots, while male participants with male avatars were more likely to adopt a “male gaze,” choosing dynamic shots and high contrast. When male participants used female avatars, they favored “female gaze,” while female participants with male avatars focused on “male gaze”. These findings advance our understanding of how avatar design and narrative style in VRbased education influence creativity and the cultivation of gender perspectives, and they offer insights for developing more inclusive and diverse VR teaching tools going forward.","2025-10","2026-07-17 05:52:57","2026-07-17 05:52:57","","142-152","","","","","","","","","","","","","","","","","","","","","","","","Virtual Reality; Avatar; Avatars; Augmented reality; Reflection; Shape; Focusing; Proteus Effect; Education; Production; Lighting; Cognitive Effects; Creativity; Film Education; Gaze Dynamics; Self-Presence","","","","","","","","","","","","","","","","","","","","","","","","","","","","","","","","","","","","","","","","","","","","","","",""
"FYCJQSV8","conferencePaper","2025","Vyas, Bharat; O’Sullivan, Carol","Shape shifters: Does body shape change the perception of small-scale crowd motions?","2025 IEEE conference on virtual reality and 3D user interfaces abstracts and workshops (VRW)","","","10.1109/VRW66409.2025.00143","","The animation of realistic virtual avatars in crowd scenarios is an important element of immersive virtual environments. However, achieving this realism requires attention to multiple factors, such as their visual appearance and motion cues. We investigated how body shape diversity influences the perception of motion clones in virtual crowds. A physics-based model was used to simulate virtual avatars in a small-scale crowd of size twelve. Participants viewed side-by-side video clips of these virtual crowds: one featuring all unique motions (Baseline) and the other containing motion clones (i.e., the same motion used to animate two or more avatars in the crowd). We also varied the levels of body shape and motion diversity. Our findings revealed that body shape diversity did not influence participants' ratings of motion clone detection, and motion variety had a greater impact on their perception of the crowd. Further research is needed to investigate how other visual factors interact with motion in order to enhance the perception of virtual crowd.","2025-03","2026-07-17 05:52:57","2026-07-17 05:52:57","","705-710","","","","","","","","","","","","","","","","","","","","","","","","perception; motion capture; Virtual environments; Avatars; Visualization; Three-dimensional displays; Shape; User interfaces; Solid modeling; Cloning; Motion capture; Physics; Physics simulation","","","","","","","","","","","","","","","","","","","","","","","","","","","","","","","","","","","","","","","","","","","","","","",""
"H7N3DCWL","journalArticle","2026","Fujiwara, Kengo; Irie, Keisuke; Iwanaga, Yuto; Deguchi, Yukinori; Sonoda, Takaya; Otsuka, Hikari; Liang, Nan","Data glove and controller utilized in a ball-catching task with virtual reality differentially modulate corticospinal excitability during combined action observation and motor imagery","IEEE Transactions on Neural Systems and Rehabilitation Engineering","","1558-0210","10.1109/TNSRE.2026.3664861","","Virtual reality (VR) enhances the vividness of motor imagery (MI) when combined with action observation (AO). While prior studies suggest differences in self-awareness and motor practice when using a Controller versus a data Glove (Glove) to manipulate an avatar hand, it remains unclear whether corticospinal excitability (CSE) varies by manipulation type. Using transcranial magnetic stimulation (TMS), we examined CSE before and after short-term performance change of a VR ball-catching task with a Controller or Glove. Twenty healthy adults in short-term performance change with both devices on separate days. Participants unimanually controlled an avatar hand in VR to catch a ball. We assessed changes in MI vividness, self-awareness, motor performance, and surface electromyography (EMG) with practice. Single-pulse TMS was delivered before and after practice over the contralateral motor cortex to evaluate CSE in task-related muscles at rest and during Action Observation during Motor Imagery (AOMI). MI vividness increased with practice for both devices, with no between-device differences in self-awareness. Agonist EMG decreased only with Glove practice, while CSE (motor-evoked potential amplitude) increased after Glove practice but not after Controller practice. Correlation analyses showed significant associations between EMG and motor-evoked potentials (MEP), and between ownership and MEP, after practice. These findings indicate that short-term performance change modulates CSE in a device-dependent, muscle-specific manner in a VR ball-catching task, with CSE changes linked to the sense of body ownership in VR.","2026","2026-07-17 05:52:57","2026-07-17 05:52:57","","1187-1198","","","34","","","","","","","","","","","","","","","","","","","","","virtual reality; Avatars; Hands; Tracking; Ethics; Data gloves; Motors; Performance evaluation; Muscles; Biomedical imaging; Electromyography; Action Observation during Motor Imagery (AOMI); transcranial magnetic stimulation","","","","","","","","","","","","","","","","","","","","","","","","","","","","","","","","","","","","","","","","","","","","","","",""
"QLK8H9ZW","conferencePaper","2025","Salagean, Anca; Cosker, Darren; Fraser, Danaë Stanton","The honest virtual self? Effects of avatar personalization and motor control on physiological responses to deceptive behaviours","2025 IEEE international symposium on mixed and augmented reality (ISMAR)","","2473-0726","10.1109/ISMAR67309.2025.00092","","With the advent of social virtual reality (VR), understanding how avatar personalization impacts users' social behaviour and physiological responses in VR is increasingly important. Deceptive behaviour is particularly relevant, as users can often hide their identity behind generic avatars, which can facilitate deception. We investigated whether avatar personalization and motor control impacted physiological reactions in a Detection-of-Deception task. Twenty participants performed the task with different levels of avatar personalization and motor control over the avatar. While personalization did not impact skin conductance responses, it led to a significant decrease in heart rate, which is an established physiological response associated with deceptive behaviour. This effect was exclusive to personalized avatars and not observed in generic avatars. Personalization and motor control led to increased embodiment, body ownership, agency and presence ratings. Overall, personalized avatars can preserve users’ physiological reactions to key social events, and thus enhance the realism of VR simulations.","2025-10","2026-07-17 05:52:57","2026-07-17 05:52:57","","837-846","","","","","","","","","","","","","","","","","","","","","","","","Embodiment; Avatar; Avatars; Augmented reality; Personalization; Skin; Solid modeling; Motor drives; Physiology; Deception; Heart rate; Heart Rate; Motor Control","","","","","","","","","","","","","","","","","","","","","","","","","","","","","","","","","","","","","","","","","","","","","","",""
"REG3ZQZS","conferencePaper","2025","Zhao, Jiayan; Wang, Jiaxin; Wallgrün, Jan Oliver; de-Vries, Rachelle; Klippel, Alexander","Recognizing food neophobia through consumer behavior in virtual reality","2025 11th international conference on virtual reality (ICVR)","","","10.1109/ICVR66534.2025.11172652","","Characteristics of individuals can influence eating behavior and food choices. Traditionally, scientists have assessed such characteristics through questionnaires and interviews. Explicit measures such as self-reports can be biased, however, by elements of social desirability and awareness of experimental aims or procedures. To address these shortcomings, this study uses implicit data exploring the use of virtual reality (VR) and machine learning to infer food-related personality traits from behavioral data. Specifically, we investigated whether food neophobia, or the reluctance to try unfamiliar foods, can be predicted based on eyeand body movements recorded during VR experiences. Participants (n=42) completed a food selection task in a virtual buffet, after which four supervised machine learning models were developed using features derived from body-based translation, rotation, and eye-tracking data to classify participants into low and high food neophobia groups. These models were trained and cross-validated using participants’ responses to the self-reported Food Neophobia Scale. The results show that the Random Forest model achieved the best performance, with a classification accuracy of 0.89 and Cohen’s Kappa of 0.78 on the test set. While statistical analyses revealed significant differences in eye-tracking patterns between low- and high-neophobia groups when viewing familiar versus unfamiliar food items, body movement features contributed more strongly to overall model performance. Despite the small sample size, which limits the generalizability of the findings, this study shows the promise of combining VR, behavioral tracking (implicit data), and machine learning to support efficient, unobtrusive consumer profiling in food-related contexts and beyond.","2025-07","2026-07-17 05:52:57","2026-07-17 05:52:57","","159-167","","","","","","","","","","","","","","","","","","","","","","","","Virtual reality; machine learning; Tracking; Solid modeling; Interviews; Gaze tracking; Data models; Statistical analysis; Consumer behavior; eyetracking; food choices; immersive technologies; personality traits; Random forests; Translation","","","","","","","","","","","","","","","","","","","","","","","","","","","","","","","","","","","","","","","","","","","","","","",""
"3VFJRP43","conferencePaper","2025","Zhang, Rendong; Watkins, Alexandra; Sarkar, Nilanjan","GSAC: Leveraging gaussian splatting for photorealistic avatar creation with unity integration","2025 11th international conference on virtual reality (ICVR)","","","10.1109/ICVR66534.2025.11172560","","Photorealistic avatars have become essential for immersive applications in virtual reality (VR) and augmented reality (AR), enabling lifelike interactions in areas such as training simulations, telemedicine, and virtual collaboration. These avatars bridge the gap between the physical and digital worlds, improving the user experience through realistic human representation. However, existing avatar creation techniques face significant challenges, including high costs, long creation times, and limited utility in virtual applications. Manual methods, such as MetaHuman, require extensive time and expertise, while automatic approaches, such as NeRF-based pipelines often lack efficiency, detailed facial expression fidelity, and are unable to be rendered at a speed sufficent for real-time applications. By involving several cutting-edge modern techniques, we introduce an end-to-end 3D Gaussian Splatting (3DGS) avatar creation pipeline that leverages monocular video input to create a scalable and efficient photorealistic avatar directly compatible with the Unity game engine. Our pipeline incorporates a novel Gaussian splatting technique with customized preprocessing that enables the user of “in the wild” monocular video capture, detailed facial expression reconstruction and embedding within a fully rigged avatar model. Additionally, we present a Unity-integrated Gaussian Splatting Avatar Editor, offering a user-friendly environment for VR/AR application development. Experimental results validate the effectiveness of our preprocessing pipeline in standardizing custom data for 3DGS training and demonstrate the versatility of Gaussian avatars in Unity, highlighting the scalability and practicality of our approach.","2025-07","2026-07-17 05:52:57","2026-07-17 05:52:57","","168-178","","","","","","","","","","","","","","","","","","","","","","","","Virtual Reality; Avatars; Augmented Reality; Augmented reality; Training; Three-dimensional displays; Animation; User experience; Solid modeling; Videos; Pipelines; Gaussian Splatting; Photorealistic Avatar; Telemedicine","","","","","","","","","","","","","","","","","","","","","","","","","","","","","","","","","","","","","","","","","","","","","","",""
"3WCDRJFY","conferencePaper","2025","Nassiri, Nasser; Rajan, Amala VijayaSelvi","Influence of avatar age on personal space in collaborative virtual environments","2025 international conference on intelligent computing and virtual & augmented reality simulations (ICVARS)","","","10.1109/ICVARS66454.2025.11198802","","In a world where interaction is a significant part of everyday life, personal space (PS) - an invisible bubble surrounding human body - is important. This is because PS functions as a comfort zone during interaction and invading such space produces anxiety and discomfort. Personal space (PS) in the physical world is influenced by many factors such as age, culture, gender, and environmental factors such as room size, room ceiling height, and environmental location (i.e. indoors or outdoors). Little is known, however, about how avatar facial expression related to ages might affect personal space in Virtual Environments. To begin to address this, we have conducted an experiment concerning personal space invasions (PSI) in collaborative virtual environments (CVE) between avatars of different ages-looking (e.g. young and old). The results of the experiment suggested that the old man invading avatar and the old avatar being invaded did have an influence on the personal space invasion anxiety level. However, the anxiety level had clearly been reported during the personal space invasion of the young avatars invading and the personal space of young avatar.","2025-07","2026-07-17 05:52:58","2026-07-17 05:52:58","","12-15","","","","","","","","","","","","","","","","","","","","","","","","Virtual environments; Avatars; Augmented reality; Collaboration; Solid modeling; Cultural differences; Anxiety disorders; Sensitivity; Anxiety; avatar age; Environmental factors; personal space invasion; virtual reality environment","","","","","","","","","","","","","","","","","","","","","","","","","","","","","","","","","","","","","","","","","","","","","","",""
"SSPB824A","journalArticle","2025","Hirobe, Daichi; Shirai, Shizuka; Orlosky, Jason; Alizadeh, Mehrasa; Kobayashi, Masato; Uranishi, Yuki; Ratsamee, Photchara; Takemura, Haruo","User-centric locomotion techniques for virtual reality games: a survey of user needs and issues","IEEE Transactions on Games","","2475-1510","10.1109/TG.2024.3498325","","Virtual reality (VR) video games that are played on a VR headset are becoming increasingly common in households, and though many games require players to navigate vast virtual spaces, most homes cannot provide a large enough physical space to encompass the entire virtual space. Thus, VR video games that require locomotion often provide users with alternative locomotion techniques. While teleportation or steering is typically used as a standard, new techniques can overcome remaining problems, such as motion sickness. However, a holistic perspective of user needs and issues regarding these techniques in practical situations has not been studied on a broad basis. To address this gap in the literature and contribute to future VR video game development and research, we conducted 16 semi-structured interviews and surveyed 88 participants to help explore issues regarding existing locomotion techniques. Our results revealed preferences related to teleportation versus steering and the postures that users adopt while playing VR video games, along with user needs for locomotion techniques in each posture.","2025-06","2026-07-17 05:52:58","2026-07-17 05:52:58","","460-473","","2","17","","","","","","","","","","","","","","","","","","","","","locomotion; Navigation; virtual reality (VR); games; Legged locomotion; Surveys; User experience; Games; Teleportation; Interviews; Motion sickness; Empirical study; needfinding; Space exploration; steering; teleportation; Video games","","","","","","","","","","","","","","","","","","","","","","","","","","","","","","","","","","","","","","","","","","","","","","",""
"T3NQ99RB","journalArticle","2025","Yen, Yu-Ting; Liao, Fang-Ying; Yang, Chi-Lan; Chang, Ruei-Che; Cherng, Fu-Yin; Chen, Bing-Yu","Strange familiars: Exploring the design of avatars and virtual environments for reconnecting dormant ties in virtual reality","IEEE Transactions on Visualization and Computer Graphics","","1941-0506","10.1109/TVCG.2025.3614445","","Rekindling old social bonds with individuals who were once a part of our lives but have since faded away is crucial for our well-being. Such connections with dormant ties help us overcome loneliness and provide social support. Recently, virtual reality (VR) emerged as a promising tool for facilitating social interactions, such as online gatherings for formal or casual activities. VR can offer immersive and shared experiences, facilitating genuine connections between people. This provides a unique advantage over traditional computer-mediated communication methods. However, while prior research has explored how VR can aid in forming new social connections, its potential to reconnect dormant ties is largely unexplored. This paper aims to bridge this gap by examining how different features of VR, specifically avatar appearance and virtual environments, influence reactivations of dormant ties. We conducted an experiment involving 24 dyads to investigate the effect of different avatar-self similarities and virtual environments on the perceptions and interactions between dormant ties. Our findings indicate that avatars resembling oneself and dormant ties promote social closeness. Familiar virtual environments evoke shared memories, while unfamiliar ones stimulate more conversations. We discuss the impact of VR features on reconnecting dormant ties and provide implications for re-connecting relationships in VR.","2025-12","2026-07-17 05:52:58","2026-07-17 05:52:58","","10777-10788","","12","31","","","","","","","","","","","","","","","","","","","","","avatar; Virtual reality; social VR; Virtual environments; Avatars; virtual environment; Training; Videos; Older adults; Oral communication; Computer mediated communication; dormant ties; nostalgia; Telephone sets; Web conferencing","","","","","","","","","","","","","","","","","","","","","","","","","","","","","","","","","","","","","","","","","","","","","","",""
"K6YHS3QJ","conferencePaper","2025","Ferreira, Luísa; Moreira, Gabriel; Campos, Mario; Gomes, Thiago; Silva, Michel","UnMimic: An automatic pipeline for transferring body movements to a photorealistic unreal avatar","2025 international conference on virtual reality and visualization (ICVRV)","","2473-571X","10.1109/ICVRV67992.2025.00174","","Recent advances in expressive human pose and shape (EHPS) estimation have enabled accurate reconstruction of human body movements from RGB videos, reducing dependence on expensive optical tracking systems for motion digitization. Building on these developments, we present UnMimic, an open-source workflow that automatically transfers human movements from an input video to a photorealistic avatar in Unreal Engine for use in virtual reality (VR), augmented reality (AR), and mixed reality (MR) applications. UnMimic supports two avatar models: MetaHuman, which offers 67 pre-built avatars and online customization tools, and City Sample Crowd, which provides over a thousand unique body types. For virtual environments, we provide both static scenes-textured with high dynamic range (HDR) images using Unreal SkySphere-and dynamic scenes based on the City Sample project, featuring urban environments with animated vehicles and pedestrians. In addition to avatar animation, our pipeline outputs frame-wise synchronized depth maps, camera parameters, and skeleton joint locations, enabling applications such as depth-based interaction modeling and occlusion-aware rendering. Both our code and data will be publicly released.","2025-12","2026-07-17 05:52:58","2026-07-17 05:52:58","","1003-1008","","","","","","","","","","","","","","","","","","","","","","","","Avatars; Three-dimensional displays; Shape; Solid modeling; Videos; Urban areas; Pipelines; Synchronization; Skeleton; Vehicle dynamics; Human Avatars; MetaHuman; Movement Transfer; Unreal; Virtual World","","","","","","","","","","","","","","","","","","","","","","","","","","","","","","","","","","","","","","","","","","","","","","",""
"7EVBTUC3","journalArticle","2025","Moullec, Yann; Saint-Aubert, Justine; Cogné, Mélanie; Lécuyer, Anatole","To use or not to use viewpoint oscillations when walking in VR? State of the art and perspectives","IEEE Transactions on Visualization and Computer Graphics","","1941-0506","10.1109/TVCG.2024.3436858","","Viewpoint oscillations are periodic changes in the position and/or orientation of the point of view in a virtual environment. They can be implemented in Virtual Reality (VR) walking simulations to make them feel closer to real walking. This is especially useful in simulations where users remain in place because of space or hardware constraints. As for today, it remains unclear what exact benefit they bring to user experience during walking simulations, and with what characteristics they should be implemented. To answer these questions, we conduct a systematic literature review focusing on five main dimensions of user experience (walking sensation, vection, cybersickness, presence and embodiment) and discuss 44 articles from the fields of VR, Vision, and Human-Computer Interaction. Overall, the literature suggests that viewpoint oscillations benefit vection, and with less evidence, walking sensation and presence. As for cybersickness, the literature contains contrasted results. Based on these results, we recommend using viewpoint oscillations in applications that require accurate distance or speed perception, or that aim to provide compelling walking simulations without a walking avatar, and a particular attention should be paid to cybersickness. Taken together, this work gives recommendations for enhancing walking simulations in VR, which may be applied to entertainment, virtual visits, and medical rehabilitation.","2025-09","2026-07-17 05:52:58","2026-07-17 05:52:58","","5170-5187","","9","31","","","","","","","","","","","","","","","","","","","","","embodiment; virtual reality; presence; Virtual environments; Visualization; Legged locomotion; User experience; Solid modeling; Cybersickness; Oscillators; vection; viewpoint oscillations; walking sensation","","","","","","","","","","","","","","","","","","","","","","","","","","","","","","","","","","","","","","","","","","","","","","",""
"VAR4EXCE","journalArticle","2026","Škola, Filip; Liarokapis, Fotis","Interaction under whole-body user rotations in VR space","IEEE Transactions on Visualization and Computer Graphics","","1941-0506","10.1109/TVCG.2026.3680596","","Virtual reality (VR) enables interactions beyond real-world limitations, yet many such capabilities remain underexplored due to concerns about user comfort and increased disorientation and cybersickness. This study examined how altering the user's virtual pitch orientation influences interaction performance and subjective ratings. In a within-subject design, 30 seated participants experienced 12 virtual tilts from moderate to extreme (±180°). We assessed comfort, simulator sickness, perceptual responses, and performance. Our results revealed no significant increases in nausea, disorientation, or decreased comfort, with mild tilts performing equivalently to baseline. Notably, even extreme tilts maintained low nausea levels. Performance effects were mixed: forward tilts yielded similar or slightly improved performance, whereas backward tilts modestly impaired performance, though not significantly. These findings suggest that VR experiences featuring virtual body orientations distinct from the user's physical posture are feasible without compromising comfort or performance, enabling novel opportunities in simulation, interface design, visualization, creative content creation, and VR gaming.","2026-05","2026-07-17 05:52:58","2026-07-17 05:52:58","","4597-4607","","5","32","","","","","","","","","","","","","","","","","","","","","Virtual reality; Avatars; Videos; Cybersickness; Feedback; Graphical user interfaces; Communication systems; User comfort; Circuits; Contacts; Integrated circuits; Radio access networks; Video equipment; Beyond-real interaction; Decoupled user orientation; Incongruent virtual positioning; Interaction performance; Multisensory conflicts; User rotation; Visuo-vestibular conflict","","","","","","","","","","","","","","","","","","","","","","","","","","","","","","","","","","","","","","","","","","","","","","",""
"PEFV8JUU","conferencePaper","2025","El Sheikh, Seif Ehab; Sanad, Hossam; Sharaf, Nada Hamed; Salem, Mohammed A.-M.","Real-time cognitive emotion mapping for human- avatar interaction in VR","2025 twelfth international conference on intelligent computing and information systems (ICICIS)","","2831-5952","10.1109/ICICIS66182.2025.11313178","","With the shift toward online platforms for education, coaching, and therapy especially accelerated by the COVID19 pandemic-the need for emotionally expressive digital tools has grown significantly. Traditional virtual education solutions often lack the emotional interactivity required for effective communication, particularly for children with communication disorders such as autism. Furthermore, most avatar-based systems are built around English-speaking contexts, leaving a cultural and linguistic gap for widely spoken dialects such as Egyptian Arabic. This paper presents the development and evaluation of an Egyptian emotional avatar designed to express six primary emotions: Anger, Sadness, Fear, Surprise, Happiness, and Neutrality at varying intensity levels. The avatar was adapted from a Unity Asset Store model (Awaii Studio), enhanced by adding ten custom blendshapes using Blender to support additional facial expressions. Emotion targets were modeled based on average facial expressions of an Egyptian actor, derived from a curated dataset. Synchronization of lip movement was achieved using an Egyptian Arabic Text-to-Speech model developed by Omar Samir, alongside a blinking system to enhance realism. A user study was conducted with 40 participants (22 female, 18 male), comparing avatar videos with and without emotional expressions. Participants were divided to mitigate order bias and assessed the avatar based on naturalness, understanding, and reasonableness. Filler and attention-check questions were included to ensure reliability of responses. Results showed that 95","2025-11","2026-07-17 05:52:58","2026-07-17 05:52:58","","91-96","","","","","","","","","","","","","","","","","","","","","","","","avatar; Avatars; Medical treatment; Real-time systems; Videos; Education; Reliability; Synchronization; Adaptation models; Lips; facial expression; emotion recognition; Text to speech; blendshapes; Egyptian Arabic; virtual education; VR storytelling","","","","","","","","","","","","","","","","","","","","","","","","","","","","","","","","","","","","","","","","","","","","","","",""
"DMU6HPFK","conferencePaper","2025","Fang, Xinmin; Li, Zheshuo; Tao, Lingfeng; Li, Zhengxiong","VRobotix: a scalable and cost-effective virtual-reality-based robotic manipulation dataset generation framework","2025 IEEE/RSJ international conference on intelligent robots and systems (IROS)","","2153-0866","10.1109/IROS60139.2025.11247610","","Large-scale, diverse datasets are essential for training robust learning-based robotic manipulation models; however, their acquisition typically requires controlled environments and specialized hardware in research laboratories. This paper presents VRobotix, a virtual reality (VR)-based framework that enables cost-effective and scalable robotic dataset generation through immersive human-in-the-loop control within a physics-accurate robot simulation. By leveraging off-the-shelf VR headsets (e.g., Oculus Quest 3), VRobotix eliminates the need for physical robots while supporting a URDF-compatible, physics-based simulator that accommodates adaptable robotic platforms and egocentric control interfaces, including handheld controllers and body posture tracking. Benefiting from the physics-based simulation, a unique contribution of VRobotix is the replay module, which can regenerate synchronized multi-modal dataset (kinematic states, RGB-D streams) with multiple dataset formats based on the replayable trajectory, supporting various robotic applications. Additionally, an imitation learning module is developed to train control policies using the data collected by VRobotix. Experiments on three initial tasks—pushing, grasping, and stacking—demonstrate a high data collection success rate, averaging 92.0","2025-10","2026-07-17 05:52:58","2026-07-17 05:52:58","","13097-13102","","","","","","","","","","","","","","","","","","","","","","","","Virtual reality; Hardware; Training; Trajectory; Solid modeling; Robots; Data collection; Synchronization; Stability analysis; Robot learning","","","","","","","","","","","","","","","","","","","","","","","","","","","","","","","","","","","","","","","","","","","","","","",""
"EJ7M98LD","conferencePaper","2025","Krishnan, Ajit; Vishwakarma, Himanshu; Chutani, Deeksha; Atulkar, Aniruddha; Bhathad, Dinesh; Kharsade, Maharudra; Biswas, Pradipta","Human-in-the-loop spacecraft maneuvers: Investigating human factors through VR and machine learning","2025 IEEE space, aerospace and defence conference (SPACE)","","","10.1109/SPACE65882.2025.11170892","","On-orbit manual attitude control of manned spacecraft is accomplished using external visual references and some method of three axis attitude control. All past, present, and developmental spacecraft feature the capability to manually control attitude for de-orbit. We used a Unity Virtual Reality (VR) spacecraft simulator to accurately achieve de-orbit attitude while in a 400 km circular orbit. We compared three different devices to control attitude - a 3-DoF Flight stick, physical buttons and virtual buttons with haptic feedback. While the flight stick was fastest in terms of deorbiting, physical buttons were most economical in terms of fuel consumption. Comparison was based on time taken, fuel consumed, cognitive workload assessment and user preference. We used ocular parameters, EEG, NASA TLX and IBM SUS to quantify our results. We also compared a set of machine learning models to predict self reported cognitive load from EEG and pupil dilation.","2025-07","2026-07-17 05:52:58","2026-07-17 05:52:58","","1-5","","","","","","","","","","","","","","","","","","","","","","","","Machine learning; Physiology; Biological system modeling; Electroencephalography; Cognitive load; Attitude control; Brain modeling; Fuels; Load modeling; Space vehicles","","","","","","","","","","","","","","","","","","","","","","","","","","","","","","","","","","","","","","","","","","","","","","",""
"LPNVRZGA","journalArticle","2025","Saint-Aubert, Justine","The snail: a wearable actuated prop to simulate grasp of rigid and soft objects in virtual reality","IEEE Transactions on Haptics","","2329-4051","10.1109/TOH.2025.3548478","","The Snail is a wearable haptic interface that enables users to experience force feedback when grasping objects in Virtual Reality. It consists of a 3D-printed prop attached to the tip of the thumb that can rotate thanks to a small actuator. The prop is shaped like a snail to display different grasping sizes, ranging from 1.5 cm to 7 cm, according to its orientation. The prop displays the force feedback, so forces over 100 N can be displayed between fingers using small and low-power actuation. Very rigid objects can be rendered when the prop remains static, but rotations when the users grasp the prop also allow for the simulation of soft objects. The Snail is portable, low-cost, and easy to reproduce because it is made of 3D-printed parts. The design and performance of the device were evaluated through technical evaluations and 3 user experiments. They show that participants can discriminate different grasping sizes and levels of softness with the interface. The Snail also enhances user experience and performances in Virtual Reality compared to standard vibration feedback.","2025-04","2026-07-17 05:52:58","2026-07-17 05:52:58","","362-373","","2","18","","","","","","","","","","","","","","","","","","","","","virtual reality; Virtual reality; Wearable devices; Visualization; Vibrations; Actuators; Force; force feedback; Force feedback; Grasping; haptic grasp; softness; Wearable interface","","","","","","","","","","","","","","","","","","","","","","","","","","","","","","","","","","","","","","","","","","","","","","",""
"3M6SCBFK","conferencePaper","2025","Oobayashi, S.; Nagata, H.; Mizutani, K.","The effect of changes in the number of people in a VR environment on interpersonal distance","2025 47th annual international conference of the IEEE engineering in medicine and biology society (EMBC)","","2694-0604","10.1109/EMBC58623.2025.11252879","","With the recent popularization of online interviews, lack of communication has become an issue. By using VR technology, it is expected to duplicate an environment similar to a face-to-face interview and optimize the interview environment with psychological comfort in mind. In this study, we examined the effects of the number of interviewers and types of objects in a VR space on participants' interpersonal distance. In Experiment 1, cardboard, mannequin, and human avatars were presented and participants’ interpersonal distance was investigated. The results showed that participants tended to increase their interpersonal distance as the number of avatars increased. And there was no significant difference in distance between the different types of avatars. In Experiment 2, one to five interviewer objects were presented in a VR conference room to measure the interpersonal distance and psychological load level that participants considered appropriate. The results showed that there was no increase in appropriate distance whether there were one or two interviewers, and that the psychological load was lower with one interviewer than with two. The results suggest that one interviewer is appropriate for counseling, while two interviewers are appropriate for interview practice. This study suggested optimal values for the distance between the interviewer and the interviewee and the number of interviewees participating in the VR interview environment by measuring personal space while measuring the effect of the avatar and number of interviewees on the psychological load level of the participants.Clinical Relevance— Prolonged hospitalization in intensive care units (ICUs) causes rehabilitation difficulties and communication barriers for patients. Creating a interactive rehabilitation environment using VR is expected to contribute to situations where patients with PTSD and trauma are provided with opportunities to gradually learn how to interact with others, as well as to situations where patients with stroke and physical disabilities are rehabilitated in spatial cognition. The distance between the interviewer and the interviewee during an interview affects the smoothness of communication. This study provided insight into the optimal distance between interviewer and interviewee in VR interviews, depending on the number of interviewees participating.","2025-07","2026-07-17 05:52:58","2026-07-17 05:52:58","","1-5","","","","","","","","","","","","","","","","","","","","","","","","Avatars; Atmospheric measurements; Particle measurements; Psychology; Cognition; Interviews; Employee welfare; Stroke (medical condition); Engineering in medicine and biology","","","","","","","","","","","","","","","","","","","","","","","","","","","","","","","","","","","","","","","","","","","","","","",""
"YNZJNJ6L","conferencePaper","2025","Bitar, Majd; Rivière, Jean-Philippe; Fribourg, Rebecca; Normand, Jean-Marie; Prié, Yannick","Sustaining the experience of pair natural walking in social virtual reality","2025 IEEE conference on virtual reality and 3D user interfaces abstracts and workshops (VRW)","","","10.1109/VRW66409.2025.00065","","Walking together is a basic social interaction, making it an essential feature to support in social virtual reality. Most research on locomotion in VR focuses on the motor aspect of walking, rather than on the cognitive or social aspects of social walking. In this paper, we explore walking in pairs, draw on observations from a pilot study, and propose some recommendations for enhancing the experience of pair walking in social VR. Using arm arm-swinging locomotion, we implemented two features based on movement rhythm, a footstep cue and an aura to enhance the awareness of one’s partner walking, that we tested in a custom virtual environment. The initial results highlight the potential benefits of our proposals, yet future work is needed to strengthen these findings.","2025-03","2026-07-17 05:52:58","2026-07-17 05:52:58","","275-281","","","","","","","","","","","","","","","","","","","","","","","","Virtual Reality; Navigation; Locomotion; Virtual environments; Social VR; Visualization; Three-dimensional displays; Legged locomotion; User interfaces; Synchronization; Reviews; Social Presence; Rhythm; Collaborative Walking; Proposals","","","","","","","","","","","","","","","","","","","","","","","","","","","","","","","","","","","","","","","","","","","","","","",""
"QSGIZHFS","conferencePaper","2025","Chung, Allan; Liang, Yo-Wen","Exploring functions in a collaborative virtual reality environment supporting industrial design students’ communication effectiveness","2025 16th international conference on e-education, e-business, e-management and e-learning (ic4e)","","","10.1109/IC4e65071.2025.11075500","","Virtual Reality (VR) is transforming industrial design education, yet its functions in enhancing collaborative communication remain underexplored. This study examines how specific VR functions impact communication effectiveness among design students. Using the Kano model and pre- and post-test assessments, we evaluate student satisfaction and communication effectiveness across discussion quality, richness, openness, appropriateness, and accuracy. The results show VR significantly improves discussion quality, richness, and openness, while appropriateness and accuracy remain unchanged. Kano analysis classifies most VR functions as one-dimensional, with features such as Scale, Fly, Switch Environment, Sketch, and Animation identified as high-weight requirements. Additionally, Spearman correlation analysis shows that Teleport Body and Screenshot are significantly and positively associated with the overall information quantity during discussions.","2025-04","2026-07-17 05:52:58","2026-07-17 05:52:58","","524-528","","","","","","","","","","","","","","","","","","","","","","","","virtual reality; Virtual reality; industrial design; Animation; Collaboration; Accuracy; Correlation; Solid modeling; Education; Electronic learning; communication effectiveness; Communication effectiveness; design management; Switches","","","","","","","","","","","","","","","","","","","","","","","","","","","","","","","","","","","","","","","","","","","","","","",""
"4CPSHUF7","conferencePaper","2025","Hejrati, Mahdi; Mattila, Jouni","Immersive teleoperation of beyond-human-scale robotic manipulators: Challenges and future directions","2025 IEEE conference on telepresence","","","10.1109/Telepresence66096.2025.11521389","","Teleoperation of beyond-human-scale robotic manipulators (BHSRMs) presents unique challenges that differ fundamentally from conventional human-scale systems. As these platforms gain relevance in industrial domains such as construction, mining, and disaster response, immersive interfaces must be rethought to support scalable, safe, and effective human–robot collaboration. This paper investigates the control, cognitive, and interface-level challenges of immersive teleoperation in BHSRMs, with a focus on ensuring operator safety, minimizing sensorimotor mismatch, and enhancing the sense of embodiment. We analyze design trade-offs in haptic and visual feedback systems, supported by early experimental comparisons of exoskeleton-and joystick-based control setups. Finally, we outline key research directions for developing new evaluation tools, scaling strategies, and human-centered safety models tailored to large-scale robotic telepresence.","2025-09","2026-07-17 05:52:58","2026-07-17 05:52:58","","165-170","","","","","","","","","","","","","","","","","","","","","","","","Visualization; Safety; Robots; Feedback; Force; Manipulators; Modeling; Exoskeletons; Printing; Remote handling","","","","","","","","","","","","","","","","","","","","","","","","","","","","","","","","","","","","","","","","","","","","","","",""
"HB3XQ2PI","journalArticle","2026","Hube, Natalie; Achberger, Alexander; Sedlmair, Michael","A large-scale quantitative analysis of avatars in VR and AR","IEEE Transactions on Visualization and Computer Graphics","","1941-0506","10.1109/TVCG.2026.3679106","","Avatars play a central role in virtual and augmented reality (VR/AR), yet little is known about how they are represented in research. To address this gap, we collected and analyzed 14 440 avatar images from 4 659 publications. Every image was hand-labeled for gender, ethnicity, body representation, and visual style, and linked to publication metadata such as keywords, affiliation, and year. Our large-scale analysis yields 14 findings: for example, the dominance of realistic white male avatars in VR studies, the use of lower-fidelity and more gender-diverse bodies in AR, the post-2021 rise of stylized designs and diversity labels, and the mismatch between the amount of female keywords and their avatar occurrences. Based on our findings, we offer practical implications for avatar designers and researchers, such as adopting balanced starter libraries, employing bias dashboards, and using simple representation checklists. These steps can help future VR and AR platforms reduce bias and improve representations in avatar systems.","2026-05","2026-07-17 05:52:58","2026-07-17 05:52:58","","3136-3145","","5","32","","","","","","","","","","","","","","","","","","","","","virtual reality; Avatar; augmented reality; Avatars; Electronic mail; Motion pictures; Videos; Video games; Internet; Graphical user interfaces; Integrated circuits; Crowdsourcing; Video equipment","","","","","","","","","","","","","","","","","","","","","","","","","","","","","","","","","","","","","","","","","","","","","","",""
"FKBCCSDN","journalArticle","2026","Pi, Yuke; Gillies, Marco; Cowie, Dorothy; Pan, Xueni","Slightly stretching your arm's reach may improve VR interaction: The optimal interaction zone in a memory task","IEEE Transactions on Visualization and Computer Graphics","","1941-0506","10.1109/TVCG.2026.3679873","","This study investigates how interaction methods and spatial distance affect user performance and experience in virtual reality (VR) tasks. We compared the Go-Go technique with ray-based Laser selection across eight target distances (0.67× to 4× arm length) in a memory task to identify distance ranges that minimize motor and cognitive demands and support working memory. Results with 41 participants revealed a trade-off: Go-Go enhanced embodiment, while Laser yielded higher efficiency and lower workload. This trade-off was distance-dependent: Go-Go performed best at 1.2×-1.4×, and Laser at 1.4×-2.2×. Our results offer practical design guidelines for adaptive, distance-aware VR systems that align performance and subjective experience.","2026-05","2026-07-17 05:52:58","2026-07-17 05:52:58","","3851-3861","","5","32","","","","","","","","","","","","","","","","","","","","","Virtual reality; Embodiment; Avatars; Electronic mail; Cognitive load; Feedback; Internet; Graphical user interfaces; Frequency modulation; Amplitude modulation; Circuits; Amplitude shift keying; Radio broadcasting; Augmented interaction; Selection techniques","","","","","","","","","","","","","","","","","","","","","","","","","","","","","","","","","","","","","","","","","","","","","","",""
"9GSGDDPH","journalArticle","2026","Hagimori, Daiki; Isoyama, Naoya; Perusquía-Hernández, Monica; Yoshimoto, Shunsuke; Uchiyama, Hideaki; Sakata, Nobuchika; Kiyokawa, Kiyoshi","Visual and somatosensory integration with higher sitting posture enhances the sense of standing and self-motion in seated VR","IEEE Transactions on Visualization and Computer Graphics","","1941-0506","10.1109/TVCG.2025.3640239","","Users are often seated in the real environment, while their virtual avatars either remain standing stationary or move in virtual reality (VR). This creates posture inconsistencies between the real and virtual embodiment representations. The relationship between posture consistency in locomotion techniques and sense of presence in VR is still unclear. This study investigates how visual and somatosensory integration affects the sense of standing (SoSt) and the sense of self-motion (SoSm) when the sitting posture is varied slightly, including highlighting the importance of sitting posture for locomotion design in VR. The degree and occurrence of SoSt and SoSm were assessed by subjective experiments, and it was found that higher sitting and lower sitting postures present higher SoSt and lower SoSm, respectively. Invocation of SoSt also influences postural perception. Perception of travel distance varied according to the posture condition when identical visual flow was presented. The findings suggest that visual and somatosensory integration related to posture enhances SoSt and SoSm, and a sitting posture with a higher seating position is recommended in seated VR locomotion design.","2026-02","2026-07-17 05:52:58","2026-07-17 05:52:58","","1767-1779","","2","32","","","","","","","","","","","","","","","","","","","","","virtual reality; Visualization; Estimation; Human computer interaction; Legged locomotion; Atmospheric measurements; Particle measurements; Optical flow; Somatosensory; Fatigue; Cognitive processes; Manuals; perception of posture","","","","","","","","","","","","","","","","","","","","","","","","","","","","","","","","","","","","","","","","","","","","","","",""
"IXVWUWJG","conferencePaper","2025","Farahani, Layla Farmahini; Mavridou, Ifigeneia; Zhao, Jiayan; Klippel, Alexander","Integrating virtual reality and physiological measures to study restorative environments for mental well-being","2025 IEEE conference on virtual reality and 3D user interfaces abstracts and workshops (VRW)","","","10.1109/VRW66409.2025.00208","","This paper explores the integration of virtual reality (VR) environments with physiological sensors to study and enhance mental well-being. Building on research emphasizing the role of restorative environments, this study focuses on designing and optimizing experiment to understand restorative potential of realistic virtual outdoor spaces on VR. By using VR combined with physiological measures (e.g., heart rate and skin conductance), the study aims to move from explicit data collection to more implicit, continuous feedback. Preliminary design considerations, challenges, and methodologies are discussed, highlighting VR's potential for improving mental health.","2025-03","2026-07-17 05:52:58","2026-07-17 05:52:58","","1033-1038","","","","","","","","","","","","","","","","","","","","","","","","Virtual environments; Emotion; Skin; Three-dimensional displays; User interfaces; Tracking; Physiology; Mental health; Cognition; Aerospace electronics; Testing; Stress; Green design; Physiological signals","","","","","","","","","","","","","","","","","","","","","","","","","","","","","","","","","","","","","","","","","","","","","","",""
"RCG72BPV","journalArticle","2026","Muñoz, Daniel A.; Ho, Jeffrey C. F.","User-articulated associations in VR: a co-occurrence network map of presence, realism, agency, and time","IEEE Transactions on Visualization and Computer Graphics","","1941-0506","10.1109/TVCG.2026.3679112","","Research on VR often isolates constructs on separate scales, obscuring how users themselves link presence, agency, realism, fictionality, temporal structure, and embodiment during play. We address this gap with a qualitative, participant-level mapping of user-articulated associations across nine constructs defined a priori from theory and standardized for analysis: presence (PI; feeling “there”), visual realism, physical realism, fictionality, agency, temporal structure, narrative comprehension, attentional guidance, and embodiment. Fifty-seven design-trained participants played two commercial VR games (A Fisherman's Tale; Moss on Quest 2/3) and answered openended prompts. Using codebook thematic analysis, we binarized construct mentions per participant and computed normalized co-occurrences (Jaccard) with bootstrap 95","2026-05","2026-07-17 05:52:58","2026-07-17 05:52:58","","3626-3635","","5","32","","","","","","","","","","","","","","","","","","","","","Virtual Reality; Embodiment; Presence; Avatars; Motion pictures; Videos; Agency; Feedback; Video games; Graphical user interfaces; System-on-chip; Time Perception; Circuits; Video equipment; Application specific integrated circuits; Attentional Guidance; Co-occurrence Analysis; Narrative; Realism; Thematic Analysis","","","","","","","","","","","","","","","","","","","","","","","","","","","","","","","","","","","","","","","","","","","","","","",""
"YRCB9B9P","conferencePaper","2026","NG, Tsz-Lok; CHUNG, Fu-Lai","HA-VTON: Prompt-guided human avatar generation with virtual try-on result from single human and garment images","2026 IEEE conference on virtual reality and 3D user interfaces abstracts and workshops (VRW)","","","10.1109/VRW70859.2026.00017","","3D human avatar generation has been a hot topic of the 3D research community for many years, particularly in the VR domain. One of its downstream tasks, Virtual Try-On (VTON) is a transformative technology commonly applied in e-commerce and fashion design. Recent 3D VTON works relied on 3DGS human models as input and achieved promising results. However, capturing a 3DGS human input is generally costly compared to an image input. To address this limitation, we propose a Prompt-guided Human Avatar Generation with Virtual Try-On Result (HA-VTON) framework. Given a human image, a garment image and an outpainting prompt, it can generate a 3D human avatar with virtual try-on result. Additionally, we introduce an outpainting module which is designed for completing body information in the human image for reconstruction. The experimental results demonstrate that the proposed framework is effective in generating 3D human avatars when compared to other state-of-the-art methods.","2026-03","2026-07-17 05:52:58","2026-07-17 05:52:58","","54-59","","","","","","","","","","","","","","","","","","","","","","","","3D Reconstruction; Avatars; LoRa; Protocols; Feeds; Data communication; Graphical user interfaces; Virtual Try-On; Digital images; Passive optical networks; HTTP; Pixel; Avatar Generation","","","","","","","","","","","","","","","","","","","","","","","","","","","","","","","","","","","","","","","","","","","","","","",""
"XXEAMNGY","journalArticle","2025","Wang, Xuanyu; Zhang, Weizhan; Sandor, Christian; Fu, Hongbo","Real-and-present: Investigating the use of life-size 2D video avatars in HMD-based AR teleconferencing","IEEE Transactions on Visualization and Computer Graphics","","1941-0506","10.1109/TVCG.2024.3466554","","Augmented Reality (AR) teleconferencing allows spatially distributed users to interact with each other in 3D through agents in their own physical environments. Existing methods leveraging volumetric capturing and reconstruction can provide a high-fidelity experience but are often too complex and expensive for everyday use. Other solutions target mobile and effortless-to-setup teleconferencing on AR Head Mounted Displays (HMD). They directly transplant the conventional video conferencing onto an AR-HMD platform or use avatars to represent remote participants. However, they can only support either a high fidelity or a high level of co-presence. Moreover, the limited Field of View (FoV) of HMDs could further degrade users’ immersive experience. To achieve a balance between fidelity and co-presence, we explore using life-size 2D video-based avatars (video avatars for short) in AR teleconferencing. Specifically, with the potential effect of FoV on users’ perception of proximity, we first conducted a pilot study to explore the local-user-centered optimal placement of video avatars in small-group AR conversations. With the placement results, we then implement a proof-of-concept prototype of video-avatar-based teleconferencing. We conduct user evaluations with our prototype to verify its effectiveness in balancing fidelity and co-presence. Following the indication in the pilot study, we further quantitatively explore the effect of FoV size on the video avatar’s optimal placement through a user study involving more FoV conditions in a VR-simulated environment. We regress placement models to serve as references for computationally determining video avatar placements in such teleconferencing applications on various existing AR HMDs and future ones with bigger FoVs.","2025-09","2026-07-17 05:52:58","2026-07-17 05:52:58","","5626-5641","","9","31","","","","","","","","","","","","","","","","","","","","","field of view; Avatars; co-presence; Resists; Three-dimensional displays; Prototypes; Oral communication; Augmented Reality (AR) teleconference; fidelity; Teleconferencing; video-based avatar; Videoconferences","","","","","","","","","","","","","","","","","","","","","","","","","","","","","","","","","","","","","","","","","","","","","","",""
"UWIFDNN9","conferencePaper","2025","Redjem, Inas; Cagnoncle, Julien; Huaulmé, Arnaud; Audinot, Alexandre; Nouviale, Florian; Risy, Mathieu; Gouranton, Valérie; Michinov, Estelle; Jannin, Pierre","When faces are masked: Exploring emotional expression through body postures in virtual reality","2025 IEEE conference on virtual reality and 3D user interfaces abstracts and workshops (VRW)","","","10.1109/VRW66409.2025.00394","","As simulation advances in healthcare training, understanding how body-only signals convey emotions in virtual environments is crucial, particularly with masked virtual agents. This study involved 41 nursing students evaluating 16 faceless fear and surprise postures to assess their realism and the emotion conveyed. While well-recognized in 2D human representations, only three of 16 postures were correctly identified by more than 50","2025-03","2026-07-17 05:52:58","2026-07-17 05:52:58","","1496-1497","","","","","","","","","","","","","","","","","","","","","","","","Virtual Reality; Virtual environments; Training; Visualization; Human computer interaction; Three-dimensional displays; Human computer interaction (HCI); Human-centered computing; Medical services; Empirical studies in HCI; Testing; Complexity theory; Emotion recognition; Image recognition","","","","","","","","","","","","","","","","","","","","","","","","","","","","","","","","","","","","","","","","","","","","","","",""
"Z88VL9IH","conferencePaper","2025","Lafci, Mustafa Tevfik; Nierula, Birgit; Damar, Dilara; Bosse, Sebastian","Too close for comfort? Investigating virtual professor distance and student learning in VR","2025 IEEE international conference on systems, man, and cybernetics (SMC)","","","10.1109/SMC58881.2025.11343276","","This study investigates how virtual professor proximity influences student comprehension and attention in an immersive learning environment. 27 participants experienced three lectures in virtual reality (VR) under varying spatial conditions: close distance (personal space intrusion), optimal distance (user defined preferred proximity), and far distance (outside social interaction proximity). Attention was tracked via eye movement, and comprehension was evaluated through multiple-choice tests. Results show that close distance reduced comprehension despite increased gaze toward the professor, likely due to discomfort and attentional overload. Far distance increased visual distraction, while the optimal distance supported comfort, engagement, and performance. Our findings offer actionable design guidelines for avatar placements in virtual learning systems to optimize user experience and cognitive effectiveness.","2025-10","2026-07-17 05:52:58","2026-07-17 05:52:58","","1052-1057","","","","","","","","","","","","","","","","","","","","","","","","virtual reality; user experience; proxemics; Avatars; learning; Visualization; Design methodology; Tracking; User experience; Immersive learning; Quality of experience; Electronic learning; Cybernetics","","","","","","","","","","","","","","","","","","","","","","","","","","","","","","","","","","","","","","","","","","","","","","",""
"WLJPIZWX","conferencePaper","2025","Savicka, Anete; Kalniņš, Mārcis; Ivanovs, Maksims","Virtual reality and gamification in rehabilitation: Enhancing patient engagement in the buzz-wire maze task","2025 IEEE 12th workshop on advances in information, electronic and electrical engineering (AIEEE)","","2689-7342","10.1109/AIEEE66149.2025.11050863","","Virtual reality (VR) has recently emerged as a promising tool in rehabilitation, providing an interactive environment that can improve the motivation and engagement of patients. The potential of VR-based rehabilitation can be further expanded by means of gamification – the integration of game-like elements into non-gaming contexts. This study investigates the impact of VR and gamification on performance in a handheld buzz-wire maze task, which can be used in post-stroke rehabilitation. Participants (N=27) performed the task by guiding a tracking ring along a wire and trying to avoid contact, across three conditions: traditional mirror therapy, VR without gamification, and VR with gamification. Results showed significant improvements in performance in terms of decreased time and number of mistakes over repeated trials in all conditions. However, gamification did not produce consistent short-term gains in speed or accuracy. Although participants performed comparably in VR and the real-world condition, error rates (number of touches) remained higher in VR. Subjective feedback indicated mixed preferences, with many participants finding VR more engaging but the real environment easier to control. Overall, these findings support the potential of VR and gamification for motor training, while also highlighting areas for further refinement.","2025-05","2026-07-17 05:52:58","2026-07-17 05:52:58","","1-6","","","","","","","","","","","","","","","","","","","","","","","","virtual reality; Virtual reality; rehabilitation; gamification; human-computer interaction; Training; Human computer interaction; Mirrors; Medical treatment; Electric potential; Motors; Error analysis; buzz-wire task; Electrical engineering; Wire","","","","","","","","","","","","","","","","","","","","","","","","","","","","","","","","","","","","","","","","","","","","","","",""
"NY6JIRTV","journalArticle","2025","Connolly, Rose; Buck, Lauren; Zordan, Victor; McDonnell, Rachel","The impact of navigation on proxemics in an immersive virtual environment with conversational agents","IEEE Transactions on Visualization and Computer Graphics","","1941-0506","10.1109/TVCG.2025.3550231","","As social VR grows in popularity, understanding how to optimise interactions becomes increasingly important. Interpersonal distance–the physical space people maintain between each other–is a key aspect of user experience. Previous work in psychology has shown that breaches of personal space cause stress and discomfort. Thus, effectively managing this distance is crucial in social VR, where social interactions are frequent. Teleportation, a commonly used locomotion method in these environments, involves distinct cognitive processes and requires users to rely on their ability to estimate distance. Despite its widespread use, the effect of teleportation on proximity remains unexplored. To investigate this, we measured the interpersonal distance of 70 participants during interactions with embodied conversational agents, comparing teleportation to natural walking. Our findings revealed that participants maintained closer proximity from the agents during teleportation. Female participants kept greater distances from the agents than male participants, and natural walking was associated with higher agency and body ownership, though co-presence remained unchanged. We propose that differences in spatial perception and spatial cognitive load contribute to reduced interpersonal distance with teleportation. These findings emphasise that proximity should be a key consideration when selecting locomotion methods in social VR, highlighting the need for further research on how locomotion impacts spatial perception and social dynamics in virtual environments.","2025-05","2026-07-17 05:52:58","2026-07-17 05:52:58","","2787-2797","","5","31","","","","","","","","","","","","","","","","","","","","","Virtual Reality; Navigation; Locomotion; Virtual environments; Legged locomotion; Hands; Particle measurements; User experience; Teleportation; Aerospace electronics; Cognitive load; Propioception; Distance Estimation; Proximity","","","","","","","","","","","","","","","","","","","","","","","","","","","","","","","","","","","","","","","","","","","","","","",""
"HAL2EEN8","conferencePaper","2025","Alipour, Shawheen; Coward, Leslie; Burris, Justin; Karki, Bishnu; Liao, Tony","Evaluating an AI teaching assistant in VR physics education: a case study of user experience and effectiveness","2025 IEEE international symposium on emerging metaverse (ISEMV)","","","10.1109/ISEMV67326.2025.00021","","Virtual reality (VR) has demonstrated significant potential in enhancing STEM education through immersive visualization and interactive learning experiences. Recent advances in large language models present new opportunities to integrate AI teaching assistants (AI-TAs) into VR educational applications. This paper presents a case study evaluating the user experience and perceived effectiveness of an AI-TA integrated into a custom VR physics education module for crystal structure learning. We developed a system combining a fine-tuned Llama 3 language model with a 3D avatar interface and voice interaction capabilities. Through workshops with 10 graduate physics students, we compared traditional instruction methods with VR-based learning enhanced by AI-TA support. Participants evaluated the system using modified usability scales and provided qualitative feedback on their learning experience. Results indicate moderate user satisfaction across key dimensions including interface usability, explanation quality, and information relevance, with users expressing strong preference for VR-based crystal structure manipulation over traditional methods. However, the AI-TA integration faced challenges in seamlessly complementing the VR experience, highlighting important design considerations for future implementations. This study contributes initial insights into the challenges and opportunities of integrating conversational AI with immersive educational technologies, with findings suggesting that while AI-VR integration shows promise, success depends on careful attention to multimodal interaction design and system synchronization.","2025-10","2026-07-17 05:52:58","2026-07-17 05:52:58","","62-68","","","","","","","","","","","","","","","","","","","","","","","","virtual reality; user experience; Visualization; Three-dimensional displays; User experience; Usability; Solid modeling; Artificial intelligence; Synchronization; Metaverse; Crystals; educational technology; Educational technology; intelligent tutoring systems; physics education; Physics education","","","","","","","","","","","","","","","","","","","","","","","","","","","","","","","","","","","","","","","","","","","","","","",""
"VRGZRNY5","journalArticle","2025","Herzog, Olivia A.; Boos, Annika C.; Merkel, Tim S.; Bengler, Klaus","The influence of robot descriptions and distraction on proxemics between humans and robots in virtual reality","IEEE access : practical innovations, open solutions","","2169-3536","10.1109/ACCESS.2025.3608481","","Proxemics, a key aspect of human-robot interaction, explores acceptable distances between humans and robots, which can vary depending on various factors. This study (n = 64) investigates the effects of negative attitudes and varying degrees of distraction on human interaction with a delivery robot in a virtual reality (VR) setting. Participants were divided into two groups exposed to video descriptions aimed at influencing their attitudes toward robots positively or negatively, or to a baseline group without an intervention. The experiment followed a 3×4 mixed-design methodology with three groups (positive, negative, and baseline) and four distraction conditions: none, cognitive, visual, and combined. Participants’ acceptable distances, subjective discomfort, and perceived safety were measured. The results did not show significant differences in attitudes, distances, or discomfort between the three description groups, suggesting that the videos did not effectively alter attitudes. However, the baseline group reported significantly lower feelings of safety. Participants with high negative attitudes before the experiment showed a significant reduction in negativity regardless of group assignment, indicating that these individuals’ attitude benefited from the exposure. These individuals also maintained significantly greater distances and evaluated the interaction with the robot as less safe. Further analysis revealed a negative correlation between perceived robot weight and safety, with both video groups estimating the robot’s weight higher than the baseline group. Simultaneous distractions caused the highest discomfort, while no distraction resulted in the lowest. These findings highlight the importance of considering distraction, potential attitudes, and perceived threat when designing robot behavior for safe and satisfactory interactions.","2025","2026-07-17 05:52:58","2026-07-17 05:52:58","","159037-159049","","","13","","IEEE Access","","","","","","","","","","","","","","","","","","","virtual reality; Virtual reality; proxemics; Human-robot interaction; human factors; Visualization; Shape; Safety; Robots; Robot kinematics; Service robots; attitudes; Cognitive science; descriptions; Interference; mobile robotics","","","","","","","","","","","","","","","","","","","","","","","","","","","","","","","","","","","","","","","","","","","","","","",""
"XM4F8FPS","journalArticle","2026","Ibragimov, Elza; Banerjee, Natasha Kholgade; Banerjee, Sean; Shivakumar, Ashutosh","Descriptor: Line cutting while waiting in line at a doctor’s office in virtual reality dataset (LC-WAIT)","IEEE Data Descriptions","","2995-4274","10.1109/IEEEDATA.2026.3689029","","Waiting in line for service provision is ubiquitous to any customer-facing service environment such as a doctor’s office, bank, or coffee shop. In this article, we describe the LC-WAIT dataset consisting of 45 participants waiting in line at a virtual doctor’s office receptionist area. In our dataset, participants experience two scenarios, or treatments—line-cutter allowed and denied, where the line-cutter is a nonplayable character (NPC) that is allowed to join the front of the queue by an in-queue NPC. The LC-WAIT dataset contains participant demographics as well as responses to the Frustration Discomfort Scale (FDS), NASA Task Load Index (TLX), and System Usability Scale (SUS), and per treatment participant responses to perceived frustration due to line-cutter’s intrusive behavior, likelihood to allow the line-cutter to cut in line, and likelihood to exit due to the line-cutter’s actions. Our dataset also contains head, left, and right-hand position and orientation, and the names and hit positions of objects the participant visually interacts with. The LC-WAIT dataset can be used by interdisciplinary researchers in computer science, psychology, and human factors to study how participant behavior changes when a line-cutter is allowed to cut into a queue. These findings can be used to design social virtual reality (VR) applications with responsive NPCs that modulate behavior based on participant states. Researchers may also use pretrained algorithms to predict participant responses to the posttreatment questions on perception of time, frustration, and likelihood to exit. Using these models, empathetic agents or gamifications can be designed to reduce negative states due to the line-cutter and enable the participant to complete the task. IEEE SOCIETY/COUNCIL Computational Intelligence Society (CIS) DATA TYPE/LOCATION VR Data; Wright State University, Dayton, Ohio DATA DOI/PID 10.21227/j87t-2v29","2026","2026-07-17 05:52:58","2026-07-17 05:52:58","","319-327","","","3","","","","","","","","","","","","","","","","","","","","","Avatars; Motion pictures; Videos; Telemedicine; Video games; Graphical user interfaces; Engagement; Amplitude modulation; Contacts; Amplitude shift keying; Circuits and systems; exit; frustration; line-cutting; social virtual reality (VR); waiting in queue","","","","","","","","","","","","","","","","","","","","","","","","","","","","","","","","","","","","","","","","","","","","","","",""
"FZS4JPUD","conferencePaper","2026","Syukur, Muhammad Hazim Bin; Nasaruddin, Nor Intan Shafini Binti; Abdullah, Zamlina Binti","Immersive virtual reality in learning traditional archery using an inverse kinematics approach","2026 international conference on cognitive systems and computer interaction (ICoSCI)","","","10.1109/ICoSCI66700.2026.11447612","","This study explores the design and development of an immersive Virtual Reality (VR) system particularly for enhancing traditional archery training. Traditional archery faces significant challenges in modern urban environments, including limited practice spaces and safety concerns. This project addresses these barriers by leveraging VR technology to create a dynamic, interactive training platform that replicates real-world archery techniques. The system integrates advanced algorithms, including Inverse Kinematics (IK) for accurate motion tracking and realistic body movements. Utilizing the ADDIE instructional design model, the VR platform provides real-time feedback on posture, aiming precision, and arrow dynamics. The system features two modes: Training Mode for self-paced practice and Challenge Mode for competitive gameplay. Usability testing with 20 participants yielded an average System Usability Scale (SUS) score of 84.9, indicating an excellent user experience. The results demonstrate that VR technology effectively bridges the gap between traditional practices and modern technological innovations, making archery more accessible and interactive for contemporary users while preserving its cultural heritage.","2026-01","2026-07-17 05:52:58","2026-07-17 05:52:58","","1-5","","","","","","","","","","","","","","","","","","","","","","","","Virtual reality; Virtual Reality; Training; Tracking; User experience; Usability; Urban areas; Motion Tracking; Kinematics; Testing; Technological innovation; Dynamics; ADDIE; Archery Training; Islamic Heritage","","","","","","","","","","","","","","","","","","","","","","","","","","","","","","","","","","","","","","","","","","","","","","",""
"SGDJ9Z7I","conferencePaper","2025","Oka, Yuta; Nakasho, Kazuhisa","VR-based full-body motion learning support system with individual difference compensation","2025 25th international conference on control, automation and systems (ICCAS)","","2642-3901","10.23919/ICCAS66577.2025.11301222","","This study develops a VR-based full-body motion learning support system that accounts for individual physical differences. By combining motion capture technology with virtual reality, the system aims to provide real-time consistency evaluation of movements and intuitive visual feedback. Specifically, we introduce full-body motion reproduction using a small number of trackers, real-time processing of 3D data, and an algorithm to compensate for individual body dimension differences. This enables personalized motion evaluation tailored to each learner's characteristics. Conventional systems have faced challenges where variations in body size and flexibility influenced motion assessment. Our system, however, is designed to apply corrections according to the characteristics of the learner, thereby achieving fair and highly accurate evaluations. This system is expected to be applied in a wide range of fields, including sports training, dance education, and rehabilitation.","2025-11","2026-07-17 05:52:58","2026-07-17 05:52:58","","1129-1134","","","","","","","","","","","","","","","","","","","","","","","","Virtual reality; motion capture; VR; Training; Visualization; Three-dimensional displays; Tracking; Real-time systems; Sports; Control systems; Motion capture; Humanities; consistency evaluation; motion learning; physical difference compensation","","","","","","","","","","","","","","","","","","","","","","","","","","","","","","","","","","","","","","","","","","","","","","",""
"GXVKHH2I","conferencePaper","2025","Konrad, Sharni; Gamage, Buddhi; Herath, Damith; Grant, Janie Busby","Are robots social beings? Exploring embodiment and social presence in human-robot interactions","2025 20th ACM/IEEE international conference on human-robot interaction (HRI)","","","10.1109/HRI61500.2025.10973859","","As robots are becoming increasingly common within social settings, understanding the drivers of effective Human-Robot Interaction (HRI) becomes crucial. One factor emerging as a potential key variable in HRI is social presence, which is the extent to which a person feels connected to, or aware of, the presence of another. In the context of HRI, social presence has been identified as a factor that shapes human responses to robots, impacting outcomes such as attachment, trust, and social influence. Social presence itself appears to be influenced by factors including the nature of the embodiment. However, HRI research examining social presence is limited by the lack of consistent operationalization of social presence and conflation with the variance in embodiment of the robot. The current pilot study is designed to tease apart embodiment and social presence by exploring the relative impacts of interactions with two matched representations of a social robot (physical and virtual), finding that even controlling for size, proximity and response mechanisms, physical embodiment is associated with higher reported social presence. The study also identified both consistencies and inconsistencies in the measurement of social presence across assessments. The findings provide a foundation for further study into social presence in HRI, by clarifying mechanisms of quantifying and experimentally manipulating social presence, allowing insight into ways in which this factor drives HRI.","2025-03","2026-07-17 05:52:58","2026-07-17 05:52:58","","1423-1427","","","","","","","","","","","","","","","","","","","","","","","","embodiment; social presence; virtual agents; Human-robot interaction; co-presence; Shape; social agents; Social robots","","","","","","","","","","","","","","","","","","","","","","","","","","","","","","","","","","","","","","","","","","","","","","",""
"MFE89F6U","journalArticle","2025","Hatori, Yasuhiro; Hiranai, Kazuki","Validation of gait parameters during turning obtained from consumer virtual reality devices","IEEE access : practical innovations, open solutions","","2169-3536","10.1109/ACCESS.2025.3627557","","Virtual reality (VR) has gained increasing attention as a tool for measuring human gait behavior to assess mobility. The tracking accuracy of consumer-grade VR devices during turning has not been investigated, even though turning is a frequent and necessary component of human locomotion. This study evaluated the accuracy of consumer VR devices in estimating gait parameters related to whole-body movement during turning. The positions of VR devices on the head, waist, hands, and feet were tracked while walking along straight and cornered paths. Gait parameters derived from the VR device positions were compared to those obtained using a markerless motion capture system, which served as the reference. The VR-based measurements demonstrated reasonable accuracy across both walkway types, with percentage errors generally below 10","2025","2026-07-17 05:52:58","2026-07-17 05:52:58","","189790-189801","","","13","","IEEE Access","","","","","","","","","","","","","","","","","","","virtual reality; Resists; Legged locomotion; Tracking; Accuracy; Cameras; Videos; Reliability; Motion capture; Turning; Gait analysis; Gait recognition; turning; validation","","","","","","","","","","","","","","","","","","","","","","","","","","","","","","","","","","","","","","","","","","","","","","",""
"4QE5VRIR","conferencePaper","2026","Wang, Kai; Zhang, Yanlin; Sun, Zhi","Embodied miracle-question counseling in virtual reality","2026 IEEE conference on virtual reality and 3D user interfaces abstracts and workshops (VRW)","","","10.1109/VRW70859.2026.00154","","The Miracle Question (MQ) is a core technique in Solution-Focused Brief Therapy (SFBT) that guides individuals to envision a future in which their current problems no longer exist, supporting goal-oriented reflection and action planning. In practice, however, MQ relies heavily on users’ imagination and verbal articulation, which can limit engagement and increase cognitive load. To address this limitation, we present a virtual reality (VR)-based embodied counseling system that operationalizes the structured MQ process within an immersive, non-anthropomorphic environment. The system formalizes MQ as a script-constrained, state-aware dialogue model, in which predefined dialogue states govern the counseling flow while a large language model is used solely for natural language generation. Instead of employing a humanoid virtual agent, the system adopts a nature-inspired interaction metaphor designed to minimize social evaluative cues and support self-projection. A key design element is an embodied miracle moment, in which the imagined future state is externalized as a symbolic, multisensory VR event, transforming abstract verbal imagination into a perceptible embodied experience. In a pilot prepost evaluation, participants showed increased positive affect and reduced negative affect after a single MQ-guided VR session. In a separate between-subject comparison against a humanoid-agent-based presentation, the non-anthropomorphic condition yielded higher perceived psychological safety and greater self-disclosure. These results suggest that VR can provide an effective embodied pathway for structured reflective counseling, demonstrating how controlled dialogue flow and environment-driven embodiment can be integrated in automated reflective systems without real-time human intervention.","2026-03","2026-07-17 05:52:58","2026-07-17 05:52:58","","805-809","","","","","","","","","","","","","","","","","","","","","","","","Virtual reality; embodied interaction; Protocols; Modulation; Feedback; Large language models; Communications technology; Amplitude modulation; Circuits; Amplitude shift keying; HTTP; Conversational artificial intelligence; Miracle Question; non-anthropomorphic interaction; structured reflective support","","","","","","","","","","","","","","","","","","","","","","","","","","","","","","","","","","","","","","","","","","","","","","",""
"JZB8NVFG","conferencePaper","2026","Vicamini, Emma; Sterlicchio, Antonio; Gallace, Alberto","Mapping action space via psychophysiological responses in virtual reality","2026 IEEE conference on virtual reality and 3D user interfaces abstracts and workshops (VRW)","","","10.1109/VRW70859.2026.00324","","‘Action space’ is the region where objects become relevant for human interaction. Using VR, we investigated how the distance of task-irrelevant stimuli modulates behavioral, oculomotor, and physiological responses. Participants performed a dual task involving interaction with a central target while ignoring peripheral distractors presented at different distances. Near and intermediate distractors induced stronger behavioral interference and oculomotor responses than far distractors, revealing a graded spatial organization of action space. Increasing distractor salience through motion produced faster saccades and longer fixations. Distance judgments showed that distractors close to the body were perceived as closer than their actual distance.","2026-03","2026-07-17 05:52:58","2026-07-17 05:52:58","","1299-1300","","","","","","","","","","","","","","","","","","","","","","","","distance perception; Augmented reality; Protocols; Modulation; Communications technology; Contacts; HTTP; Action space; Human augmentation; Hypertext systems; oculomotor dynamics; XML","","","","","","","","","","","","","","","","","","","","","","","","","","","","","","","","","","","","","","","","","","","","","","",""
"A5PEH434","conferencePaper","2025","Hasegawa, Shoichi; Sagehashi, Rikuto","Influence of tactile presence and body ownership on virtual stroking pleasantness","2025 IEEE international symposium on mixed and augmented reality adjunct (ISMAR-adjunct)","","2771-1110","10.1109/ISMAR-Adjunct68609.2025.00246","","The rise of social Virtual Reality brings reports of pseudosensations like touch experienced without physical stimuli. How factors like body ownership influence the pleasantness of such virtual affective experiences remains unclear. This work investigates the influence of concurrent physical tactile stimulation and the sense of body ownership on the perceived pleasantness of having one’s avatar arm stroked in VR. Fourteen participants stroked their avatar’s arm under two conditions (Visual-Only, Visual-Tactile) and rated pleasantness. Results suggest participants with strong body ownership perceived pleasantness even in the Visual-Only condition. In contrast, those with weak ownership relied heavily on actual touch. These findings indicate that body ownership critically modulates affective touch perception in VR. When ownership is strong, visual input can partially substitute tactile input.","2025-10","2026-07-17 05:52:58","2026-07-17 05:52:58","","899-900","","","","","","","","","","","","","","","","","","","","","","","","Virtual Reality; Body Ownership; Avatars; Augmented reality; Visualization; Affective Touch","","","","","","","","","","","","","","","","","","","","","","","","","","","","","","","","","","","","","","","","","","","","","","",""
"BTWQC67K","conferencePaper","2025","Lin, Yu-Teng; Liang, Yo-Wen","Exploration of virtual reality gaming experience questionnaire (VRGEQ) design and validation for cultural heritage: The mingzhi academy case","2025 7th international conference on modern educational technology (ICMET)","","","10.1109/ICMET67594.2025.11451922","","This study investigates the potential of Virtual Reality (VR) cultural games to revitalize cultural education identity among younger generations through immersive and interactive experiences. To address the limitations of existing evaluation instruments, we developed the VR Game Experience Questionnaire (VRGEQ), a hybrid tool integrating constructs from the Game Experience Questionnaire (GEQ), the Virtual Embodiment Questionnaire (VEQ), and the Presence Questionnaire (PQ), with added items targeting narrative engagement. The VRGEQ was applied to a VR cultural game simulating the Mingzhi Academy, with 26 university students participating in guided and exploratory gameplay sessions. Results indicate high challenge, control, interaction, and agency ratings, suggesting strong engagement and usability. However, embodiment scored comparatively lower, pointing to areas for improvement in avatar design and sensory feedback. The VRGEQ demonstrated solid internal consistency and construct validity, offering a context-sensitive framework for evaluating cultural VR experiences. This research contributes to immersive media studies by proposing a robust, multidimensional tool for assessing user experience in culturally themed VR environments.","2025-12","2026-07-17 05:52:58","2026-07-17 05:52:58","","48-53","","","","","","","","","","","","","","","","","","","","","","","","virtual reality; user experience; Avatars; gaming; human-computer interaction; cultural heritage; Human computer interaction; User experience; Usability; Games; Solid modeling; Cultural differences; Instruments; Media; Solids","","","","","","","","","","","","","","","","","","","","","","","","","","","","","","","","","","","","","","","","","","","","","","",""
"L26G9N7L","conferencePaper","2025","Fujita, Hikaru; Hosoi, Juro; Ban, Yuki; Warisawa, Shin’Ichi","Presenting tingling aftereffects using vibro-thermal feedback to enhance impact sensation in virtual reality","2025 IEEE conference virtual reality and 3D user interfaces (VR)","","2642-5254","10.1109/VR59515.2025.00074","","Impact sensation is vital for achieving high realism and immersion in virtual reality (VR) applications such as sports games. There has been substantial research focusing on the moment of impact, using methods like electrical muscle stimulation (EMS) and vibrotactile feedback. However, the size and complexity of these devices, along with concerns for user safety, limit their effectiveness in producing strong impact sensations. Additionally, less attention has been given to sensations experienced after a strong impact, like the tingling that follows a collision. This research focuses on an overlooked area: the aftereffects that emerge within the body following a physical impact. It specifically examines the tingling sensation that occurs after a strong hit, using a VR baseball bat-like device designed to deliver impulsive force, vibrotactile, and thermal feedback to the user’s hand. We conducted a user study (18 male, 6 female participants) to assess how these types of feedback affect the realism and intensity of impact sensations, as well as the tingling sensation perceived by users. The results revealed that both vibrotactile and thermal feedback as aftereffects significantly enhanced the impact sensation, confirming their ability to induce tingling sensations. Additionally, high-frequency vibrotactile stimuli particularly enhanced the tingling sensation and realism of impact. Although the sample had a gender imbalance, these findings highlight the potential for incorporating aftereffects feedback in VR systems to enhance impact sensations for entertainment and safety education purposes.","2025-03","2026-07-17 05:52:58","2026-07-17 05:52:58","","505-515","","","","","","","","","","","","","","","","","","","","","","","","virtual reality; Virtual reality; Haptics; vibration; Haptic interfaces; Three-dimensional displays; User interfaces; Safety; Vibrations; Sports; Muscles; Force; aftereffect; impact; thermal feedback; Thermal force","","","","","","","","","","","","","","","","","","","","","","","","","","","","","","","","","","","","","","","","","","","","","","",""
"4GZ95NX8","journalArticle","2026","Fujii, Ruu; Matsui, Kazuhiro; Okada, Kotaro; Kojima, Ryoma; Atsuumi, Keita; Mori, Yoshiki; Hirai, Hiroaki; Nishikawa, Atsushi","Physio avatar RM: Effects of self-avatar integration with foot-elongated avatar via virtual self-touch on human gait","IEEE Transactions on Neural Systems and Rehabilitation Engineering","","1558-0210","10.1109/TNSRE.2026.3713187","","Virtual reality (VR) provides a controllable medium to couple perception and motor behavior in rehabilitation. This study investigated whether experiencing a foot-elongated avatar (FEA) via virtual self-touch (VST), which combines VR visual information and synchronized vibrotactile stimulation, is associated with body schema–related change and whether such change is reflected in motor behavior during obstacle crossing, indexed by maximum foot clearance (MFC). Twenty-two healthy young adults experienced two avatars in counterbalanced order: a life-size avatar (LA) and an FEA with a rightfoot length that was 1.5 times that of the LA. The primary outcome measure was MFC while stepping over 10-cm and 30-cm virtual obstacles; the secondary outcome measures were perceptual drift in the perceived toe-tip position and questionnaire scores for the sense of ownership and sense of agency. The VST task produced significantly greater perceptual drift with the FEA than with the LA (p ¡ 0.05, r = 0.813). For the 30-cm obstacle, the MFC value was significantly greater with the FEA than with the LA (p ¡ 0.05, r = 0.415). In contrast, the questionnaire scores did not exhibit statistically significant group-level differences between the avatars. These findings suggest that body schema–related change after experiencing a FEA via VST was mainly limited to the perceptual aspect and was not clearly observed in the subjective aspect. Furthermore, the finding suggests that an aspect-specific body schema–related change may be associated with measurable gait adjustment during a more demanding obstacle-crossing task, although VST contribution cannot be isolated in the present design.","2026","2026-07-17 05:52:59","2026-07-17 05:52:59","","1-1","","","","","","","","","","","","","","","","","","","","","","","","Virtual reality; Avatars; body schema; Hands; Foot; Testing; Motors; Educational institutions; Timing; Limbs; Semiconductor optical amplifiers; Service-oriented architecture; gait rehabilitation; obstacle crossing; self-avatar integration; virtual self-touch","","","","","","","","","","","","","","","","","","","","","","","","","","","","","","","","","","","","","","","","","","","","","","",""
"SHR6ZKPI","conferencePaper","2025","Jangir, Sandeep Kumar; Baro, Ranjan; Awasthi, Avinash; Vediya, Pritam; Battula, Ramesh Babu; Gopalani, Dinesh","KyberVerse: Secure kyber-based post quantum communication framework for user-to-avatar and avatar-to-avatar in the metaverse","2025 international conference on metaverse computing, networking and applications (MetaCom)","","","10.1109/MetaCom65502.2025.00011","","The advent of quantum computing threatens traditional cryptographic methods, necessitating the development of quantum-resistant authentication frameworks. KyberVerse promises a post-quantum identity-based authentication framework that uses a Kyber Key Ecapsulation Mechanism (KEM) to secure User-To-Avatar (U2A) and Avatar-To-Avatar (A2A) communication in the metaverse. The proposed KyberVerse integrates with Kyber-Based cryptographic operations and Unity3D to ensure secure communication in virtual environments. Security analysis ensures the correctness of key exchange and message decryption with overwhelming probability. The variant of KyberVerse demonstrated efficient computational performance across different message sizes and encryption-decryption iterations, making it suitable for real-time metaverse environments. Performance evaluations indicated that KyberVerse512 offers optimal efficiency for real-time interactions, while KyberVerse1024 ensures the highest security level at the cost of increased processing time. The results validate the effectiveness of Kyber-Based encryption in establishing a quantum-resistant, secure communication protocol for Metaverse applications.","2025-08","2026-07-17 05:52:59","2026-07-17 05:52:59","","26-33","","","","","","","","","","","","","","","","","","","","","","","","Real-time systems; Protocols; Costs; Authentication; Resistance; Metaverse; Unity; and Post Quantum Cryptography; Avatar-To-Avatar; Crystal Kyber; Crystals; Encryption; Quantum computing; Quantum cryptography","","","","","","","","","","","","","","","","","","","","","","","","","","","","","","","","","","","","","","","","","","","","","","",""
"UXUFU2YN","journalArticle","2025","Limbago, Josephus Jasper; Welsch, Robin; Müller, Florian; Di Francesco, Mario","Don't they really hear us? A design space for private conversations in social virtual reality","IEEE Transactions on Visualization and Computer Graphics","","1941-0506","10.1109/TVCG.2025.3549844","","Seamless transition between public dialogue and private talks is essential in everyday conversations. Social Virtual Reality (VR) has revolutionized interpersonal communication by creating a sense of closeness over distance through virtual avatars. However, existing social VR platforms are not successful in providing safety and supporting private conversations, thereby hindering self-disclosure and limiting the potential for meaningful experiences. We approach this problem by exploring the factors affecting private conversations in social VR applications, including the usability of different interaction methods and the awareness with respect to the virtual world. We conduct both expert interviews and a controlled experiment with a social VR prototype we realized. We then leverage the outcomes of the two studies to establish a design space that considers diverse dimensions (including privacy levels, social awareness, and modalities), laying the groundwork for more intuitive and meaningful experiences of private conversation in social VR.","2025-05","2026-07-17 05:52:59","2026-07-17 05:52:59","","3056-3066","","5","31","","","","","","","","","","","","","","","","","","","","","VR; Avatars; Design; User experience; Safety; Interviews; Distance measurement; Privacy; Metaverse; Oral communication; Space exploration; Conversation; Security; Self-disclosure","","","","","","","","","","","","","","","","","","","","","","","","","","","","","","","","","","","","","","","","","","","","","","",""
"WWEBMCAY","conferencePaper","2026","Rad, Seyedbehnam; Hussain, Razeen; Chessa, Manuela; Solari, Fabio","Designing emotionally intelligent embodied agents for immersive virtual reality experiences","2026 IEEE international conference on artificial intelligence and eXtended and virtual reality (AIxVR)","","2771-7453","10.1109/AIxVR67263.2026.00023","","The integration of conversational agents in virtual reality (VR) offers promising opportunities for applications such as training, education, and mental health support. However, most current VR agents lack empathic capabilities, which are crucial for fostering engagement, trust, and effective interaction. To address this gap, we present EMBRACE, a modular framework that combines natural language processing, emotion inference, expressive text-to-speech synthesis, and AI-driven facial animation to deliver emotionally responsive VR agents. We implemented EMBRACE within a counselling-inspired virtual environment and conducted a user study, comparing empathic and nonempathic agent conditions. Subjective measures included usability, presence, and agent evaluation, while objective measures incorporated heart rate and heart rate variability. Results show that empathic behaviours enhanced spatial presence and revealed trends toward higher general presence and physiological engagement. Additional analyses indicated that prior chatbot experience shaped usability and agent ratings, while gender influenced certain presence dimensions. Our findings demonstrate both the feasibility and benefits of implementing empathic VR agents.","2026-01","2026-07-17 05:52:59","2026-07-17 05:52:59","","128-136","","","","","","","","","","","","","","","","","","","","","","","","virtual reality; Virtual environments; Training; Usability; Real-time systems; Physiology; Speech recognition; Emotion recognition; Facial animation; Text to speech; Market research; intelligent agents; embodied conversational agent; empathic agents; facial animations","","","","","","","","","","","","","","","","","","","","","","","","","","","","","","","","","","","","","","","","","","","","","","",""
"MSUXY5YQ","conferencePaper","2025","Camiletto, Andrea Boscolo; Wang, Jian; Alvarado, Eduardo; Dabral, Rishabh; Beeler, Thabo; Habermann, Marc; Theobalt, Christian","FRAME: Floor-aligned representation for avatar motion from egocentric video","2025 IEEE/CVF conference on computer vision and pattern recognition (CVPR)","","2575-7075","10.1109/CVPR52734.2025.01630","","Egocentric motion capture with a head-mounted body-facing stereo camera is crucial for VR and AR applications but presents significant challenges such as heavy occlusions and limited annotated real-world data. Existing methods rely on synthetic pretraining and struggle to generate smooth and accurate predictions in real-world settings, particularly for lower limbs. Our work addresses these limitations by introducing a lightweight VR-based data collection setup with on-board, real-time 6D pose tracking. Using this setup, we collected the most extensive real-world dataset for ego-facing ego-mounted cameras to date in size and motion variability. Effectively integrating this multimodal input –device pose and camera feeds –is challenging due to the differing characteristics of each data source. To address this, we propose FRAME, a simple yet effective architecture that combines device pose and camera feeds for state-of-the-art body pose prediction through geometrically sound multimodal integration and can run at 300 FPS on modern hardware. Lastly, we showcase a novel training strategy to enhance the model’s generalization capabilities. Our approach exploits the problem’s geometric properties, yielding high-quality motion capture free from common artifacts in prior work. Qualitative and quantitative evaluations, along with extensive comparisons, demonstrate the effectiveness of our method. Data, code, and CAD designs will be available at vcai.mpi-inf.mpg.de/projects/FRAME.","2025-06","2026-07-17 05:52:59","2026-07-17 05:52:59","","17497-17507","","","","","","","","","","","","","","","","","","","","","","","","motion capture; Training; Tracking; Real-time systems; Solid modeling; Cameras; Videos; Pattern recognition; Motion capture; computer vision; Feeds; Soft sensors; wearable motion capture","","","","","","","","","","","","","","","","","","","","","","","","","","","","","","","","","","","","","","","","","","","","","","",""
"PKCLPGJ2","conferencePaper","2025","Finney, Hunter; Gagnon, Holly; Creem-Regehr, Sarah H.; Bodenheimer, Bobby; Stefanucci, Jeanine K.","Children’s calibration of reaching estimates in virtual reality","2025 IEEE conference virtual reality and 3D user interfaces (VR)","","2642-5254","10.1109/VR59515.2025.00082","","How children perceive and interact in immersive virtual environments (IVEs) is an important and emerging topic as virtual reality devices proliferate among this age group. How children understand their opportunities for action in an IVE — the perceived affordances of the space — in comparison to adults has, in particular, been rarely studied. This paper addresses this gap by examining children and adults’ reaching affordances in IVEs. We compared how children and adults judge their ability to reach up and out to targets at different distances in an IVE and how feedback from their actions may influence their accuracy. We found that both children and adults tend to overestimate their reaching capabilities, particularly when reaching out. However, by allowing them to actually reach up or out to the targets (action-outcome feedback), both groups significantly re-calibrated their judgments to align their estimates more closely with their actual capabilities. Notably, children exhibited greater initial overestimation than adults but recalibrated at a similar rate. These findings provide novel insights into how children interact with IVEs and suggest that well-designed feedback mechanisms can enhance their accuracy in action-based tasks. This work has implications for the design of IVEs for children, particularly in educational and training contexts, where ensuring accurate perception of capabilities is critical for learning and safety. By investigating both horizontal and vertical reach, this paper contributes to the understanding of affordance perception across age groups in IVEs, marking an essential step in adapting virtual reality technology to younger users.","2025-03","2026-07-17 05:52:59","2026-07-17 05:52:59","","591-601","","","","","","","","","","","","","","","","","","","","","","","","Affordances; Virtual environments; Training; Human computer interaction; Three-dimensional displays; Human-centered computing—Virtual reality; Accuracy; Human-centered computing; Safety; Psychology; Ethics; Human-centered computing—Empirical studies in HCI; Applied computing—Psychology; Information systems","","","","","","","","","","","","","","","","","","","","","","","","","","","","","","","","","","","","","","","","","","","","","","",""
"FXKQUXRY","journalArticle","2026","Momota, Koji; Shirai, Shizuka; Kobayashi, Masato; Chiba, Naoya; Ratsamee, Photchara; Kiyokawa, Kiyoshi; Uranishi, Yuki","HybridSphere: Enhancing hybrid meetings with avatar-based VR environments","IEEE Transactions on Visualization and Computer Graphics","","1941-0506","10.1109/TVCG.2026.3679908","","With recent advances in information and communication technologies, Hybrid meetings, where local attendees are physically present and remote participants join virtually, have become increasingly common. However, remote participants often experience reduced contextual awareness and a sense of isolation. To address these issues, we propose HybridSphere, a hybrid meeting system that reconstructs a shared virtual reality environment for remote participants. The system employs a 360-degree camera and pose estimation to generate real-time avatar representations of local attendees to allow remote users with head-mounted displays to experience the meeting as if all participants are in the same virtual space. We conducted a user study comparing HybridSphere to a baseline condition in which remote participants viewed an unmodified 360-degree video. Although the avatars were rated lower in perceived trustworthiness and likability due to limited visual fidelity, participants appreciated the seated-6DoF function. These results suggest that immersive and spatially flexible VR representations can enhance remote engagement in hybrid meetings.","2026-05","2026-07-17 05:52:59","2026-07-17 05:52:59","","4354-4363","","5","32","","","","","","","","","","","","","","","","","","","","","Virtual Reality; Avatar; Avatars; Feedback; Feeds; Filters; Internet; Antennas; Graphical user interfaces; Filtering; Circuits; Circuits and systems; 360-degree camera; 6-DoF viewpoint; Hybrid Meeting","","","","","","","","","","","","","","","","","","","","","","","","","","","","","","","","","","","","","","","","","","","","","","",""
"DYK5T67V","conferencePaper","2025","Mendes, Diana C. G.; Costa, Rita; Fonseca, Ana; Cameirão, Mónica S.","Usability of a virtual reality intervention combining cognitive-behavioral and grief therapy for psychological support following miscarriage","2025 IEEE conference on serious games and applications for health (SeGAH)","","2573-3060","10.1109/SeGAH65397.2025.11168290","","Miscarriage, the involuntary fetal death before the 20th week of gestation, is a common event that can result in negative mental health responses. In Portugal, symptoms of psychological morbidities have been reported by nearly half of women who suffered a miscarriage. Still, very few reported being offered psychological support although in need of immediate support. Considering the lack of health practitioners worldwide, Virtual Reality (VR) is a valid alternative for psychological support in this context. We present a multi-scenario VR system that leverages traditional protocols from Cognitive- Behavioral and Grief therapy to deliver a preventive intervention targeted at miscarriage. We ran a user study to evaluate usability and presence of tasks that address emotions, social support, and adaptation to the loss. We measured presence and usability, and conducted a thematic analysis on the qualitative data gathered. The results showed that the scenarios provided adequate levels of positive factors of presence, low negative effect, and above-average usability. Users' feedback highlighted high immersion and feelings of embodiment with their avatar. However, difficulties when writing on a virtual keyboard, controller settings and visual cues are amongst the issues that need improvement.","2025-08","2026-07-17 05:52:59","2026-07-17 05:52:59","","1-8","","","","","","","","","","","","","","","","","","","","","","","","presence; Avatars; adaptation; emotions; Visualization; Medical treatment; Usability; Protocols; Mental health; Serious games; Keyboards; usability; miscarriage; Writing","","","","","","","","","","","","","","","","","","","","","","","","","","","","","","","","","","","","","","","","","","","","","","",""
"Y8PT3GD8","journalArticle","2025","Dai, Xiaokun; Zhang, Xinkang; Li, Shiman; Chen, Xinrong","Enhancing motion reconstruction from sparse tracking inputs with kinematic constraints","IEEE Transactions on Automation Science and Engineering","","1558-3783","10.1109/TASE.2024.3415151","","In virtual reality, there is a growing demand for reconstructing accurate full-body 3D avatars from the sparse motion captured through head-mounted displays and hand-held controllers. However, due to the limited information from sparse inputs, precisely reconstructing full body poses is an ill-posed and challenging task. Existing methods often exhibit notable errors in lower body poses, which results in unrealistic poses and occasional floor penetration artifacts. To address the above issue, a MLP-based model with Kinematic Constraints and Temporal Diversity (KCTD) was proposed for full body poses reconstruction, which incorporates Kinematic Constraints Hierarchical Decoder with Temporal Diversity Awareness Module and a Generative Feedback Module to further improve the accuracy of the reconstruction of the full body poses. Specifically, the potential constraints of human kinematic chain are incorporated into the model through a hierarchical decoder, which elevates overall precision through the interaction of the human kinematic chain. Then, a temporal diversity awareness module is integrated into the hierarchical decoder to help the model capture information at different frequency in the time domain. In addition, a generative feedback module is imposed on leg poses reconstruction to further improve its accuracy without increasing the model’s inference time. Test results on the AMASS dataset demonstrate that, the proposed model effectively improves the reconstruction accuracy of the full-body poses with the mean per joint rotation error and position error of of 2.60 and 3.62 respectively, which surpasses the state-of-the-art methods. Particularly, the proposed model can alleviate irrational poses in the lower body and reduce the floor penetration artifacts. Note to Practitioners—The motivation behind this manuscript stems from the necessity for precise full pose reconstruction in certain virtual reality applications. While existing methods have significantly contributed to the reconstruction of full-body poses based on sparse inputs, they have not taken tailored measures to improve accuracy in the lower body. Consequently, this paper introduces a full human body pose reconstruction model grounded in constraints from the human kinematic chain, featuring a temporal diversity awareness module. This model excels in reconstructing more accurate complete human body poses using sparse inputs from the head and hands, notably addressing issues such as irrational lower-body poses and floor-penetrating artifacts. Benefiting from state-of-the-art precision, the proposed approach has the potential to significantly elevate user experience and immersion in virtual reality applications, particularly in scenarios such as automated task training and simulation of hazardous conditions.","2025","2026-07-17 05:52:59","2026-07-17 05:52:59","","5029-5037","","","22","","","","","","","","","","","","","","","","","","","","","Virtual reality; Accuracy; Task analysis; Kinematics; Predictive models; Decoding; Image reconstruction; human kinematic prior; multi-scale signal processing; pose reconstruction","","","","","","","","","","","","","","","","","","","","","","","","","","","","","","","","","","","","","","","","","","","","","","",""
"2RTFMJAW","journalArticle","2026","Zhang, Fengze; Agrawal, Ahaan; Popescu, Voicu","TerraFirma: a low-cost and effective 360 VR extension for viewpoint translation and collaboration","IEEE Transactions on Visualization and Computer Graphics","","1941-0506","10.1109/TVCG.2026.3679062","","This paper presents an approach for extending 360 VR to support viewpoint translation and collaboration, without increasing the acquisition cost. The approach models the ground under the 360° image acquisition viewpoint with a planar patch, on which the user stands and walks. The planar patch is connected to the background with visual continuity. The approach anchors the user's avatar to the ground patch, and supports collaboration, with multiple avatars standing on the patch. The approach only requires defining two trivial parameters: the approximate acquisition height, and the size of the patch. Therefore, the approach improves the immersive exploration of a real-world scene captured with a 360° image, without increasing the cost of the acquisition of the virtual environment. The approach was evaluated in a controlled user study (N = 30) with five user t asks. The results show that the approach has an advantage over conventional 360 VR in terms of anchoring the user to the ground, of user viewpoint translation, of collaboration, and of accurate integration of stationary and dynamic virtual objects into the 3D scene.","2026-05","2026-07-17 05:52:59","2026-07-17 05:52:59","","3924-3933","","5","32","","","","","","","","","","","","","","","","","","","","","collaboration; Motion pictures; Videos; Feedback; Frequency modulation; Broadcasting; Circuits; Contacts; Radio broadcasting; Circuits and systems; Ground support; 360 VR; low acquisition cost; low rendering cost; viewpoint translation","","","","","","","","","","","","","","","","","","","","","","","","","","","","","","","","","","","","","","","","","","","","","","",""
"ZEXYXR7Q","journalArticle","2025","Wang, Jin-Du; Zhou, Ke; Ren, Haoyu; Kristensson, Per Ola; Li, Xiang","Handows: a palm-based interactive multi-window management system in virtual reality","IEEE Transactions on Visualization and Computer Graphics","","1941-0506","10.1109/TVCG.2025.3616843","","Window management in virtual reality (VR) remains a challenging task due to the spatial complexity and physical demands of current interaction methods. We introduce Handows, a palm-based interface that enables direct manipulation of spatial windows through familiar smartphone-inspired gestures on the user's non-dominant hand. Combining ergonomic layout design with body-centric input and passive haptics, Handows supports four core operations: window selection, closure, positioning, and scaling. We evaluate Handows in a user study (N = 15) against two common VR techniques (virtual hand and controller) across four core window operations. Results show that Handows significantly reduces physical effort and head movement while improving task efficiency and interaction precision. A follow-up case study (N = 8) demonstrates Handows' usability in realistic multitasking scenarios, highlighting user-adapted workflows and spontaneous layout strategies. Our findings also suggest the potential of embedding mobile-inspired metaphors into proprioceptive body-centric interfaces to support low-effort and spatially coherent interaction in VR.","2025-11","2026-07-17 05:52:59","2026-07-17 05:52:59","","9772-9782","","11","31","","","","","","","","","","","","","","","","","","","","","virtual reality; Navigation; Ergonomics; Haptic interfaces; Visualization; Three-dimensional displays; Hands; Layout; Fatigue; direct manipulation; Switches; layout; on-body interaction; Operating systems; Window management","","","","","","","","","","","","","","","","","","","","","","","","","","","","","","","","","","","","","","","","","","","","","","",""
"8B4YBAGX","conferencePaper","2025","Chen, Hongyu; Yang, Zhiliu; Hao, Zhiyong; Long, Ying","AvantGarD: Human avatar rendering via ViT-enhanced gaussian splatting and feature-field distillation","2025 international conference on virtual reality and visualization (ICVRV)","","2473-571X","10.1109/ICVRV67992.2025.00088","","Human avatars are critical 3D digital assets for immersive applications in virtual reality and sports analysis. In this paper, we propose a dynamic human reconstruction framework via integrating Vision Transformers (ViT) and 3D Gaussian Splatting (3DGS) to address challenges in monocular camera reconstruction, including semantic ambiguity, low rendering efficiency, sluggish training, and view occlusion. Our method utilizes a ViT-H/16 to extract multi-scale features, refined by a transformer decoder for pose and shape prediction, resolving multi-view inconsistencies. By integrating 3DGS, we jointly learn color and semantic features of Gaussian points, enabling pixellevel human-scene separation via differentiable splatting guided by 2D foundation models. And our dynamic deformation control via LBS and SMPL initialization is able to capture non-rigid details. The entire framework only requires multi-view supervision, eliminating the input of 3D ground truth. Experiments on multiple datasets show that the rendering of our method, at 60 FPS with 30-minute training on monocular videos, outperforms existing NeRF-based methods and most of GS-based methods in complex backgrounds.","2025-12","2026-07-17 05:52:59","2026-07-17 05:52:59","","477-482","","","","","","","","","","","","","","","","","","","","","","","","Human Avatar; Avatars; Training; Three-dimensional displays; Rendering (computer graphics); Solid modeling; Semantics; Sports; Transformers; Image reconstruction; 3D Gaussian Splatting; Foundation models; Semantic Distillation; Vision Transformers","","","","","","","","","","","","","","","","","","","","","","","","","","","","","","","","","","","","","","","","","","","","","","",""