Key,Item Type,Publication Year,Author,Title,Publication Title,ISBN,ISSN,DOI,Url,Abstract Note,Date,Date Added,Date Modified,Access Date,Pages,Num Pages,Issue,Volume,Number Of Volumes,Journal Abbreviation,Short Title,Series,Series Number,Series Text,Series Title,Publisher,Place,Language,Rights,Type,Archive,Archive Location,Library Catalog,Call Number,Extra,Notes,File Attachments,Link Attachments,Manual Tags,Automatic Tags,Editor,Series Editor,Translator,Contributor,Attorney Agent,Book Author,Cast Member,Commenter,Composer,Cosponsor,Counsel,Interviewer,Producer,Recipient,Reviewed Author,Scriptwriter,Words By,Guest,Number,Edition,Running Time,Scale,Medium,Artwork Size,Filing Date,Application Number,Assignee,Issuing Authority,Country,Meeting Name,Conference Name,Court,References,Reporter,Legal Status,Priority Numbers,Programming Language,Version,System,Code,Code Number,Section,Session,Committee,History,Legislative Body
L9YSI2LA,conferencePaper,2025,"Nova, Arnaldo Barreto Vila; Vidal, Creto Augusto; Cavalcante-Neto, Joaquim B.; de Oliveira Carneiro, Lílian",Regionality marks for facial conformation modeling,2025 27th symposium on virtual and augmented reality (SVR),,2833-0609,10.1109/SVR67689.2025.00030,,"Accurate representation and manipulation of human facial geometry present critical challenges in computer graphics, biometrics, medical imaging and virtual reality applications. This study introduces a novel facial conformation modeling technique that leverages linear anthropometric measurements and geodesic distance-based regionality marks to achieve anatomically precise and scalable deformations. By defining individualized influence zones for craniofacial landmarks, the method minimizes interference between facial regions and enhances morphological variability. The expanded parameter set, comprising 34 measurements around 30 landmarks, enables detailed and intuitive facial modeling. Applications in virtual reality include personalized avatar generation, clinical facial analysis, and identity verification systems. Visual results demonstrate the method’s ability to adapt to diverse facial anatomies, ensuring realistic and customizable facial models for immersive environments.",2025-09,2026-08-10 12:59:44,2026-08-10 12:59:44,,149-155,,,,,,,,,,,,,,,,,,,,,,,,Adaptation models; Anatomy; Character generation; Deformation; face anthropometry; Faces; Facial conformation; Interference; Level measurement; regionality marks; Scalability; Solid modeling; Visualization,,,,,,,,,,,,,,,,,,,,,,,,,,,,,,,,,,,,,,,,,,,,,,,
RJPG98EE,journalArticle,1970,"Geselowitz, D.",On the magnetic field generated outside an inhomogeneous volume conductor by internal current sources,IEEE Transactions on Magnetics,,1941-0069,10.1109/TMAG.1970.1066765,,"The magnetocardiogram results from the detection of magnetic fields generated outside the body by electric current sources in the heart. Let the source current dipole moment per unit volume be Ji, the conductivityg, the electric potentialV, and the electric field intensityE. Then it may be shown that the magnetic fieldHis given by eitherH = (1/4π) ∫J^i ×𝛻(1/r) dv + ∑_i ∫(g' - g"")(E ×dS_i/r), orH = (1/4π) ∫J^i ×𝛻(1/r) dv + ∑_i ∫(g' - g"")V𝛻(1/r) ×dS_i, where the surface integral is over all surfaces Siseparating regions of different conductivity, i.e.,g' andg"", andris the distance from the point of measurement to the element of volume or surface. The magnetic dipole momentmis given bym = ½ ∫r_1 ×J^idv - ½ ∑_i ∫(g'-g"")Vr_1 ×dS_i, where r1is a radius vector from an arbitrary origin.",1970-06,2026-08-10 12:59:45,2026-08-10 12:59:45,,346-347,,2,6,,,,,,,,,,,,,,,,,,,,,Conductivity measurement; Conductors; Current; Electric potential; Heart; Magnetic fields; Magnetic moments; Magnetic separation; Nonuniform electric fields; Volume measurement,,,,,,,,,,,,,,,,,,,,,,,,,,,,,,,,,,,,,,,,,,,,,,,
2535HWEP,conferencePaper,2010,"Onodera, Hiroshi; Yamaguchi, Takeshi; Yamanouchi, Hiroteru; Nagamori, Kazumasa; Yano, Masaru; Hirata, Yasuhisa; Hokkirigawa, Kazuo",Analysis of the slip-related falls and fall prevention with an intelligent shoe system,2010 3rd IEEE RAS & EMBS international conference on biomedical robotics and biomechatronics,,2155-1782,10.1109/BIOROB.2010.5628030,,"We studied a relationship between a zero moment point (ZMP) and a base of support (BOS) during slipping. ZMP is the point on the ground where no moment may be transmitted about the whole body center of mass (COM). When subjects could walk without slipping, ZMP was located within the BOS at a single support phase. When a fall after a forward slip was observed, the ZMP remained outside of the BOS edge. The maximum distance between the ZMP and the BOS edge (Lmax) was longer in the fall group than in the recovery group (p ¡ 0.001). The maximum velocity of the slipping foot segment relative to the torso segment (vr max) had a positive correlation with Lmax. An intelligent shoe system, which can extend the shoe sole area (BOS) laterally, improved both static standing balance and dynamic standing balance. Thus, appropriate coefficient of sliding friction on the shoe sole and intelligent control of the shoe sole area would be of value in reducing the risk of falling, particularly for the people with movement disorders.",2010-09,2026-08-10 12:59:45,2026-08-10 12:59:45,,616-620,,,,,,,,,,,,,,,,,,,,,,,,Artificial intelligence; Foot; Footwear; Force; Legged locomotion; Sensors; Torso,,,,,,,,,,,,,,,,,,,,,,,,,,,,,,,,,,,,,,,,,,,,,,,
FZCU9BK6,conferencePaper,2017,"Sangjun, Thichakorn; Aierpaiboon, Surapan; Pintavirooj, C.",New observing robot for elder,2017 10th biomedical engineering international conference (BMEiCON),,,10.1109/BMEiCON.2017.8229162,,This new observing robot is a robot attached with auto focus webcam camera at front side of its body which is controlled by user from a far distance and designed to be used in indoor environment. The robot is designed by using designed android application on android device with Visual Reality (VR) to control movement of camera and using joystick for the direction of robot. Both controllers transfer each position values pass through PubNub developer console and debugger to robot's operator which is Raspberry Pi 2 Module B. The objectives of this study are to produce the prototype observing robot which is controlled by using Android application and to create an internet connectable robot for the user or doctor to observe elder or patient in difference location.,2017-08,2026-08-10 12:59:45,2026-08-10 12:59:45,,1-4,,,,,,,,,,,,,,,,,,,,,,,,Cameras; designed application; IP networks; observing robot; Pubnub console; Raspberry Pi; Robot kinematics; Robot vision systems; Servers; Visual Reality,,,,,,,,,,,,,,,,,,,,,,,,,,,,,,,,,,,,,,,,,,,,,,,
GZ3Z4P3H,conferencePaper,2015,"Lofaro, Daniel M.; Bula, Martyna; Early, Patrick; Eide, Eric; Javid, Mannan",ARCHR — apparatus for remote control of humanoid robots,2015 IEEE-RAS 15th international conference on humanoid robots (humanoids),,,10.1109/HUMANOIDS.2015.7363540,,"The Apparatus for Remote Control of Humanoid Robots (ARCHR) is an intuitive teleoperation system for high degree of freedom robots with haptic feedback. The purpose of this system is to allow minimally trained individuals to control a complex robot to complete a dexterous task. For example if it is a biohazard handling task then we want a biohazard handling expert operating the robot. However it should not be required that the biohazard handling expert also be a trained robot handler. The robot should be controlled intuitively and give good situational awareness. This is especially important in situations requiring first responders. The ARCHR system uses scaled kinematics of the target robot to incorporate the humans inherent intuitive understanding of joint motion. This setup also allows for hardware self collision detection. A scaled stereoscopic video feed in conjunction with a binocular virtual reality system immures the user into the body of the robot. This immersion is scale independent. Finally haptic feedback is used to extend the immersion to the tactile space. Three ARCHR controllers were created for three distinct humanoid robots, the DRC-Hubo, Baxter, and MiniBot. Each of these robots range from full-size to infant-size. Public testing was done using 30 untrained users on each platform. The results showed that the system does achieve the goal of creating an intuitive and immersive teleoperation system for high degree of freedom robots.",2015-11,2026-08-10 12:59:45,2026-08-10 12:59:45,,229-236,,,,,,,,,,,,,,,,,,,,,,,,Collision avoidance; Haptic interfaces; Humanoid robots; Mobile robots; Robot kinematics; Robot sensing systems,,,,,,,,,,,,,,,,,,,,,,,,,,,,,,,,,,,,,,,,,,,,,,,
BC2ZDF5C,conferencePaper,2020,"Hashmi, Nauman Zafar; Irtaza, Aun; Ahmed, Wakeel; Nida, Nudrat",An augmented reality based Virtual dressing room using Haarcascades Classifier,2020 14th international conference on open source systems and technologies (ICOSST),,,10.1109/ICOSST51357.2020.9333032,,"Virtual dressing rooms are modern way of shopping where customers experience realistic dress fitting and order online. As trying different dresses at shopping centers is very time consuming and customers are not sure how the dress looks on them. Therefore, there is a need to identify efficient methods to improve virtual dressing rooms and increase e-commerce businesses. All the existing virtual dressing room methods required Kinect sensors for virtual dress fitting and Kinect sensors are expensive. Our motivation is to create such virtual dressing room that overcome the constraint of Kinect sensor input. We present a dynamic virtual dressing room based on web cam to acquire input video and allow user to experience virtual dress fitting. Our proposed model comprised of following steps including face, skin, lower body detection and dynamic distance estimation for precise virtual reality. We have evaluated our algorithm on 50 subjects using 10 dresses.",2020-12,2026-08-10 12:59:45,2026-08-10 12:59:45,,1-6,,,,,,,,,,,,,,,,,,,,,,,,Augmented Reality; E-commerce; Faces; Fitting; Image Processing; Real-time systems; Sensors; Skin; Solid modeling; Virtual Dressing room; Virtual Reality; Webcams,,,,,,,,,,,,,,,,,,,,,,,,,,,,,,,,,,,,,,,,,,,,,,,
MVFHFUJC,conferencePaper,2013,"Yi, Haisheng",Interactive motion recovery of chinese kung-fu for computer games,2013 international conference on computer sciences and applications,,,10.1109/CSA.2013.101,,"As a kind of Chinese culture, Chinese Kung-fu has been very popular in movies and TV programs and attracted the interest of people all over the world. The paper address the problem to recover Chinese Kung-fu from video sequence for further use in computer games. Human motion capture for animation and VR has reached a level of capturing real motion data from people using various visual and non-visual sensors. However, most of the available systems require special devices and environment, or even attach extra things onto an actor. To realize a personal system, this paper developed a general software to acquire arbitrary motion from a video sequence. A general 3D articulate human model with changeable size, color and surface shape is prepared. This model is then driven either automatically or manually to match with the moving body in the consecutive image frames. This matching starts from key frames that contain key poses. A specific orientation interpolation is used to get the motion status in in-between frames and finally a smooth motion is obtained. This approach is suitable for personal use to meet wide needs of human motion acquisition.",2013-12,2026-08-10 12:59:45,2026-08-10 12:59:45,,402-405,,,,,,,,,,,,,,,,,,,,,,,,Biological system modeling; Chinese Kung-fu; Computer Games; Computers; Human motion capture; Interpolation; Key Frames; Quaternions; Solid modeling; Three-dimensional displays; Video sequences; Video Sequences,,,,,,,,,,,,,,,,,,,,,,,,,,,,,,,,,,,,,,,,,,,,,,,
AUGEBNEQ,conferencePaper,2016,"Xue, Jing; Lee, Hoi",12.5 a 2mhz 12-to-100V 90,2016 IEEE international solid-state circuits conference (ISSCC),,2376-8606,10.1109/ISSCC.2016.7417989,,"Wide input rails (12V to 100V) are common in today's automotive and industrial systems. Miniaturized DC-DC voltage regulators (VRs), which can provide a low-voltage regulated output from a wide input range and deliver a few Watts, are essential in these systems. Wide-input-range integrated VRs, however have difficulty to simultaneously achieve high frequency (HF) operation and high power efficiency. Previous hard-switching (HS) high-input-voltage (HV) buck regulators can only operate at a low frequency of 100s of kHz in order to limit the dominant switching power loss PSW, that occurs at the converter switching node [1,2]. Low-frequency operation however results in using bulky inductors of 100s of µH, significantly increasing the bill-of-material cost and the converter volume. Three-level converters (TLCs) are effective to reduce the required inductance by doubling the frequency at the switching node and allow using lower-voltage-rating power transistors in HV conditions. However, the concern of large PSW in HV conditions would still limit the HS TLC converter to operate in the MHz range. Moreover, the TLC needs the voltage across its flying capacitor to be balanced at half the input voltage; otherwise power transistors could be damaged during operation. In HF HV conditions, the capability of high-speed flying-capacitor self-balancing is even more crucial, but it is not addressed in prior 3-level DC-DC regulators [3,4]. This paper reports a ZVS-based 3-level voltage regulator (TL-VR) to remove PSW in HF and HV conditions, thereby improving the converter power efficiency. A constant-frequency adaptive-on-time (CF-AOT) V2 control is developed to offer the flying-capacitor self-balancing in the MHz range, ensuring reliable regulator operation with a wide input range. A body-diode-based floating ZVS detection is also proposed to provide nanosecond-scale ZVS turn-on delay and thus enable full-ZVS operation in HF low-duty-ratio conditions.",2016-01,2026-08-10 12:59:45,2026-08-10 12:59:45,,226-227,,,,,,,,,,,,,,,,,,,,,,,,Capacitors; Delays; Inductors; Regulators; Switches; Voltage control; Zero voltage switching,,,,,,,,,,,,,,,,,,,,,,,,,,,,,,,,,,,,,,,,,,,,,,,
XAHWKQM3,conferencePaper,2018,"Feigl, Tobias; Mutschler, Christopher; Philippsen, Michael",Head-to-body-pose classification in no-pose VR tracking systems,2018 IEEE conference on virtual reality and 3D user interfaces (VR),,,10.1109/VR.2018.8446495,,Pose tracking does not yet reliably work in large-scale interactive multi-user VR. Our novel head orientation estimation combines a single inertial sensor located at the user's head with inaccurate positional tracking. We exploit that users tend to walk in their viewing direction and classify head and body motion to estimate heading drift. This enables low-cost long-time stable head orientation. We evaluate our method and show that we sustain immersion.,2018-03,2026-08-10 12:59:45,2026-08-10 12:59:45,,1-2,,,,,,,,,,,,,,,,,,,,,,,,Computing methodologies [Supervised learning by classification] Human-centered computing [Virtual reality]; Estimation; Feature extraction; Head; head tracking; immersion; inertial sensor fusion; large-scale; Legged locomotion; machine learning; Magnetic heads; motion sickness; Reliability; Tracking; VR,,,,,,,,,,,,,,,,,,,,,,,,,,,,,,,,,,,,,,,,,,,,,,,
AKJKG55P,journalArticle,2019,"Zhao, Tianhao; Li, Songnan; Ngan, King Ngi; Wu, Fanzi",3-D reconstruction of human body shape from a single commodity depth camera,IEEE Transactions on Multimedia,,1941-0077,10.1109/TMM.2018.2844087,,"3-D human body reconstruction is an important research topic in computer vision. A 3-D human body model can be used in sports science, movie industry and personalized entertainment, especially virtual reality games. Most of depth-based 3-D reconstruction algorithms need multiple cameras surrounding the user and require the user to keep a specific pose strictly while capturing depth images. In this paper, we propose an algorithm to reconstruct the 3-D shape of human bodies using a single commodity depth camera. Our algorithm only needs two depth images of the front-facing and back-facing bodies. It also has strong operability since the proposed method is insensitive to the pose variations between the two depth images. We reconstruct 3-D shapes of front-facing and back-facing bodies from the two depth images, respectively, and stitch them together. We also propose a novel registration method, namely, “iterative mid-distance points,” which has fast convergence and robustness to the depth noise. The proposed method enables robust and easy-to-use human body reconstruction, and achieves higher accuracy than state-of-the-art methods.",2019-01,2026-08-10 12:59:45,2026-08-10 12:59:45,,114-123,,1,21,,,,,,,,,,,,,,,,,,,,,Biological system modeling; Cameras; depth camera; Human body shape; human pose estimation; Image reconstruction; model fitting; PCA shape space; Principal component analysis; Shape; Solid modeling; Three-dimensional displays,,,,,,,,,,,,,,,,,,,,,,,,,,,,,,,,,,,,,,,,,,,,,,,
UFB2KHRP,journalArticle,2022,"Gaballa, Aya; Cavalcante, Reidner Santos; Lamounier, Edgard; Soares, Alcimar; Cabibihan, John-John",Extended reality “x-reality” for prosthesis training of upper-limb amputees: a review on current and future clinical potential,IEEE Transactions on Neural Systems and Rehabilitation Engineering,,1558-0210,10.1109/TNSRE.2022.3179327,,"The rejection rates of upper-limb prosthetic devices in adults are high, currently averaging 26",2022,2026-08-10 12:59:45,2026-08-10 12:59:45,,1652-1663,,,30,,,,,,,,,,,,,,,,,,,,,augmented reality; Extended reality; Prosthesis; Prosthetics; Protocols; rehabilitation; serious games; Training; upper-limb; virtual reality; Virtual reality; Visualization; X reality,,,,,,,,,,,,,,,,,,,,,,,,,,,,,,,,,,,,,,,,,,,,,,,
G3W4NCZ3,conferencePaper,2023,"Zheng, Xiaozheng; Su, Zhuo; Wen, Chao; Xue, Zhou; Jin, Xiaojie",Realistic full-body tracking from sparse observations via joint-level modeling,2023 IEEE/CVF international conference on computer vision (ICCV),,2380-7504,10.1109/ICCV51070.2023.01349,,"To bridge the physical and virtual worlds for rapidly developed VR/AR applications, the ability to realistically drive 3D full-body avatars is of great significance. Although real-time body tracking with only the head-mounted displays (HMDs) and hand controllers is heavily under-constrained, a carefully designed end-to-end neural network is of great potential to solve the problem by learning from large-scale motion data. To this end, we propose a two-stage framework that can obtain accurate and smooth full-body motions with the three tracking signals of head and hands only. Our framework explicitly models the joint-level features in the first stage and utilizes them as spatiotemporal tokens for alternating spatial and temporal transformer blocks to capture joint-level correlations in the second stage. Furthermore, we design a set of loss terms to constrain the task of a high degree of freedom, such that we can exploit the potential of our joint-level modeling. With extensive experiments on the AMASS motion dataset and real-captured data, we validate the effectiveness of our designs and show our proposed method can achieve more accurate and smooth motion compared to existing approaches.",2023-10,2026-08-10 12:59:45,2026-08-10 12:59:45,,14632-14642,,,,,,,,,,,,,,,,,,,,,,,,Computer vision; Correlation; Head-mounted displays; Neural networks; Three-dimensional displays; Tracking; Transformers,,,,,,,,,,,,,,,,,,,,,,,,,,,,,,,,,,,,,,,,,,,,,,,
8XC7F8TC,journalArticle,2017,"Burket, Chris",Wireless charging opportunities and challenges for wearables: One size does not fit all,IEEE Power Electronics Magazine,,2329-9215,10.1109/MPEL.2017.2761658,,"Wearables: smart watches, glasses, virtual reality/augmented reality/mixed reality goggles, clip-on/pocket devices, wristbands, shoes, athletic/sports devices, medical/body-monitoring devices, hearables, infotainment, electronic-based jewelry, and so on, offer diverse and major opportunities for wireless charging, yet they pose numerous and unique technical challenges. Each design becomes an application-specific/product-specific design focused on optimizing power transfer from the charging device [the transmitter or (Tx) side] to the battery-powered wearable device [the receiver or (Rx) side]. This article will address some of the key issues for why one size does not fit all.",2017-12,2026-08-10 12:59:45,2026-08-10 12:59:45,,53-57,,4,4,,,,,,,,,,,,,,,,,,,,,Augmented reality; Battery chargers; Magnetic materials; Product design; Smart devices; Virtual reality; Wearable computers; Wireless communication,,,,,,,,,,,,,,,,,,,,,,,,,,,,,,,,,,,,,,,,,,,,,,,
BQ2RFX8V,conferencePaper,2010,"Adi, Mohamad Nadim; Roberts, David",Can you help me concentrate room?,2010 IEEE virtual reality conference (VR),,2375-5334,10.1109/VR.2010.5444801,,"Would a room in which the walls appear to come to life, be a pleasant place and would it help or hinder concentration? On the doorstep of life-like architecture we use virtual reality to begin to answer these questions. We are brought to this doorstep through the potential convergence of emerging adaptive, reactive and organic architecture and the approaches that have made life like virtual agents both engaging and useful. The scene is set by introducing the concept of Adaptive Appraisive Architecture, in which a building could appear to exhibit life like appearance and behaviour. While being impressive would such a building be pleasant and useful? Before building the physical structure or coding the artificial intelligence this paper measures the impact of being within a room with moving walls on experience and performance. To do this we gave test subjects two jigsaw puzzles and placed them within a life size simulation where the walls move then remain static. The impact of this difference is measured on experience through questionnaire and post interview. The impact on performance is measured in terms of the amount of the puzzle solved. The relevance of the results are not constrained to adaptive architecture as they add to the body of knowledge that relate distractions to concentration.",2010-03,2026-08-10 12:59:45,2026-08-10 12:59:45,,131-134,,,,,,,,,,,,,,,,,,,,,,,,Adaptive; Animation; Architectural Design; Biological system modeling; Buildings; Computational modeling; Computer architecture; Computer displays; Computer graphics; Computer simulation; Concentration; Construction; experimental methods; Flow; Intelligent; large-format displays; Painting; Social; Virtual reality,,,,,,,,,,,,,,,,,,,,,,,,,,,,,,,,,,,,,,,,,,,,,,,
Z3AMKJ9Z,conferencePaper,2018,"Bérard, François; Louis, Thibault","A low-latency, high-precision handheld perspective corrected display",2018 IEEE international symposium on mixed and augmented reality adjunct (ISMAR-adjunct),,,10.1109/ISMAR-Adjunct.2018.00114,,"Perspective Corrected Displays (PCDs) show the perspective projection of a 3D scene computed from the viewer's position that is updated in real-time. By moving their head in front of the display, users perceive the motion parallax effect, a strong depth perception cue [6]. “fish-tank virtual reality” systems are well-known instantiation of PCDs involving a fixed planar display and stereo rendering is added to the motion parallax depth cue [5]. More recently, PCDs have been arranged to form small volumes such as a cube (i.e. gCu-bik [2] and pCubee [4]). This gives the illusion that the scene is contained inside the display. Because of the small size of the displays, users can rotate them in their hands, hence the Handheld in HPCD. This creates the strong illusion of holding the virtual scene in one's hands. In addition, rotating the display in hands requires much less effort than moving the whole body in front of the display. Hence, HPCDs allow users to experience more motion parallax than PCDs. However, the two previous implementations of cubic HPCDs required the presence of complex electronic on the display. As a result, they are connected with a thick wire to a rendering computer. This prevents to display on all faces as one of them is used for the connection. In addition, a significant part of the cube's sides is occluded by the displays' bezels.",2018-10,2026-08-10 12:59:45,2026-08-10 12:59:45,,397-398,,,,,,,,,,,,,,,,,,,,,,,,Computer graphics; Computing methodologies; Displays and imagers; Games; Glass; Graphics systems and interfaces; Human computer interaction (HCI); Human factors; Indexes; Interaction devices; Mixed / augmented reality Human-centered computing; Rendering (computer graphics); Three-dimensional displays,,,,,,,,,,,,,,,,,,,,,,,,,,,,,,,,,,,,,,,,,,,,,,,
RY3CYUG8,conferencePaper,2024,"Nováček, Tomáš",[DC] precise hand tracking using multiple optical sensors,2024 IEEE conference on virtual reality and 3D user interfaces abstracts and workshops (VRW),,,10.1109/VRW62533.2024.00366,,"Virtual and extended reality are some of the fastest-growing fields today. The visual quality, the headset size, the latency - it all improves with every new device. However, the user interface is still falling behind. After several decades, when we mainly used a mouse and key-board as controllers for personal computers, we finally can and should use other methods of input. We can even use parts of our body other than our hands to control the virtual worlds. For example, we can track the eyes for additional input or run around the virtual world with our own feet. This doctoral thesis deals with hand-tracking controllers for virtual reality without the user needing to hold or wear any device to interact with the virtual world. The goal is to create an intuitive controller using optical sensors that can provide a more natural user interface. We propose and implement a set of algorithms to fuse the tracking data from multiple optical hand-tracking sensors that provide greater precision and tracking possibilities than a single optical sensor.",2024-03,2026-08-10 12:59:45,2026-08-10 12:59:45,,1144-1145,,,,,,,,,,,,,,,,,,,,,,,,Headphones; Human-centered computing—Visualization—Visualization design and evaluation methods; Human-centered computing—Visualization—Visualization techniques—Treemaps; Medical services; Optical feedback; Sensor fusion; Three-dimensional displays; User interfaces; Visualization,,,,,,,,,,,,,,,,,,,,,,,,,,,,,,,,,,,,,,,,,,,,,,,
63Z3RRH6,conferencePaper,2024,"Xiang, Yi",Intelligent clothing design and embodied cognitive system based on convolutional neural network and generative adversarial network,"2024 international conference on electronics and devices, computational science (ICEDCS)",,,10.1109/ICEDCS64328.2024.00214,,"With the popularization of virtual reality networks, monitoring intelligent clothing equipped with various flexible sensors is developing in the direction of combining clothing with science and technology, becoming an important niche market in the clothing industry. From the perspective of art and design, traditional clothing has three core attributes: beauty, comfort, and economy. However, as a specific type of clothing, smart clothing should not only meet daily wear requirements, but also consider functionality and safety. This requires designers to integrate the materials and electronic elements in smart clothing with the overall design of the garment. In addition, in smart clothing, the use of soft, elastic, and easily washable materials to replace some electronic components to enhance their wearing comfort and safety is also a concern for designers and users. This study is based on convolutional neural network (CNN) and generating adversarial networks (GAN) technologies, combined with the dataset extended by Bok intelligent CAD software, for intelligent clothing design. In the experiment, using a detailed body size dataset of 1100 children, the training accuracy of the CNN model increased from the initial 75",2024-09,2026-08-10 12:59:45,2026-08-10 12:59:45,,1173-1178,,,,,,,,,,,,,,,,,,,,,,,,Clothing; Convolutional Neural Network; Convolutional neural networks; Electronic components; Flexible Sensor; Generate Adversarial Networks; Generative adversarial networks; Intelligent Clothing Design; Intelligent sensors; Safety; Smart textiles; Software; Solid modeling; Virtual reality,,,,,,,,,,,,,,,,,,,,,,,,,,,,,,,,,,,,,,,,,,,,,,,
ZCS3XGS2,conferencePaper,2008,"Piroska, Haller; Janos, Szalai",Specific movement detection in EEG signal using time-frequency analysis,2008 first international conference on complexity and intelligence of the artificial and natural complex systems. Medical applications of the complex systems. Biomedical computing,,,10.1109/CANS.2008.32,,"Recent research in BCI focuses not only on developing a new communication channel for severely handicapped people but also on applications for rehabilitation, multimedia, communication, virtual reality, entertainment and relaxation. Most of them fall in the domain of human-computer interfaces (HCIs) designed for interaction between brain, eyes, body and computer or robot. For brain signal acquisition several technologies have been applied, for example electroencephalography (EEG), magneto encephalography (MEG), functional magnetic resonance imaging (fMRI) and near infrared spectroscopy (NIRS). Portability and cost effectiveness problems channeled BCI systems to exploit EEG signals mostly. This paper presents a methodology and recommended parameter setting, for representation in time-frequency scale of EEG signals. It refines the detection of event-related changes in the signals, revealing specific patterns of rhythms, for actual and intended physical movement. The result shows that, with well defined window length it is possible to improve localization of specific frequencies within the brain activity. This lead to the fact that actual muscle activity form could be identified from EEG signals. Using the referenced methodology a wide range of HCIs systems can be designed to perform specific tasks for the benefit of the end-user.",2008-11,2026-08-10 12:59:45,2026-08-10 12:59:45,,209-215,,,,,,,,,,,,,,,,,,,,,,,,Application software; Brain computer interfaces; brain-computer interface (BCI); Communication channels; Electroencephalography; electroencephalography (EEG); Eyes; Human computer interaction; Multimedia communication; Signal detection; Time frequency analysis; time-frequency analysis (TFA); Virtual reality,,,,,,,,,,,,,,,,,,,,,,,,,,,,,,,,,,,,,,,,,,,,,,,
78W9TIGT,conferencePaper,2009,"Li, Jun; Li, Ai-ping; Luo, Xian-guang; Liu, Xue-mei",Product lifecycle-oriented virtual design method,2009 international conference on measuring technology and mechatronics automation,,2157-1481,10.1109/ICMTMA.2009.549,,"Application of digital technique has become very universal in product development. Along with competitive intensification of the market, it is needed urgently that enterprises must develop new design method to improve quality and reduce design lifecycle and cost of product. Supported by the actual project, the product lifecycle-oriented virtual design method has been well investigated. In the design of single and large-scale embark machine, with the applications of multi-body kinematics and dynamics simulation, digital preassembly and function simulation based on Virtual Reality technology, actual running process of product have been proof-tested before manufacturing of physical prototype, and it is possible for producers and users to participate in the design process of product. As the result of simulation, logical and correct sequence of assembly process has been designed by producer, combining the mechanism movement with environment and reasonable sequence of loading process has been validated by equipment operators. So the design mistakes have been avoided furthest, and product design quality and efficiency can be improved greatly. Finally, the thesis indicates the main problem of the research and issues needed further research.",2009-04,2026-08-10 12:59:45,2026-08-10 12:59:45,,685-688,,,3,,,,,,,,,,,,,,,,,,,,,Costs; Design methodology; function simulation; Kinematics; Large-scale systems; Manufacturing processes; Process design; Product design; Product development; product lifecycle; virtual assembly; virtual design; Virtual manufacturing; Virtual reality,,,,,,,,,,,,,,,,,,,,,,,,,,,,,,,,,,,,,,,,,,,,,,,
SV2J5KT8,conferencePaper,2016,"Wilson, Brandon; Bounds, Matthew; Tavakkoli, Alireza",Hand motion calibration and retargeting for intuitive object manipulation in immersive virtual environments,2016 IEEE virtual reality (VR),,2375-5334,10.1109/VR.2016.7504779,,"In this paper a system is proposed to combine small finger movements with the large scale body movements captured from a motion capture system. The strength of the proposed work over previous research is in the real-time and natural interactions that the virtual hands have with their environment. By being able to conform to physics, the virtual hands feel like virtual extensions of one's own hands. This provides a higher degree of immersion and interactivity when compared to more traditional virtual reality systems.",2016-03,2026-08-10 12:59:45,2026-08-10 12:59:45,,313-314,,,,,,,,,,,,,,,,,,,,,,,,Calibration; I.3.7 [Computer Graphics]: Three-Dimensional Graphics and Realism — Animation; I.3.7 [Computer Graphics]: Three-Dimensional Graphics and Realism — Virtual Reality; I.3.8 [Computer Graphics]: Applications; Real-time systems; Silicon; Skeleton; Tracking; Virtual environments,,,,,,,,,,,,,,,,,,,,,,,,,,,,,,,,,,,,,,,,,,,,,,,
4E899D7K,conferencePaper,2019,"Tome, Denis; Peluse, Patrick; Agapito, Lourdes; Badino, Hernan",xR-EgoPose: Egocentric 3D human pose from an HMD camera,2019 IEEE/CVF international conference on computer vision (ICCV),,2380-7504,10.1109/ICCV.2019.00782,,"We present a new solution to egocentric 3D body pose estimation from monocular images captured from a downward looking fish-eye camera installed on the rim of a head mounted virtual reality device. This unusual viewpoint, just 2 cm. away from the user's face, leads to images with unique visual appearance, characterized by severe self-occlusions and strong perspective distortions that result in a drastic difference in resolution between lower and upper body. Our contribution is two-fold. Firstly, we propose a new encoder-decoder architecture with a novel dual branch decoder designed specifically to account for the varying uncertainty in the 2D joint locations. Our quantitative evaluation, both on synthetic and real-world datasets, shows that our strategy leads to substantial improvements in accuracy over state of the art egocentric pose estimation approaches. Our second contribution is a new large-scale photorealistic synthetic dataset – xR-EgoPose – offering 383K frames of high quality renderings of people with a diversity of skin tones, body shapes, clothing, in a variety of backgrounds and lighting conditions, performing a range of actions. Our experiments show that the high variability in our new synthetic training corpus leads to good generalization to real world footage and to state of the art results on real world datasets with ground truth. Moreover, an evaluation on the Human3.6M benchmark shows that the performance of our method is on par with top performing approaches on the more classic problem of 3D human pose from a third person viewpoint.",2019-10,2026-08-10 12:59:45,2026-08-10 12:59:45,,7727-7737,,,,,,,,,,,,,,,,,,,,,,,,Cameras; Pose estimation; Resists; Three-dimensional displays; Training; Two dimensional displays; Uncertainty,,,,,,,,,,,,,,,,,,,,,,,,,,,,,,,,,,,,,,,,,,,,,,,
L7U7YWHI,journalArticle,2023,"Tome, Denis; Alldieck, Thiemo; Peluse, Patrick; Pons-Moll, Gerard; Agapito, Lourdes; Badino, Hernan; de la Torre, Fernando",SelfPose: 3D egocentric pose estimation from a headset mounted camera,IEEE Transactions on Pattern Analysis and Machine Intelligence,,1939-3539,10.1109/TPAMI.2020.3029700,,"We present a new solution to egocentric 3D body pose estimation from monocular images captured from a downward looking fish-eye camera installed on the rim of a head mounted virtual reality device. This unusual viewpoint leads to images with unique visual appearance, characterized by severe self-occlusions and strong perspective distortions that result in a drastic difference in resolution between lower and upper body. We propose a new encoder-decoder architecture with a novel multi-branch decoder designed specifically to account for the varying uncertainty in 2D joint locations. Our quantitative evaluation, both on synthetic and real-world datasets, shows that our strategy leads to substantial improvements in accuracy over state of the art egocentric pose estimation approaches. To tackle the severe lack of labelled training data for egocentric 3D pose estimation we also introduced a large-scale photo-realistic synthetic dataset. xxR-EgoPose offers 383K frames of high quality renderings of people with diverse skin tones, body shapes and clothing, in a variety of backgrounds and lighting conditions, performing a range of actions. Our experiments show that the high variability in our new synthetic training corpus leads to good generalization to real world footage and to state of the art results on real world datasets with ground truth. Moreover, an evaluation on the Human3.6M benchmark shows that the performance of our method is on par with top performing approaches on the more classic problem of 3D human pose from a third person viewpoint.",2023-06,2026-08-10 12:59:45,2026-08-10 12:59:45,,6794-6806,,6,45,,,,,,,,,,,,,,,,,,,,,3D human pose estimation; Cameras; character animation; egocentric; Head; Pose estimation; Three-dimensional displays; Training; Two dimensional displays; Visualization; VR/AR,,,,,,,,,,,,,,,,,,,,,,,,,,,,,,,,,,,,,,,,,,,,,,,
MVYMFPCP,conferencePaper,2022,"Patras, Cristian; Cibulskis, Mantas; Nilsson, Niels Christian",Body warping versus change blindness remapping: a comparison of two approaches to repurposing haptic proxies for virtual reality,2022 IEEE conference on virtual reality and 3D user interfaces (VR),,2642-5254,10.1109/VR51125.2022.00039,,"When using tangible props as proxies for virtual objects, it is important that these haptic proxies are similar to and co-located with their virtual counterparts. This makes it challenging to scale virtual scenarios because more proxies are needed as scenarios grow more complex. Haptic retargeting, or virtual remapping, makes it possible to repurpose the same physical prop as a proxy for multiple virtual objects. This paper details a user study comparing two techniques for repurposing haptic proxies; namely haptic retargeting based on body warping and change blindness remapping. Participants performed a simple button-pressing task, and 24 virtual buttons were mapped onto four haptic proxies with varying degrees of misalignment. Body warping and change blindness remapping were used to realign the real and virtual buttons, and the results indicate that users failed to reliably detect realignment of up to 7.9 cm for body warping and up to 9.7 cm for change blindness remapping. Moreover, change blindness remapping yielded significantly higher self-reported agency, and marginally higher ownership. Taken together these results suggest that this less explored technique has potential when it comes to repurposing haptic proxies for virtual reality.",2022-03,2026-08-10 12:59:45,2026-08-10 12:59:45,,205-212,,,,,,,,,,,,,,,,,,,,,,,,Blindness; Conferences; Haptic interfaces; Human computer interaction (HCI); Human-centered computing; Interaction paradigms; Three-dimensional displays; User interfaces; Virtual reality; Visualization,,,,,,,,,,,,,,,,,,,,,,,,,,,,,,,,,,,,,,,,,,,,,,,
D72LRCRJ,conferencePaper,2018,"Jain, Ish Kumar; Kumar, Rajeev; Panwar, Shiendra",Driven by capacity or blockage? A millimeter wave blockage analysis,2018 30th international teletraffic congress (ITC 30),,,10.1109/ITC30.2018.00032,,"Millimeter wave (mmWave) communication systems can provide high data rates, but the system performance may degrade significantly due to mobile blockers and the user's own body. A high frequency of interruptions and long duration of blockage may degrade the quality of experience. Macrodiversity of base stations (BSs) has been considered a promising solution where the user equipment (UE) can handover to other available BSs, if the current serving BS gets blocked. However, an analytical model to evaluate the system performance of dynamic blockage events in this setting is largely unknown. In this paper, we consider an open park-like scenario and obtain closed-form expressions for the blockage probability, the expected frequency and duration of blockage events using stochastic geometry. Our results indicate that the minimum density of BS that is required to satisfy the Quality of Service (QoS) requirements of AR/VR and other Ultra Reliable Low Latency Communication (URLLC) applications is largely driven by blockage events rather than capacity requirements. As an alternative to increasing BS density, placing the BS at a greater height reduces the likelihood of blockage. We present a closed-form expression for the BS density-height trade-off that can be used for network planning.",2018-09,2026-08-10 12:59:45,2026-08-10 12:59:45,,153-159,,,01,,,,,,,,,,,,,,,,,,,,,5G; Analytical models; augmented reality; Blockage; Geometry; Handover; mmWave; network planning; Quality of service; Reliability; stochastic geometry; Stochastic processes; virtual reality,,,,,,,,,,,,,,,,,,,,,,,,,,,,,,,,,,,,,,,,,,,,,,,
55Y6RRH4,journalArticle,2022,"Kourtesis, Panagiotis; Argelaguet, Ferran; Vizcay, Sebastian; Marchal, Maud; Pacchierotti, Claudio","Electrotactile feedback applications for hand and arm interactions: a systematic review, meta-analysis, and future directions",IEEE Transactions on Haptics,,2329-4051,10.1109/TOH.2022.3189866,,"Haptic feedback is critical in a broad range of human-machine/computer-interaction applications. However, the high cost and low portability/wearability of haptic devices remain unresolved issues, severely limiting the adoption of this otherwise promising technology. Electrotactile interfaces have the advantage of being more portable and wearable due to their reduced actuators’ size, as well as their lower power consumption and manufacturing cost. The applications of electrotactile feedback have been explored in human-computer interaction and human-machine-interaction for facilitating hand-based interactions in applications, such as prosthetics, virtual reality, robotic teleoperation, surface haptics, portable devices, and rehabilitation. This article presents a technological overview of electrotactile feedback, as well a systematic review and meta-analysis of its applications for hand-based interactions. We discuss the different electrotactile systems according to the type of application. We also discuss over a quantitative congregation of the findings, to offer a high-level overview into the state-of-art and suggest future directions. Electrotactile feedback systems showed increased portability/wearability, and they were successful in rendering and/or augmenting most tactile sensations, eliciting perceptual processes, and improving performance in many scenarios. However, knowledge gaps (e.g., embodiment), technical (e.g., recurrent calibration, electrodes’ durability) and methodological (e.g., sample size) drawbacks were detected, which should be addressed in future studies.",2022-07,2026-08-10 12:59:45,2026-08-10 12:59:45,,479-496,,3,15,,,,,,,,,,,,,,,,,,,,,Calibration; Costs; Electrodes; Electrotactile feedback; Epidermis; haptic displays; Haptic interfaces; haptic rendering; human performance; human-computer interaction; perception; prosthetics; Skin; Systematics; teleoperation; virtual reality,,,,,,,,,,,,,,,,,,,,,,,,,,,,,,,,,,,,,,,,,,,,,,,
3K55FP9Z,conferencePaper,2018,"Feigl, Tobias; Mutschler, Christopher; Philippsen, Michael",Supervised learning for yaw orientation estimation,2018 international conference on indoor positioning and indoor navigation (IPIN),,2471-917X,10.1109/IPIN.2018.8533811,,"With free movement and multi-user capabilities, there is demand to open up Virtual Reality (VR) for large spaces. However, the cost of accurate camera-based tracking grows with the size of the space and the number of users. No-pose (NP) tracking is cheaper, but so far it cannot accurately and stably estimate the yaw orientation of the user's head in the long-run. Our novel yaw orientation estimation combines a single inertial sensor located at the human's head with inaccurate positional tracking. We exploit that humans tend to walk in their viewing direction and that they also tolerate some orientation drift. We classify head and body motion and estimate heading drift to enable low-cost long-time stable head orientation in NP tracking on 100 m×100 m. Our evaluation shows that we estimate heading reasonably well.",2018-09,2026-08-10 12:59:45,2026-08-10 12:59:45,,206-212,,,,,,,,,,,,,,,,,,,,,,,,Acceleration; Accelerometers; Estimation; Feature extraction; Head; Magnetic heads; Tracking,,,,,,,,,,,,,,,,,,,,,,,,,,,,,,,,,,,,,,,,,,,,,,,
HPJU9PNA,conferencePaper,2022,"Hadjadj, Zineb; Masmoudi, Mostefa; Meziane, Abdelkrim; Zenati, Nadia",Leap motion controller for upper limbs physical rehabilitation in post-stroke patients: a usability evaluation,"2022 19th international multi-conference on systems, signals & devices (SSD)",,2474-0446,10.1109/SSD54932.2022.9955760,,"Stroke in Algeria is one of the most important causes of severe physical disability. Since the disease strongly influences the quality of life of patients, optimal solutions for the treatment of post-stroke patients are needed. The use of new technologies in the field of rehabilitation aims to reduce the impact of functional problems. Recent studies have shown that technologies such as virtual reality and video games can provide a way that can motivate and help patients recover their motor skills. In this paper, our objective is to evaluate the usability of the Leap Motion Controller virtual reality system (LMC), which is a sensor that captures the movement of the patient's hands and fingers without the need to place sensors or devices on the body, with serious games specifically designed for upper limbs rehabilitation in post-stroke patients. We measured the usability of the LMC system used with serious games as well as the level of satisfaction among healthy participants and post-stroke patients from Bounaama Djilali Hospital (CHU Douera) in Algeria. The results show favorable data, for the first time, the LMC is a usable tool, measured by the System Usability Scale (SUS). In addition, participants demonstrated good motivation, enjoyment and the majority of them said that they would like to use the proposed system in future treatment. Nevertheless, further studies are needed to confirm these preliminary findings.",2022-05,2026-08-10 12:59:46,2026-08-10 12:59:46,,1700-1709,,,,,,,,,,,,,,,,,,,,,,,,Atmospheric measurements; Control systems; Games; Hospitals; Leap Motion Controller (LMC); Motor activity of the upper limbs; Particle measurements; Rehabilitation; Serious games; Stroke; Video games; Virtual reality,,,,,,,,,,,,,,,,,,,,,,,,,,,,,,,,,,,,,,,,,,,,,,,
G5X4LHR7,conferencePaper,2019,"Petrak, Bjorn; Weitz, Katharina; Aslan, Ilhan; Andre, Elisabeth",Let me show you your new home: Studying the effect of proxemic-awareness of robots on users’ first impressions,2019 28th IEEE international conference on robot and human interactive communication (RO-MAN),,1944-9437,10.1109/RO-MAN46459.2019.8956463,,"First impressions play an important part in social interactions, establishing the foundation of a person’s opinion about their counterparts. Since interpersonal communication is essentially multimodal, people are judged during first encounters by both their verbal utterances and nonverbal behavior, such as how they utilize eye contact, body distance, and body orientation. In this paper, we argue that robots would provide better user experiences, including being perceived as more likable if they were able to make a good first impression when introduced to a new home. Moreover, we wanted to test if robots can improve their perceived impression by behaving in a proxemic-aware manner; i.e., by following established social norms, which prescribe, for example how far people should position themselves around other objects to improve the facilitation of social interactions. In order to test this hypothesis, we conducted a user study with 16 participants in a virtual reality setting, comparing the impression of two agents being introduced to their new homes by users. We found that the proxemic-aware agent was indeed perceived as significantly better considering multiple constructs, including perceived anthropomorphism and trustworthiness.",2019-10,2026-08-10 12:59:46,2026-08-10 12:59:46,,1-7,,,,,,,,,,,,,,,,,,,,,,,,Anthropomorphism; Atmospheric measurements; Particle measurements; Robots; Virtual reality,,,,,,,,,,,,,,,,,,,,,,,,,,,,,,,,,,,,,,,,,,,,,,,
VV73KIUE,conferencePaper,2022,"Xu, Ruishuo; Wang, Weijun; Feng, Wei; Zhou, Zhaokun; An, Boyoung; Gao, Ruizhen; Zhou, Kaichen",Design of a human-robot interaction system for robot teleoperation based on digital twinning,"2022 IEEE conference on telecommunications, optics and computer science (TOCS)",,,10.1109/TOCS56154.2022.10016008,,"Human-robot interaction (HRI) research using vision for robot teleoperation is closely related to the development of the field of artificial intelligence. There are many teleoperation methods for imitating human postures by humanoid robots. However, it is not easy to fully parameterize human movements using collaborative robots because of the difference in morphology between humans and collaborative robots. This paper proposes a robot teleoperation and human-robot interaction method based on digital twin technology to try to solve this problem. Using this method, the operator can control the robot at a distance to accomplish complex tasks in an unstructured environment. The system integrates virtual reality technology to provide the operator with a first-person view of the robot. Then, a 3D human pose detection algorithm is proposed, through which the 3D coordinates of human torso, shoulder, elbow, and hand are captured and a digital twin model of the human body is created. In addition, a geometric vector method is proposed to calculate the upper limb joints of the human body and convert them into motion commands of the robot. Finally, teleoperated human-robot interaction experiments were conducted by the ELITE robot platform. We show that the system has good action imitation and dynamic behavior adaptation, which proves the effectiveness and feasibility of our proposed method.",2022-12,2026-08-10 12:59:46,2026-08-10 12:59:46,,720-726,,,,,,,,,,,,,,,,,,,,,,,,Biological system modeling; Collaboration; digital twin; human pose estimation; human-robot interaction; Human-robot interaction; Robot kinematics; teleoperation; Three-dimensional displays; Torso; Virtual reality,,,,,,,,,,,,,,,,,,,,,,,,,,,,,,,,,,,,,,,,,,,,,,,
BEIQ6GXT,journalArticle,2024,"Ohara, Gen; Kikuchi, Daiki; Konyo, Masashi; Tadokoro, Satoshi",Stereohaptic vibration: Out-of-body localization of virtual vibration source through multiple vibrotactile stimuli on the forearms,IEEE Transactions on Haptics,,2329-4051,10.1109/TOH.2024.3357574,,"This paper proposes a novel concept of “stereohaptic vibration,” which employs distributed vibration to localize vibration sources outside the body. Inspired by amplitude panning, a stereophonic sound display technique, we developed a method to localize a virtual vibration source (VVS) by polarizing the perceived intensity of multiple vibration stimuli to a specific orientation. Considering the perceptual characteristics of high-frequency vibration, the perceived intensity of the VVS was allocated to multiple vibrators according to the distance and direction of the target. The velocity discrimination performance was confirmed by utilizing four stimuli around the arm and one vibration stimulus to the palm to localize the movement of a VVS throughout the arm. Discrimination experiments of the trajectory of outgoing objects with a single arm and dual arms revealed that our approach could localize in three dimensions, even outside the body. The proposed technology for localizing external virtual vibration sources is expected to enhance the virtual reality experience.",2024-01,2026-08-10 12:59:46,2026-08-10 12:59:46,,86-91,,1,17,,,,,,,,,,,,,,,,,,,,,Frequency dependence; Haptic interfaces; Location awareness; Oscillators; phantom sensation; Resonant frequency; Tactile sensors; Three-dimensional displays; Vibration measurement; Vibrometers; Vibrotactile display; vibrotactile localization,,,,,,,,,,,,,,,,,,,,,,,,,,,,,,,,,,,,,,,,,,,,,,,
YATI3ZNI,conferencePaper,2019,"Bălan, Oana; Moldoveanu, Alin; Petrescu, Livia; Moise, Gabriela; Cristea, Ștefania; Petrescu, Cătălin; Moldoveanu, Florica; Leordeanu, Marius",Sensors system methodology for artefacts identification in Virtual Reality games,2019 international symposium on advanced electrical and communication technologies (ISAECT),,,10.1109/ISAECT47714.2019.9069719,,"The field of affective computing has significantly emerged over the recent years, either we talk about systems that recognize and interpret human emotions or applications with assistive or therapeutic purposes that aim to treat various psychological disorders. Our goal is to design and develop a system that would aid people suffering of a common anxiety disorder of our times - the phobia. Thus, we propose a system for treating acrophobia - fear of heights - that exposes the patients in a Virtual Reality scenario depicting a mountain landscape, while their physiological signals (electrodermal activity, heart rate and respiration rate) are continuously recorded. However, during exposure, certain artefacts can appear, caused by head or hand movements, controller or mouse clicks, body rotations - and thus affect the quality of the recording. As artefact identification is a fundamental step in obtaining clean data, in this paper we present a method of recognizing artefact patterns in the signals recorded during gameplay sessions, which consists of aligning the data segments corresponding to the moments when the users performed head/hand/body movements with the artefact signals recorded during a reference procedure. The results obtained in pilot experiment with 5 users showed that the bias is lower on the perfectly aligned segments than on the segments located a few steps before and after the moment when the user introduced the artefact in the game signal, but without statistical significance. In addition, we propose a new method of estimating respiration rate based on the distance between two HTC Vive trackers placed on an elastic band, on the chest and on the upper back torso of the user.",2019-11,2026-08-10 12:59:46,2026-08-10 12:59:46,,1-6,,,,,,,,,,,,,,,,,,,,,,,,Artefact; Bioinformatics; Games; Heart rate; Pattern matching; Physiological data; Physiology; Psychology; Sensors system; Skin; Virtual reality; Virtual Reality,,,,,,,,,,,,,,,,,,,,,,,,,,,,,,,,,,,,,,,,,,,,,,,
MPA8P37D,journalArticle,2005,"Zhou, Jinghai; Xu, Ming; Sun, Julu; Lee, F.C.",A self-driven soft-switching voltage regulator for future microprocessors,IEEE Transactions on Power Electronics,,1941-0107,10.1109/TPEL.2005.850924,,"In conventional high frequency 12-V input voltage regulators (VR), large gate driver loss and body diode conduction loss raise crucial challenges to its gate driver implementation. The proposed self-driven topologies are basically buck-derived multiphase interleaving soft switching topologies, which eliminate the synchronous rectifier MOSFET drivers and save driving loss and body diode loss, so that it is a high efficiency, high power density solution for future microprocessors. A 1U four-phase 1.3-V/100-A VRM running at 1MHz demonstrates its advantages (cost, size and efficiency) over the conventional multiphase buck converter.",2005-07,2026-08-10 12:59:46,2026-08-10 12:59:46,,806-814,,4,20,,,,,,,,,,,,,,,,,,,,,Diodes; Frequency; Interleaved codes; Microprocessors; MOSFET circuits; Non-isolated; Rectifiers; Regulators; self-driven; synchronous rectifier; Topology; Virtual reality; Voltage; voltage regulator module (VRM),,,,,,,,,,,,,,,,,,,,,,,,,,,,,,,,,,,,,,,,,,,,,,,
4SI9S7F2,conferencePaper,2023,"Pan, Boxiao; Shen, Bokui; Rempe, Davis; Paschalidou, Despoina; Mo, Kaichun; Yang, Yanchao; Guibas, Leonidas J.",COPILOT: Human-environment collision prediction and localization from egocentric videos,2023 IEEE/CVF international conference on computer vision (ICCV),,2380-7504,10.1109/ICCV51070.2023.00485,,"The ability to forecast human-environment collisions from egocentric observations is vital to enable collision avoidance in applications such as VR, AR, and wearable assistive robotics. In this work, we introduce the challenging problem of predicting collisions in diverse environments from multi-view egocentric videos captured from body-mounted cameras. Solving this problem requires a generalizable perception system that can classify which human body joints will collide and estimate a collision region heatmap to localize collisions in the environment. To achieve this, we propose a transformer-based model called COPILOT to perform collision prediction and localization simultaneously, which accumulates information across multi-view inputs through a novel 4D space-time-viewpoint attention mechanism. To train our model and enable future research on this task, we develop a synthetic data generation framework that produces egocentric videos of virtual humans moving and colliding within diverse 3D environments. This framework is then used to establish a large-scale dataset consisting of 8.6M egocentric RGBD frames. Extensive experiments show that COPILOT generalizes to unseen synthetic as well as real-world scenes. We further demonstrate COPILOT outputs are useful for downstream collision avoidance through simple closed-loop control. Please visit our project webpage at https://sites.google.com/stanford.edu/copilot.",2023-10,2026-08-10 12:59:46,2026-08-10 12:59:46,,5239-5249,,,,,,,,,,,,,,,,,,,,,,,,Collision avoidance; Location awareness; Predictive models; Robot vision systems; Solid modeling; Three-dimensional displays; Transformers,,,,,,,,,,,,,,,,,,,,,,,,,,,,,,,,,,,,,,,,,,,,,,,
TS5UBX89,conferencePaper,2025,"He, Wenkun; Liu, Yun; Liu, Ruitao; Yi, Li",SyncDiff: Synchronized motion diffusion for multi-body human-object interaction synthesis,2025 IEEE/CVF international conference on computer vision (ICCV),,2380-7504,10.1109/ICCV51701.2025.01091,,"Synthesizing realistic human-object interaction motions is a critical problem in VR/AR and human animation. Unlike the commonly studied scenarios involving a single human or hand interacting with one object, we address a more generic multi-body setting with arbitrary numbers of humans, hands, and objects. The high correlations and mutual influences among bodies leads to two major challenges, for which we propose solutions. First, to satisfy the high demands for synchronization of different body motions, we mathematically derive a new set of alignment scores during the training process, and use maximum likelihood sampling on a dynamic graphical model for explicit synchronization during inference. Second, the high-frequency interactions between objects are often overshadowed by the large-scale low-frequency movements. To address this, we introduce frequency decomposition and explicitly represent high-frequency components in the frequency domain. Extensive experiments across five datasets with various multibody configurations demonstrate the superiority of SyncDiff over existing state-of-the-art motion synthesis methods.",2025-10,2026-08-10 12:59:46,2026-08-10 12:59:46,,11731-11743,,,,,,,,,,,,,,,,,,,,,,,,Aerospace and electronic systems; Aerospace control; Attitude control; Brushes; Circuits and systems; Contacts; hand-object interaction synthesis; High frequency; human-object interaction synthesis; Media Access Control; motion synchronization; Product development; Videos,,,,,,,,,,,,,,,,,,,,,,,,,,,,,,,,,,,,,,,,,,,,,,,
4QWFKMEE,conferencePaper,2021,"Ferlini, Andrea; Montanari, Alessandro; Grammenos, Andreas; Harle, Robert; Mascolo, Cecilia",Enabling in-ear magnetic sensing: Automatic and user transparent magnetometer calibration,2021 IEEE international conference on pervasive computing and communications (PerCom),,2474-249X,10.1109/PERCOM50583.2021.9439112,,"Earables (in-ear wearables) are a new frontier in wearables. Acting both as leisure devices, providing personal audio, as well as sensing platforms, earables could collect sensor data for the upper part of the body, subject to fewer vibrations and random movement variations than the lower parts of the body, due to inherent damping in the musculoskeletal system. These data may enable application domains such as augmented/virtual reality, medical rehabilitation, and health condition screening. Unfortunately, earables have inherent size, shape, and weight constraints limiting the type and position of the sensors on such platforms. For instance, lacking a magnetometer in all earables reference platforms, earables lack reference points. Thus, it becomes harder to work with absolute orientations. Embedding magnetometers in earables is challenging, as these rely heavily on radio (mostly Bluetooth) communication (RF) and contain magnets for magnetic-driven speakers and docking. We explore the feasibility of adding a built-in magnetometer in an earbud, presenting the first comprehensive study of the magnetic interference impacting the magnetometer when placed in an earable: both that caused by the speaker and by RF (music streaming and voice calls) are considered. We find that appropriate calibration of the magnetometer removes the offsets induced by the magnets, the speaker, and the variable interference due to BT. Further, we present an automatic, user-transparent adaptive calibration that obviates the need for alternative, expensive, and error-prone manual, or robotics, calibration procedures. Our evaluation shows how our calibration approach performs under different conditions, achieving convincing results with errors below 3° for the majority of the experiments.",2021-03,2026-08-10 12:59:46,2026-08-10 12:59:46,,1-8,,,,,,,,,,,,,,,,,,,,,,,,Interference; Magnetic domains; Magnetomechanical effects; Magnetometers; Radio frequency; Vibrations; Wearable computers,,,,,,,,,,,,,,,,,,,,,,,,,,,,,,,,,,,,,,,,,,,,,,,
THTZR25Q,journalArticle,2024,"Chung, Chia-Ru; Yeh, Shih-Ching; Wu, Eric Hsiao-Kuang; Lin, Sheng-Yang",Qigong master: a qigong-based attention training game using action recognition and balance analysis,IEEE Transactions on Games,,2475-1510,10.1109/TG.2023.3274148,,"Baduanjin is a type of martial art that is aimed at the development and health of the physical, emotional, and spiritual aspects. It emphasizes on gentle movements, relaxed yet disciplined, and training of mental concentration through relaxation. In order to make Baduanjin attention training more effective and easier, we proposed a novel Baduanjin-based attention training game that instructs the subject to practice Baduanjin using virtual reality and motion analysis. Through a virtual instructor who demonstrates a series of Baduanjin actions, the subject is asked to follow the instructor's movement at any time. Meanwhile, the 3-D position of the subject's body joints is collected by a motion capture device for further analysis using a deep learning model to evaluate the order correctness and precision of the Baduanjin actions. In addition, transfer learning technique is used to solve the problem of small size of Baduanjin data. Preliminary tests with 20 normal individuals showed that the recognition accuracy of the Baduanjin actions reached nearly 97",2024-06,2026-08-10 12:59:46,2026-08-10 12:59:46,,376-383,,2,16,,,,,,,,,,,,,,,,,,,,,Action recognition; attention-deficit/hyperactivity disorder (ADHD); Baduanjin; Cameras; Games; Kinect; Prototypes; Skeleton; Three-dimensional displays; Training; Virtual environments; virtual reality (VR),,,,,,,,,,,,,,,,,,,,,,,,,,,,,,,,,,,,,,,,,,,,,,,
QBJ8VFEQ,journalArticle,2022,"Wan, Weilin; Yang, Lei; Liu, Lingjie; Zhang, Zhuoying; Jia, Ruixing; Choi, Yi-King; Pan, Jia; Theobalt, Christian; Komura, Taku; Wang, Wenping",Learn to predict how humans manipulate large-sized objects from interactive motions,IEEE Robotics and Automation Letters,,2377-3766,10.1109/LRA.2022.3151614,,"Understanding human intentions during interactions has been a long-lasting theme, that has applications in human-robot interaction, virtual reality and surveillance. In this study, we focus on full-body human interactions with large-sized daily objects and aim to predict the future states of objects and humans given a sequential observation of human-object interaction. As there is no such dataset dedicated to full-body human interactions with large-sized daily objects, we collected a large-scale dataset containing thousands of interactions for training and evaluation purposes. We also observe that an object’s intrinsic physical properties are useful for the object motion prediction, and thus design a set of object dynamic descriptors to encode such intrinsic properties. We treat the object dynamic descriptors as a new modality and propose a graph neural network, HO-GCN, to fuse motion data and dynamic descriptors for the prediction task. We show the proposed network that consumes dynamic descriptors can achieve state-of-the-art prediction results and help the network better generalize to unseen objects. We also demonstrate the predicted results are useful for human-robot collaborations.",2022-04,2026-08-10 12:59:46,2026-08-10 12:59:46,,4702-4709,,2,7,,,,,,,,,,,,,,,,,,,,,Datasets for human motion; Dynamics; Force; human-robot collaboration; intention recognition; Robots; Skeleton; Task analysis; Three-dimensional displays; Videos,,,,,,,,,,,,,,,,,,,,,,,,,,,,,,,,,,,,,,,,,,,,,,,
E9BLPB4W,journalArticle,1996,"Robb, R.A.",VR assisted surgery planning,IEEE Engineering in Medicine and Biology Magazine,,1937-4186,10.1109/51.486720,,"We are developing a system called the virtual reality assisted surgery program (VRASP) for implementation in the hospital operating room (OR). VRASP will give the surgeon flexible intraoperatively computational support. It will permit modification and control of very large scan data sets in real time. It will render and transmit virtual imagery in response to the surgeon's commands without interfering with normal surgical activities. And it will register the displayed imagery simultaneously with respect to the surgeon and the patient, without perceptible computing or display lag. VRASP is being developed specifically to assist surgeons during craniofacial, neurologic, orthopedic, thoracic, and urologic surgery. VRASP will enable surgeons to interactively visualize 3D renderings of CT and MRI data with hands-free manipulation of the virtual display. The surgeon will be able to scale, orient, and position prescanned body imagery on-line in real time from any desired perspective. The clinical goal is dynamic fusing of 3D body scan data with the actual patient in the OR. The customized interface will permit ready on-line access to the preoperative plan and to update measurement and analysis based on the real time OR data.",1996-03,2026-08-10 12:59:46,2026-08-10 12:59:46,,60-69,,2,15,,,,,,,,,,,,,,,,,,,,,Computed tomography; Computer displays; Data visualization; Hospitals; Magnetic resonance imaging; Orthopedic surgery; Registers; Rendering (computer graphics); Surges; Virtual reality,,,,,,,,,,,,,,,,,,,,,,,,,,,,,,,,,,,,,,,,,,,,,,,
ZAWHUWS8,conferencePaper,2021,"Yang, Ze; Wang, Shenlong; Manivasagam, Sivabalan; Huang, Zeng; Ma, Wei-Chiu; Yan, Xinchen; Yumer, Ersin; Urtasun, Raquel","S3: Neural shape, skeleton, and skinning fields for 3D human modeling",2021 IEEE/CVF conference on computer vision and pattern recognition (CVPR),,2575-7075,10.1109/CVPR46437.2021.01308,,"Constructing and animating humans is an important component for building virtual worlds in a wide variety of applications such as virtual reality or robotics testing in simulation. As there are exponentially many variations of humans with different shape, pose and clothing, it is critical to develop methods that can automatically reconstruct and animate humans at scale from real world data. Towards this goal, we represent the pedestrian’s shape, pose and skinning weights as neural implicit functions that are directly learned from data. This representation enables us to handle a wide variety of different pedestrian shapes and poses without explicitly fitting a human parametric body model, allowing us to handle a wider range of human geometries and topologies. We demonstrate the effectiveness of our approach on various datasets and show that our reconstructions outperform existing state-of-the-art methods. Furthermore, our re-animation experiments show that we can generate 3D human animations at scale from a single RGB image (and/or an optional LiDAR sweep) as input.",2021-06,2026-08-10 12:59:46,2026-08-10 12:59:46,,13279-13288,,,,,,,,,,,,,,,,,,,,,,,,Laser radar; Reconstruction algorithms; Shape; Skeleton; Solid modeling; Three-dimensional displays; Virtual reality,,,,,,,,,,,,,,,,,,,,,,,,,,,,,,,,,,,,,,,,,,,,,,,
7893KXYH,journalArticle,2024,"Laine, Teemu H.; Lee, Woohyun","Collaborative virtual reality in higher education: Students' perceptions on presence, challenges, affordances, and potential",IEEE Transactions on Learning Technologies,,1939-1382,10.1109/TLT.2023.3319628,,"The metaverse is a network of interoperable and persistent 3-D virtual worlds where users can coexist and interact through mechanisms, such as gamification, nonfungible tokens, and cryptocurrencies. Although the metaverse is a theoretical construct today, many collaborative virtual reality (CVR) applications have emerged as potential components of the metaverse. The demand for distance learning in higher education grew rapidly with COVID-19, but it has many challenges such as low motivation, low interest, and lack of suitable environment. We investigated the suitability of CVR applications for higher education by analyzing 9 existing CVR applications and then conducting a mixed-method user study on the Spatial CVR application with 41 university students (24 females, 17 males, mean age: 23.5). The results revealed 14 challenges, 13 affordances, and 20 ideas for using CVR in higher education. Moreover, lack of instructions, cybersickness, discomfort, limited embodiment, and limited sensory stimulation were among the identified issues that may inhibit the sense of presence in Spatial. Based on the findings, we proposed 13 guidelines to facilitate providing CVR learning in higher education and concluded that CVR has some use cases in higher education to complement conventional methods. These results can be useful for researchers, developers, and educators who seek to be at the forefront of adopting CVR as a part of the metaverse to come.",2024,2026-08-10 12:59:46,2026-08-10 12:59:46,,280-293,,,17,,,,,,,,,,,,,,,,,,,,,Affordances; challenges; Collaboration; collaborative learning; metaverse; Metaverse; presence; Surgery; Three-dimensional displays; Training; Usability; user study; virtual reality (VR),,,,,,,,,,,,,,,,,,,,,,,,,,,,,,,,,,,,,,,,,,,,,,,
DM7665ZB,conferencePaper,2008,"Wang, Dangxiao; Zhang, Yuru; Wang, Yu",Analysis of registration accuracy for collocated haptic-visual display system,2008 symposium on haptic interfaces for virtual environment and teleoperator systems,,2324-7355,10.1109/HAPTICS.2008.4479962,,Consistency between haptic display and visual display is an important requirement to construct high fidelity virtual reality systems. Spatial registration method for accurate collocated haptic-visual display based on half-silvered mirror is proposed in this paper. The registration accuracy is defined to be the distance between the virtual avatar and the haptic interface point with regard to the human eye coordinate system. Spatial registration algorithm combined offline calibration module with online measurement module is proposed based on registration of human's eye camera with OpenGL camera. High precision FARO Arm is utilized to calibrate the external and internal parameters in haptic and visual coordination systems. Sensitivity of errors on the registration precision is analyzed and optimal eye position is determined. Three kinds of experiments are carried out to validate the registration accuracy qualitatively and quantitatively.,2008-03,2026-08-10 12:59:46,2026-08-10 12:59:46,,303-310,,,,,,,,,,,,,,,,,,,,,,,,calibration; Calibration; Cameras; Displays; Haptic interfaces; haptic-visual system; Humans; Layout; Mirrors; Optical reflection; registration accuracy; Robot kinematics; Virtual reality,,,,,,,,,,,,,,,,,,,,,,,,,,,,,,,,,,,,,,,,,,,,,,,
QGR5G6JE,conferencePaper,2023,"Wu, Menghua; Zhu, Hao; Huang, Linjia; Zhuang, Yiyu; Lu, Yuanxun; Cao, Xun",High-fidelity 3D face generation from natural language descriptions,2023 IEEE/CVF conference on computer vision and pattern recognition (CVPR),,2575-7075,10.1109/CVPR52729.2023.00439,,"Synthesizing high-quality 3D face models from natural language descriptions is very valuable for many applications, including avatar creation, virtual reality, and telepresence. However, little research ever tapped into this task. We argue the major obstacle lies in 1) the lack of high-quality 3D face data with descriptive text annotation, and 2) the complex mapping relationship between descriptive language space and shape/appearance space. To solve these problems, we build Describe3D dataset, the first large-scale dataset with fine-grained text descriptions for text-to-3D face generation task. Then we propose a two-stage framework to first generate a 3D face that matches the concrete descriptions, then optimize the parameters in the 3D shape and texture space with abstract description to refine the 3D face model. Extensive experimental results show that our method can produce a faithful 3D face that conforms to the input descriptions with higher accuracy and quality than previous methods. The code and Describe3D dataset are released at https://github.com/zhuhao-nju/describe3D.",2023-06,2026-08-10 12:59:46,2026-08-10 12:59:46,,4521-4530,,,,,,,,,,,,,,,,,,,,,,,,and reasoning; Face recognition; language; Natural languages; Neural networks; Shape; Solid modeling; Telepresence; Three-dimensional displays; Vision,,,,,,,,,,,,,,,,,,,,,,,,,,,,,,,,,,,,,,,,,,,,,,,
FJZFS6SK,conferencePaper,2026,"Bozhilov, Ivaylo",Semantic compression for 3D content: a unified conceptual framework and survey of advanced solutions,"2026 joint international conference on digital arts, media and technology with ECTI northern section conference on electrical, electronics, computer and telecommunication engineering (ECTI DAMT & NCON)",,2768-4644,10.1109/ECTIDAMTNCON67592.2026.11459979,,"The increasing use of 3D content in applications such as virtual reality, gaming, and telepresence highlights the need for compact representations that are interpretable and accessible for user interaction. This paper presents a unified approach to representing 3D scenes and avatars through intermediary descriptions that capture both large-scale contextual information and fine-grained object- or avatar-level details, supporting efficient storage, transmission, and manipulation. Building on this representation framework, a range of existing techniques are analyzed and compared in terms of their interpretability, efficiency, and compactness. Particular emphasis is placed on representations that align with human understanding and enable direct interpretation and modification of 3D content without full reconstruction, a role most effectively fulfilled by text-based intermediary formats. The analysis identifies promising directions for future research and emphasizes the need for robust evaluation metrics.",2026-02,2026-08-10 12:59:46,2026-08-10 12:59:46,,710-715,,,,,,,,,,,,,,,,,,,,,,,,Artificial Intelligence; Avatars; Communication systems; Communications technology; Compression; Computer Communication Technologies; Graphical user interfaces; HTTP; Image Processing; Protocols; Receivers; Semantic communication; Semantic Communications; Telecommunications; Video games,,,,,,,,,,,,,,,,,,,,,,,,,,,,,,,,,,,,,,,,,,,,,,,
GRP9TCHI,conferencePaper,2019,"De Smet, Jef; Poliakov, Vladimir; Niu, Kenan; Chesterman, Frédérique; Fornier, Johan; Ahmad, Mirza Awais; Ourak, Mouloud; Vörös, Viktor; Deprest, Jan; Poorten, Emmanuel Vander",Evaluating the potential benefit of autostereoscopy in laparoscopic sacrocolpopexy through VR simulation,2019 19th international conference on advanced robotics (ICAR),,,10.1109/ICAR46387.2019.8981553,,"During laparoscopic sacrocolpopexy, pelvic organ prolapse is repaired by suturing one side of a synthetic mesh around the vaginal vault while stapling the other end to the sacrum, restoring the anatomical position of the vagina. A perineal assistant positions and tensions the vault with a vaginal manipulator instrument to properly expose the vaginal tissue to the laparoscopic surgeon. A technical difficulty during this surgery is the loss of depth perception due to visualization of the patient's internals on a 2D screen. Especially during precise surgical tasks, a more natural way to understand the distance between the laparoscopic instruments and the surgical region of interest could be advantageous. This work describes an exploratory study to investigate the potential of introducing 3D visualization into this surgical intervention. More in particular, experimentation is conducted with autostereoscopic display technology. A mixed reality setup was constructed featuring a virtual reality model of the vagina, 2D and 3D visualization, a physical interface representing the tissue of the body wall and a tracking system to track instrument motion. An experiment was conducted whereby the participants had to navigate the instrument to a number of pre-defined locations under 2D or 3D visualization. Compared to 2D, a considerable reduction in average task time (-42.9",2019-12,2026-08-10 12:59:46,2026-08-10 12:59:46,,566-571,,,,,,,,,,,,,,,,,,,,,,,,Imaging; Instruments; Laparoscopes; Measurement; Solid modeling; Stereo image processing; Three-dimensional displays; Tracking; Virtual reality; Visualization,,,,,,,,,,,,,,,,,,,,,,,,,,,,,,,,,,,,,,,,,,,,,,,
CL3FG9BK,conferencePaper,2023,"Liu, Yiran; Liu, Xiangrui; Meng, Kexin; Yang, Haixin; Li, Ruirui",Enhancing 3D human body reconstruction: a local information-based approach with improved generalization and accuracy,"2023 international conference on image processing, computer vision and machine learning (ICICML)",,,10.1109/ICICML60161.2023.10424946,,"The 3D reconstruction of the human body from a single RGB or RGB-D image holds extensive application potential in domains such as virtual reality and human-computer interaction. Traditional methods, reliant on global information for image feature extraction, utilize implicit functions for model reconstruction. However, their generalizability is hindered by dataset constraints. Our study proposes a novel framework that incorporates directed distance signed fields, normal information, and raw human model data, enhancing the initial normal map prediction network. When tested on the THuman2.0 dataset, our method, which emphasizes local information, outperforms traditional global information-based approaches, showcasing enhanced reconstruction accuracy and broader applicability.",2023-11,2026-08-10 12:59:46,2026-08-10 12:59:46,,671-677,,,,,,,,,,,,,,,,,,,,,,,,3D Human Reconstruction; Biological system modeling; Computational modeling; Image reconstruction; Implicit Function; Naked Human Model; Prediction algorithms; Predictive models; Signed Distance Field; Solid modeling; Surface Normal Information; Three-dimensional displays,,,,,,,,,,,,,,,,,,,,,,,,,,,,,,,,,,,,,,,,,,,,,,,
GC5IPXYG,conferencePaper,2025,"Kosanovic, Nicolas; Dowdy, Jordan; Vaz, Jean Chagas",Towards miniature humanoid tele-loco-manipulation using virtual reality and reinforcement learning,2025 IEEE-RAS 24th international conference on humanoid robots (humanoids),,2164-0580,10.1109/Humanoids65713.2025.11264861,,"Full-sized humanoid robot capabilities have grown exponentially in recent years, aiming towards general-purpose deployment in human environments. A popular control method used by manufacturers utilizes Virtual Reality for upperbody teleoperation and Reinforcement Learning for lowerbody balance and locomotion control. As a result, a single remote operator can see, manipulate, and navigate about a real, distant physical environment. This powerful control stack is often relegated to expensive full-sized robots, many of which are inaccessible to the research community. Miniature humanoids are more prevalent, but employ less biomimicry in their design (e.g. fewer sensors, Degrees of Freedom, etc) and lack similar developments. This paper describes a compliant full-body telepresence control stack developed from the ground up for miniature humanoids. Framework experimentation on ROBOTIS OP3 hardware showcases walking at speeds up to 0.45m/s independent of arm motions. Tele-loco-manipulation is demonstrated via cube relocation experiment with an expert human operator. On average, the teleoperated system moved 2 different 40 g cubes within 10 mins, walking a total distance of 5 m. Overall, the developed system shows potential for miniature humanoid tele-loco-manipulation.",2025-09,2026-08-10 12:59:46,2026-08-10 12:59:46,,1233-1240,,,,,,,,,,,,,,,,,,,,,,,,Hardware; Humanoid robots; Legged locomotion; Manipulators; Navigation; Reinforcement learning; Robot sensing systems; Sensors; Telepresence; Virtual reality,,,,,,,,,,,,,,,,,,,,,,,,,,,,,,,,,,,,,,,,,,,,,,,
XGMFHDXP,conferencePaper,2000,"Zheng, J.Y.; Suezaki, S.; Shiota, Y.",Interactive human motion acquisition from video sequences,Proceedings computer graphics international 2000,,,10.1109/CGI.2000.852336,,"Human motion modeling for animation and VR has reached a level of capturing real motion data from people using various visual and non-visual sensors. However, most of the available systems require special devices and environments, or even attachments of extra things on an actor. To realize a personal system, we developed a general type software to acquire arbitrary motion from a video sequence. A 3D articulated human model with changeable size, color and surface shape is constructed and personalized to fit with a focused figure in the video. The personal model is then driven either automatically or manually to match with the moving body in consecutive image frames. This matching starts from key frames that contain key poses. A smooth motion is then interpolated in between key frames. The evaluation of the generated motion is enhanced by image correlation. We provide various methods to make the matching feasible in order to reduce the modeling time. This approach is suitable for personal use to meet wide needs of human motion acquisition.",2000-06,2026-08-10 12:59:46,2026-08-10 12:59:46,,209-217,,,,,,,,,,,,,,,,,,,,,,,,Animation; Biological system modeling; Cameras; Data mining; Humans; Image sequences; Shape; Surface fitting; Video sequences; Virtual reality,,,,,,,,,,,,,,,,,,,,,,,,,,,,,,,,,,,,,,,,,,,,,,,
H35L6DME,journalArticle,2020,"Zhang, Zihao; Hu, Lei; Deng, Xiaoming; Xia, Shihong",Weakly supervised adversarial learning for 3D human pose estimation from point clouds,IEEE Transactions on Visualization and Computer Graphics,,1941-0506,10.1109/TVCG.2020.2973076,,"Point clouds-based 3D human pose estimation that aims to recover the 3D locations of human skeleton joints plays an important role in many AR/VR applications. The success of existing methods is generally built upon large scale data annotated with 3D human joints. However, it is a labor-intensive and error-prone process to annotate 3D human joints from input depth images or point clouds, due to the self-occlusion between body parts as well as the tedious annotation process on 3D point clouds. Meanwhile, it is easier to construct human pose datasets with 2D human joint annotations on depth images. To address this problem, we present a weakly supervised adversarial learning framework for 3D human pose estimation from point clouds. Compared to existing 3D human pose estimation methods from depth images or point clouds, we exploit both the weakly supervised data with only annotations of 2D human joints and fully supervised data with annotations of 3D human joints. In order to relieve the human pose ambiguity due to weak supervision, we adopt adversarial learning to ensure the recovered human pose is valid. Instead of using either 2D or 3D representations of depth images in previous methods, we exploit both point clouds and the input depth image. We adopt 2D CNN to extract 2D human joints from the input depth image, 2D human joints aid us in obtaining the initial 3D human joints and selecting effective sampling points that could reduce the computation cost of 3D human pose regression using point clouds network. The used point clouds network can narrow down the domain gap between the network input i.e. point clouds and 3D joints. Thanks to weakly supervised adversarial learning framework, our method can achieve accurate 3D human pose from point clouds. Experiments on the ITOP dataset and EVAL dataset demonstrate that our method can achieve state-of-the-art performance efficiently.",2020-05,2026-08-10 12:59:46,2026-08-10 12:59:46,,1851-1859,,5,26,,,,,,,,,,,,,,,,,,,,,Computers; Depth Map; Heating systems; Human Pose Estimation; Point Clouds; Pose estimation; Proposals; Three-dimensional displays; Training data; Two dimensional displays,,,,,,,,,,,,,,,,,,,,,,,,,,,,,,,,,,,,,,,,,,,,,,,
EQTN5R57,conferencePaper,2022,"Dai, Yudi; Lin, Yitai; Wen, Chenglu; Shen, Siqi; Xu, Lan; Yu, Jingyi; Ma, Yuexin; Wang, Cheng",HSC4D: Human-centered 4D scene capture in large-scale indoor-outdoor space using wearable imus and LiDAR,2022 IEEE/CVF conference on computer vision and pattern recognition (CVPR),,2575-7075,10.1109/CVPR52688.2022.00667,,"We propose Human-centered 4D Scene Capture (HSC4D) to accurately and efficiently create a dynamic digital world, containing large-scale indoor-outdoor scenes, diverse human motions, and rich interactions between humans and environments. Using only body-mounted IMUs and LiDAR, HSC4D is space-free without any external devices' constraints and map-free without pre-built maps. Considering that IMUs can capture human poses but always drift for long-period use, while LiDAR is stable for global localization but rough for local positions and orientations, HSC4D makes both sensors complement each other by a joint optimization and achieves promising results for long-term capture. Relationships between humans and environments are also explored to make their interaction more realistic. To facilitate many down-stream tasks, like AR, VR, robots, autonomous driving, etc., we propose a dataset containing three large scenes (1k-5k m2) with accurate dynamic human motions and locations. Diverse scenarios (climbing gym, multi-story building, slope, etc.) and challenging human activities (exercising, walking up/down stairs, climbing, etc.) demonstrate the effectiveness and the generalization ability of HSC4D. The dataset and code is available at lidarhumanmotion.net/hsc4d.",2022-06,2026-08-10 12:59:46,2026-08-10 12:59:46,,6782-6792,,,,,,,,,,,,,,,,,,,,,,,,Datasets and evaluation; Dynamics; Face and gestures; Laser radar; Location awareness; Motion and tracking; Motion capture; Pose estimation and tracking; Robot sensing systems; Sensors; Stairs,,,,,,,,,,,,,,,,,,,,,,,,,,,,,,,,,,,,,,,,,,,,,,,
DZTTD3ZX,journalArticle,2012,"Ullrich, Sebastian; Kuhlen, Torsten",Haptic palpation for medical simulation in virtual environments,IEEE Transactions on Visualization and Computer Graphics,,1941-0506,10.1109/TVCG.2012.46,,"Palpation is a physical examination technique where objects, e.g., organs or body parts, are touched with fingers to determine their size, shape, consistency and location. Many medical procedures utilize palpation as a supplementary interaction technique and it can be therefore considered as an essential basic method. However, palpation is mostly neglected in medical training simulators, with the exception of very specialized simulators that solely focus on palpation, e.g., for manual cancer detection. In this article we propose a novel approach to enable haptic palpation interaction for virtual reality–based medical simulators. The main contribution is an extensive user study conducted with a large group of medical experts. To provide a plausible simulation framework for this user study, we contribute a novel and detailed interaction algorithm for palpation with tissue dragging, which utilizes a multi–object force algorithm to support multiple layers of anatomy and a pulse force algorithm for simulation of an arterial pulse. Furthermore, we propose a modification for an off–the–shelf haptic device by adding a lightweight palpation pad to support a more realistic finger grip configuration for palpation tasks. The user study itself has been conducted on a medical training simulator prototype with a specific procedure from regional anesthesia, which strongly depends on palpation. The prototype utilizes a co–rotational finiteelement approach for soft tissue simulation and provides bimanual interaction by combining the aforementioned techniques with needle insertion for the other hand. The results of the user study suggest reasonable face validity of the simulator prototype and in particular validate medical plausibility of the proposed palpation interaction algorithm.",2012-04,2026-08-10 12:59:46,2026-08-10 12:59:46,,617-625,,4,18,,,,,,,,,,,,,,,,,,,,,Bismuth; Force; Haptic interfaces; haptics; Medicine; Phantoms; physically-based simulation; Rendering (computer graphics); Skin; user studies.; Visualization,,,,,,,,,,,,,,,,,,,,,,,,,,,,,,,,,,,,,,,,,,,,,,,
Q2BHTIS6,conferencePaper,2019,"Xu, Yi; Yang, Shanglin; Sun, Wei; Tan, Li; Li, Kefeng; Zhou, Hui",3D virtual garment modeling from RGB images,2019 IEEE international symposium on mixed and augmented reality (ISMAR),,1554-7868,10.1109/ISMAR.2019.00-28,,"We present a novel and efficient approach that automatically constructs 3D models for garments using only RGB images. Most of the previous methods deal with input photos in which the garment is on a human body or mannequin. Our approach can work with various types of input garment photos: photos in which the garment is worn by a model, or photos in which the garment is laid on a flat surface. To construct a complete 3D model, our approach requires minimum two images as input: one front view and one rear view. We propose a multi-task learning network called JFNet that jointly identifies the landmarks of the garment as well as parses the garment into semantic part segments. The predicted landmarks are used to estimate the garment size thus a template mesh can be deformed accordingly to construct the 3D mesh model. Color and textures of the model are extracted by exploiting the parsed semantic parts from input images. Our approach can be applied in various Virtual Reality and Mixed Reality applications involving garment modeling.",2019-10,2026-08-10 12:59:46,2026-08-10 12:59:46,,37-45,,,,,,,,,,,,,,,,,,,,,,,,3D garment modeling; Clothing; Computational modeling; Image segmentation; landmark prediction; semantic part segmentation; Semantics; Shape; Solid modeling; Three-dimensional displays,,,,,,,,,,,,,,,,,,,,,,,,,,,,,,,,,,,,,,,,,,,,,,,
RSPS44NM,conferencePaper,2016,"Kanduri, Yashwanth; Prasad, Sanugula Durga",A modular approach for cloth modelling in virtual fitting room,2016 11th international conference on industrial and information systems (ICIIS),,,10.1109/ICIINFS.2016.8262916,,"The application is an augmented virtual reality application where the user is recognized at close range and can virtually try clothes. The unique point about this application is the fact that there'll be image processing and computer vision used to determine size of shirt and waist and so on of a person using the Kinect V2 perceptual computing kit rather than just allowing the user to try on virtual clothes. These clothes can be showcased online among the friends or can be directly used for printing and manufacturing the shirt using CO2 laser from a robotic arm which is out of scope of this paper. The modelling of cloth which is supposed to be augmented on the virtual human body is being designed with competent geometric algorithms rather than just relying on Gaming or Motion Control Frameworks. The results are tested on latest Kinect V2 sensor which provides user a compelling experience to opt for. The paper initially overviews the major technical components for complete virtual try-on system, followed by elucidating several key challenges such as calibration of Kinect and estimation of measurements for individual subjects like outfits, etc. Eventually we discuss key details of the implementation using Kinect V2. Quality of these steps is the key to achieve seamless try-on experience for users.",2016-12,2026-08-10 12:59:46,2026-08-10 12:59:46,,106-111,,,,,,,,,,,,,,,,,,,,,,,,Augmented Virtual Reality; Biological system modeling; Color Stream; Depth Stream; Elbow; Image color analysis; Kinect V2; Modelling of Cloth; Skeletal Tracking; Skin; Streaming media; Thumb,,,,,,,,,,,,,,,,,,,,,,,,,,,,,,,,,,,,,,,,,,,,,,,
2J27TUVZ,journalArticle,2021,"Yang, Lu; Song, Qing; Wang, Zhihui; Hu, Mengjie; Liu, Chun",Hier r-CNN: Instance-level human parts detection and a new benchmark,IEEE Transactions on Image Processing,,1941-0042,10.1109/TIP.2020.3029901,,"Detecting human parts at instance-level is an essential prerequisite for the analysis of human keypoints, actions, and attributes. Nonetheless, there is a lack of a large-scale, rich-annotated dataset for human parts detection. We fill in the gap by proposing COCO Human Parts. The proposed dataset is based on the COCO 2017, which is the first instance-level human parts dataset, and contains images of complex scenes and high diversity. For reflecting the diversity of human body in natural scenes, we annotate human parts with (a) location in terms of a bounding-box, (b) various type including face, head, hand, and foot, (c) subordinate relationship between person and human parts, (d) fine-grained classification into right-hand/left-hand and left-foot/right-foot. A lot of higher-level applications and studies can be founded upon COCO Human Parts, such as gesture recognition, face/hand keypoint detection, visual actions, human-object interactions, and virtual reality. There are a total of 268,030 person instances from the 66,808 images, and 2.83 parts per person instance. We provide a statistical analysis of the accuracy of our annotations. In addition, we propose a strong baseline for detecting human parts at instance-level over this dataset in an end-to-end manner, call Hier(archy) R-CNN. It is a simple but effective extension of Mask R-CNN, which can detect human parts of each person instance and predict the subordinate relationship between them. Codes and dataset are publicly available (https://github.com/soeaver/Hier-R-CNN).",2021,2026-08-10 12:59:46,2026-08-10 12:59:46,,39-54,,,30,,,,,,,,,,,,,,,,,,,,,Annotations; Benchmark testing; COCO human parts; Faces; Hier R-CNN; Human parts detection; Proposals; region-based approach; Task analysis; Visualization,,,,,,,,,,,,,,,,,,,,,,,,,,,,,,,,,,,,,,,,,,,,,,,
RFZAQ8AE,conferencePaper,2020,"Aziz, K M Arafat; Luo, Hu; Asma, Lehiany; Xu, Weiliang; Zhang, Yuru; Wang, Dangxiao",Haptic handshank – a handheld multimodal haptic feedback controller for virtual reality,2020 IEEE international symposium on mixed and augmented reality (ISMAR),,1554-7868,10.1109/ISMAR50242.2020.00047,,"Compared to wearable devices, handheld haptic devices are promising for large scale virtual reality applications because of their portability and capability of supporting large workspace haptic interaction. However, it remains a challenge to render multimodal haptic stimuli in handheld devices due to space confinement. In this paper, we present a modular approach to build a Multimodal Handheld Haptic Controller called “Haptic Handshank” that includes a thumb feedback component, a palm feedback component, and a motion tracking component. In the thumb feedback component, a compact pneumatically-driven silicone airbag is utilized to simulate softness, and a flexible membrane based on the electro-vibration principle which covers the top portion of the airbag for rendering virtual textures. In the palm feedback component, vibrational motors and Peltier devices are embedded into the device's body for rendering vibrotactile flow and distributing thermal stimuli. In the motion tracking component, an HTC-Vive tracker is mounted on the bottom of the controller's handle to enable 6-DOF palm motion tracking. The performance of the handheld device is evaluated through quantitative experimental studies, which validate the ability of the device to simulate multimodal haptic sensations in accordance with diverse hand manipulation gestures such as enclosure, static contact, rubbing, squeezing and shaking of a cup of cold drink in 3D virtual space.",2020-11,2026-08-10 12:59:46,2026-08-10 12:59:46,,239-250,,,,,,,,,,,,,,,,,,,,,,,,Aerospace electronics; controller; Handheld computers; handheld device; haptic feedback; Haptic interfaces; Multimodal; Rendering (computer graphics); Thumb; Tracking; virtual reality; Wearable computers,,,,,,,,,,,,,,,,,,,,,,,,,,,,,,,,,,,,,,,,,,,,,,,
R5VADSLW,conferencePaper,2023,"Li, Haoyuan; Dong, Haoye; Jia, Hanchao; Huang, Dong; Kampffmeyer, Michael C.; Lin, Liang; Liang, Xiaodan",Coordinate transformer: Achieving single-stage multi-person mesh recovery from videos,2023 IEEE/CVF international conference on computer vision (ICCV),,2380-7504,10.1109/ICCV51070.2023.00803,,"Multi-person 3D mesh recovery from videos is a critical first step towards automatic perception of group behavior in virtual reality, physical therapy and beyond. However, existing approaches rely on multi-stage paradigms, where the person detection and tracking stages are performed in a multi-person setting, while temporal dynamics are only modeled for one person at a time. Consequently, their performance is severely limited by the lack of inter-person interactions in the spatial-temporal mesh recovery, as well as by detection and tracking defects. To address these challenges, we propose the Coordinate transFormer (Coord-Former) that directly models multi-person spatial-temporal relations and simultaneously performs multi-mesh recovery in an end-to-end manner Instead of partitioning the feature map into coarse-scale patch-wise tokens, CoordFormer leverages a novel Coordinate-Aware Attention to preserve pixel-level spatial-temporal coordinate information. Additionally, we propose a simple, yet effective Body Center Attention mechanism to fuse position information. Extensive experiments on the 3DPW dataset demonstrate that CoordFormer significantly improves the state-of-the-art, outperforming the previously best results by 4.2",2023-10,2026-08-10 12:59:46,2026-08-10 12:59:46,,8710-8719,,,,,,,,,,,,,,,,,,,,,,,,Heating systems; Measurement; Medical treatment; Representation learning; Solid modeling; Three-dimensional displays; Virtual reality,,,,,,,,,,,,,,,,,,,,,,,,,,,,,,,,,,,,,,,,,,,,,,,
7XVI5D2S,journalArticle,2020,"Ai, Lingyu; Jing, Changqiang; Chen, Yehcheng; Wu, Shenglan; Zhang, Tao",Maximum likelihood estimators for three-dimensional rigid body localization in internet of things environments,"IEEE access : practical innovations, open solutions",,2169-3536,10.1109/ACCESS.2020.3035850,,"Different from the conventional point source localization, rigid body localization (RBL) not only aims to estimate the position of the target but also to acquire the attitude information, which is also essential information in many Internet of Things (IoT) applications, such as the virtual reality systems, smart parking systems. This paper develops three maximum likelihood estimators (MLEs) for the RBL purpose in 3 dimensional space via a single base station. The MLEs are designed for the RBL framework, which adopts the direction of arrival (DoA) of the signal from a small scale wireless sensor network (SSWSN) mounted on the surface of the rigid target as measurement and can be realized by a single base station. The three MLEs respectively exploit the SSWSN topology information, the DoA measurement information only, as well as the equality constraint of the rotation matrix and the DoA measurement information. In addition, we implement the modified Guass-newton algorithm for the MLEs of the rotation matrix and the translation vector. Simulations show that the proposed MLE fusing the equality constraint of the rotation matrix and the DoA measurement information most approaches the Cramer-Rao Lower Bound and also outperforms the other two MLEs in terms of convergence success rate and the computational cost.",2020,2026-08-10 12:59:47,2026-08-10 12:59:47,,201458-201467,,,8,,IEEE Access,,,,,,,,,,,,,,,,,,,Antenna arrays; Base stations; convergence success rate; direction of arrival; Direction-of-arrival estimation; Internet of Things (IoT); Maximum likelihood estimation; maximum likelihood estimator; rigid body localization; Topology; Wireless communication; Wireless sensor networks,,,,,,,,,,,,,,,,,,,,,,,,,,,,,,,,,,,,,,,,,,,,,,,
HU8TAH39,conferencePaper,2017,"Deutsch, Judith; Guarrera-Bowlby, Phyllis; Kafri, Michal",Participation outcomes differed between video game-based balance training and standard of care training: Pilot clinical trial,2017 international conference on virtual rehabilitation (ICVR),,2331-9569,10.1109/ICVR.2017.8007544,,"Most virtual reality rehabilitation of balance and mobility studies about persons post-stoke report body function structure and activity level outcomes of the International Classification of Function. Only a few investigators have reported participation outcomes. Patient-centered approach to incorporating video games into the plan of care would require the use of participation outcomes. The purpose of this double-blind randomized controlled pilot study was to explore the use of the participation outcomes, both to customize the therapy for the participants and to measure patient-relevant outcomes. Methods: Persons in chronic phase post-stroke with residual balance and mobility deficits were randomized to a standard of care (SOC) or Video game-based balance group. An assessor blinded to group assignment measured the activity level measures of the Dynamic Gait Index and gait speed as well as the balance confidence (Activity Balance Confidence Scale: ABC) and participation using the Canadian Occupational Performance Measure (COPM). Therapy was provided for 12 one-hour sessions (3 times a week for 4 weeks). The sessions consisted of a warm-up, sitting balance, standing balance, and choice activities. The video game-based balance group used the Wii sports, Wii Fit, and Wii Active games. Data were analyzed using a 2 (group) × 3 (time) RM Anova with an alpha level set at .05 and adjusted for the time comparison. Emphasis of the analysis was on the within group comparison. Because it was a pilot study, the outcome variables were assessed for clinical meaningfulness with the MDC or MCID within groups. Results Participants in both groups improved their DGI score, the video-based group at follow up and the SOC group at both post and follow-up. Both groups improved their gait speed and retained it at follow-up. The SOC significantly increased the ABC at post but did not retain it at follow up. Both groups improved the beyond the MDC of 10 points on the ABC at follow-up. Both groups improved on COPM performance at post and follow up, both exceeded the MDC of 1.7 points. Only the SOC group had statistically significant clinically meaningful improvements for satisfaction on the COPM both at post and follow up. There were no between group differences for the variables. Conclusion Both groups improved in balance performance and self-efficacy as well as mobility and COPM performance Standard of care, which allowed for greater customization to their participation goals resulted in improvements on COPM satisfaction with participation goals, while the video game based group did not.",2017-06,2026-08-10 12:59:47,2026-08-10 12:59:47,,1-7,,,,,,,,,,,,,,,,,,,,,,,,Atmospheric measurements; balance; Games; Legged locomotion; Medical treatment; mobility; Particle measurements; self-efficacy; serious games; Standards; stroke; Training,,,,,,,,,,,,,,,,,,,,,,,,,,,,,,,,,,,,,,,,,,,,,,,
BVB5ST5M,journalArticle,2023,"Ogihara, Hiroyuki; Funato, Yuki; Oku, Hiromasa",Proposal for a distraction technique using two-screen projection for stress relief in children with medical complexity,"IEEE access : practical innovations, open solutions",,2169-3536,10.1109/ACCESS.2023.3316226,,"The aim of this paper is to investigate the potential of virtual reality images as a means of reducing pain and fear in children, through the use of projection technology. While body-worn immersive displays have been previously suggested for this purpose, head-mounted displays have been found to be unsuitable due to their lack of interactivity. To address this issue, we propose a simple and cost-effective two-screen projection system that can be installed in a hospital room without interfering with communication and without compromising the immersive experience. By projecting onto screens installed on the wall and floor, an immersive digital space can be created visually. Our experiments, in which we measured α -amylase activity in saliva, showed that the proposed two-screen projection significantly reduced stress levels in healthy adults when compared to one-screen projection. Additionally, we conducted an experiment using the KOKORO scale as a subjective measure, which revealed that children with medical complexity experienced a significant reduction in stress levels after viewing the two-screen projection compared to before viewing. These findings suggest that the proposed system could serve as an ideal distraction in pediatric nursing, thereby providing much-needed nursing support to children and their families.",2023,2026-08-10 12:59:47,2026-08-10 12:59:47,,105749-105760,,,11,,IEEE Access,,,,,,,,,,,,,,,,,,,children with medical complexity and pediatric nursing; distraction; Hospitals; Human factors; Immersive experience; Medical services; Pediatrics; Projection; Stress; Virtual reality; Visualization,,,,,,,,,,,,,,,,,,,,,,,,,,,,,,,,,,,,,,,,,,,,,,,
GXCHW4GJ,journalArticle,2025,"Wei, Tingting; Sukhbayar, Battsooj; Cao, Lei",Motion capture using GCN and multi-scale features in virtual human animation,"IEEE access : practical innovations, open solutions",,2169-3536,10.1109/ACCESS.2025.3641607,,"Motion capture technology in virtual human-driven animation has wide applications in film production, virtual reality, and other fields. However, traditional methods often suffer from significant errors in joint motion prediction and poor adaptability to complex scenarios, such as occlusion and fast motion. Therefore, this study proposes an animation motion capture model based on an optimized Graph Convolutional Network and Multi-Scale Feature fusion. By introducing a gated spatio-temporal convolution module and a hierarchical feature extraction mechanism, the model enhances perception and preservation of motion details. Experimental results show that the model achieves state-of-the-art performance on the FSG-Mocap and MSI-Mocap datasets, with joint position error as low as 13 ms per frame and velocity error of 2 ms per frame. The accuracy reaches 0.99 in occlusion scenarios and 0.98 for fast motion, while adaptation to different body shapes and clothing exceeds 0.9. Additionally, animation fidelity, semantic consistency, and overall quality all score above 4.8, significantly outperforming comparison models. These results demonstrate that the proposed model achieves excellent accuracy and applicability for virtual human motion capture, effectively addressing large motion prediction errors and weak generalization, offering new ideas for virtual human-driven technology and promoting intelligent and efficient development in animation production and virtual interaction.",2025,2026-08-10 12:59:47,2026-08-10 12:59:47,,208748-208762,,,13,,IEEE Access,,,,,,,,,,,,,,,,,,,Accuracy; Adaptation models; animation; Animation; Convolution; Dynamics; Feature extraction; graph convolutional network; Mathematical models; motion capture; Motion capture; multi-scale feature fusion; Solid modeling; Spatiotemporal phenomena; Virtual human-driven,,,,,,,,,,,,,,,,,,,,,,,,,,,,,,,,,,,,,,,,,,,,,,,
3VB36QVI,conferencePaper,2011,,[Title page],2011 world congress on information and communication technologies,,,10.1109/WICT.2011.6141190,,The following topics are dealt with: bioinformatics; computational biology; computer graphics; virtual reality; data mining; e-learning; e-business; e-goverment; artificial intelligence; Web services; semantic Web; grid computing; cloud computing; ambient intelligence; body sensor networks; computational finance; computational economics; cybercrime; computer network security; information security; academic integrity; plagiarism detection; software misuse; intrusion detection; forensics; large scale distributed system scheduling; educational technology; health technology; nature inspired optimization algorithm; and data management.,2011-12,2026-08-10 12:59:47,2026-08-10 12:59:47,,i-xxvii,,,,,,,,,,,,,,,,,,,,,,,,,,,,,,,,,,,,,,,,,,,,,,,,,,,,,,,,,,,,,,,,,,,,,,,
6FIUMDPM,journalArticle,2022,"Parger, Mathias; Tang, Chengcheng; Xu, Yuanlu; Twigg, Christopher D.; Tao, Lingling; Li, Yijing; Wang, Robert; Steinberger, Markus",UNOC: Understanding occlusion for embodied presence in virtual reality,IEEE Transactions on Visualization and Computer Graphics,,1941-0506,10.1109/TVCG.2021.3085407,,"Tracking body and hand motions in 3D space is essential for social and self-presence in augmented and virtual environments. Unlike the popular 3D pose estimation setting, the problem is often formulated as egocentric tracking based on embodied perception (e.g., egocentric cameras, handheld sensors). In this article, we propose a new data-driven framework for egocentric body tracking, targeting challenges of omnipresent occlusions in optimization-based methods (e.g., inverse kinematics solvers). We first collect a large-scale motion capture dataset with both body and finger motions using optical markers and inertial sensors. This dataset focuses on social scenarios and captures ground truth poses under self-occlusions and body-hand interactions. We then simulate the occlusion patterns in head-mounted camera views on the captured ground truth using a ray casting algorithm and learn a deep neural network to infer the occluded body parts. Our experiments show that our method is able to generate high-fidelity embodied poses by applying the proposed method to the task of real-time egocentric body tracking, finger motion synthesis, and 3-point inverse kinematics.",2022-12,2026-08-10 12:59:54,2026-08-10 12:59:54,,4240-4251,,12,28,,,,,,,,,,,,,,,,,,,,,body tracking; Cameras; embodied presence; Headphones; Kinematics; machine learning; Machine learning; Motion capture; Optical sensors; Three-dimensional displays; Tracking; Videos; virtual reality; Virtual reality,,,,,,,,,,,,,,,,,,,,,,,,,,,,,,,,,,,,,,,,,,,,,,,
RITIKRQQ,journalArticle,2026,"Hagimori, Daiki; Isoyama, Naoya; Perusquía-Hernández, Monica; Yoshimoto, Shunsuke; Uchiyama, Hideaki; Sakata, Nobuchika; Kiyokawa, Kiyoshi",Visual and somatosensory integration with higher sitting posture enhances the sense of standing and self-motion in seated VR,IEEE Transactions on Visualization and Computer Graphics,,1941-0506,10.1109/TVCG.2025.3640239,,"Users are often seated in the real environment, while their virtual avatars either remain standing stationary or move in virtual reality (VR). This creates posture inconsistencies between the real and virtual embodiment representations. The relationship between posture consistency in locomotion techniques and sense of presence in VR is still unclear. This study investigates how visual and somatosensory integration affects the sense of standing (SoSt) and the sense of self-motion (SoSm) when the sitting posture is varied slightly, including highlighting the importance of sitting posture for locomotion design in VR. The degree and occurrence of SoSt and SoSm were assessed by subjective experiments, and it was found that higher sitting and lower sitting postures present higher SoSt and lower SoSm, respectively. Invocation of SoSt also influences postural perception. Perception of travel distance varied according to the posture condition when identical visual flow was presented. The findings suggest that visual and somatosensory integration related to posture enhances SoSt and SoSm, and a sitting posture with a higher seating position is recommended in seated VR locomotion design.",2026-02,2026-08-10 12:59:54,2026-08-10 12:59:54,,1767-1779,,2,32,,,,,,,,,,,,,,,,,,,,,Atmospheric measurements; Cognitive processes; Estimation; Fatigue; Human computer interaction; Legged locomotion; Manuals; Optical flow; Particle measurements; perception of posture; Somatosensory; virtual reality; Visualization,,,,,,,,,,,,,,,,,,,,,,,,,,,,,,,,,,,,,,,,,,,,,,,
LCYTW4LZ,journalArticle,2006,"Demiralp, C.; Jackson, C.D.; Karelitz, D.B.; Zhang, S.; Laidlaw, D.H.",CAVE and fishtank virtual-reality displays: a qualitative and quantitative comparison,IEEE Transactions on Visualization and Computer Graphics,,1941-0506,10.1109/TVCG.2006.42,,"We present the results from a qualitative and quantitative user study comparing fishtank virtual-reality (VR) and CAVE displays. The results of the qualitative study show that users preferred the fishtank VR display to the CAVE system for our scientific visualization application because of perceived higher resolution, brightness and crispness of imagery, and comfort of use. The results of the quantitative study show that users performed an abstract visual search task significantly more quickly and more accurately on the fishtank VR display system than in the CAVE. The same study also showed that visual context had no significant effect on task performance for either of the platforms. We suggest that fishtank VR displays are more effective than CAVEs for applications in which the task occurs outside the user's reference frame, the user views and manipulates the virtual world from the outside in, and the size of the virtual object that the user interacts with is smaller than the user's body and fits into the fishtank VR display. The results of both studies support this proposition",2006-05,2026-08-10 12:59:54,2026-08-10 12:59:54,,323-330,,3,12,,,,,,,,,,,,,,,,,,,,,Brightness; CAVE; Diffusion tensor imaging; display; Displays; DT-MRI visualization.; fishtank VR; Head; Image resolution; Mice; Object detection; User study; virtual reality; Virtual reality; Visualization,,,,,,,,,,,,,,,,,,,,,,,,,,,,,,,,,,,,,,,,,,,,,,,
EP34A2NG,journalArticle,2020,"Friston, Sebastian",Low-latency rendering with dataflow architectures,IEEE Computer Graphics and Applications,,1558-1756,10.1109/MCG.2020.2980183,,"Recent years have seen a resurgence of virtual reality (VR), sparked by the repurposing of low-cost COTS components. VR aims to generate stimuli that appear to come from a source other than the interface through which they are delivered. The synthetic stimuli replace real-world stimuli, and transport the user to another, perhaps imaginary, “place.” To do this, we must overcome many challenges, often related to matching the synthetic stimuli to the expectations and behavior of the real world. One way in which the stimuli can fail is its latency–– the time between a user's action and the computer's response. We constructed a novel VR renderer, that optimized latency above all else. Our prototype allowed us to explore how latency affects human–computer interaction. We had to completely reconsider the interaction between time, space, and synchronization on displays and in the traditional graphics pipeline. Using a specialized architecture––dataflow computing––we combined consumer, industrial, and prototype components to create an integrated 1:1 room-scale VR system with a latency of under 3 ms. While this was prototype hardware, the considerations in achieving this performance inform the design of future VR pipelines, and our human factors studies have provided new and sometimes surprising contributions to the body of knowledge on latency in HCI.",2020-05,2026-08-10 12:59:54,2026-08-10 12:59:54,,94-104,,3,40,,,,,,,,,,,,,,,,,,,,,Computer architecture; Human computer interaction; Prototypes; Rendering (computer graphics); Virtual reality,,,,,,,,,,,,,,,,,,,,,,,,,,,,,,,,,,,,,,,,,,,,,,,
5LV5HUC6,conferencePaper,2013,"Zhao, Weiwei; Madhavan, Vis.",Realistic immersion of a user into humanoids of different sizes and proportions in lmmersive virtual reality,2013 IEEE virtual reality (VR),,2375-5334,10.1109/VR.2013.6549406,,"In immersive virtual reality simulations in which users are immersed into full body humanoids, it is typically the case that the humanoid size and proportions have to match those of the immersed user for the immersion to be realistic. However, a key aim of these simulations may be to study how users of different body sizes and proportions interact with the environment. We have developed a real time motion retargeting method by which users can be immersed into different humanoids and other kinematically similar avatars, and still experience a realistic feeling of immersion. A set of experiments aimed at studying the realism of the immersion indicate that users indeed experience a realistic sense of immersion into different humanoids.",2013-03,2026-08-10 12:59:54,2026-08-10 12:59:54,,149-150,,,,,,,,,,,,,,,,,,,,,,,,Anthropometry; Avatar; Ergonomics; Immersive virtual reality; Joints; Lifting equipment; Posture mapping; Sensors; Virtual environments,,,,,,,,,,,,,,,,,,,,,,,,,,,,,,,,,,,,,,,,,,,,,,,
P65W58U3,conferencePaper,2019,"Born, Felix; Abramowski, Sophie; Masuch, Maic","Exergaming in VR: The impact of immersive embodiment on motivation, performance, and perceived exertion",2019 11th international conference on virtual worlds and games for serious applications (VS-games),,2474-0489,10.1109/VS-Games.2019.8864579,,"Digital games which are controlled by physical movements - so-called exergames - have beneficial effects on the player's motivation to exercise. Since VR exergames can facilitate the potential impact on the player's motivation, we investigate the role of immersion and related constructs for a room-scale VR exergame. Thus, we developed four different versions of a digital exergame by manipulating the immersion (room-scale VR vs. common screen), perspective (first vs. third person) and tracking fidelity (HTC Vive Tracker vs. Microsoft Kinect). Our results of a study with 47 participants suggest that immersion and perspective in particular can significantly increase the player's presence, embodiment, motivation, and performance independent of the perceived exertion which was not affected by any condition. Our research gives novel insights which advantages modern room-scale VR systems can offer and how immersion influences the relationship between motivation, performance, and perceived exertion.",2019-09,2026-08-10 12:59:54,2026-08-10 12:59:54,,1-8,,,,,,,,,,,,,,,,,,,,,,,,embodiment; Entertainment industry; exergaming; Games; motivation; perceived exertion; Resists; Shape; Task analysis; Tracking; tracking fidelity; Virtual environments; virtual reality,,,,,,,,,,,,,,,,,,,,,,,,,,,,,,,,,,,,,,,,,,,,,,,
9YBYQGPP,conferencePaper,2025,"Kunitake, Yuto; Miyashita, Ku",The metaverse as a living space: a discussion of privacy protection issues considering media evolution,"2025 international conference on metaverse computing, networking and applications (MetaCom)",,,10.1109/MetaCom65502.2025.00007,,"This paper investigates the challenges of privacy protection in the metaverse, focusing on its role as a living space and the distinct characteristics of information flow in 3D virtual environments. As metaverse platforms increasingly facilitate everyday activities, the inherent spatial and visual dynamics of 3D environments give rise to novel privacy risks. For example, users may misinterpret the scope of their information disclosure due to visual cues such as avatar positioning and distance-based audio attenuation, leading to a ""false sense of security."" Through an extensive literature review, this study reveals a paradoxical trend: as media evolve from text-based to metaverse-based platforms and the breadth of captured information expands to include biometric data, users’ ""false sense of security"" and expectations for privacy also increase. This growing gap between user perception and technical reality heightens the risk of unintended information disclosure and underscores the need to rethink traditional privacy paradigms. To address these issues, the paper proposes the concept of ""individually optimized rulespaces""—a framework that tailors privacy rules to the specific characteristics of each virtual space and community. Furthermore, it argues that for this framework to be effective, the actual scope of information disclosure must be conveyed to users through an intuitive and visual User Interface/User Experience (UI/UX) design. This dual approach aims to align users' perceptions of privacy with the actual technical parameters governing information dissemination. While this paper presents a conceptual design philosophy, its primary goal is to provide a foundational framework for future implementation, thereby fostering a safer and more secure utilization of the metaverse as a living space.",2025-08,2026-08-10 12:59:54,2026-08-10 12:59:54,,1-6,,,,,,,,,,,,,,,,,,,,,,,,Living Space; Media; Metaverse; Philosophical considerations; Privacy; Privacy Protection; Protection; Security; Systematic literature review; Three-dimensional displays; User-generated content; User-Generated Content; Visualization,,,,,,,,,,,,,,,,,,,,,,,,,,,,,,,,,,,,,,,,,,,,,,,
WTYYX4T4,conferencePaper,2017,"Malleson, Charles; Kosek, Maggie; Klaudiny, Martin; Huerta, Ivan; Bazin, Jean-Charles; Sorkine-Hornung, Alexander; Mine, Mark; Mitchell, Kenny",Demonstration: Rapid one-shot acquisition of dynamic VR avatars,2017 IEEE virtual reality (VR),,2375-5334,10.1109/VR.2017.7892372,,"In this demonstration, we showcase a system for rapid acquisition of bespoke avatars for each participant (subject) in a social VR environment is presented. For each subject, the system automatically customizes a parametric avatar model to match the captured subject by adjusting its overall height, body and face shape parameters and generating a custom face texture.",2017-03,2026-08-10 12:59:54,2026-08-10 12:59:54,,447-448,,,,,,,,,,,,,,,,,,,,,,,,Animation; Avatars; Cameras; Capture; Face; Shape; Solid modeling; Three-dimensional displays; Virtual Reality,,,,,,,,,,,,,,,,,,,,,,,,,,,,,,,,,,,,,,,,,,,,,,,
EAB7JHJ4,journalArticle,2020,"Cha, Ho-Seung; Choi, Seong-Jun; Im, Chang-Hwan",Real-time recognition of facial expressions using facial electromyograms recorded around the eyes for social virtual reality applications,"IEEE access : practical innovations, open solutions",,2169-3536,10.1109/ACCESS.2020.2983608,,"Recent developments of social virtual reality (VR) services using avatars have increased the need for facial expression recognition (FER) technology. FER systems are generally implemented using optical cameras; however, the performance of these systems can be limited when users are wearing head-mounted displays (HMDs) as users' faces are largely covered by the HMDs. Facial electromyograms (fEMGs) that can be recorded around users' eyes can be potentially used for implementing FER systems for VR applications. However, this technology lacks practicality owing to the need for large-scale training datasets; furthermore, it is hampered by a relatively low performance. In this study, we proposed an fEMG-based FER system based on the Riemannian manifold-based approach to reduce the number of training datasets needed and enhance FER performance. Our experiments with 42 participants showed an average classification accuracy as high as 85.01",2020,2026-08-10 12:59:54,2026-08-10 12:59:54,,62065-62075,,,8,,IEEE Access,,,,,,,,,,,,,,,,,,,Cameras; Electrodes; Electromyography; Face recognition; facial electromyography; Facial expression recognition; human-machine interface; Real-time systems; Resists; riemannian manifolds; Training; virtual reality,,,,,,,,,,,,,,,,,,,,,,,,,,,,,,,,,,,,,,,,,,,,,,,
S4QJELHH,conferencePaper,2023,"Lu, Ziwen; Zhang, Jingyi; Shapiro, Kalila; Numan, Nels; Julier, Simon; Steed, Anthony",Reviving the euston arch: a mixed reality approach to cultural heritage tours,2023 IEEE international symposium on mixed and augmented reality adjunct (ISMAR-adjunct),,2771-1110,10.1109/ISMAR-Adjunct60411.2023.00181,,"Augmented Reality (AR) and Virtual Reality (VR) users have distinct capabilities and experiences during Extended Reality (XR) collaborations: while AR users benefit from real-time contextual information due to physical presence, VR users enjoy the flexibility to transition between locations rapidly, unconstrained by physical space.Our research aims to utilize these spatial differences to facilitate engaging, shared XR experiences. Using Google Geospatial Creator, we enable large-scale outdoor authoring and precise localization to create a unified environment. We integrated Ubiq to allow simultaneous voice communication, avatar-based interaction and shared object manipulation across platforms.We apply AR and VR technologies in cultural heritage exploration. We selected the Euston Arch as our case study due to its dramatic architectural transformations over time. We enriched the co-exploration experience by integrating historical photos, a 3D model of the Euston Arch, and immersive audio narratives into the shared AR/VR environment.",2023-10,2026-08-10 12:59:54,2026-08-10 12:59:54,,821-826,,,,,,,,,,,,,,,,,,,,,,,,Collaboration; Collaborative and social computing; Collaborative and social computing systems and tools; Human-centered computing [Human computer interaction (HCI)]; Interaction paradigms; Location awareness; Mixed reality; Mixed/augmented reality; Scalability; Social computing; Solid modeling; Three-dimensional displays,,,,,,,,,,,,,,,,,,,,,,,,,,,,,,,,,,,,,,,,,,,,,,,
ZGE8QY3S,conferencePaper,2025,"Mölder, Sebastian; Eichhorn, Christian; Papadopoulos, Theodoros; Plecher, David A.",Lights-out factories – hands-on control: Haptic teleoperation of a robotic arm through virtual reality,2025 IEEE international symposium on mixed and augmented reality adjunct (ISMAR-adjunct),,2771-1110,10.1109/ISMAR-Adjunct68609.2025.00147,,"This paper investigates the effects of visual and haptic feedback on perceived presence and embodiment in a Lights-out Factory (LoF) environment. LoF describes fully automated production settings without human operators, but to enable occasional human intervention, advanced solutions such as robotic arms controlled with Virtual Reality (VR) are proposed. The first user study examined haptic feedback influences on usability and efficiency in robotic teleoperation. Results show that haptic gloves (SenseGlove Nova 1) significantly influence user preferences and Task Completion Time (TCT) of a LoF User Interface (UI). While most of the 32 participants preferred the haptic glove, their 59",2025-10,2026-08-10 12:59:54,2026-08-10 12:59:54,,696-699,,,,,,,,,,,,,,,,,,,,,,,,Accuracy; Haptic Feedback; Haptic interfaces; Lights-out Factories; Manipulators; Manufacturing; Production facilities; Robot sensing systems; Robotic Teleoperation; Usability; User interfaces; User preference; Virtual Reality; Visualization; Visualization Techniques,,,,,,,,,,,,,,,,,,,,,,,,,,,,,,,,,,,,,,,,,,,,,,,
9IJERYZQ,conferencePaper,2025,"Akada, Hiroyasu; Wang, Jian; Golyanik, Vladislav; Theobalt, Christian",Bring your rear cameras for egocentric 3D human pose estimation,2025 IEEE/CVF international conference on computer vision (ICCV),,2380-7504,10.1109/ICCV51701.2025.00886,,"Egocentric 3D human pose estimation has been actively studied using cameras installed in front of a head-mounted device (HMD). While frontal placement is the optimal and the only option for some tasks, such as hand tracking, it remains unclear if the same holds for full-body tracking due to self-occlusion and limited field-of-view coverage. Notably, even the state-of-the-art methods often fail to estimate accurate 3D poses in many scenarios, such as when HMD users tilt their heads upward-a common motion in human activities. A key limitation of existing HMD designs is their neglect of the back of the body, despite its potential to provide crucial 3D reconstruction cues. Hence, this paper investigates the usefulness of rear cameras for full-body tracking. We also show that simply adding rear views to the frontal inputs is not optimal for existing methods due to their dependence on individual 2D joint detectors without effective multi-view integration. To address this issue, we propose a new transformer-based method that refines 2D joint heatmap estimation with multi-view information and heatmap uncertainty, thereby improving 3D pose tracking. Also, we introduce two new large-scale datasets, Ego4ViewSyn and Ego4View-RW, for a rear-view evaluation. Our experiments show that the new camera configurations with back views provide superior support for 3D pose tracking compared to only frontal placements. The proposed method achieves significant improvement over the current state of the art (>10% on MPJPE). The source code, trained models, and datasets are available on our project page11https://4dqv.mpi-inf.mpg.de/EgoRear/.",2025-10,2026-08-10 12:59:54,2026-08-10 12:59:54,,9497-9507,,,,,,,,,,,,,,,,,,,,,,,,Antennas; Avatars; egocentric 3d human pose estimation; Feeds; Graphical user interfaces; Location awareness; Pixel; Protocols; synthetic data; Ultra wideband technology; Video equipment; Videos,,,,,,,,,,,,,,,,,,,,,,,,,,,,,,,,,,,,,,,,,,,,,,,
RR4UZXLV,journalArticle,2024,"Pięta, Paweł; Jegierski, Hubert; Babiuch, Paweł; Jegierski, Maciej; Płaza, Mirosław; Łukawski, Grzegorz; Deniziak, Stanisław; Jasiński, Artur; Opałka, Jacek; Węgrzyn, Paweł; Igras-Cybulska, Magdalena; Łapczyński, Adrian",Automated classification of virtual reality user motions using a motion atlas and machine learning approach,"IEEE access : practical innovations, open solutions",,2169-3536,10.1109/ACCESS.2024.3424930,,"A novel motion atlas consisting of 56 different motions was constructed to meet needs of virtual reality (VR) video games. Within the atlas four motion categories were defined: head movements (HEAD), hand and arm movements (ARMS), whole body movements (BODY), and animations (ANIM). The data identifying the motion patterns were collected exclusively using VR system peripherals, namely goggles and controllers – for motion capture (MoCap) purposes, the HTC Vive Pro and Meta Quest 2 devices were used. By employing popular machine learning (ML) architectures, 300 motion recognition models were trained, and the most effective ones were selected. The study included classical algorithms such as k-nearest neighbors (kNN), logistic regression (LR), support vector machine (SVM), decision tree (DT), extra-trees classifier (Ensemble), random forests (RF), naive Bayes classifier (NB), and LightGBM (LGBM), which were selected based on literature review. Deep learning (DL) algorithms were also tested: convolutional neural network (CNN), transformer, and long-short-term memory (LSTM). Despite the significantly larger size of the motion atlas compared to other approaches and the limitation to naturally available data within VR systems, the best obtained CNN model achieved a weighted F-score of nearly 98",2024,2026-08-10 12:59:54,2026-08-10 12:59:54,,94584-94609,,,12,,IEEE Access,,,,,,,,,,,,,,,,,,,Accuracy; Action recognition; activity recognition; Activity recognition; Artificial intelligence; artificial intelligence (AI); classification; deep learning; Deep learning; Hidden Markov models; independent component analysis (ICA); machine learning; motion analysis; motion atlas; motion capture; motion recognition; Neural networks; neural networks (NNs); principal component analysis (PCA); sensors; Sensors; Three-dimensional displays; Training; user movement; video games; Video games; virtual reality,,,,,,,,,,,,,,,,,,,,,,,,,,,,,,,,,,,,,,,,,,,,,,,
6XBSZMEK,conferencePaper,2002,"Cho, Changseok; Yang, Huichul; Kim, G.J.; Han, S.H.",Body-based interfaces,Proceedings. Fourth IEEE international conference on multimodal interfaces,,,10.1109/ICMI.2002.1167040,,"This research explores different ways to use features of one's own body for interacting with computers. In the future, such ""body-based"" interfaces may be put into good use for wearable computing or virtual reality systems as part of a 3D multi-modal interface, freeing the user from holding interaction devices. We have identified four types of body-based interfaces: the Body-inspired-metaphor uses various parts of the body metaphorically for interaction; the Body-as-interaction-surface simply uses parts of the body as points of interaction; Mixed-mode mixes the former two; Object-mapping spatially maps the interaction object to the human body. These four body-based interfaces were applied to three different applications (and associated tasks) and were tested for their performance and utility. It was generally found that, while the body-inspired-metaphor produced the lowest error rate, it required a longer task completion time and caused more fatigue due to the longer hand moving distance. On the other hand, the body-as-interaction-surface was the fastest, but produced many more errors.",2002-10,2026-08-10 12:59:54,2026-08-10 12:59:54,,466-472,,,,,,,,,,,,,,,,,,,,,,,,Computer science; Error analysis; Eyes; Fatigue; Guidelines; Humans; Industrial engineering; Testing; Virtual reality; Wearable computers,,,,,,,,,,,,,,,,,,,,,,,,,,,,,,,,,,,,,,,,,,,,,,,
MKXM4FSY,journalArticle,2006,"Bailenson, Jeremy N; Yee, Nick; Merget, Dan; Schroeder, Ralph","The effect of behavioral realism and form realism of real-time avatar faces on verbal disclosure, nonverbal disclosure, emotion recognition, and copresence in dyadic interaction",Presence,,1054-7460,10.1162/pres.15.4.359,,"The realism of avatars in terms of behavior and form is critical to the development of collaborative virtual environments. In the study we utilized state of the art, real-time face tracking technology to track and render facial expressions unobtrusively in a desktop CVE. Participants in dyads interacted with each other via either a video-conference (high behavioral realism and high form realism), voice only (low behavioral realism and low form realism), or an “emotibox” that rendered the dimensions of facial expressions abstractly in terms of color, shape, and orientation on a rectangular polygon (high behavioral realism and low form realism). Verbal and non-verbal self-disclosure were lowest in the videoconference condition while self-reported copresence and success of transmission and identification of emotions were lowest in the emotibox condition. Previous work demonstrates that avatar realism increases copresence while decreasing self-disclosure. We discuss the possibility of a hybrid realism solution that maintains high copresence without lowering self-disclosure, and the benefits of such an avatar on applications such as distance learning and therapy.",2006-08,2026-08-10 12:59:54,2026-08-10 12:59:54,,359-372,,4,15,,,,,,,,,,,,,,,,,,,,,,,,,,,,,,,,,,,,,,,,,,,,,,,,,,,,,,,,,,,,,,,,,,,,
S6ZE8EPP,conferencePaper,2020,"Jurado, Israel Campero; Rodríguez Vargas, Ulises; Penaloza, Christian",AI-VR platform for hand rehabilitation,"2020 IEEE international conference on systems, man, and cybernetics (SMC)",,2577-1655,10.1109/SMC42975.2020.9283413,,"Fractures and injuries can happen anytime to any person. However, there are body parts such as the upper limbs that have a high recurrence of lesions such as Carpal Tunnel Syndrome (CTS), Scaphoid fracture and Trigger Finger (TF) which are more prevalent in young adult populations. The purpose of this work is to develop an AI-VR-based hand rehabilitation system with a quantitative objective scale that aims to optimize the rehabilitation of the patients. The system analyses muscle (EMG) signals using an AI algorithm to classify different rehabilitation movements and provides visual feedback through a Virtual Reality (VR) environment. Moreover, a tracking hand system was used to acquire the difference in degrees for each movement to keep track of the hand movement in order to provide a better measure of accuracy.",2020-10,2026-08-10 12:59:54,2026-08-10 12:59:54,,726-730,,,,,,,,,,,,,,,,,,,,,,,,Artificial Intelligence; Degrees Measure; Hand rehabilitation; Muscles; Sociology; Statistics; System analysis and design; Tracking; Virtual reality; Virtual Reality; Visualization,,,,,,,,,,,,,,,,,,,,,,,,,,,,,,,,,,,,,,,,,,,,,,,
7I7KFTPL,journalArticle,2022,"Zhu, Hao; Zuo, Xinxin; Yang, Haotian; Wang, Sen; Cao, Xun; Yang, Ruigang",Detailed avatar recovery from single image,IEEE Transactions on Pattern Analysis and Machine Intelligence,,1939-3539,10.1109/TPAMI.2021.3102128,,"This paper presents a novel framework to recover detailed avatar from a single image. It is a challenging task due to factors such as variations in human shapes, body poses, texture, and viewpoints. Prior methods typically attempt to recover the human body shape using a parametric-based template that lacks the surface details. As such resulting body shape appears to be without clothing. In this paper, we propose a novel learning-based framework that combines the robustness of the parametric model with the flexibility of free-form 3D deformation. We use the deep neural networks to refine the 3D shape in a Hierarchical Mesh Deformation (HMD) framework, utilizing the constraints from body joints, silhouettes, and per-pixel shading information. Our method can restore detailed human body shapes with complete textures beyond skinned models. Experiments demonstrate that our method has outperformed previous state-of-the-art approaches, achieving better accuracy in terms of both 2D IoU number and 3D metric distance.",2022-11,2026-08-10 12:59:55,2026-08-10 12:59:55,,7363-7379,,11,44,,,,,,,,,,,,,,,,,,,,,3D reconstruction; Avatars; Biological system modeling; deep neural network; Human avatar; Predictive models; Shape; Solid modeling; Strain; texture completion; Three-dimensional displays,,,,,,,,,,,,,,,,,,,,,,,,,,,,,,,,,,,,,,,,,,,,,,,
ZRCWI6L9,conferencePaper,2022,"Takazawa, Saki; Yasuda, Kazuhiro; Sabu, Rikushi; Kawaguchi, Shuntaro; Iwata, Hiroyasu",Development of a mixed reality rehabilitation system for real-life environment in stroke patients with unilateral spatial neglect,"2022 IEEE international conference on systems, man, and cybernetics (SMC)",,2577-1655,10.1109/SMC53654.2022.9945392,,"Unilateral spatial neglect (USN) is a higher cognitive dysfunction that can occur after a stroke. It is defined as an impairment in finding, reporting, reacting to, and directing to stimuli presented opposite to the damaged side of the brain. So far, we have developed an immersive virtual reality system that releases the attention biased to the non-neglected side and guides it to the neglected side to improve the symptoms of neglect. However, it improved neglect symptoms evaluated using a paper-and-pencil test on a desk (i.e., Behavioral Inattention Test), and it did not improve neglect in daily life evaluated using a standardized evaluation tool [i.e., Catherine Bergego Scale (CBS)], which is a rating index of neglect in actual daily life. Therefore, establishing a method for improving neglect in daily life is necessary. This study was designed to develop a platform for improving neglect in daily life as an initial investigation of rehabilitation methods for patients with USN. To improve neglect, the following three elements were derived from previous studies that should be included in rehabilitation: object search by moving around, reproduction of the complexity of daily life, and own body movement in the neglected side with visual confirmation. The patient moves around the room and visually explores and touches the objects presented in the mixed reality (MR) space. Using this system, we conducted a validity test on a patient with USN. The results showed that the patient improved from moderate to mild neglect in the CBS. Thus, the applicability of proposed MR system was suggested in terms of improving neglect in patients with USN in daily life environment.",2022-10,2026-08-10 12:59:55,2026-08-10 12:59:55,,3379-3383,,,,,,,,,,,,,,,,,,,,,,,,Complexity theory; daily life environment; mixed reality; Mixed reality; rehabilitation; Search problems; stroke; Stroke (medical condition); Training; unilateral spatial neglect; Virtual reality; Visualization,,,,,,,,,,,,,,,,,,,,,,,,,,,,,,,,,,,,,,,,,,,,,,,
3B69N4B7,conferencePaper,2025,"Bahrin, Abdul Syafiq; Sunar, Mohd Shahrizal; Latip, Hadafi Fitri Mohd",Design and evaluation of self-competition virtual reality cycling exergames,2025 international conference on ICT for smart society (ICISS),,,10.1109/ICISS66954.2025.11389222,,"This study evaluates the usability and user experience of a Virtual Reality (VR) cycling exergame that applies a self-competition mechanism at the intra-session level, differing from the session-based feedforward approaches commonly described in previous research. The exergame features a “Future Ghost” (FG), an avatar representing the player's best past performance with a fixed speed enhancement, to provide an immediate and personalized benchmark during exercise. Twenty-nine participants (22 males, 7 females; aged 21–34, mean age 22.55) took part in the evaluation. Data collection methods included semi-structured interviews, the System Usability Scale (SUS), and the Flow State Scale (FSS). Results showed high usability scores and positive user experiences, with participants reporting increased enjoyment, motivation, and a sense of challenge. These findings highlight the potential of incorporating intra-session FG mechanics into VR exergames to enhance engagement and promote physical activity.",2025-09,2026-08-10 12:59:55,2026-08-10 12:59:55,,1-6,,,,,,,,,,,,,,,,,,,,,,,,Aging; Avatars; Benchmark testing; Data collection; engagement; exergaming; Feedforward systems; gamification; Human computer interaction; human-computer interaction; Interviews; motivation; Usability; User experience,,,,,,,,,,,,,,,,,,,,,,,,,,,,,,,,,,,,,,,,,,,,,,,
KVEWY7AX,conferencePaper,2008,"Bark, Karlin; Wheeler, Jason W.; Premakumar, Sunthar; Cutkosky, Mark R.",Comparison of skin stretch and vibrotactile stimulation for feedback of proprioceptive information,2008 symposium on haptic interfaces for virtual environment and teleoperator systems,,2324-7355,10.1109/HAPTICS.2008.4479916,,"We present the results of experiments to compare vibration and skin stretch in a virtual proprioception task in which subjects used a force sensor to control the movement of a virtual arm. Pilot experiments pointed to the need to provide the arm with varying dynamics (like a real arm) and to scale the feedback from vibratory and skin stretch displays to demonstrate a clear improvement in the accuracy of movement. For the final experiments, ten subjects were first trained on the system with visual feedback and then tested with vibratory feedback, skin stretch feedback and no feedback. Both vibration and skin stretch improved the subjects' performance. For some subjects, a second no-feedback case showed improvement over the initial case, indicating learning; in other cases, the no-feedback performance deteriorated and subjects reported that they had become used to relying on feedback. Overall, skin stretch provided superior results, particularly when the virtual arm was in a low-inertia configuration and at low velocity. The results suggest that small skin-stretch devices could be worn on the body to provide useful proprioceptive information when interacting with virtual environments and in motion training for rehabilitation or sports.",2008-03,2026-08-10 12:59:55,2026-08-10 12:59:55,,71-78,,,,,,,,,,,,,,,,,,,,,,,,Actuators; Biomedical monitoring; Displays; Force control; Force feedback; H.1.2 [Models and Principles]: User/Machine Systems-Human information processing; H.5.2 [Information Interfaces and Presentation]: User Interfaces-Haptic I/O; Haptic interfaces; Neurofeedback; proprioception; Prosthetics; sensory substitution; Skin; skin stretch; vibration; Vibrations,,,,,,,,,,,,,,,,,,,,,,,,,,,,,,,,,,,,,,,,,,,,,,,
FLF9JF4Z,conferencePaper,2021,"Abrash, Michael","Creating the future: Augmented reality, the next human-machine interface",2021 IEEE international electron devices meeting (IEDM),,2156-017X,10.1109/IEDM19574.2021.9720526,,"XR, consisting of Virtual Reality (VR) and Augmented Reality (AR) together, will be the next general computing platform, dominating our relationship with the digital world for the next 50 years, much as personal computing has dominated the last 50. XR will be the way people work, play, and connect. VR headsets will create deeply immersive new experiences and will enable the richest Metaverse experiences. Always-available AR glasses will be with us when we're on the go, letting us act with extremely low latency and friction, allowing us to use virtual entities of all sorts to annotate our world, share with others, and communicate, and extending our perceptions, memory, and cognition with an Artificial Intelligence (AI) assistant that truly understands our context and our personal needs. Both will be centered around people rather than technology, allowing us to connect more strongly than ever before, and providing a contextually personalized interface that is far more intuitive and natural than anything that exists today. However, VR and particularly AR are at a very early stage, and need a great deal of innovation and development, across multiple technologies, before they can offer the level of performance that would cause billions of people to make XR a part of their everyday lives. Those technologies include optics, projectors, display systems, graphics, audio, hand tracking, eye tracking, face tracking, body tracking, world mapping and reconstruction, contextual understanding, sensors, interaction, and AI. VR headsets operate within tight power, weight, and thermal budgets, and AR glasses will need to operate within extraordinarily tight budgets; for AR glasses, the constraints include light weight, very low power, and all-day comfort and all-day operation in a socially acceptable form factor,. Breakthroughs are needed in every one of the areas listed above, and in almost every case, innovative, highly customized semiconductor technologies will be needed to achieve those breakthroughs. This will notably require new materials, miniaturization of the key components, and very-large-scale 3D heterogeneous integration of circuits and systems to create new functions. In addition, specialization at the level of architecture and domain-oriented accelerators, especially with respect to Machine Learning (ML), will be essential, and algorithm optimization will need to evolve in new directions. Finally, the challenges of AR can only be solved by true co-design of hardware and software; technology development will need to be driven from end to end, based on delivering important use cases with a full-system approach. This will create unforeseen opportunities and challenges for semiconductor technologies for decades to come.",2021-12,2026-08-10 12:59:55,2026-08-10 12:59:55,,1-11,,,,,,,,,,,,,,,,,,,,,,,,Glass; Headphones; Software algorithms; Technological innovation; Thermal factors; Thermal sensors; Three-dimensional displays,,,,,,,,,,,,,,,,,,,,,,,,,,,,,,,,,,,,,,,,,,,,,,,
NJTKIX5E,conferencePaper,2020,"Andersen, Daniel; Popescu, Voicu",AR interfaces for mid-air 6-DoF alignment: Ergonomics-aware design and evaluation,2020 IEEE international symposium on mixed and augmented reality (ISMAR),,1554-7868,10.1109/ISMAR50242.2020.00055,,"Aligning hand-held objects into mid-air positions and orientations is important for many applications. Task performance depends on speed and accuracy, and also on minimizing the user's physical exertion. Augmented reality head-mounted displays (AR HMDs) can guide users during mid-air alignments by tracking an object's pose and delivering visual instruction directly into the user's field of view (FoV). However, it is unclear which AR HMD interfaces are most effective for mid-air alignment guidance, and how the form factor of current AR HMD hardware (such as heaviness and low FoV) affects how users put themselves into tiring body poses during mid-air alignment. We defined a set of design requirements for mid-air alignment interfaces that target reduction of high-exertion body poses during alignment. We then designed, implemented, and tested several interfaces in a user study in which novice participants performed a sequence of mid-air alignments using each interface.Results show that interfaces that rely on visual guidance located near the hand-held object reduce acquisition times and translation errors, while interfaces that involve aiming at a faraway virtual object reduce rotation errors. Users tend to avoid focus shifts and to position the head and arms to maximize how much AR visualization is contained within a single FoV without moving the head. We found that changing the size of visual elements affected how far out the user extends the arm, which affects torque forces. We also found that dynamically adjusting where visual guidance is placed relative to the mid-air pose can help keep the head level during alignment, which is important for distributing the weight of the AR HMD.",2020-11,2026-08-10 12:59:55,2026-08-10 12:59:55,,289-300,,,,,,,,,,,,,,,,,,,,,,,,Augmented reality; Computing methodologies—Mixed / augmented reality; Hardware; Human-centered computing—User studies; Resists; Space exploration; Task analysis; Torque; Visualization,,,,,,,,,,,,,,,,,,,,,,,,,,,,,,,,,,,,,,,,,,,,,,,
7DW26WI8,conferencePaper,2025,"Giangualano, Antonella; Boffi, Paolo; Osimo, Sofia Adelaide; Yavari, Mona; Gabbiadini, Alessandro; Lanzi, Pier Luca; Gallace, Alberto",Embodiment in nature: How avatar choice shapes an underwater virtual reality experience,"2025 IEEE international conference on metrology for eXtended reality, artificial intelligence and neural engineering (MetroXRAINE)",,,10.1109/MetroXRAINE66377.2025.11340450,,"Immersive Virtual Reality (IVR) applications are increasingly used to foster environmental awareness and promote pro-environmental behaviors by reducing psychological distance and enhancing nature-connectedness. In this study, we investigated how different avatars, in an underwater educational IVR experience, influence users' Sense of Embodiment (SoE), measured through self-reported and physiological measures (Electrodermal Activity – EDA). Results showed that the Sense of Agency plays a key role in enhancing overall SoE, raising it when users embody an avatar capable of free movement and interaction. Conversely, restricted interactivity resulted in higher EDA, suggesting that this may be due to the frustration caused by the unmet desire to move and explore.",2025-10,2026-08-10 12:59:55,2026-08-10 12:59:55,,506-511,,,,,,,,,,,,,,,,,,,,,,,,Avatars; Climate change; Climate Change; Embodiment; Human-Computer Interaction; Immersive learning; Immersive Virtual Reality; Particle measurements; Physiological Measures; Physiology; Plastics; Psychology; Shape; Shape measurement; Solid modeling,,,,,,,,,,,,,,,,,,,,,,,,,,,,,,,,,,,,,,,,,,,,,,,
H27Q9KU5,conferencePaper,2024,"Xiaodan, Zhang",Research on the application of deep learning hierarchical perception technology in 3D clothing design,2024 asian conference on intelligent technologies (ACOIT),,,10.1109/ACOIT62457.2024.10940018,,"The main drawbacks of the previous tailor-made clothing method in the garment manufacturing industry are long production cycle, large measurement error and low output, which can no longer meet the needs of consumers for tailor-made large-scale clothing. With the rapid development of artificial intelligence, computer graphics, and virtual reality technology, the trend of digital clothing technology is idle 3D. In this paper, deep learning hierarchical perception technology is used to design 3D clothing, establish human feature recognition and 3D clothing digital modeling, use deep learning neural network model to identify 3D human body shape features, judge feature lines according to the set threshold, and obtain feature points according to the identified feature lines to fit the human dimension curve, so as to measure human body size. Realize 3D clothing design. By applying deep learning hierarchical perception technology, it can effectively improve the measurement accuracy of clothing size, reduce measurement errors, and achieve mass production.",2024-09,2026-08-10 12:59:55,2026-08-10 12:59:55,,1-4,,,,,,,,,,,,,,,,,,,,,,,,3D; Accuracy; Character recognition; Clothing; Computational modeling; Costume design; deep learning; Deep learning; hierarchical perception technology; Measurement errors; Size measurement; Solid modeling; Technological innovation; Three-dimensional displays,,,,,,,,,,,,,,,,,,,,,,,,,,,,,,,,,,,,,,,,,,,,,,,
ALYASWJI,conferencePaper,2023,"Rochow, Andre; Schwarz, Max; Behnke, Sven",Attention-based VR facial animation with visual mouth camera guidance for immersive telepresence avatars,2023 IEEE/RSJ international conference on intelligent robots and systems (IROS),,2153-0866,10.1109/IROS55552.2023.10342522,,"Facial animation in virtual reality environments is essential for applications that necessitate clear visibility of the user's face and the ability to convey emotional signals. In our scenario, we animate the face of an operator who controls a robotic Avatar system. The use of facial animation is particularly valuable when the perception of interacting with a specific individual, rather than just a robot, is intended. Purely keypoint-driven animation approaches struggle with the complexity of facial movements. We present a hybrid method that uses both keypoints and direct visual guidance from a mouth camera. Our method generalizes to unseen operators and requires only a quick enrolment step with capture of two short videos. Multiple source images are selected with the intention to cover different facial expressions. Given a mouth camera frame from the HMD, we dynamically construct the target keypoints and apply an attention mechanism to determine the importance of each source image. To resolve keypoint ambiguities and animate a broader range of mouth expressions, we propose to inject visual mouth camera information into the latent space. We enable training on large-scale speaking head datasets by simulating the mouth camera input with its perspective differences and facial deformations. Our method outperforms a baseline in quality, capability, and temporal consistency. In addition, we highlight how the facial animation contributed to our victory at the ANA Avatar XPRIZE Finals.",2023-10,2026-08-10 12:59:55,2026-08-10 12:59:55,,1276-1283,,,,,,,,,,,,,,,,,,,,,,,,Avatars; Cameras; Mouth; Telepresence; Tongue; Training; Visualization,,,,,,,,,,,,,,,,,,,,,,,,,,,,,,,,,,,,,,,,,,,,,,,
D259SRA4,conferencePaper,2025,"Ocampo, Natalia; Gonzalez, J. Felipe; Teather, Robert J.",Comparing hand and controller avatars with hand tracking and controller-based interaction,2025 IEEE international symposium on mixed and augmented reality (ISMAR),,2473-0726,10.1109/ISMAR67309.2025.00029,,"Previous research suggests that the congruency between common VR input devices - such as controllers or hand tracking - and their visual representations (e.g., hand or controller avatars) influences user experience and performance. However, the specific effects of input-avatar combinations remain underexplored. We study the effects of common input devices (hand tracking and controllers) and visual representations (hand and controller avatars) on performance and perceived success in target acquisition tasks. We included both grasping and pinching gestures across 16 combinations of input, avatar, and target size. Results indicate that hand tracking benefits from any form of visual representation-even when mismatched-achieving up to 5.8",2025-10,2026-08-10 12:59:55,2026-08-10 12:59:55,,164-174,,,,,,,,,,,,,,,,,,,,,,,,Accuracy; Avatar Representation; Avatars; Games; Gesture-Based Interaction; Grasping; Hand Tracking; Handheld Controllers; Hands; Input Device; Input devices; Performance evaluation; Target Acquisition; Target tracking; User experience; Virtual Reality (VR); Visualization,,,,,,,,,,,,,,,,,,,,,,,,,,,,,,,,,,,,,,,,,,,,,,,
JHRYETL7,journalArticle,2023,"Shitharth, S.; Yonbawi, Saud; Manoharan, Hariprasath; Alahmari, Sultan; Yafoz, Ayman; Mujlid, Hana",Physical stint virtual representation of biomedical signals with wireless sensors using swarm intelligence optimization algorithm,IEEE Sensors Journal,,1558-1748,10.1109/JSEN.2022.3233407,,"Many people in society are facing problems related to health care, and diseases in the body are unable to be identified even with the presence of sensing technologies. The major reason for such failures in the identification process is that no virtual technologies are identified in the market. Most healthcare solicitations aim to design a particular application that provides information only about sensing values and fails to recall the virtual representation of that represented values. Therefore, this article provides an integration platform that connects the sensing devices with virtual reality/audio reality (VR/AR) techniques, which are applied in real time for detecting the presence of infections inside the body. In addition, one type of swarm intelligent algorithm is implemented in the recognition procedure with a modified fitness function and it is termed fruit fly optimization (FFO). The process of FFO provides much low layer perception, thus enhancing the output for smooth operation. To examine the real-time conditions, the projected AR/VR procedure is applied with biomedical sensors where three different case studies are separated. From the comparative numerical results, it is pragmatic that the proposed method provides better numerical results with 65",2023-02,2026-08-10 12:59:55,2026-08-10 12:59:55,,3870-3877,,4,23,,,,,,,,,,,,,,,,,,,,,Biomedical sensors; Force; Intelligent sensors; Mathematical models; Medical services; Optimization; Real-time systems; sensing units; Sensor phenomena and characterization; swarm intelligence; virtual reality (VR),,,,,,,,,,,,,,,,,,,,,,,,,,,,,,,,,,,,,,,,,,,,,,,
7MVHBFAX,conferencePaper,2025,"Sundaram, Karthic; N, Maheswaran; S, Karthick; S, Vinu",AI-driven dress fitting system using deep learning and immersive technologies,2025 10th international conference on communication and electronics systems (ICCES),,,10.1109/ICCES67310.2025.11337100,,"The DeepFitAR, an AI-driven immersive dress fitting system that integrates deep learning and augmented/virtual reality technologies to enhance the online fashion retail experience. The objective is to overcome the limitations of traditional size charts and reduce product returns by accurately predicting whether a dress will fit a user without the need for physical trials. The proposed system is composed of three core subsystems: human body shape estimation, dress attribute prediction, and an immersive fit match decision engine. Convolutional Neural Networks (CNNs) are employed to extract body landmarks and construct feature vectors based on measurements such as height, chest, waist, and shoulder width. Simultaneously, dress attributes including color, size, and style are extracted and encoded from images and metadata. The fit decision engine evaluates the compatibility between body and garment vectors to classify fit as Best, Normal, or Worst. Comparative analysis with five existing virtual try-on models shows that DeepFitAR outperforms in terms of accuracy (92.6%), visual quality (SSIM 0.91), and user satisfaction (4.5/5), while maintaining low latency and error rates. These results confirm that DeepFitAR is an effective and usercentric solution for virtual apparel trials, offering significant improvements over existing systems in both performance and immersive experience.",2025-10,2026-08-10 12:59:55,2026-08-10 12:59:55,,1011-1016,,,,,,,,,,,,,,,,,,,,,,,,Accuracy; Body Shape Estimation; Deep learning; Deep Learning; Dress Fit Prediction; Engines; Estimation; Feature extraction; Fitting; Immersive Technologies; Reliability; Shape; Vectors; Visualization,,,,,,,,,,,,,,,,,,,,,,,,,,,,,,,,,,,,,,,,,,,,,,,
LDW7F3L7,conferencePaper,2024,"Litaker, Harry L.; Vos, Gordon A.; Liberman, Asher P.; Bingham, Lee K.; Jones, Vanessa L.; Gelo, Terence J.; Cramer, Mark O.; Scharunovych, Nadia; Frangoudis, Athena A.; Royer, Jeffrey M.",Developing a motion-based system for lunar vehicle handling qualities testing,2024 IEEE aerospace conference,,1095-323X,10.1109/AERO58975.2024.10521283,,"Motion and visual cue influences are critical in any simulator system, as they impact multiple aspects of the human’s neurovestibular and visual systems. Cues of real motion proceeds to the brain before cues of visual change. It is important therefore for simulator motion cues to exist and to match those realistically with those of the real vehicle to provide transferable training of the activity for operations. The United Kingdom’s Royal Air Force Institute of Aviation Medicine (1989)[1] stated that motion platforms are the only simulation devices capable of fully stimulating the body motion sensors. They confirmed that motion platforms can impart accelerations to the whole body and therefore exercise the automatic motion feedback-loop that operators are used to. With both visual and motion cues handling the vehicle becomes more realistic. Strachan (2019)[1] confirms motion cueing from a well set-up motion platform has been found to be important especially in conditions such as night or reduced visibility where motion cues may be more relied upon. As of this writing, the only lunar rover motion simulator is housed at the General Motors (GM) Milford Proving Ground, which only simulates the motions of a traditional car. A NASA Test Team proposed to complete a motion-based simulation system for NASA’s Lunar Terrain Vehicle (LTV) which resides at Johnson Space Center’s Systems Engineering Simulator facility. This activity integrated existing fixed base simulation capabilities with a newly procured six-degree of freedom motion base platform for the design, development, evaluation, and training associated with the LTV project. This would incorporate a South Pole Lunar virtual reality simulation using Lunar Reconnaissance Orbiter 5m/pixel high-resolution imagery and Unreal 5.2 Virtual Shadow Maps, combined with a virtual reality (VR) headset, integrated within a rover cockpit on a Mikrolar Motion Platform for evaluating human performance and vehicle handling qualities for concept roving vehicle designs. The motion-based system received its Human Rating Certification on March 2023. To begin testing the new facility, a preliminary handling qualities study was conducted. The objectives were to determine if there is a correlation amongst three handling quality methods of performance for a lunar vehicle and to understand the effects of a simulated 1/6-g loads and visuals with a motion platform on the operator while in a 1-g physical environment. The capability this system provides directly benefits the NASA’s Extravehicular Activity and Human Surface Mobility Program and NASA’s Flight Operations Directorate in evaluating the driving qualities of vehicle concepts, human performance related to the operating of a lunar surface vehicle, and assessment of suit related driving impacts. It would also provide direct operational benefit by providing a first-in-class and unique simulation platform for the lunar astronaut training curriculum. The empirical knowledge of rover and human performance on this scale is paramount as there is currently no other lunar surface simulator with these capabilities. The result of this study ensures a broadly applicable method of testing for shirtsleeve, unpressurized and pressurized suited rover handling qualities.",2024-03,2026-08-10 12:59:55,2026-08-10 12:59:55,,1-22,,,,,,,,,,,,,,,,,,,,,,,,Correlation; Headphones; Industries; Moon; Space vehicles; Tracking; Visualization,,,,,,,,,,,,,,,,,,,,,,,,,,,,,,,,,,,,,,,,,,,,,,,
GPHV6KW3,journalArticle,2026,"Wang, Zan; Li, Anqi; Li, Yixuan; Liang, Wei; Ning, Bing",What you see is what you wear: Crafting garments for diverse avatars with consistent wearing effects,IEEE Transactions on Visualization and Computer Graphics,,1941-0506,10.1109/TVCG.2026.3680706,,"In immersive VR applications, avatars shape users' identities and social presence. Personalization requires generating realistic outfits for avatars, often specified through a single reference image, while supporting seamless editing, adaptation to diverse avatars, and efficient rendering. Achieving these goals is challenging because VR avatars, even humanoid ones, exhibit substantial variations in body shapes and topologies. This inherent diversity makes it difficult to collect sufficient paired data, impeding the evolution of generalizable end-to-end image-to-garment models. To this end, we propose Tailor, a two-stage framework that dresses 3D humanoid avatars from a single reference image while preserving the wearing effects observed in the image. In the first stage, Tailor leverages a structured garment representation based on sewing patterns, enabling the network to predict garments in a low-dimensional, interpretable, and topology-independent space. In the second stage, Tailor performs instance-specific optimization to adapt the predicted sewing pattern to the avatar, ensuring consistent wearing effects across varying avatars. Furthermore, this framework also enables seamless garment editing, on-the-fly adaptation, and real-time rendering, making it particularly suitable for large-scale VR environments. Extensive experiments demonstrate that Tailor achieves results comparable to professional manual designs and produces garments that are both visually appealing and better aligned with reference styles than those generated by naive pattern-scaling baselines, as validated through human perceptual studies.",2026-05,2026-08-10 12:59:55,2026-08-10 12:59:55,,4408-4418,,5,32,,,,,,,,,,,,,,,,,,,,,Amplitude modulation; Amplitude shift keying; Anisotropic; Avatars; Digital Garment; Electronic mail; Filters; Graphical user interfaces; Internet; Passive optical networks; Sewing Pattern; Videos; Virtual Avatar,,,,,,,,,,,,,,,,,,,,,,,,,,,,,,,,,,,,,,,,,,,,,,,
EH47SEIJ,conferencePaper,2005,"Su, T.S.; Sung, W.H.; Jiang, C.F.; Sun, S.P.; Wu, C.J.",The development of a VR-based treatment planning system for oncology,2005 IEEE engineering in medicine and biology 27th annual conference,,1558-4615,10.1109/IEMBS.2005.1615886,,"In this study, an oncology treatment planning system was developed by integrating the techniques of computer graphics, virtual reality (VR) and three dimensional (3D) image reconstruction. The virtual treatment room was constructed according to the real space, and the 3D data of patient's body was reconstructed from computer tomography (CT) slices in order to provide the 3D clinical information to compare with the therapy in real world. In addition, the virtual multi-leaf collimator (MLC) was constructed to simulate and visualize both the radiation and irradiation fields. All objects in the system had been scaled down according to the true size. The system can be expected to save the preparation time and can be used for teaching and training prior to a real therapy.",2005-01,2026-08-10 12:59:55,2026-08-10 12:59:55,,6104-6107,,,,,,,,,,,,,,,,,,,,,,,,Clinical diagnosis; Collimators; Computational modeling; Computed tomography; Computer graphics; Data visualization; Image reconstruction; Medical treatment; Oncology; oncology treatment planning; virtual reality; Virtual reality,,,,,,,,,,,,,,,,,,,,,,,,,,,,,,,,,,,,,,,,,,,,,,,
XFSFYV23,conferencePaper,2025,"Sebastião, José A.; Figueiredo, Lucas S.",NeoEduc: a synchronous AI-driven 3D avatar tutor for middle-school robotics,2025 27th symposium on virtual and augmented reality (SVR),,2833-0609,10.1109/SVR67689.2025.00039,,"Traditional education, particularly in hands-on subjects like robotics, often struggles to provide personalized, real-time student support due to teacher time constraints and students’ reluctance to seek help in a public setting. This paper introduces NeoEduc, an AI-driven tutoring platform that presents a 3D avatar for conversational guidance in a virtual robotics lab, allowing middle-school students to interact via voice or text and receive adaptive feedback tailored to their performance history. The solution integrates an adaptive large language model (LLM) back-end to offer scalable, engaging, and private pedagogical support. We evaluated the platform with middle school students (N =20) in a robotics learning environment, using standard usability and user experience questionnaires (SUS, UEQ-S, NPS), as well as qualitative analysis of interviews and observations. The results demonstrate high usability (mean SUS score of 78.0) and user satisfaction (NPS of +75). Qualitative findings revealed increases in student engagement and autonomy, a potential reduction in teacher workload, and a notable acceleration of task completion, particularly in a comparative experiment where the NeoEduc groups significantly outperformed the control groups. NeoEduc presents a framework for creating educational experiences that leverage AI and virtual environments. The system’s ability to be configured by teachers towards ethical and pedagogically aligned posture highlights its potential to scale adaptive and immersive learning while mitigating social pressures in the classroom.",2025-09,2026-08-10 12:59:55,2026-08-10 12:59:55,,222-231,,,,,,,,,,,,,,,,,,,,,,,,Adaptive systems; Avatars; Education; Intelligent tutoring; Interviews; large language models; Large language models; Navigation; robotics education; Robots; Three-dimensional displays; Usability; User experience; virtual avatars,,,,,,,,,,,,,,,,,,,,,,,,,,,,,,,,,,,,,,,,,,,,,,,
9D5UIRKN,journalArticle,2018,"Lynch, Sean Dean; Kulpa, Richard; Meerhoff, Laurentius Antonius; Pettré, Julien; Crétual, Armel; Olivier, Anne-Hélène",Collision avoidance behavior between walkers: Global and local motion cues,IEEE Transactions on Visualization and Computer Graphics,,1941-0506,10.1109/TVCG.2017.2718514,,"Daily activities require agents to interact with each other, such as during collision avoidance. The nature of visual information that is used for a collision free interaction requires further understanding. We aim to manipulate the nature of visual information in two forms, global and local information appearances. Sixteen healthy participants navigated towards a target in an immersive computer-assisted virtual environment (CAVE) using a joystick. A moving passive obstacle crossed the participant's trajectory perpendicularly at various pre-defined risks of collision distances. The obstacle was presented with one of five virtual appearances, associated to global motion cues (i.e., a cylinder or a sphere), or local motion cues (i.e., only the legs or the trunk). A full body virtual walker, showing both local and global motion cues, used as a reference condition. The final crossing distance was affected by the global motion appearances, however, appearance had no qualitative effect on motion adaptations. These findings contribute towards further understanding what information people use when interacting with others.",2018-07,2026-08-10 12:59:55,2026-08-10 12:59:55,,2078-2088,,7,24,,,,,,,,,,,,,,,,,,,,,Apertures; collision avoidance; Collision avoidance; interaction; Legged locomotion; Locomotion; motion perception; Trajectory; Virtual environments; virtual reality; Visualization,,,,,,,,,,,,,,,,,,,,,,,,,,,,,,,,,,,,,,,,,,,,,,,
4Z4RY9G7,journalArticle,2022,"Gu, Dongjun; Yun, Youngsik; Tuan, Thai Thanh; Ahn, Heejune",Dense-Pose2SMPL: 3D human body shape estimation from a single and multiple images and its performance study,"IEEE access : practical innovations, open solutions",,2169-3536,10.1109/ACCESS.2022.3191644,,"The shape and pose estimation of a human body are essential for human behavior analysis, sports and medical analysis, and virtual reality. Although 2D image data are much easier to acquire than 3D scan data, the estimation accuracy using 2D images is still far below the 3D scanning methods’ ones. In this paper, we propose a 2D image-based human body estimation method appropriate for body shape and size measurement. The proposed method uses SMPL (Skinned Multi-Person Linear model), a human body model, and rich correspondences of Dense-Pose network so named Dense-Pose2SMPL, which estimates the SMPL parameters estimation by minimizing the re-projection error of the correspondences between the pixels in the human image and 3D surface points in SMPL. The previous SMPL parameter estimation methods use the sparse joint correspondence so that they show very limited performance in shape estimation. We compare the body measurement accuracy of Dense-Pose2SMPL with a single human image with SMPLify, a joint-based estimation method, and DecoMR, a Dense-Pose-based neural network regression method. The experiments results show a dramatic improvement of Dense-Pose2SMP over SMPLify and DecoMR. In the circumference estimation error, over 30 percent decrease for the overweight and underweight and 10 to 20 percent decrease on average. We also provide an analysis of the effects of the input conditions: the subject’s BMI level, pose, clothing style, and camera viewpoint. A-pose, side (profile) camera views and minimal and tight clothing style show higher accuracy than other conditions. Finally, the extension with multiple (two) images can give around 15 percent more improvement in body size estimation accuracy over the single image-based method.",2022,2026-08-10 12:59:55,2026-08-10 12:59:55,,75859-75871,,,10,,IEEE Access,,,,,,,,,,,,,,,,,,,Biological system modeling; Cameras; Clothing; Dense-Pose; Estimation; Human body measurement; human body model; Open-Pose; optimization methods; Shape; shape and pose; SMPL; Solid modeling; Three-dimensional displays,,,,,,,,,,,,,,,,,,,,,,,,,,,,,,,,,,,,,,,,,,,,,,,
43SM8ITX,journalArticle,2012,"Tong, Jing; Zhou, Jin; Liu, Ligang; Pan, Zhigeng; Yan, Hao",Scanning 3D full human bodies using kinects,IEEE Transactions on Visualization and Computer Graphics,,1941-0506,10.1109/TVCG.2012.56,,"Depth camera such as Microsoft Kinect, is much cheaper than conventional 3D scanning devices, and thus it can be acquired for everyday users easily. However, the depth data captured by Kinect over a certain distance is of extreme low quality. In this paper, we present a novel scanning system for capturing 3D full human body models by using multiple Kinects. To avoid the interference phenomena, we use two Kinects to capture the upper part and lower part of a human body respectively without overlapping region. A third Kinect is used to capture the middle part of the human body from the opposite direction. We propose a practical approach for registering the various body parts of different views under non–rigid deformation. First, a rough mesh template is constructed and used to deform successive frames pairwisely. Second, global alignment is performed to distribute errors in the deformation space, which can solve the loop closure problem efficiently. Misalignment caused by complex occlusion can also be handled reasonably by our global alignment algorithm. The experimental results have shown the efficiency and applicability of our system. Our system obtains impressive results in a few minutes with low price devices, thus is practically useful for generating personalized avatars for everyday users. Our system has been used for 3D human animation and virtual try on, and can further facilitate a range of home–oriented virtual reality (VR) applications.",2012-04,2026-08-10 12:59:55,2026-08-10 12:59:55,,643-650,,4,18,,,,,,,,,,,,,,,,,,,,,3D Body Scanning; Biological system modeling; Computational modeling; Geometry; global non-igid registration; Humans; Image reconstruction; Microsoft Kinect; Shape; Three dimensional displays,,,,,,,,,,,,,,,,,,,,,,,,,,,,,,,,,,,,,,,,,,,,,,,
459VPIQR,journalArticle,2025,"Smekal, Vojtěch; Hecquard, Jeanne; Kühne, Sophie; Occidental, Nicole; Lécuyer, Anatole; Macé, Marc; de Gelder, Beatrice",Influence of haptic feedback on perception of threat and peripersonal space in social VR,IEEE Transactions on Visualization and Computer Graphics,,1941-0506,10.1109/TVCG.2025.3549884,,"Humans experience social interactions partly through nonverbal communication, including proxemic behaviors and haptic sensations. Body language, facial expressions, personal spaces, and social touch are multiple factors influencing how a stranger's approach is experienced. Furthermore, the rise of virtual social platforms raises concerns about virtual harassment and the perception of personal space in VR: harassment is felt much more strongly in virtual spaces, and the psychological effects can be just as severe. While most virtual platforms have a ‘personal bubble’ feature that keeps strangers at a distance, it does not seem to suffice: personal space violations seem influenced by more than simply distance. With this paper, we aim to further clarify the variability of personal spaces. We focus on haptic stimulation, elaborating our hypotheses on the relationship between social touch and the perception of personal spaces. Users wore a haptic compression belt and were immersed in a virtual dark alley. Virtual agents approached them while exhibiting either neutral or threatening body language. In half of all trials, as the agent advanced, the compression belt tightened around the users' torsos with three different pressures. Participants could press a response button when uncomfortable with the agent's proximity. Peripersonal space violations occurred 31",2025-05,2026-08-10 12:59:55,2026-08-10 12:59:55,,2986-2994,,5,31,,,,,,,,,,,,,,,,,,,,,Aerospace electronics; Affective haptics; Avatars; Belts; Electroencephalography; Haptic interfaces; Peripersonal space; Pressing; Psychology; Social VR; Tactile sensors; Threat perception; Torso; Training; Virtual agents,,,,,,,,,,,,,,,,,,,,,,,,,,,,,,,,,,,,,,,,,,,,,,,
QZZKK6KQ,conferencePaper,2025,"Oka, Yuta; Nakasho, Kazuhisa",VR-based full-body motion learning support system with individual difference compensation,"2025 25th international conference on control, automation and systems (ICCAS)",,2642-3901,10.23919/ICCAS66577.2025.11301222,,"This study develops a VR-based full-body motion learning support system that accounts for individual physical differences. By combining motion capture technology with virtual reality, the system aims to provide real-time consistency evaluation of movements and intuitive visual feedback. Specifically, we introduce full-body motion reproduction using a small number of trackers, real-time processing of 3D data, and an algorithm to compensate for individual body dimension differences. This enables personalized motion evaluation tailored to each learner's characteristics. Conventional systems have faced challenges where variations in body size and flexibility influenced motion assessment. Our system, however, is designed to apply corrections according to the characteristics of the learner, thereby achieving fair and highly accurate evaluations. This system is expected to be applied in a wide range of fields, including sports training, dance education, and rehabilitation.",2025-11,2026-08-10 12:59:56,2026-08-10 12:59:56,,1129-1134,,,,,,,,,,,,,,,,,,,,,,,,consistency evaluation; Control systems; Humanities; motion capture; Motion capture; motion learning; physical difference compensation; Real-time systems; Sports; Three-dimensional displays; Tracking; Training; Virtual reality; Visualization; VR,,,,,,,,,,,,,,,,,,,,,,,,,,,,,,,,,,,,,,,,,,,,,,,
FTLFMMAJ,conferencePaper,2025,"Fujita, Hikaru; Hosoi, Juro; Ban, Yuki; Warisawa, Shin’Ichi",Presenting tingling aftereffects using vibro-thermal feedback to enhance impact sensation in virtual reality,2025 IEEE conference virtual reality and 3D user interfaces (VR),,2642-5254,10.1109/VR59515.2025.00074,,"Impact sensation is vital for achieving high realism and immersion in virtual reality (VR) applications such as sports games. There has been substantial research focusing on the moment of impact, using methods like electrical muscle stimulation (EMS) and vibrotactile feedback. However, the size and complexity of these devices, along with concerns for user safety, limit their effectiveness in producing strong impact sensations. Additionally, less attention has been given to sensations experienced after a strong impact, like the tingling that follows a collision. This research focuses on an overlooked area: the aftereffects that emerge within the body following a physical impact. It specifically examines the tingling sensation that occurs after a strong hit, using a VR baseball bat-like device designed to deliver impulsive force, vibrotactile, and thermal feedback to the user’s hand. We conducted a user study (18 male, 6 female participants) to assess how these types of feedback affect the realism and intensity of impact sensations, as well as the tingling sensation perceived by users. The results revealed that both vibrotactile and thermal feedback as aftereffects significantly enhanced the impact sensation, confirming their ability to induce tingling sensations. Additionally, high-frequency vibrotactile stimuli particularly enhanced the tingling sensation and realism of impact. Although the sample had a gender imbalance, these findings highlight the potential for incorporating aftereffects feedback in VR systems to enhance impact sensations for entertainment and safety education purposes.",2025-03,2026-08-10 12:59:56,2026-08-10 12:59:56,,505-515,,,,,,,,,,,,,,,,,,,,,,,,aftereffect; Force; Haptic interfaces; Haptics; impact; Muscles; Safety; Sports; thermal feedback; Thermal force; Three-dimensional displays; User interfaces; vibration; Vibrations; virtual reality; Virtual reality,,,,,,,,,,,,,,,,,,,,,,,,,,,,,,,,,,,,,,,,,,,,,,,
9ZEGWCPG,conferencePaper,2025,"Natteshan, N.V.S.; Sabri, Mohammad Omar; Satyanarayana, Telugu; Babu, M. Ashok; Karthikeyan, G.; Balasubramaniyan, R.",Innovative big data analytics - enabled virtual reality learning systems: Personalized adaptive courses based on analytics of student progress and conduct,2025 5th asian conference on innovation in technology (ASIANCON),,,10.1109/ASIANCON66527.2025.11281376,,"The fast development of educational technologies drives the spread of immersive and personalized learning spaces. Among them, Virtual Reality (VR) - based learning systems have been one of the most interactive and attractive learning methodologies for students. Yet, most had the limitation of trying to cater for individual learners profiles but struggling to some degree to do that. In here, the authors propose a new framework by fusing Big Data Analytics and VRLS, thus allowing for the dynamical adaption of the course material following the real-time assessment of the student progress and behavior. Our proposed framework integrates these captured data as well as real-time data obtained from student interactions in the VR environment such as duration, errors, eye gaze, body posture and frequency of interaction. This data is analyzed using sophisticated analytics pipelines such as predictive modelling, clustering and deep learning-based behavior interpretation to form individual learner profiles. These profiles drive adaptive delivery of the course content, so that each student gets a customized learning experience that gets updated as they make progress and master skills. The system also incorporates a feedback-based reinforcement module to take into account recalibration of difficulty levels, learning tempos and types of resources (visual, auditory, kinesthetic) according to cognitive load and the participant engagement. Experimental testing on a pilot pool of secondary science students showed increased knowledge retention (24",2025-08,2026-08-10 12:59:56,2026-08-10 12:59:56,,1-6,,,,,,,,,,,,,,,,,,,,,,,,Adaptation models; Adaptive learning; Adaptive Learning; Analytical models; Big Data; Big Data Analytics; Biomedical monitoring; Data models; Educational technology; Intelligent Tutoring; Personalized Education; Real-time systems; Solid modeling; Student Behavior Analysis; Virtual Reality Learning Systems; Visualization,,,,,,,,,,,,,,,,,,,,,,,,,,,,,,,,,,,,,,,,,,,,,,,
46IX5PN6,conferencePaper,2019,"Yeh, Shih-Ching; Lee, Si-Huei; Chan, Rai-Chi; Chen, Shuya",A kinect-based system for stroke rehabilitation,2019 twelfth international conference on ubi-media computing (ubi-media),,,10.1109/Ubi-Media.2019.00045,,"Virtual reality (VR)-based stroke rehabilitation has been shown to be effective in increasing motivation and functional performance in stroke patients. The new motion-sensing technology, Kinect, is cost effective and does not require the patient to wear sensors on the body, which increases freedom of movement. The objective of this study was to use Kinect technology to develop a VR stroke rehabilitation system with unilateral and bilateral tasks for recovering the function of the upper extremity. This study tested the feasibility, therapeutic effectiveness, and user acceptance of this technology. Two participants with various levels of motor severity received 30-minute stroke rehabilitation 3 times per week over 8 weeks (a total 24 training sessions). The Wolf Motor Function Test (WMFT), Test Évaluant la performance des Membres supérieurs des Personnes Âgées (TEMPA), and Fugl-Meyer Assessment of Physical Performance (FMA) were used to collect data before and after rehabilitation, and during a follow-up to detect the changes of functional performance. Questionnaires of user acceptance of the technology were administered. On completion of the rehabilitation program, using the proposed Kinect-based VR training system, WMFT, TEMPA, and FMA results increased for both participants. The technology acceptance questionnaires indicated that participants had strong intentions to continue using the proposed system for rehabilitation. We developed the first Kinect-based stroke rehabilitation for the upper extremity, and demonstrated its feasibility and effectiveness in improving upper extremity function after a stroke. A large-scale study should be conducted to test the effectiveness of the proposed system for stroke rehabilitation.",2019-08,2026-08-10 12:59:56,2026-08-10 12:59:56,,192-198,,,,,,,,,,,,,,,,,,,,,,,,Atmospheric measurements; effectiveness; Extremities; Medical treatment; Stroke; Stroke (medical condition); Task analysis; Three-dimensional displays; Training; upper extremity; virtual-reality therapy,,,,,,,,,,,,,,,,,,,,,,,,,,,,,,,,,,,,,,,,,,,,,,,
PNTDCU3M,conferencePaper,2025,"Alyousify, Ahmed; Gilányi, Attila; Bucsku, Mária; Molnár, Judit; Veres-Balajti, Ilona",Counter-posture training in virtual reality: a novel approach to workplace injury prevention,2025 IEEE 16th international conference on cognitive infocommunications (CogInfoCom),,2473-5671,10.1109/CogInfoCom66819.2025.11200180,,"This paper introduces a novel Virtual Reality based counterposture training application designed to address the prevalent issue of workplace Repetitive Strain Injuries (RSIs), with a specific focus on the upper body. Traditional methods for RSI prevention through counter posture training often face challenges related to user engagement, personalization, and accessibility. To overcome these limitations, the proposed system leverages the immersive and interactive capabilities of VR technology, utilizing the Meta Quest 2 headsets and Unity 3D game engine. The application features a variety of exercise modules, each targeting different muscle groups and movement patterns to counteract harmful workplace postures. Core design principles emphasize RSI mitigation, active physical interaction, rich sensory feedback, and structured goals to enhance user experience and effectiveness. Potential benefits of this VR approach include increased user engagement and motivation, improved adherence to exercise routines, the ability to offer personalized and adaptive training programs, real-time feedback mechanisms, and long-term cost-effectiveness. While the technical implementation demonstrates feasibility, the paper underscores the need for further precise evaluation through user studies to validate clinical and occupational efficacy. Future research directions involve large-scale user studies, the integration of biofeedback sensors, expansion of exercise content, exploration of tele-rehabilitation models, and longitudinal studies to ascertain long term impact. This VR based counter-posture training holds significant promise as an innovative tool in occupational health, potentially improving worker well-being and reducing injury rates.",2025-09,2026-08-10 12:59:56,2026-08-10 12:59:56,,000255-000260,,,,,,,,,,,,,,,,,,,,,,,,Counter-Posture Training; Employment; Engines; Human-Computer Interaction; Injuries; Occupational health; Occupational Health; Prevention and mitigation; Real-time systems; Repetitive Strain Injury (RSI); Strain; Three-dimensional displays; Training; Unity 3D; Virtual reality; Virtual Reality; Workplace Safety,,,,,,,,,,,,,,,,,,,,,,,,,,,,,,,,,,,,,,,,,,,,,,,
K39VABIS,conferencePaper,2024,"Kurai, Ryutaro; Hiraki, Takefumi; Hiroi, Yuichi; Hirao, Yutaro; Perusquia-Hernandez, Monica; Uchiyama, Hideaki; Kiyokawa, Kiyoshi",Design and implementation of agent apis for large-scale social VR platforms,2024 IEEE conference on virtual reality and 3D user interfaces abstracts and workshops (VRW),,,10.1109/VRW62533.2024.00112,,"Implementing an autonomous agent on a social VR platform where many users share space requires diverse information. In particular, it is required to recognize the distance from other users, their orientation toward each other, the avatar's pose, and text and voice messages, and to behave accordingly. This paper proposes an API to obtain the above information on “Cluster,” a multi-device social VR platform in operation, and an agent that uses the API. We have implemented this API using a network proxy. The agent using this API can connect to ChatGPT [7] and have a conversation in real time. We measured the latency required for the conversation and confirmed that the response time was about 1 second.",2024-03,2026-08-10 12:59:56,2026-08-10 12:59:56,,584-587,,,,,,,,,,,,,,,,,,,,,,,,Human-centered computing—Human computer interaction (HCI)—Interaction paradigms—Virtual reality; Oral communication; Software; Software and its engineering—Software organization and properties—Contextual software domains—Virtual worlds software; Speech recognition; Text recognition; Three-dimensional displays; User interfaces; Virtual reality,,,,,,,,,,,,,,,,,,,,,,,,,,,,,,,,,,,,,,,,,,,,,,,
X2MDIZGY,conferencePaper,2024,"Alzahrani, Abdulrahman",Virtual hippocampus: a model for augmenting the learning capability of avatar in virtual environments,2024 4th international conference on computer communication and information systems (CCCIS),,,10.1109/CCCIS63483.2024.00019,,"The part of human brain; hippocampus, performs a critical role in the formation of memory about the objects and places traced during real-world navigation. In a Virtual Reality (VR) system, an avatar needs to have the ability to remember the objects it once discovers. To inculcate the human-like remembering capability in an Intelligent Virtual Agent (IVA), this paper presents a novel model for Virtual Hippocampus (VH). Without using the contemporary data-hungry Machine Learning classifiers, objects are learnt and recognized on the basis of distinguishing features. Moreover, the processing time is not consumed in training of trivial data; rather an IVA learns new objects and places as unfolded to it during explicit navigation. The VH is made of two dynamic data structures; Distance with Direction (DD) and Vector of Positions with Areas (VPA). The data structures are updated as new routes are followed or unknown objects are discovered. The IVA makes the use of VH for self-directed navigation and automated selection of any known object. The model is implemented and evaluated in a case-study project; Automated Scene Learning (ASL). The satisfactory outcome (83%) of the evaluation assures applicability of the model in intelligent VR systems.",2024-02,2026-08-10 12:59:56,2026-08-10 12:59:56,,66-74,,,,,,,,,,,,,,,,,,,,,,,,Automation; Avatars; Computational modeling; intelligent agents; interactive systems; learning systems; Machine learning; Navigation; Solid modeling; Training; Virtual environments; Virtual Reality,,,,,,,,,,,,,,,,,,,,,,,,,,,,,,,,,,,,,,,,,,,,,,,
7KAEKLYD,conferencePaper,2026,"Vicamini, Emma; Sterlicchio, Antonio; Gallace, Alberto",Mapping action space via psychophysiological responses in virtual reality,2026 IEEE conference on virtual reality and 3D user interfaces abstracts and workshops (VRW),,,10.1109/VRW70859.2026.00324,,"‘Action space’ is the region where objects become relevant for human interaction. Using VR, we investigated how the distance of task-irrelevant stimuli modulates behavioral, oculomotor, and physiological responses. Participants performed a dual task involving interaction with a central target while ignoring peripheral distractors presented at different distances. Near and intermediate distractors induced stronger behavioral interference and oculomotor responses than far distractors, revealing a graded spatial organization of action space. Increasing distractor salience through motion produced faster saccades and longer fixations. Distance judgments showed that distractors close to the body were perceived as closer than their actual distance.",2026-03,2026-08-10 12:59:56,2026-08-10 12:59:56,,1299-1300,,,,,,,,,,,,,,,,,,,,,,,,Action space; Augmented reality; Communications technology; Contacts; distance perception; HTTP; Human augmentation; Hypertext systems; Modulation; oculomotor dynamics; Protocols; XML,,,,,,,,,,,,,,,,,,,,,,,,,,,,,,,,,,,,,,,,,,,,,,,
6J2K3FNA,conferencePaper,2019,"Herder, Jens; Brettschneider, Nico; de Mooij, Jeroen; Ryskeldiev, Bektur",Avatars for co-located collaborations in HMD-based virtual environments,2019 IEEE conference on virtual reality and 3D user interfaces (VR),,2642-5254,10.1109/VR.2019.8798132,,"Multi-user virtual reality is transforming towards a social activity that is no longer only used by remote users, but also in large-scale location-based experiences. Usage of realtime-tracked avatars in colocated business-oriented applications with a “guide-user-scenario” is examined for user-related factors of Spatial Presence, Social Presence, User Experience and Task Load. A user study was conducted in order to compare both techniques of a realtime-tracked avatar and a non-visualised guide. Results reveal that the avatar-guide enhanced and stimulated communicative processes while facilitating interaction possibilities and creating a higher sense of mental immersion for users and engagement.",2019-03,2026-08-10 12:59:56,2026-08-10 12:59:56,,968-969,,,,,,,,,,,,,,,,,,,,,,,,Avatars; Co-located Collaborations; Collaboration; Head-mounted Display; Social Presence; Task analysis; User experience; Virtual environments; Virtual Reality; Visualization,,,,,,,,,,,,,,,,,,,,,,,,,,,,,,,,,,,,,,,,,,,,,,,
489QZR9V,journalArticle,2020,"Zhou, Qiushi; Yu, Difeng; Reinoso, Martin N; Newn, Joshua; Goncalves, Jorge; Velloso, Eduardo",Eyes-free target acquisition during walking in immersive mixed reality,IEEE Transactions on Visualization and Computer Graphics,,1941-0506,10.1109/TVCG.2020.3023570,,"Reaching towards out-of-sight objects during walking is a common task in daily life, however the same task can be challenging when wearing immersive Head-Mounted Displays (HMD). In this paper, we investigate the effects of spatial reference frame, walking path curvature, and target placement relative to the body on user performance of manually acquiring out-of-sight targets located around their bodies, as they walk in a spatial-mapping Mixed Reality (MR) environment wearing an immersive HMD. We found that walking and increased path curvature negatively affected the overall spatial accuracy of the performance, and that the performance benefited more from using the torso as the reference frame than the head. We also found that targets placed at maximum reaching distance yielded less error in angular rotation and depth of the reaching arm. We discuss our findings with regard to human walking kinesthetics and the sensory integration in the peripersonal space during locomotion in immersive MR. We provide design guidelines for future immersive MR experience featuring spatial mapping and full-body motion tracking to provide better embodied experience.",2020-12,2026-08-10 12:59:56,2026-08-10 12:59:56,,3423-3433,,12,26,,,,,,,,,,,,,,,,,,,,,Augmented reality; Immersive experience; Legged locomotion; Locomotion; Mixed Reality; Motion Tracking; Proprioception; Sensory Integration; Target Acquisition; Target tracking; Virtual reality; Virtual Reality,,,,,,,,,,,,,,,,,,,,,,,,,,,,,,,,,,,,,,,,,,,,,,,
JRTYGJHH,conferencePaper,2014,"Keszei, Barbara; Dúll, Andrea; Lógó, Emma; Hámornik, Balázs Péter; Köles, Máté; Tóvölgyi, Sarolta; Hercegfi, Károly",Visual attention and spatial behavior in VR environment: An environmental psychology approach,2014 5th IEEE conference on cognitive infocommunications (CogInfoCom),,,10.1109/CogInfoCom.2014.7020455,,"The aim of the study was to analyze the desktop subjects' gaze behavior and movement in the VR. Using the grounded theory method categories of the behavior evolved such as acts defying the laws of physics (e.g. reaching through walls, placing posters in the air), scanning and using off-topic materials (e.g. window, plant, partner's avatar), the size of the scanned area and the extension of the movements. Additional categories developed analyzing the verbal content of the videos (e.g. emotional content or verbalized acts related to the environment or its elements). The evolved categories provide a more accurate understanding of the VR users that can be used in creating the ideal user-task-environment combination for developing further systems.",2014-11,2026-08-10 12:59:56,2026-08-10 12:59:56,,247-250,,,,,,,,,,,,,,,,,,,,,,,,Avatars; Educational institutions; environment; eye-tracking; grounded theory; observation; Psychology; Three-dimensional displays; Virtual environments; virtual reality; Visualization,,,,,,,,,,,,,,,,,,,,,,,,,,,,,,,,,,,,,,,,,,,,,,,
MLQ8N4TQ,conferencePaper,2023,"Li, Jiaman; Liu, C. Karen; Wu, Jiajun",Ego-body pose estimation via ego-head pose estimation,2023 IEEE/CVF conference on computer vision and pattern recognition (CVPR),,2575-7075,10.1109/CVPR52729.2023.01644,,"Estimating 3D human motion from an egocentric video sequence plays a critical role in human behavior understanding and has various applications in VR/AR. However, naively learning a mapping between egocentric videos and human motions is challenging, because the user's body is often unobserved by the front-facing camera placed on the head of the user. In addition, collecting large-scale, high-quality datasets with paired egocentric videos and 3D human motions requires accurate motion capture devices, which often limit the variety of scenes in the videos to lab-like environments. To eliminate the need for paired egocentric video and human motions, we propose a new method, Ego-Body Pose Estimation via Ego-Head Pose Estimation (EgoEgo), which decomposes the problem into two stages, connected by the head motion as an intermediate representation. EgoEgo first integrates SLAM and a learning approach to estimate accurate head motion. Subsequently, leveraging the estimated head pose as input, EgoEgo utilizes conditional diffusion to generate multiple plausible full-body motions. This disentanglement of head and body pose eliminates the need for training datasets with paired egocentric videos and 3D human motion, enabling us to leverage large-scale egocentric video datasets and motion capture datasets separately. Moreover, for systematic benchmarking, we develop a synthetic dataset, AMASS-Replica-Ego-Syn (ARES), with paired egocentric videos and human motion. On both ARES and real data, our EgoEgo model performs significantly better than the current state-of-the-art methods.",2023-06,2026-08-10 12:59:56,2026-08-10 12:59:56,,17142-17151,,,,,,,,,,,,,,,,,,,,,,,,Benchmark testing; body; gesture; Humans: Face; movement; pose; Pose estimation; Simultaneous localization and mapping; Systematics; Three-dimensional displays; Training; Video sequences,,,,,,,,,,,,,,,,,,,,,,,,,,,,,,,,,,,,,,,,,,,,,,,
LSRAK5CD,journalArticle,2024,"Park, Soohyun; Baek, Hankyul; Kim, Joongheon",Quantum reinforcement learning for spatio-temporal prioritization in metaverse,"IEEE access : practical innovations, open solutions",,2169-3536,10.1109/ACCESS.2024.3390042,,"A metaverse is composed of a physical-space and virtual-space, with the aim of having users in both the virtual reality and the real world experience. Prioritization is essential, but it is not straight-forwarded due to the limitation of computing resources in real-world, making it impossible to synchronize all data. Therefore, it is crucial to allocate resources based on regional preferences in physical-space and content preferences of users in virtual-space. The referencing system consists of two-stage sub-computations, 1) spatial-prioritization for more data gathering under the consideration of avatar-popularity one top of physical-space and 2) temporal-prioritization for virtual-space rendering under the avatar-popularity. Both prioritization tasks are combinatorics problems and are well-known NP-hard. The problem scale is also large, making it difficult to solve within given times. The classical deep learning cannot be the solution. Quantum-based learning algorithms can be the potential solutions due to high-performance computing capabilities, because a small number of qubits can represent an exponentially large amount of information. On top of these advantages, an improved quantum reinforcement learning (QRL) algorithm is proposed for reducing the control dimensions into a logarithmic scale. We corroborate that our proposed QRL-based algorithm for low-dimensional spatio-temporal prioritization improves convergence and performance.",2024,2026-08-10 12:59:56,2026-08-10 12:59:56,,54732-54744,,,12,,IEEE Access,,,,,,,,,,,,,,,,,,,Aerospace electronics; Avatars; Metaverse; Quantum computing; quantum neural network; quantum reinforcement learning; Reinforcement learning; Scalability; scheduling; Scheduling; Three-dimensional displays,,,,,,,,,,,,,,,,,,,,,,,,,,,,,,,,,,,,,,,,,,,,,,,
SXR4XSVL,conferencePaper,2020,"Bagher, Mahda M.; Sajjadi, Pejman; Carr, Julia; La Femina, Peter; Klippel, Alexander",Fostering penetrative thinking in geosciences through immersive experiences: a case study in visualizing earthquake locations in 3D,2020 6th international conference of the immersive learning research network (iLRN),,,10.23919/iLRN47897.2020.9155123,,"Thinking in and understanding of three-dimensional structures is omnipresent in many sciences from chemistry to geosciences. Current visualizations, however, are still using two-dimensional media such as maps or three-dimensional representations accessible through two-dimensional interfaces (e.g., desktop computers). The emergence of immersive virtual reality environments, both accessible and of high-quality, allows for creating embodied and interactive experiences that permit for rethinking learning environments and provide access to three-dimensional information through three-dimensional interfaces. However, there is a shortage of empirical studies on immersive learning environments. In response to this shortcoming, this study examines the role of immersive VR (iVR) in improving students’ learning experience and performance in terms of penetrative thinking in a critical 3D task in geosciences education: drawing cross-sections. We developed a pilot study where students were asked to draw cross-sections of the depth and geometry of earthquakes at two subduction zones after visualizing the earthquake locations either in iVR or 2D maps on a computer. The results of our study show that iVR creates a better learning experience; students reported significantly higher scores in terms of Spatial Situation Model and there is anecdotal evidence in favor of higher reflective thinking in iVR. In terms of learning performance, we did not find a significant difference in the graded exercise of drawing cross-sections. However, iVR seems to have a positive effect on understanding the geometry of earthquake locations in a complex tectonic environment such as Japan. Our results, therefore, add to the growing body of literature that draws a more nuanced picture of the benefits of immersive learning environments calling for larger scale and in-depth studies.",2020-06,2026-08-10 12:59:56,2026-08-10 12:59:56,,132-139,,,,,,,,,,,,,,,,,,,,,,,,Computers; Data visualization; Earthquakes; Geology; interactive learning environments; penetrative thinking; Three-dimensional displays; Two dimensional displays; virtual reality; visualization; Volcanoes,,,,,,,,,,,,,,,,,,,,,,,,,,,,,,,,,,,,,,,,,,,,,,,
VBCJK9JB,conferencePaper,2023,"Choudhary, Zubin; Norouzi, Nahal; Erickson, Austin; Schubert, Ryan; Bruder, Gerd; Welch, Gregory F.",Exploring the social influence of virtual humans unintentionally conveying conflicting emotions,2023 IEEE conference virtual reality and 3D user interfaces (VR),,2642-5254,10.1109/VR55154.2023.00072,,"The expression of human emotion is integral to social interaction, and in virtual reality it is increasingly common to develop virtual avatars that attempt to convey emotions by mimicking these visual and aural cues, i.e. the facial and vocal expressions. However, errors in (or the absence of) facial tracking can result in the rendering of incorrect facial expressions on these virtual avatars. For example, a virtual avatar may speak with a happy or unhappy vocal inflection while their facial expression remains otherwise neutral. In circumstances where there is conflict between the avatar's facial and vocal expressions, it is possible that users will incorrectly interpret the avatar's emotion, which may have unintended consequences in terms of social influence or in terms of the outcome of the interaction. In this paper, we present a human-subjects study (N = 22) aimed at understanding the impact of conflicting facial and vocal emotional expressions. Specifically we explored three levels of emotional valence (unhappy, neutral, and happy) expressed in both visual (facial) and aural (vocal) forms. We also investigate three levels of head scales (down-scaled, accurate, and up-scaled) to evaluate whether head scale affects user interpretation of the conveyed emotion. We find significant effects of different multimodal expressions on happiness and trust perception, while no significant effect was observed for head scales. Evidence from our results suggest that facial expressions have a stronger impact than vocal expressions. Additionally, as the difference between the two expressions increase, the less predictable the multimodal expression becomes. For example, for the happy-looking and happy-sounding multimodal expression, we expect and see high happiness rating and high trust, however if one of the two expressions change, this mismatch makes the expression less predictable. We discuss the relationships, implications, and guidelines for social applications that aim to leverage multimodal social cues.",2023-03,2026-08-10 12:59:56,2026-08-10 12:59:56,,571-580,,,,,,,,,,,,,,,,,,,,,,,,Avatars; Design methodology; Dynamic range; Human-centered computing—Human computer interaction (HCI)—HCI design and evaluation methods-User studies; Human-centered computing—Human computer interaction (HCI)—Interaction paradigms-Virtual reality; Rendering (computer graphics); Three-dimensional displays; User interfaces; Visualization,,,,,,,,,,,,,,,,,,,,,,,,,,,,,,,,,,,,,,,,,,,,,,,
8UKY7YST,journalArticle,2025,"Laine, Teemu H.; Lee, Woohyun; Moon, Jiyoung; Hasanov, Aziz; Suk, Hae Jung",Scenario-based immersive virtual reality platform for testing empathy types: a development study,"IEEE access : practical innovations, open solutions",,2169-3536,10.1109/ACCESS.2025.3624300,,"Empathy skills are required for understanding and responding to others’ emotions. Traditional instruments for testing a person’s empathy type lack immersion and contain recall bias. In this development study, we presented the technical foundations of Virtual Reality Empathy Test (VRET), an immersive virtual reality (IVR) platform that tests users’ empathy type through interactive scenarios and related questions. The questions are based on the Multidimensional Empathy Scale for Adolescents. VRET determines the user’s empathy type along three dimensions of empathy: cognitive-affective, positive-negative, and majority-minority. Furthermore, we presented the results of a usability and user experience evaluation of VRET in which 99 Korean adolescents (47 females, 49 males, and three others, ages 15–17) answered a mixed-method post-experiment questionnaire. The results indicated a good overall usability with issues in complex technology setup, virtual characters, scenarios, interactions, and cybersickness. Moreover, we identified several affordances, such as the ability to test one’s empathy type, superiority over paper-based tests, high immersion, realism, situatedness, fun, interest, and novelty. Furthermore, we conducted a technical performance evaluation, which showed steady performance with a mean frame rate of about 90. The results of this study contribute to the growing body of literature on the human-computer interaction aspects of utilizing IVR in psychology. The architectural design of VRET opens opportunities for the collection of multimodal data and the utilization of immersive scenario-based content in other application areas.",2025,2026-08-10 12:59:56,2026-08-10 12:59:56,,183242-183261,,,13,,IEEE Access,,,,,,,,,,,,,,,,,,,Anxiety disorders; Conformance testing; Data collection; Development study; empathy type; Instruments; Medical treatment; Psychology; scenario-based; Systematic literature review; usability; Usability; user experience; User experience; virtual reality; Virtual reality,,,,,,,,,,,,,,,,,,,,,,,,,,,,,,,,,,,,,,,,,,,,,,,
R3NJD3CM,conferencePaper,2019,"Auccahuasi, Wilver; Flores, Edward; Sernaqué, Fernando; Sandivar, Juana; Castro, Percy; Gutarra, Felipe; Moggiano, Nabilt","Technique for the comparison of concentration and meditation levels in the performance of rehabilitation exercises in bicycle, using virtual reality techniques and brain computer interface",2019 e-health and bioengineering conference (EHB),,2575-5145,10.1109/EHB47216.2019.8970013,,"The use of information technology and communications, have allowed the development of multiple devices for recording electrical activities that originate in the human body such as electrocardiogram, electromyography, electroencephalography signals, among others; They have also allowed the commercialization of low-cost devices that can be used for sophisticated Virtual Reality applications. In the process of recovering the mobility of the lower limbs, important problems arise, such as being able to recover muscular capacity, coordination of gait and mainly the loss of fear of being able to walk normally, which is why one of the Exercises to work these three problems is to perform the exercises on an exercise bike, in these conditions the patient performs it in most cases very distracted, which causes him not to perform the exercise normally, this article presents a technique to evaluate the cerebral conditions of the patient who is in recovery, based on the analysis of the attention and meditation novels, measured when the patient performs the exercises using the stationary bicycle, using the virtual reality device based on the use of the lenses of RV, brain signal measurements are made using the MindWave EEG device Neurosky, which gives us the level of concentration and meditation that the person is on a scale of 0",2019-11,2026-08-10 12:59:56,2026-08-10 12:59:56,,1-4,,,,,,,,,,,,,,,,,,,,,,,,BCI; Bicycles; Brain-computer interfaces; Concentration; EEG; Electroencephalography; Limbs; Loss measurement; Meditation; Pain; Performance evaluation; Recording; Virtual reality; Visualization,,,,,,,,,,,,,,,,,,,,,,,,,,,,,,,,,,,,,,,,,,,,,,,
3TMAL853,conferencePaper,2014,"Rudinskiy, Mikhail; Bula, Michael; Stahl, Tyler; Davies, Nicole; Fitzgerald, Michael; D'Andrea, Susan; Gielo-Perczak, Krystyna",Dual actuated gait rehabilitation treadmill implementing virtual reality and visual postural feedback,2014 40th annual northeast bioengineering conference (NEBEC),,2160-7028,10.1109/NEBEC.2014.6972923,,"Gait disabilities are common occurrences in patients and are treated with a variety of rehabilitation techniques. Current treatments include the use of a linear treadmill system to physically stimulate the patient. Present rehabilitation treadmills lack a visual component, which can help to increase functional changes in gait after training. Incorporating a virtual element has been shown to enhance gait rehabilitation outcomes [1]. The design described in this paper consists of three main components: a dual-belt, actuated treadmill, a virtual reality visual display and a motion capture system. The treadmill system emulates various slopes, curves and stairs while displaying a corresponding immersive environment. A dual-belt driven treadmill with four height actuators produces the various terrains. A live motion avatar, linked to a Qualisys motion capture system, is displayed on three screens to provide visual feedback and promote gait improvement. The immediate application of this system is to rehabilitate patients at the Veterans Affairs hospital and determine the effectiveness of visual and spatial feedback on gait recovery.",2014-04,2026-08-10 12:59:56,2026-08-10 12:59:56,,1-2,,,,,,,,,,,,,,,,,,,,,,,,Actuators; Avatars; dual-activated treadmill; Gait rehabilitation; MATLAB; motion capture system; Robots; Three-dimensional displays; treadmill recovery; virtual reality environment; Visualization,,,,,,,,,,,,,,,,,,,,,,,,,,,,,,,,,,,,,,,,,,,,,,,
P9HY6VJI,conferencePaper,2005,"Kodaka, K.; Ogata, T.; Okuno, H.G.",Walking with body-sense in virtual space using the nonlinear oscillator,"2005 IEEE international conference on systems, man and cybernetics",,1062-922X,10.1109/ICSMC.2005.1571166,,"This paper presents a novel construction of a locomotion system that compensates for walking-sense with simple interfaces using hands or fingers. The realization of moving with body-sense in virtual space has required high-quality system designs including walking cancellations, haptic feedback, and high-resolution displays. However, such approaches result in increasing costs of calculation and space, which obstruct the spread of VR technology. We therefore propose a new framework of locomotion systems with simple interfaces that give users ""passivity and restraint"", which are essential components of walking-sense. They are realized with mutual entrainment between a nonlinear oscillator and users' input. Two experiments were conducted for evaluation. The first one showed that our system gives users sense of distance based on a body standard and sense of rhythm with stable input. The second one demonstrated that the users of our system can experience a subjective body-sense and a sense of velocity.",2005-10,2026-08-10 12:59:56,2026-08-10 12:59:56,,324-329 Vol. 1,,,1,,,,,,,,,,,,,,,,,,,,,body-sense; Costs; Displays; entrainment; Feedback; Fingers; Haptic interfaces; Legged locomotion; locomotion system; nonlinear oscillator; Oscillators; Rhythm; sense of distance; Space technology; Virtual reality,,,,,,,,,,,,,,,,,,,,,,,,,,,,,,,,,,,,,,,,,,,,,,,
8HA5BUHM,conferencePaper,2026,"Nelson, Michael G.; Mousas, Christos",Demographic influences on balance-based locomotion in virtual reality,2026 IEEE conference on virtual reality and 3D user interfaces abstracts and workshops (VRW),,,10.1109/VRW70859.2026.00059,,"This study investigates how demographic factors influence movement behavior in virtual reality (VR) during balance-based locomotion (BBL). Twenty-eight participants navigated a virtual track using isometric and elastic balance boards across virtual, physical, and conditional orientation modes. Mixed-design analyses revealed significant interaction effects involving gender, body weight, height, and prior board-sport experience, indicating that these characteristics modulated responses to orientation strategy and balance feedback. Anthropometric factors (i.e., weight and height) primarily altered efficiency- and stability-related outcomes across orientation modes, consistent with differences in effective mechanical coupling and balance regulation demands. Prior board-sport experience modulated sensitivity to feedback and orientation constraints but did not uniformly improve traversal accuracy or movement efficiency. Together, these findings suggest that BBL behavior emerges from the interaction of user characteristics and control configuration, motivating adaptive calibration and inclusive interface design.",2026-03,2026-08-10 12:59:56,2026-08-10 12:59:56,,284-290,,,,,,,,,,,,,,,,,,,,,,,,balance board; Circuits; demographic factors; Electronic mail; Feedback; gender; Graphical user interfaces; height; Locomotion; Microcontrollers; Microprocessors; prior experience; Protocols; Radio access networks; Video games; Videos; weight,,,,,,,,,,,,,,,,,,,,,,,,,,,,,,,,,,,,,,,,,,,,,,,
UCLV6RU8,journalArticle,2009,"Jin, Ke; Xu, Ming; Sun, Yi; Sterk, Douglas; Lee, Fred C.",Evaluation of self-driven schemes for a 12-V self-driven voltage regulator,IEEE Transactions on Power Electronics,,1941-0107,10.1109/TPEL.2009.2021608,,"Compared to the conventional multiphase buck converter, the 12-V zero-voltage switching self-driven nonisolated full-bridge converter has many advantages for voltage regulator (VR) module applications. The employment of the synchronous rectifier (SR) self-driven technology in VRs leads to lower SR drive loss and body diode conduction loss. However, the SR drive voltage is fixed at the input voltage, which is too high to increase the light-load efficiency and further decrease drive loss. This paper proposes three different SR self-drive methods that allow the SR driver voltage to be lowered from the input voltage to an optimized voltage to help increase the overall efficiency. 1 Unit Height (1U) 700 kHz VR prototypes were built in the laboratory to implement different SR drive methods. The autotransformer drive method is found to be the best candidate, and achieved 88.2",2009-10,2026-08-10 12:59:57,2026-08-10 12:59:57,,2314-2322,,10,24,,,,,,,,,,,,,,,,,,,,,Buck converters; Diodes; Employment; Optimization methods; Rectifiers; Regulators; Self-driven; soft switching; Strontium; Switching converters; Virtual reality; voltage regulator (VR); Zero voltage switching,,,,,,,,,,,,,,,,,,,,,,,,,,,,,,,,,,,,,,,,,,,,,,,
DU8FZLCW,conferencePaper,2017,"Postolache, Octavian",Remote sensing technologies for physiotherapy assessment,2017 10th international symposium on advanced topics in electrical engineering (ATEE),,,10.1109/ATEE.2017.7905141,,"The paper presents a set of remote, unobtrusive sensing technologies that can be used in upper and lower limbs rehabilitation monitoring. The advantages of using sensors based on microwave Doppler radar or infrared technologies for physiotherapy assessment are discussed. These technologies allow motion sensing at distance from monitored subject, reducing thus the discomfort produced by some wearable technologies for limbs movement assessment. The microwave radar that may be easily hidden into environment by non-metallic parts allows remote sensing of human motion, providing information on user movements characteristics and patterns. The infrared technologies - infrared LEDs from Leap-Motion, infrared laser from Kinect depth sensor, and infrared thermography can be used for different movements' parameters evaluation. Visible for users, Leap-motion and Kinect sensors assure higher accuracy on body parts movements' detection at low computation load. These technologies are commonly used for virtual reality (VR) and augmented reality (AR) scenarios, in which the user motion patterns and the muscular activity might be analyzed. Thermography can be employed to evaluate the muscular loading. Muscular activity during movements training in physiotherapy can be estimated through skin temperature measurement before and after physical training. Issues related to the considered remote sensing technologies such as VR serious game for motor rehabilitation, signal processing and experimental results associated with microwave radar, infrared sensors and thermography for physiotherapy sensing are included in the paper.",2017-03,2026-08-10 12:59:57,2026-08-10 12:59:57,,305-312,,,,,,,,,,,,,,,,,,,,,,,,Games; infrared sensors; microwave radar; natural user interface; Remote sensing; Sensors; serious games; Temperature measurement; thermography; Thumb; Training,,,,,,,,,,,,,,,,,,,,,,,,,,,,,,,,,,,,,,,,,,,,,,,
AUCNJR4T,conferencePaper,2020,"Wang, Ziyao; Xie, Liping; Wei, Haikun; Zhang, KanJian; Zhang, Jinxia",Omnidirectional motion input: The basis of natural interaction in room-scale virtual reality,2020 IEEE conference on virtual reality and 3D user interfaces abstracts and workshops (VRW),,,10.1109/VRW50115.2020.00200,,"The basis of natural interaction in VR is the exact input of human motions, which includes the locomotion, body motion, facial expressions, etc. We define the input of all such human motions as the Omnidirectional Motion Input(OMI). Traditional motion input systems are designed for a specific motion. In this work, we propose an OMI system that could provide the room-scale locomotion input and the body motion input simultaneously. Our system only needs 2m2 area and the time delay less than 20ms. The experiments demonstrate the effectiveness of our OMI system.",2020-03,2026-08-10 12:59:57,2026-08-10 12:59:57,,698-699,,,,,,,,,,,,,,,,,,,,,,,,Avatars; Computer graphics; Computing methodologies; Conferences; Graphics systems and interfaces; Human computer interaction (HCI); Human-centered computing; Interaction paradigms; Legged locomotion; Quaternions; Virtual reality; Wireless communication; Wireless sensor networks,,,,,,,,,,,,,,,,,,,,,,,,,,,,,,,,,,,,,,,,,,,,,,,
FEP6PK3N,conferencePaper,2025,"Thuong, Le Cong; Phuong Le, Thu; Dang, Minh Hang; Tung Ha, Son; Le, Thanh Ha",HySUP: Seam-aware hand-body fusion for accurate whole-body 3-D reconstruction from a single image,2025 international conference on multimedia analysis and pattern recognition (MAPR),,2770-6850,10.1109/MAPR67746.2025.11133973,,"Expressive human pose and shape estimation (EHPS)—which jointly captures body, hand, and facial motion—is vital for emerging AR/VR and telepresence applications. State-of-the-art holistic regressors accurately recover overall body pose yet still yield fused or imprecise fingers, whereas hand-specific networks resolve fine articulation but sacrifice global coherence. We benchmark two leading holistic models (SMPLest-X, SMPLer-X) and two hand-specialized models (HaMeR, WiLoR) on the EHF dataset and confirm this trade-off. Leveraging their complementary strengths, we introduce HySUP—a lightweight pipeline that replaces a SMPLest-X hand region with HaMeR output through a two-stage seam-aware alignment: (i) a PCA-guided Procrustes transform for scale and pose normalization, followed by (ii) a rigid-as-possible refinement that enforces vertex- and normal-level consistency along the wrist seam. Without retraining and with only 150 ms of overhead, HySUP reduces hand PA-MPVPE and PA-MPJPE on EHF by 3.30 mm (27.11",2025-08,2026-08-10 12:59:57,2026-08-10 12:59:57,,1-5,,,,,,,,,,,,,,,,,,,,,,,,3-D reconstruction; Accuracy; Computational modeling; Expressive human pose estimation; Hands; hybrid models; optimization; Pose estimation; Shape; SMPL-X; Solid modeling; Telepresence; Three-dimensional displays; Transforms; Wrist,,,,,,,,,,,,,,,,,,,,,,,,,,,,,,,,,,,,,,,,,,,,,,,
UW3M7XZU,conferencePaper,1999,"Hilton, A.; Beresford, D.; Gentils, T.; Smith, R.; Sun, Wei",Virtual people: capturing human models to populate virtual worlds,Proceedings computer animation 1999,,1087-4844,10.1109/CA.1999.781210,,"A new technique is introduced for automatically building recognisable moving 3D models of individual people. Realistic modelling of people is essential for advanced multimedia, augmented reality and immersive virtual reality. Current systems for whole-body model capture are based on active 3D sensing to measure the shape of the body surface. Such systems are prohibitively expensive and do not enable capture of high-quality photo-realistic colour. This results in geometrically accurate but unrealistic human models. The goal of this research is to achieve automatic low cost modelling of people suitable for personalised avatars to populate virtual worlds. A model based approach is presented for automatic reconstruction of recognisable avatars from a set of low cost colour images of a person taken from four orthogonal views. A generic 3D human model represents both the human shape and kinematic joint structure. The shape of a specific person is captured by mapping 2D silhouette information from the orthogonal view colour images onto the generic 3D model. Colour texture mapping is achieved by projecting the set of images onto the deformed 3D model. This results in the capture of a recognisable 3D facsimile of an individual person suitable for articulated movement in a virtual world. The system is low cost, requires single shot capture, is reliable for large variations in shape and size and can cope with clothing of moderate complexity.",1999-05,2026-08-10 12:59:57,2026-08-10 12:59:57,,174-185,,,,,,,,,,,,,,,,,,,,,,,,Active shape model; Augmented reality; Avatars; Biological system modeling; Costs; Current measurement; Humans; Shape measurement; Solid modeling; Virtual reality,,,,,,,,,,,,,,,,,,,,,,,,,,,,,,,,,,,,,,,,,,,,,,,
MXJTPWRT,conferencePaper,2021,"Yu, Kevin; Winkler, Alexander; Pankratz, Frieder; Lazarovici, Marc; Wilhelm, Dirk; Eck, Ulrich; Roth, Daniel; Navab, Nassir",Magnoramas: Magnifying dioramas for precise annotations in asymmetric 3D teleconsultation,2021 IEEE virtual reality and 3D user interfaces (VR),,2642-5254,10.1109/VR50410.2021.00062,,"When users create hand-drawn annotations in Virtual Reality they often reach their physical limits in terms of precision, especially if the region to be annotated is small. One intuitive solution employs magnification beyond natural scale. However, scaling the whole environment results in wrong assumptions about the coherence between physical and virtual space. In this paper, we introduce Mag-noramas, a novel interaction method for selecting and extracting a region of interest that the user can subsequently scale and transform inside the virtual space. Our technique enhances the user's capabilities to perform supernaturally precise virtual annotations on virtual objects. We explored our technique in a user study within asimplified clinical scenario of a teleconsultation-supported craniectomy procedure that requires accurate annotations on a human head. Teleconsultation was performed asymmetrically between a remote expert in Virtual Reality that collaborated with a local user through Augmented Reality. The remote expert operates inside a reconstructed environment, captured from RGB-D sensors at the local site, and is embodied by an avatar to establish co-presence. The results show that Magnoramas significantly improve the precision of annotations while preserving usability and perceived presence measures compared to the baseline method. By hiding the 3D reconstruction while keeping the Magnorama, users can intentionally choose to lower their perceived social presence and focus on their tasks.",2021-03,2026-08-10 12:59:57,2026-08-10 12:59:57,,392-401,,,,,,,,,,,,,,,,,,,,,,,,Annotations; Interaction Techniques; Manifolds; Medical Information System; Real-time systems; Telepresence; Three-dimensional displays; Transforms; User interfaces; Virtual Reality,,,,,,,,,,,,,,,,,,,,,,,,,,,,,,,,,,,,,,,,,,,,,,,
Y5ZJKL2K,journalArticle,2014,"Zhang, Xiaoqin; Li, Changcheng; Hu, Weiming; Tong, Xiaofeng; Maybank, Steve; Zhang, Yimin",Human pose estimation and tracking via parsing a tree structure based human model,"IEEE Transactions on Systems, Man, and Cybernetics: Systems",,2168-2232,10.1109/TSMC.2013.2280438,,"Human pose estimation and tracking is the task of determining the states (location, orientation, and scale) of each body part over time. It is important for many vision understanding applications, such as visual interactive gaming, immersive virtual reality, visual surveillance, and content-based image retrieval. However, it remains a challenging task due to unknown image background, presence of clutter and especially the high dimensional state space (usually 30+ dimensions). In this paper, we contribute to human pose estimation and tracking in two aspects. First, we design two efficient Markov Chain dynamics under the data-driven Markov Chain Monte Carlo framework to effectively explore the high dimensional state space. Second, we parse the tree structure state space into a lexicographic order according to the image observations and body topology, and the optimization process is conducted in this order. This realizes a much more efficient exploration of the state space than the sampling based search or exhaustive search, and thus achieves a tremendous speed-up. Experimental results demonstrate the efficiency and effectiveness of the proposed method in estimating and tracking various kinds of human poses, even against cluttered backgrounds, in poor illumination or under partial self-occlusion.",2014-05,2026-08-10 12:59:57,2026-08-10 12:59:57,,580-592,,5,44,,,,,,,,,,,,,,,,,,,,,Estimation; Human pose estimation; Image edge detection; Markov Chain Monte Carlo; Optimization; parse; Solid modeling; Torso; tracking; Video sequences; Visualization,,,,,,,,,,,,,,,,,,,,,,,,,,,,,,,,,,,,,,,,,,,,,,,
Z36KDN2Z,conferencePaper,2009,"Zhang, Xiaoqin; Li, Changcheng; Tong, Xiaofeng; Hu, Weiming; Maybank, Steve; Zhang, Yimin",Efficient human pose estimation via parsing a tree structure based human model,2009 IEEE 12th international conference on computer vision,,2380-7504,10.1109/ICCV.2009.5459306,,"Human pose estimation is the task of determining the states (location, orientation and scale) of each body part. It is important for many vision understanding applications, e.g. visual interactive gaming, immersive virtual reality, content-based image retrieval, etc. However, it remains a challenging task because of unknown image background, presence of clutter, partial occlusion and especially the high dimensional state space (usually 30+ dimensions). In this paper, we contribute to human pose estimation in two aspects. First, we design two efficient Markov Chain dynamics under the data-driven Markov Chain Monte Carlo (DDMCMC) framework to effectively explore the complex solution space. Second, we parse the tree structure state space into a lexicographic order according to the image observations and body topology, and the optimization process is conducted in this order. This realizes a much more efficient exploration than the sampling based search and exhaustive search, and thus achieves a tremendous speed-up. Experimental results demonstrate the efficiency and effectiveness of the proposed method in estimating various kinds of human poses, even with cluttered background , poor illumination or partial self-occlusion.",2009-09,2026-08-10 12:59:57,2026-08-10 12:59:57,,1349-1356,,,,,,,,,,,,,,,,,,,,,,,,Biological system modeling; Content based retrieval; Humans; Image retrieval; Monte Carlo methods; State estimation; State-space methods; Topology; Tree data structures; Virtual reality,,,,,,,,,,,,,,,,,,,,,,,,,,,,,,,,,,,,,,,,,,,,,,,
WMBPX59E,journalArticle,2025,"Zedda, A.; Caruso, M.; Bertuletti, S.; Baldazzi, G.; Sedda, G.; Spanu, A.; Riboni, D.; Pibiri, A.; Monticone, M.; Cereatti, A.; Pani, D.",A user-friendly wearable telerehabilitation system based on neuromotor training for mild post-stroke patients: The DoMoMEA system,"IEEE access : practical innovations, open solutions",,2169-3536,10.1109/ACCESS.2025.3587614,,"Home-based telerehabilitation technologies can support the long-term rehabilitation needs of post-stroke patients. This work describes an Android-based wearable system for telerehabilitation (DoMoMEA), which engages such patients in a full-body customized neuromotor rehabilitation protocol. DoMoMEA features seven inertial units and five force sensors, which capture patient’s body posture, movements, and interactions with a non-immersive virtual reality environment, providing real time scores, motivational feedback, and online automatic corrections for performance errors. Clinically relevant parameters can be collected and sent to a remote server where they can be retrieved by a physiotherapist through a dedicated web application, according to a store-and-forward telemedicine approach. Clinicians can also personalize the training settings to ensure a high level of engagement and challenge for patients, based on their residual motor abilities, needs and progress. Preliminary tests performed on 11 healthy elderly volunteers revealed a high usability of the system ( 82~±~6 points in the System Usability Scale questionnaire). Furthermore, the system was presented to experienced physiatrists and physiotherapists, who provided their assessment by a semi-structured interview. The evidence underscored the usefulness of DoMoMEA not only at home, but also in daily clinical practice.",2025,2026-08-10 12:59:57,2026-08-10 12:59:57,,122900-122913,,,13,,IEEE Access,,,,,,,,,,,,,,,,,,,Iron; Magnetic sensors; Motors; Neuromotor recovery; Real-time systems; Sensor systems; Sensors; stroke; Stroke (medical condition); Substrates; telemedicine; Telemedicine; telerehabilitation; Training; wearable system,,,,,,,,,,,,,,,,,,,,,,,,,,,,,,,,,,,,,,,,,,,,,,,
ZW2HK2PM,journalArticle,2026,"Chen, Pingping; Hu, Xiaopeng; Jiang, Biao; Zhu, Yaosheng; Jiang, Mengxi",Surface-aligned 3-D human shape estimation via gaussian curvature structure learning,IEEE Sensors Journal,,1558-1748,10.1109/JSEN.2025.3624143,,"It is important to estimate the 3-D human shape from a single image, as it is utilized in virtual reality, tactile games, and human–computer interaction. Most previous studies attempted to establish a mapping from the input image to 3-D shape coordinate spaces using neural network optimization based on Euclidean distance. However, such a strategy fails to maintain the aligned 2-D–3-D surface of the human body because structural topological associations have not been effectively considered. We propose a surface-aligned 3-D human shape estimation via the Gaussian curvature structure learning approach. Specifically, we use positive or negative Gaussian curvature to model the convex and concave appearance of the human body. Then, we use them to guide our 3-D human shape estimation network, capturing the structural relationships between the vertices and the local surfaces of the human body. The optimization of our network is simultaneously processed via coordinate and curvature features in both Euclidean and Riemann spaces to maintain the 2-D–3-D consistency of the surface and vertex on the human body. Furthermore, the designed curvature completion module can obtain a more 3-D surface prior, which mitigates the performance degradation problem with more complex deformation of the human body in an outdoor scene. Extensive testing on some selected representative benchmarks demonstrates the efficacy of our approach. Especially, it shows superiority in the detailed texture reconstruction.",2026-01,2026-08-10 12:59:57,2026-08-10 12:59:57,,570-580,,1,26,,,,,,,,,,,,,,,,,,,,,3-D human shape estimation; Estimation; Gaussian curvature; Gaussian processes; Image capture; Image reconstruction; Intelligent sensors; monocular image; Optimization; Sensors; Shape measureent; Solid modeling; Surface reconstruction; surface structure constraints; texture details; Three-dimensional displays; Training,,,,,,,,,,,,,,,,,,,,,,,,,,,,,,,,,,,,,,,,,,,,,,,
RYS3BXS6,conferencePaper,2021,"Zhang, Siwei; Zhang, Yan; Bogo, Federica; Pollefeys, Marc; Tang, Siyu",Learning motion priors for 4D human body capture in 3D scenes,2021 IEEE/CVF international conference on computer vision (ICCV),,2380-7504,10.1109/ICCV48922.2021.01115,,"Recovering high-quality 3D human motion in complex scenes from monocular videos is important for many applications, ranging from AR/VR to robotics. However, capturing realistic human-scene interactions, while dealing with occlusions and partial views, is challenging; current approaches are still far from achieving compelling results. We address this problem by proposing LEMO: LEarning human MOtion priors for 4D human body capture. By leveraging the large-scale motion capture dataset AMASS [38], we introduce a novel motion smoothness prior, which strongly reduces the jitters exhibited by poses recovered over a sequence. Furthermore, to handle contacts and occlusions occurring frequently in body-scene interactions, we design a contact friction term and a contact-aware motion infiller obtained via per-instance self-supervised training. To prove the effectiveness of the proposed motion priors, we combine them into a novel pipeline for 4D human body capture in 3D scenes. With our pipeline, we demonstrate high-quality 4D human body capture, reconstructing smooth motions and physically plausible body-scene interactions. The code and data are available at https://sanweiliti.github.io/LEMO/LEMO.html.",2021-10,2026-08-10 12:59:57,2026-08-10 12:59:57,,11323-11333,,,,,,,,,,,,,,,,,,,,,,,,Distance measurement; Dynamics; Friction; Gestures and body pose; Jitter; Pipelines; Three-dimensional displays; Training,,,,,,,,,,,,,,,,,,,,,,,,,,,,,,,,,,,,,,,,,,,,,,,
H6UGFCHZ,conferencePaper,2019,"Martinez, Gines Hidalgo; Raaj, Yaadhav; Idrees, Haroon; Xiang, Donglai; Joo, Hanbyul; Simon, Tomas; Sheikh, Yaser",Single-network whole-body pose estimation,2019 IEEE/CVF international conference on computer vision (ICCV),,2380-7504,10.1109/ICCV.2019.00708,,"We present the first single-network approach for 2D whole-body pose estimation, which entails simultaneous localization of body, face, hands, and feet keypoints. Due to the bottom-up formulation, our method maintains constant real-time performance regardless of the number of people in the image. The network is trained in a single stage using multi-task learning, through an improved architecture which can handle scale differences between body/foot and face/hand keypoints. Our approach considerably improves upon OpenPose cao2018openpose, the only work so far capable of whole-body pose estimation, both in terms of speed and global accuracy. Unlike OpenPose, our method does not need to run an additional network for each hand and face candidate, making it substantially faster for multi-person scenarios. This work directly results in a reduction of computational complexity for applications that require 2D whole-body information (e.g., VR/AR, re-targeting). In addition, it yields higher accuracy, especially for occluded, blurry, and low resolution faces and hands. For code, trained models, and validation benchmarks, visit our project page: https://github.com/CMU-Perceptual-Computing-Lab/openpose_train.",2019-10,2026-08-10 12:59:57,2026-08-10 12:59:57,,6981-6990,,,,,,,,,,,,,,,,,,,,,,,,Detectors; Face; Pose estimation; Task analysis; Three-dimensional displays; Two dimensional displays,,,,,,,,,,,,,,,,,,,,,,,,,,,,,,,,,,,,,,,,,,,,,,,
9ATPPLEH,journalArticle,2019,"Zhou, Biao; Ai, Lingyu; Dong, Xiaobin; Yang, Le",DoA-based rigid body localization adopting single base station,IEEE Communications Letters,,1558-2558,10.1109/LCOMM.2019.2892738,,"Simultaneously determining the 3-dimensional (3-D) position and orientation of a rigid object is termed rigid body localization (RBL). The RBL has potential applications in the systems of virtual reality, spacecraft docking, and so on. In this letter, a new RBL scheme based on Direction of Arrival (DoA) measurements is proposed, which needs only a single base station (BS) and has no requirement for time synchronization between the target of interest and BS. For determining the position and orientation, the rigid object of interest has wireless sensors mounted on its surface, which are distributed with known topology. We first build a geometrical model fusing the measured DoAs from the wireless sensors and their known topology to determine the 3-D coordinates of these sensors. Then, using the obtained coordinate information, we achieve the RBL via rigid body transform methodologies. The constrained Cramer-Rao bound is derived to evaluate the performance of the developed method with respect to the DoA noise level and rigid body size.",2019-03,2026-08-10 12:59:57,2026-08-10 12:59:57,,494-497,,3,23,,,,,,,,,,,,,,,,,,,,,attitude estimation; constrained Cramer-Rao bound; direction of arrival; Direction-of-arrival estimation; Estimation; Position measurement; Rigid body localization; Sensors; single base station; Topology; Wireless communication; Wireless sensor networks,,,,,,,,,,,,,,,,,,,,,,,,,,,,,,,,,,,,,,,,,,,,,,,
Q7XGZTBV,conferencePaper,2004,"Magnenat-Thalmann, N.; Seo, Hyewon",Dynamic body transformation and matching from scanned data,"Proceedings shape modeling applications, 2004.",,,10.1109/SMI.2004.1314488,,"Summary form only given. Appropriate combinations of statistical and geometric methods permit modeling and estimation of complex objects. This paper investigates such combinations in the modeling of human body models in computer graphics. By concentrating on such a particular class of objects, we show how example based techniques together with interpolation ones can exploit existing data and knowledge about body shape and size modelling. Graphical modeling of human bodies obviously has applications in the entertainment industry for character animation and simulations involving people. Other applications range from virtual reality to ergonomic and manufacturing studies.",2004-06,2026-08-10 12:59:57,2026-08-10 12:59:57,,3-,,,,,,,,,,,,,,,,,,,,,,,,Animation; Application software; Biological system modeling; Computational modeling; Computer graphics; Humans; Interpolation; Manufacturing industries; Shape; Solid modeling,,,,,,,,,,,,,,,,,,,,,,,,,,,,,,,,,,,,,,,,,,,,,,,
SXDENZ3A,journalArticle,2021,"Steel, Adam; Robertson, Caroline E.; Taube, Jeffrey S.",Current promises and limitations of combined virtual reality and functional magnetic resonance imaging research in humans: a commentary on huffman and ekstrom (2019),Journal of Cognitive Neuroscience,,0898-929X,10.1162/jocn_a_01635,,"Real-world navigation requires movement of the body through space, producing a continuous stream of visual and self-motion signals, including proprioceptive, vestibular, and motor efference cues. These multimodal cues are integrated to form a spatial cognitive map, an abstract, amodal representation of the environment. How the brain combines these disparate inputs and the relative importance of these inputs to cognitive map formation and recall are key unresolved questions in cognitive neuroscience. Recent advances in virtual reality technology allow participants to experience body-based cues when virtually navigating, and thus it is now possible to consider these issues in new detail. Here, we discuss a recent publication that addresses some of these issues (D. J. Huffman and A. D. Ekstrom. A modality-independent network underlies the retrieval of large-scale spatial environments in the human brain. Neuron, 104, 611–622, 2019). In doing so, we also review recent progress in the study of human spatial cognition and raise several questions that might be addressed in future studies.",2021-02,2026-08-10 12:59:57,2026-08-10 12:59:57,,159-166,,2,33,,,,,,,,,,,,,,,,,,,,,,,,,,,,,,,,,,,,,,,,,,,,,,,,,,,,,,,,,,,,,,,,,,,,
WR398S57,conferencePaper,2024,"Rizou, Foteini; Kougkolos, Rigas; Kapetas, Dimitrios; Georgiadis, Charalampos; Patseas, Georgios; Tsakiris, Athanasios; Pechlivani, Eleftheria Maria; Ioannidis, Dimosthenis; Tzovaras, Dimitrios",Advancing Cultural Heritage Preservation through monument 3D reconstruction and multi-platform interaction-based applications,2024 28th international conference on information technology (IT),,2836-3744,10.1109/IT61232.2024.10475758,,"The preservation and sharing of cultural heritage is a practice that not only connects us to our past but also enriches our present and future, fostering a deeper understanding and appreciation of the diverse narratives and histories that shape our world. Recent technological advancements have opened up new possibilities for this endeavor, allowing for preservation on a scale previously unimaginable. This study focuses on demonstrating the feasibility and effectiveness of these technologies by virtually recreating the Holy Monastery of Pantokrator, a significant heritage site in the monastic state of Mount Athos, Greece. The study involves the detailed 3D reconstruction with modern 3D image acquisition techniques such as photogrammetry and advanced 3D modeling. The interactive experience is facilitated through three modes: Desktop Mode (Screen, Keyboard, Mouse), Virtual Reality Headset Mode and 360° Video mode, catering to different user preferences and access to hardware. Our results indicate a high level of accuracy and detail in the virtual model, closely mirroring the actual site. This study contributes to the growing body of research exploring the application of VR in cultural heritage preservation and dissemination. The findings highlight the potential of VR to democratize access to cultural heritage assets, particularly those that may be difficult or impossible to visit in person.",2024-02,2026-08-10 12:59:57,2026-08-10 12:59:57,,1-5,,,,,,,,,,,,,,,,,,,,,,,,Keyboards; Robustness; Shape; Solid modeling; Technological innovation; Three-dimensional displays; Virtual reality,,,,,,,,,,,,,,,,,,,,,,,,,,,,,,,,,,,,,,,,,,,,,,,
EN762TJ4,conferencePaper,2025,"Fang, Xinmin; Li, Zheshuo; Tao, Lingfeng; Li, Zhengxiong",VRobotix: a scalable and cost-effective virtual-reality-based robotic manipulation dataset generation framework,2025 IEEE/RSJ international conference on intelligent robots and systems (IROS),,2153-0866,10.1109/IROS60139.2025.11247610,,"Large-scale, diverse datasets are essential for training robust learning-based robotic manipulation models; however, their acquisition typically requires controlled environments and specialized hardware in research laboratories. This paper presents VRobotix, a virtual reality (VR)-based framework that enables cost-effective and scalable robotic dataset generation through immersive human-in-the-loop control within a physics-accurate robot simulation. By leveraging off-the-shelf VR headsets (e.g., Oculus Quest 3), VRobotix eliminates the need for physical robots while supporting a URDF-compatible, physics-based simulator that accommodates adaptable robotic platforms and egocentric control interfaces, including handheld controllers and body posture tracking. Benefiting from the physics-based simulation, a unique contribution of VRobotix is the replay module, which can regenerate synchronized multi-modal dataset (kinematic states, RGB-D streams) with multiple dataset formats based on the replayable trajectory, supporting various robotic applications. Additionally, an imitation learning module is developed to train control policies using the data collected by VRobotix. Experiments on three initial tasks—pushing, grasping, and stacking—demonstrate a high data collection success rate, averaging 92.0",2025-10,2026-08-10 12:59:57,2026-08-10 12:59:57,,13097-13102,,,,,,,,,,,,,,,,,,,,,,,,Data collection; Hardware; Robot learning; Robots; Solid modeling; Stability analysis; Synchronization; Training; Trajectory; Virtual reality,,,,,,,,,,,,,,,,,,,,,,,,,,,,,,,,,,,,,,,,,,,,,,,
3WRII9RK,conferencePaper,2023,"Clarke, Thomas J.; Mayer, Wolfgang; Zucco, Joanne E.; Smith, Ross T.",Generating pseudo random volumes for volumetric research,2023 IEEE international symposium on mixed and augmented reality adjunct (ISMAR-adjunct),,2771-1110,10.1109/ISMAR-Adjunct60411.2023.00061,,"Volumetric data is commonly used to understand the structure of an object, like the human body, underground structures, or weather data. However, it is difficult to use this data as it requires expensive equipment and is difficult to automate. This data is expensive to create and catalogue on a large enough scale for a controlled study. We present a solution to this challenge by releasing an open-sourced system to create volumes solely designed for user studies for immersive experiences displayed through a Virtual Reality (VR) or Augmented Reality (AR) headset. By utilizing a system like this, we not only have a clear understanding of how a study can be received in Mixed Reality (MR), but it is possible to have a high level of control over the data, allowing for a higher degree of flexibility in the underlying data design. To facilitate this, we have designed a modular system designed to generate and validate volumes, adhere to a rule set interact within them from a VR or AR interface and evaluate the types of volumes that could be formed.",2023-10,2026-08-10 12:59:57,2026-08-10 12:59:57,,266-270,,,,,,,,,,,,,,,,,,,,,,,,Augmented reality; Design methodology; Headphones; Human-centered computing; Meteorology; Mixed reality; Three-dimensional displays; Treemaps; User interfaces; Visualization; Visualization design and evaluation methods; Visualization techniques,,,,,,,,,,,,,,,,,,,,,,,,,,,,,,,,,,,,,,,,,,,,,,,
JDIE7E2L,conferencePaper,2016,"Wilson, Brandon; Bounds, Matthew; Tavakkoli, Alireza",A full-body motion calibration and retargeting for intuitive object manipulation in immersive virtual environments,2016 IEEE 9th workshop on software engineering and architectures for realtime interactive systems (SEARIS),,2328-7829,10.1109/SEARIS.2016.7551585,,"In this paper a system is proposed to combine small finger movements with the large-scale body movements captured from a motion capture system. The strength of the proposed work over previous research is in the real-time performance of integrating small-scale finger and hand animation with the full-body skeletal animation. This provides a higher degree of immersion and interactivity when compared to more traditional virtual reality systems which use traditional user interfaces. A number of experiments are conducted with humanoid skeletons that are both similar to an actual humane. g. a SWAT officer, and those that are dissimilar - e.g. a Gremlin, to showcase the performance of the proposed approach.",2016-03,2026-08-10 12:59:58,2026-08-10 12:59:58,,1-5,,,,,,,,,,,,,,,,,,,,,,,,Calibration; Engines; Gesture recognition; I.3.7 [Computer Graphics]: Three-Dimensional Graphics and Realism—Animation; I.3.7 [Computer Graphics]: Three-Dimensional Graphics and Realism—Virtual Reality; I.3.8[Computer Graphics]: Applications; Skeleton; Tracking; Virtual environments,,,,,,,,,,,,,,,,,,,,,,,,,,,,,,,,,,,,,,,,,,,,,,,
NHNJQ6ME,conferencePaper,2024,"Memmesheimer, Raphael; Lenz, Christian; Schwarz, Max; Schreiber, Michael; Behnke, Sven",Self-centering 3-DoF feet controller for hands-free locomotion control in telepresence and virtual reality,2024 IEEE conference on telepresence,,,10.1109/Telepresence63209.2024.10841525,,"We present a novel seated feet controller for handling 3 Degree of Freedom (DoF) aimed to control locomotion for telepresence robotics and virtual reality environments. Tilting the feet on two axes yields in forward, backward and sideways motion. In addition, a separate rotary joint allows for rotation around the vertical axis. Attached springs on all joints self-center the controller. The HTC Vive tracker is used to translate the trackers’ orientation into locomotion commands. The proposed self-centering feet controller was used successfully for the ANA Avatar XPRIZE competition, where a naive operator traversed the robot through a longer distance, surpassing obstacles while solving various interaction and manipulation tasks in between. We publicly provide the models of the mostly 3D-printed feet controller for reproduction.",2024-11,2026-08-10 12:59:58,2026-08-10 12:59:58,,57-60,,,,,,,,,,,,,,,,,,,,,,,,3-DOF; Avatars; Robots; Solid modeling; Springs; Telepresence; Tracking,,,,,,,,,,,,,,,,,,,,,,,,,,,,,,,,,,,,,,,,,,,,,,,
UHFH9MG9,conferencePaper,2025,"Li, Yan","Vision-language-action models: Foundations, techniques and applications",2025 17th international conference on intelligent human-machine systems and cybernetics (IHMSC),,2157-8982,10.1109/IHMSC66529.2025.00046,,"Vision-Language-Action (VLA) models mark a transformative breakthrough in embodied AI, seamlessly integrating visual perception, natural language understanding, and robotic control to create intelligent, adaptable agents. Leveraging pre-trained vision-language models (VLMs), VLAs harness Internet-scale semantic knowledge for robust generalization across novel tasks, including object manipulation, navigation, and human interaction. This paper offers a survey of VLA models, elucidating their core concepts, architectural designs, and wideranging applications. We examine key architectural elements such as multimodal encoders, fusion mechanisms, and action decoders. Applications encompass robotic manipulation, autonomous navigation, human assistance, and emerging areas including edge computing, industrial automation, healthcare, agriculture, and virtual reality. By synthesizing these advancements, we highlight VLAs' potential to transcend traditional boundaries in robotics, while addressing persistent challenges in tokenization, fusion robustness, and embodiment generalization. This work provides a reference for researchers and practitioners, emphasizing VLAs' promise in developing scalable, versatile systems for real-world embodied intelligence.",2025-08,2026-08-10 12:59:58,2026-08-10 12:59:58,,174-177,,,,,,,,,,,,,,,,,,,,,,,,Adaptation models; Navigation; Robustness; Semantics; Service robots; Solid modeling; Surveys; Tokenization; Virtual reality; Vision-Language-Action Models; Visual perception; VLA applications; VLA architecture,,,,,,,,,,,,,,,,,,,,,,,,,,,,,,,,,,,,,,,,,,,,,,,
9LZCXE9Y,conferencePaper,2011,"Kunić, Srećko; Šego, Zoran",3D television,Proceedings ELMAR-2011,,1334-2630,,,"‘3DTV’ is the general name for television systems which allow the viewer to perceive ‘depth’ in the scene he watches. Our perception of depth is linked to many elements in the scene, such as size of objects, texture, etc. One of the most important feature for objects close to us is the difference seen by the left and right eye (‘binocular disparity’). A 3D television (3D TV) is a television set that employs techniques of 3D presentation. A special viewing device project a television program into a realistic three-dimensional field. As good as the picture is on modern high definition televisions, the image on the screen is still locked in two dimensions. Due to the rise of popular 3D feature films (namely Pixar's ""Up"" and James Cameron's ""Avatar""), many manufacturers are starting to make, or at least announce televisions that will bring your viewing experience into the 3D dimension. Year 2010 was a breakout year for 3D TV, 3D movies and 3D content. Jeffrey Katzenberg, CEO of Dream Works Animation SKG Inc., calls 3D media ""the greatest innovation that has happened for the movie theaters and for moviegoers since color"". To date, the largest complaint has been the lack of content and the frustration with special eyewear. Companies have exhibited glasses-free (or “autostereoscopic”) TV prototypes for years, but CES 2011 brought the first commercial models. This will be launched in the second half of the year. Non consumer applications include virtual reality applications, scientific research and education, industrial design and monitoring. In medicine, 3D images may aid diagnosis as well as surgery and transportation. In industry, they may aid design and prototyping machines or products involving moving parts. In education and science, they may allow unmatched visualization capability.",2011-09,2026-08-10 12:59:58,2026-08-10 12:59:58,,127-131,,,,,,,,,,,,,,,,,,,,,,,,3D Television; Autostereoscopic; Cameras; Color Separation; Display without glasses; Eyeglasses; Glass; Image color analysis; Lenses; Lenticular Lenses; Motion pictures; Paralax Barrier; Parallax; Polarized/Passive Glasses; Shuttered/Active Glasses; Stereoscopy; Three dimensional displays; TV,,,,,,,,,,,,,,,,,,,,,,,,,,,,,,,,,,,,,,,,,,,,,,,
4EGTQ86A,conferencePaper,2007,"Wellner, Mathias; Duschau-Wicke, Alexander; von Zitzewitz, Joachim; Riener, Robert",Stepping over virtual obstacles with an actuated gait orthosis,2007 IEEE virtual reality conference,,2375-5334,10.1109/VR.2007.352499,,"The rehabilitation robot LOKOMAT has been developed at University Hospital Balgrist to automate treadmill training of spinal cord injury and stroke patients. Current rehabilitation training on that robot consists of moving the patient's legs on predefined trajectories. However, this kind of training is not challenging, as patients are moved regardless of their efforts and do not see their advancement. To enhance rehabilitation training with the LOKOMAT, a virtual reality setup was installed. It consists of a passive stereo projection system (screen size 3 m times 2 m), a Dolby 5.1 sound system and an electric fan. With that setup an obstacle crossing scenario was implemented. The patients can see their advancement on the screen, as an animated figurine (avatar) moves along a path simultaneously with their own movements. Additionally they can hear sounds (e.g. environmental sounds, steps), feel the wind, and experience force feedback, provided by the orthosis, when hitting obstacles. The objective of a first study on visual feedback was to investigate which feedback suits best to perceive the obstacle distances and heights correctly. To answer this question, 14 healthy subjects walked in the actuated gait orthosis, received visual feedback and tried to avoid collisions with obstacles. Subjects could move freely within the gait orthosis and determine their own speed and step length. They had to cross the obstacles independently, with haptic feedback, indicating obstacle hits. Results show that the side view results in least obstacle hits and that 2D excels 3D display in this respect",2007-03,2026-08-10 12:59:58,2026-08-10 12:59:58,,275-276,,,,,,,,,,,,,,,,,,,,,,,,Animation; Audio systems; augmented and virtual realities; Biofeedback; Feedback; Gait; H.5.1 [Information Interfaces and Presentation (e.g.; HCI)]: Multimedia Information Systems-Artificial; Hospitals; Leg; Legged locomotion; Obstacle Walking; Rehabiliation; Rehabilitation robotics; Robotics and automation; Spinal cord injury; Virtual reality; Virtual Reality,,,,,,,,,,,,,,,,,,,,,,,,,,,,,,,,,,,,,,,,,,,,,,,
I5YRNVA5,conferencePaper,2025,"Camiletto, Andrea Boscolo; Wang, Jian; Alvarado, Eduardo; Dabral, Rishabh; Beeler, Thabo; Habermann, Marc; Theobalt, Christian",FRAME: Floor-aligned representation for avatar motion from egocentric video,2025 IEEE/CVF conference on computer vision and pattern recognition (CVPR),,2575-7075,10.1109/CVPR52734.2025.01630,,"Egocentric motion capture with a head-mounted body-facing stereo camera is crucial for VR and AR applications but presents significant challenges such as heavy occlusions and limited annotated real-world data. Existing methods rely on synthetic pretraining and struggle to generate smooth and accurate predictions in real-world settings, particularly for lower limbs. Our work addresses these limitations by introducing a lightweight VR-based data collection setup with on-board, real-time 6D pose tracking. Using this setup, we collected the most extensive real-world dataset for ego-facing ego-mounted cameras to date in size and motion variability. Effectively integrating this multimodal input –device pose and camera feeds –is challenging due to the differing characteristics of each data source. To address this, we propose FRAME, a simple yet effective architecture that combines device pose and camera feeds for state-of-the-art body pose prediction through geometrically sound multimodal integration and can run at 300 FPS on modern hardware. Lastly, we showcase a novel training strategy to enhance the model’s generalization capabilities. Our approach exploits the problem’s geometric properties, yielding high-quality motion capture free from common artifacts in prior work. Qualitative and quantitative evaluations, along with extensive comparisons, demonstrate the effectiveness of our method. Data, code, and CAD designs will be available at vcai.mpi-inf.mpg.de/projects/FRAME.",2025-06,2026-08-10 12:59:58,2026-08-10 12:59:58,,17497-17507,,,,,,,,,,,,,,,,,,,,,,,,Cameras; computer vision; Feeds; motion capture; Motion capture; Pattern recognition; Real-time systems; Soft sensors; Solid modeling; Tracking; Training; Videos; wearable motion capture,,,,,,,,,,,,,,,,,,,,,,,,,,,,,,,,,,,,,,,,,,,,,,,
DAHVT7AT,conferencePaper,2023,"Ishimaru, Hiroki; Nakamura, Yugo; Fujimoto, Manato; Suwa, Hirohiko; Yasumoto, Keiichi",QoS-aware point cloud streaming of wild animals/humans for interactions in virtual space,2023 IEEE international conference on pervasive computing and communications workshops and other affiliated events (PerCom workshops),,2766-8576,10.1109/PerComWorkshops56833.2023.10150405,,"3D applications such as VR and AR are attracting increasing commercial attention, and point cloud video is expected to be one of the most suitable representations for real-time applications due to its simplicity and versatility. However, point cloud data is large in size and difficult to stream in a mobile network environment with limited bandwidth. Therefore, a method for streaming point clouds with low bandwidth consumption while maintaining the quality of the user experience is needed. In this paper, we present a point cloud streaming method of real-space objects such as humans and animals for real-time 3D reconstruction in VR space. The system uses a depth camera to scan a human or animal, divides the point cloud into parts of the body, and then controls the quality of the point cloud (i.e., resolution and frame rate) for each part in real-time according to the object's motion and context. This enables point cloud streaming with limited resources (computational and network resources) and maximizes the user's quality of experience. We exhibit a series of systems that enhance the user experience in remote communication in realistic environments and scenarios while maintaining interactivity between real-space objects and remote users.",2023-03,2026-08-10 12:59:58,2026-08-10 12:59:58,,325-327,,,,,,,,,,,,,,,,,,,,,,,,3D point cloud; Animals; Bandwidth; Conferences; Point cloud compression; QoE; Quality of service; Real-time communication; Streaming; Streaming media; Three-dimensional displays; VR,,,,,,,,,,,,,,,,,,,,,,,,,,,,,,,,,,,,,,,,,,,,,,,
77SRNUKS,conferencePaper,2012,"Yeh, Shih-Ching; Hwang, Wu-Yuin; Huang, Tzu-Chuan; Liu, Wen-Kang; Chen, Yu-Tsung; Hung, Yen-Po",A study for the application of body sensing in assisted rehabilitation training,"2012 international symposium on computer, consumer and control",,,10.1109/IS3C.2012.240,,"Stroke patient usually has the goal to maintain rehabilitation training, which is mainly to avoid physical function degeneration and to prevent the triggering of related complications. Therefore, how to obtain optimal rehabilitation therapy and to shorten the training time is a topic filled with lots of challenges. Traditional rehabilitation equipment is very expensive. Large scale equipment usually needs sufficient space, and if the room is not enough, the hardware usually cannot exploit its function, which is usually a trouble to small hospital and the research department. In the system, rehabilitation action practice is designed for it, together with virtual reality, the operation of ball catching game is simulated. Meanwhile, Kinect sensing device is used to detect the body action of the patient, to perform face recognition and to recognize voice command. Body sensing technique in electronic entertainment has realized the association of new era technology with rehabilitation medical care to set up virtual reality together with the use of Kinect to be applied in rehabilitation training for stroke patient. As compared to traditional expensive rehabilitation equipment, it has the advantages of low price and clinical practical utility. Its interface design is active and attractive, and is converted from boring to happy state. After completing rehabilitation training mission, medical care rehabilitation quality can indeed be effectively enhanced. For example, the game can help the recovery of exercise function, can generate psychological reinforcement, can enhance the co-existence feeling, and can reduce three types of negative emotional indexes, namely, depression, confusion and tension. In other words, the patient shows great improvement in the delicacy and sense of balance of upper limb action.",2012-06,2026-08-10 12:59:58,2026-08-10 12:59:58,,922-925,,,,,,,,,,,,,,,,,,,,,,,,body sensing; Educational institutions; Games; Kinect; Medical treatment; Psychology; rehabilitation; Sensors; Training; virtual reality; Virtual reality,,,,,,,,,,,,,,,,,,,,,,,,,,,,,,,,,,,,,,,,,,,,,,,
KUZEM8DS,conferencePaper,2022,"Joachimczak, Michał; Liu, Juan; Ando, Hiroshi",Creating 3D personal avatars with high quality facial expressions for telecommunication and telepresence,2022 IEEE conference on virtual reality and 3D user interfaces abstracts and workshops (VRW),,,10.1109/VRW55335.2022.00279,,"This study aims at providing a low-cost solution for telepresence where people are reconstructed as 3D avatars using an ordinary webeam, while still exhibiting abundant facial information (such as micro-expressions) that are critical for face-to-face communication. We estimate the basic 3D shape and texture of the body from a set of video frames, and then subsequently update its body pose, facial expression, and facial texture in each frame. Our method is expected to reduce the entry barrier of VR systems and create an embodied telecommunication that conveys rich information and subtle emotional changes to deepen mutual understanding at a distance.",2022-03,2026-08-10 12:59:58,2026-08-10 12:59:58,,856-857,,,,,,,,,,,,,,,,,,,,,,,,Avatars; Conferences; Human-centered computing—Human computer interaction (HCI)—interactive systems and tools—User interface programming; Human-centered computing—Visualization—Visualization systems and tools; Telepresence; Three-dimensional displays; Training; User interfaces; Virtual environments,,,,,,,,,,,,,,,,,,,,,,,,,,,,,,,,,,,,,,,,,,,,,,,
TWNSXDCF,journalArticle,2023,"Venkatakrishnan, Roshan; Venkatakrishnan, Rohith; Raveendranath, Balagopal; Pagano, Christopher C.; Robb, Andrew C.; Lin, Wen-Chieh; Babu, Sabarish V.",How virtual hand representations affect the perceptions of dynamic affordances in virtual reality,IEEE Transactions on Visualization and Computer Graphics,,1941-0506,10.1109/TVCG.2023.3247041,,"User representations are critical to the virtual experience, and involve both the input device used to support interactions as well as how the user is virtually represented in the scene. Inspired by previous work that has shown effects of user representations on the perceptions of relatively static affordances, we attempt to investigate how end-effector representations affect the perceptions of affordances that dynamically change over time. Towards this end, we empirically evaluated how different virtual hand representations affect users' perceptions of dynamic affordances in an object retrieval task wherein users were tasked with retrieving a target from a box for a number of trials while avoiding collisions with its moving doors. We employed a 3 (virtual end-effector representation) X 13 (frequency of moving doors) X 2 (target object size) multi-factorial design, manipulating the input modality and its concomitant virtual end-effector representation as a between-subjects factor across three experimental conditions: (1) Controller (using a controller represented as a virtual controller); (2) Controller-hand (using a controller represented as a virtual hand); (3) Glove (using a hand tracked hi-fidelity glove represented as a virtual hand). Results indicated that the controller-hand condition produced lower levels of performance than both the other conditions. Furthermore, users in this condition exhibited a diminished ability to calibrate their performance over trials. Overall, we find that representing the end-effector as a hand tends to increase embodiment but can also come at the cost of performance, or an increased workload due to a discordant mapping between the virtual representation and the input modality used. It follows that VR system designers should carefully consider the priorities and target requirements of the application being developed when choosing the type of end-effector representation for users to embody in immersive virtual experiences.",2023-05,2026-08-10 12:59:58,2026-08-10 12:59:58,,2258-2268,,5,29,,,,,,,,,,,,,,,,,,,,,Affordance; Affordances; Cameras; End effectors; Grasping; Passability; Self-Avatar; Task analysis; Tracking; Virtual Reality; Visualization,,,,,,,,,,,,,,,,,,,,,,,,,,,,,,,,,,,,,,,,,,,,,,,
X2PLG63X,conferencePaper,2024,"Sulistiyorahman, Fadrianto; Purnama, Bedy; Ferdian, Edward",Reconstructing detailed 3D car geometries from a single 2D image by repurposing pifu,2024 international conference on intelligent cybernetics technology & applications (ICICyTA),,,10.1109/ICICYTA64807.2024.10913109,,"User-generated content is an integral part of the Internet. With VR and AR technologies becoming more accessible and affordable, there will be an increase in demand to create 3D content independently. Through AI, the process of creating 3D content for the average user can be made easier. In this study, we will focus on PIFu, one of the most prominent 2D to 3D reconstruction methods. PIFu is an end-to-end deep learning reconstruction method that uses an implicit representation that locally aligns the pixels of the 2D image with the global context of its corresponding 3D object. Using the same method, it can also infer the texture colours of the object. PIFu was originally designed for reconstructing 3D geometry of humans wearing clothes along with their intricate 3D textures, such as folds and creases. In this study, we tested the capability of PIFu in reconstructing non-human geometries. We trained this model on the car object categories to reconstruct detailed 3D car geometries. We evaluated the test results for twenty-four geometries, resulting in 0.046±0.019m,0.343±0.118m, and 0.677±0.124 for average symmetric surface distance, Hausdorff distance, and intersection over union, respectively. Visually, the geometry also has pronounced details, most notably the clear separation between the wheels and the body.",2024-12,2026-08-10 12:59:58,2026-08-10 12:59:58,,732-736,,,,,,,,,,,,,,,,,,,,,,,,3D geometry reconstruction; Automobiles; geometries; Geometry; Image reconstruction; PIFu; Shape; Solid modeling; Surface reconstruction; Three-dimensional displays; Training; User-generated content; Wheels,,,,,,,,,,,,,,,,,,,,,,,,,,,,,,,,,,,,,,,,,,,,,,,
UQN7M5WG,conferencePaper,2023,"Xu, Chi; Li, Zhengzhe; Huai, Guo Qing; Zhao, Jia; Zhu, Yifei; Ma, Xiaoqiang; Wang, Haiyang",Lightweight immersive interaction with learning-based mobile panorama streaming for smart buildings,2023 3rd international conference on networking systems of AI (INSAI),,,10.1109/INSAI60116.2023.00068,,"Smart buildings integrate users' digitized wearables with their physical surroundings, creating a seamless and interactive user experience. This is achieved through the utilization of multiple sensors, video streaming, artificial intelligence, and edge computing. These technologies gather extensive data and offer users a wide range of applications, such as 3D audio/video in AR/VR, localization, virtual tours, and vigilant monitoring. However, modern AR/VR devices face limitations due to the bulkiness and discomfort of various on-body sensing hardware, like headsets and specialized glasses. These components often prove unsuitable for extended use. Developing an immersive system that combines lightweight interaction with high-quality presentation remains a significant challenge. This paper introduces a comprehensive system for lightweight immersive interaction tailored specifically for smart buildings. The system consists of the following components: 1). A lightweight panoramic imaging framework to address the challenges related to hardware size and functionality. 2). A learning-based video transcoding cost prediction framework for efficient load balancing. 3). A layered networking architecture designed to facilitate high-quality mobile live streaming. Our experimental results demonstrate the effectiveness of the system design, showcasing its seamless operation across different times, geographical locations, and heterogeneous wireless networks. It delivers a large-scale, high-quality experience while supporting low-latency interactive applications.",2023-11,2026-08-10 12:59:58,2026-08-10 12:59:58,,347-354,,,,,,,,,,,,,,,,,,,,,,,,artificial intelligence; Hardware; interactive systems; mobile video; Monitoring; Smart buildings; smart devices; Smart devices; streaming media; System analysis and design; Three-dimensional displays; Transcoding; User experience; Wearable devices; Wireless networks,,,,,,,,,,,,,,,,,,,,,,,,,,,,,,,,,,,,,,,,,,,,,,,
9DPBUKST,conferencePaper,2023,"Liu, Guangyuan; Du, Hongyang; Niyato, Dusit; Kang, Jiawen; Xiong, Zehui; Soong, Boon Hee",Vision-based semantic communications for metaverse services: a contest theoretic approach,GLOBECOM 2023 - 2023 IEEE global communications conference,,2576-6813,10.1109/GLOBECOM54140.2023.10437058,,"The popularity of Metaverse as an entertainment, social, and work platform has led to a great need for seamless avatar integration in the virtual world. In Metaverse, avatars must be updated and rendered to reflect users' behaviour. Achieving real-time synchronization between the virtual bilocation and the user is complex, placing high demands on the Metaverse Service Provider (MSP)'s rendering resource allocation scheme. To tackle this issue, we propose a semantic communication framework that leverages contest theory to model the interactions between users and MSPs and determine optimal resource allocation for each user. To reduce the consumption of network resources in wireless transmission, we use the semantic communication technique to reduce the amount of data to be transmitted. Under our simulation settings, the encoded semantic data only contains 51 bytes of skeleton coordinates instead of the image size of 8.243 megabytes. Moreover, we implement Deep Q-Network to optimize reward settings for maximum performance and efficient resource allocation. With the optimal reward setting, users are incentivized to select their respective suitable uploading frequency, reducing down-sampling loss due to rendering resource constraints by 66.076",2023-12,2026-08-10 12:59:58,2026-08-10 12:59:58,,2426-2432,,,,,,,,,,,,,,,,,,,,,,,,Avatars; contest theory; Metaverse; Rendering (computer graphics); resource allocation; Resource management; semantic communications; Semantics; System performance; Wireless communication,,,,,,,,,,,,,,,,,,,,,,,,,,,,,,,,,,,,,,,,,,,,,,,
XL342BCR,conferencePaper,2025,"Fukatsu, Haru; Peng, Yanhong; Funabora, Yuki; Doki, Shinji","Funabot-suit for upper body: McKibben actuated-suit inducing seven kinesthetic perceptions in elbow, shoulder, and trunk","2025 IEEE international conference on systems, man, and cybernetics (SMC)",,,10.1109/SMC58881.2025.11342743,,"This paper presents the Funabot-Suit for the Upper Body, enabling users to perceive seven upper body motions (shoulder abduction, elbow flexion/extension, and trunk rotation) through kinesthetic feedback induced by 80 McKibben artificial muscles embedded in elastic clothing. Unlike existing systems that rely on rigid structures or vibrotactile feedback, the Funabot-Suit provides soft, multi-joint kinesthetic feedback via garment deformation. Building on our previous work focused on trunk motion, this study extends perception to more localized joints such as the shoulders and elbows. The experimental results from nine participants indicate that larger body parts tend to induce stronger and clearer sensations, while certain localized motions, such as elbow extension, are perceived less clearly. These findings suggest that both the size of the body part and the placement of artificial muscles affect kinesthetic perception. The results provide design insights for future wearable devices targeting VR, rehabilitation, and human-robot interaction.",2025-10,2026-08-10 12:59:58,2026-08-10 12:59:58,,3719-3726,,,,,,,,,,,,,,,,,,,,,,,,Artificial muscles; Clothing; Cybernetics; Deformation; Design methodology; Elbow; Haptic interfaces; Human-robot interaction; Muscles; Wearable devices,,,,,,,,,,,,,,,,,,,,,,,,,,,,,,,,,,,,,,,,,,,,,,,
K42LN8KT,conferencePaper,2020,"Chiu, Jih-Ching; Tseng, Hao-Yu; Lee, Zhi-Yu",Design of multidimension-media streaming protocol based on RTSP,2020 international computer symposium (ICS),,,10.1109/ICS51289.2020.00074,,"In recent years, with the rise of the concept of virtual reality, multidimension-media that contains multiple sensory stimulations such as vision, hearing, and somatosensory have also sprung up. However, existing network streaming platforms are still limited to traditional video and audio streaming, lack the transmission of somatosensory data, and cannot support multidimension-media that requires natural interaction. This paper proposes a multidimension-media streaming system composed of three parties: control center, client platform, and multidimension-media producer. It specifies the login procedures, link procedures, interaction mechanisms, and logout procedures in detail. This architecture adopts the method of separate transmission of audiovisual information and body joint information to solve the problem of the unreturnable somatosensory information in the current streaming system. In this paper, a complete system has been set up to actually verify the flow of producers and client platforms from login, data transmission, stream creation to logout. It proposes an objective function for the system delay and tests the influence of the network cache size on the client platform. The delay can be reduced to less than one second under the best settings. This paper also measured the relationship between the body joints and the network traffic of the control center when a single pair of client-producer were connected and proposed related formulas for reference when building systems in the future.",2020-12,2026-08-10 12:59:58,2026-08-10 12:59:58,,341-347,,,,,,,,,,,,,,,,,,,,,,,,Codecs; Decoding; Delays; Image coding; multidimension-media; network system; Protocols; RTSP; Telecommunication traffic; Testing; video streaming; Virtual Reality,,,,,,,,,,,,,,,,,,,,,,,,,,,,,,,,,,,,,,,,,,,,,,,
CQVYYJ9E,conferencePaper,2024,"Khademhossein, Mobina; Azmi, Reza; Moradian, Fatemeh; Darvishi, Hosna",Image-based virtual try-on systems with wavelet transform,2024 20th CSI international symposium on artificial intelligence and signal processing (AISP),,2640-5768,10.1109/AISP61396.2024.10475299,,"Virtual try-on is a clothing technology that allows users to try on clothes virtually without physically wearing them. This is done by digitally overlaying clothing on the user’s body using various methods such as augmented reality, virtual reality and 3D scanning. Virtual try-on has the potential to revolutionize the fashion industry by reducing returns, improving customer experience and increasing sales. There are several major challenges in the field of image-based clothing virtual try on, including: the variety of human poses and the misalignment between clothes and poses, the existence of suitable datasets, and the existence of images with different resolutions for virtual try-on; It is also important to note that the data must be of high quality and represent the real world. In this research, to overcome the challenge of images with different resolutions, we presented an architecture named Appearance Flow with Wavelet(AFW), which is an extension of the Appearance Flow network; In this architecture, a wavelet transform function and the definition of the loss function in its objective function are used to effectively manage the differences in resolution and make the network more resistant to input images with different resolutions and appropriate warping of clothing, according to the person. The experimental results show that these changes lead to improvement in the way the clothes are warped and determine the shape and size of the clothes that are suitable for the desired person’s body, and also cause the network to be resistant to the difference in resolution in the input images.",2024-02,2026-08-10 12:59:58,2026-08-10 12:59:58,,1-6,,,,,,,,,,,,,,,,,,,,,,,,Analytical models; Clothing; Feature extraction; Image resolution; Image-based clothing virtual try-on; Solid modeling; Virtual try-on; Wavelet analysis; Wavelet transform function; Wavelet transforms,,,,,,,,,,,,,,,,,,,,,,,,,,,,,,,,,,,,,,,,,,,,,,,
ZL38GH28,conferencePaper,2010,"Ueda, Hirofumi; Akagi, Tetsuya; Dohta, Shujiro",Development of 2-position 3-port control valve with self-holding function,Proceedings of SICE annual conference 2010,,,,,"Recently, force feedback devices in virtual reality and power assisted nursing care systems have received much attention and active research. In such a control system, an actuator and a driving device such as a control valve are mounted on the human body. In this condition, the size and weight of the valve become serious problems. At the same time, the valve should be operated with lower energy consumption because of using a limited electrical power. The typical electro magnetic solenoid valve drives its spool using a larger solenoid to open the orifice. The complex construction of the valve for sealing makes its miniaturization and the fabrication of a low cost valve more difficult. In addition, the solenoid in the valve consumes more electrical power while the valve is kept opening. The purpose of our study is to develop a small-sized, lightweight, lower energy consumption and flexible control valve that can be safe enough to mount on the human body at a lower cost. In our pervious study, we proposed and tested the control valve that can open using a vibration motor. We also proposed and tested a new type of fluid control valve with a self-holding function using a permanent magnet ball in a check valve, a cylindrical magnet and two solenoids. In this study, we propose and improve the valve so as to make 2 positions and 3 ports control valve with self-holding function. As a result, we confirm that the tested valve can realize both functions of supply and exhaust. We also find that the valve has a function of overlap by using the time lag of moving cylindrical magnet.",2010-08,2026-08-10 12:59:58,2026-08-10 12:59:58,,1239-1243,,,,,,,,,,,,,,,,,,,,,,,,Electron tubes; Force; Iron; Low power consumption; Magnetic cores; Orifices; Self-holding function; Small-sized control valve; Solenoids; Valves,,,,,,,,,,,,,,,,,,,,,,,,,,,,,,,,,,,,,,,,,,,,,,,
GJW3ZDKU,journalArticle,2005,"Gunn, Chris; Hutchins, Matthew; Adcock, Matt",Combating latency in haptic collaborative virtual environments,Presence,,1054-7460,10.1162/105474605323384663,,"Haptic (force) feedback is increasingly being used in surgical-training simulators. The addition of “touch” is important extra information that can add another dimension to the realism of the experience. Progress in networking these systems together over long distances has been held back, principally because the latency of the network can induce severe instability in any dynamic objects in the scene. This paper describes techniques allowing long-distance sharing of haptic-enabled, dynamic scenes. At the CSIRO Virtual Environments Laboratory, we have successfully used this system to connect a prototype of a surgical-simulation application between participants on opposite sides of the world in Sweden and Australia, over a standard Internet connection spanning 3 continents and 2 oceans. The users were able to simultaneously manipulate pliable objects in a shared workspace, as well as guide each other's “hands” (and shake hands!) over 22,000 km (13620 miles) of Internet connection. The main obstacle to overcome was the latency-induced instability in the system, caused by the delays and jitter inherent in the network. Our system involved a combination of an event-collection mechanism, a network event-forwarding mechanism and a “pseudophysics” mechanism. We found that the resulting behavior of the interconnected body organs, under simultaneous-user manipulation, was sufficiently convincing to be considered for training surgical procedures.",2005-06,2026-08-10 12:59:58,2026-08-10 12:59:58,,313-328,,3,14,,,,,,,,,,,,,,,,,,,,,,,,,,,,,,,,,,,,,,,,,,,,,,,,,,,,,,,,,,,,,,,,,,,,
JEN6ZNBY,journalArticle,2018,"Cha, Young-Woon; Price, True; Wei, Zhen; Lu, Xinran; Rewkowski, Nicholas; Chabra, Rohan; Qin, Zihe; Kim, Hyounghun; Su, Zhaoqi; Liu, Yebin; Ilie, Adrian; State, Andrei; Xu, Zhenlin; Frahm, Jan-Michael; Fuchs, Henry","Towards fully mobile 3D face, body, and environment capture using only head-worn cameras",IEEE Transactions on Visualization and Computer Graphics,,1941-0506,10.1109/TVCG.2018.2868527,,"We propose a new approach for 3D reconstruction of dynamic indoor and outdoor scenes in everyday environments, leveraging only cameras worn by a user. This approach allows 3D reconstruction of experiences at any location and virtual tours from anywhere. The key innovation of the proposed ego-centric reconstruction system is to capture the wearer's body pose and facial expression from near-body views, e.g. cameras on the user's glasses, and to capture the surrounding environment using outward-facing views. The main challenge of the ego-centric reconstruction, however, is the poor coverage of the near-body views - that is, the user's body and face are observed from vantage points that are convenient for wear but inconvenient for capture. To overcome these challenges, we propose a parametric-model-based approach to user motion estimation. This approach utilizes convolutional neural networks (CNNs) for near-view body pose estimation, and we introduce a CNN-based approach for facial expression estimation that combines audio and video. For each time-point during capture, the intermediate model-based reconstructions from these systems are used to re-target a high-fidelity pre-scanned model of the user. We demonstrate that the proposed self-sufficient, head-worn capture system is capable of reconstructing the wearer's movements and their surrounding environment in both indoor and outdoor situations without any additional views. As a proof of concept, we show how the resulting 3D-plus-time reconstruction can be immersively experienced within a virtual reality system (e.g., the HTC Vive). We expect that the size of the proposed egocentric capture-and-reconstruction system will eventually be reduced to fit within future AR glasses, and will be widely useful for immersive 3D telepresence, virtual tours, and general use-anywhere 3D content creation.",2018-11,2026-08-10 12:59:58,2026-08-10 12:59:58,,2993-3004,,11,24,,,,,,,,,,,,,,,,,,,,,Cameras; Convolutional Neural Networks; Deformable models; Ego-centric Vision; Face; Image reconstruction; Motion Capture; Pose estimation; Solid modeling; Telepresence; Three-dimensional displays,,,,,,,,,,,,,,,,,,,,,,,,,,,,,,,,,,,,,,,,,,,,,,,
J4WLFQVN,journalArticle,2024,"Raghavendra, S.; Abhilash, S. K.; Madhav Nookala, Venu; Nanjappa, Yashwanth",AF-cpacnet: AnchorFree crowd parsing attention-based characteristic segmentation network,"IEEE access : practical innovations, open solutions",,2169-3536,10.1109/ACCESS.2024.3501394,,"Multi-human parsing involves the task of segmenting and identifying different human parts within images that contain multiple people. It is a crucial task in computer vision, particularly for applications such as human pose estimation, scene understanding, and virtual reality. This paper explores the various features and techniques used in multi-human parsing, including the use of deep learning models like convolutional neural networks (CNNs) and attention mechanisms to accurately detect and segment human body parts in crowded or complex environments. Anchor boxes often fail to capture the diverse variations in human body shapes and poses accurately, leading to suboptimal performance in human parsing tasks. To address these limitations, we introduce AF-CPACNet, a novel model that eliminates the need for anchor boxes by adopting a multi-head and multi-task architecture. AF-CPACNet consists of two key components: a detection head and an edge-guided parsing module, enabling pixel-level analysis and improving the precision of human body part segmentation. Additionally, a refinement head is incorporated to further enhance semantic parsing quality. The model captures finer details of human body parts by considering color, size, and pattern attributes in a single forward pass while operating in real-time. A specialized loss function is employed to optimize semantic parsing results and improve training efficiency. We evaluate the performance of AF-CPACNet on multiple human parsing datasets, including CCIHP and CIHP, and demonstrate that it significantly outperforms existing state-of-the-art methods. Specifically, AF-CPACNet achieves an 11",2024,2026-08-10 12:59:58,2026-08-10 12:59:58,,171706-171717,,,12,,IEEE Access,,,,,,,,,,,,,,,,,,,Accuracy; Anchor-based detection; Computational modeling; Computer architecture; Computer vision; human parsing; Image color analysis; Image segmentation; Instance segmentation; multi-task architecture; Multitasking; pixel-level analysis; semantic parsing; Semantics; Solid modeling,,,,,,,,,,,,,,,,,,,,,,,,,,,,,,,,,,,,,,,,,,,,,,,
ABBQHANH,conferencePaper,2018,"Qi, Binbin; Pang, Mingyong",A robust and efficient algorithm for multi-body continuous collision detection,2018 international conference on cyberworlds (CW),,,10.1109/CW.2018.00020,,"Multi-body collision detection is a key and impor-tant technology in societies of computer graphics, system simu-lation, virtual reality, etc, and has been widely used in various applications. To deal with the collision problems in large scale multi-body simulations robustly and efficiently, we in this paper proposed a robust and efficient algorithm of continuous multi-body collision detection based on the kinetic ""Sweep and Prune"" (SaP) technique and the event-driven mechanism. Our algorithm first culls redundant detection calculations among very large numbers of moving bodies, and then automatically generates events to predict these collisions, probably taken place in coming time, of the object pairs. All these events are been pushed into a priority queue, which is used to drive our algorithm to run. By introducing a new hybrid bounding box hierarchy in the event processing process, our algorithm can detect positions where the object pairs collide. We discovered the event blocking problem potentially occurred during event processing, and further proposed several methods to alarm or relieve the system from the event blocking state. Experimental results show that our algorithm has good stability and strong robustness, and it can improve the speed and accuracy of the multi-body collision detection effectively.",2018-10,2026-08-10 12:59:58,2026-08-10 12:59:58,,41-49,,,,,,,,,,,,,,,,,,,,,,,,Collision avoidance; collision detection; Data structures; event blocking; event-driven; Heuristic algorithms; multi-body collision; Pipelines; Prediction algorithms; priority queue; Solid modeling; virtual reality; Virtual reality,,,,,,,,,,,,,,,,,,,,,,,,,,,,,,,,,,,,,,,,,,,,,,,
X4QEWS9P,conferencePaper,2026,"Zubekhin, Anton; Zhu, Heming; Gotardo, Paulo; Beeler, Thabo; Habermann, Marc; Theobalt, Christian",GIGA: Generalizable sparse image-driven gaussian humans,2026 international conference on 3D vision (3DV),,2475-7888,10.1109/3DV69130.2026.00086,,"Driving a high-quality and photorealistic full-body virtual human from a few RGB cameras is a challenging problem that has become increasingly relevant with emerging virtual reality technologies. A promising solution to democratize such technology would be a generalizable method that takes sparse multi-view images of any person and then generates photoreal free-view renderings of them. However, the state-of-the-art approaches are not scalable to very large datasets and, thus, lack diversity and photorealism. To address this problem, we propose GIGA, a novel, generalizable full-body model for rendering photoreal humans in free viewpoint, driven by a single-view or sparse multi-view video. Notably, GIGA can scale training to a few thousand subjects while maintaining high photorealism and synthesizing dynamic appearance. At the core, we introduce a MultiHeadUNet architecture, which takes an approximate RGB texture accumulated from a single or multiple sparse views and predicts 3D Gaussian primitives represented as 2D texels on top of a human body mesh. At test time, our method performs novel view synthesis of a virtual 3D Gaussian-based human from 1 to 4 input views and a tracked body template for unseen identities. Our method excels over prior works by a significant margin in terms of identity generalization capability and photorealism.",2026-03,2026-08-10 12:59:58,2026-08-10 12:59:58,,849-859,,,,,,,,,,,,,,,,,,,,,,,,Avatars; Computer vision; Computers; Conferences; freeview rendering; generalizable; Learning (artificial intelligence); Modeling; novel view synthesis; Printing; Rendering (computer graphics); Timing; Training; virtual humans,,,,,,,,,,,,,,,,,,,,,,,,,,,,,,,,,,,,,,,,,,,,,,,
T3GLY4WC,conferencePaper,2019,"de Souza e Almeida, Raphael; Cherullo, Renato; Radetic, Daniel; Francy M. Silva-Calpa, Greis; Barbosa Raposo, Alberto",Exploring motor and sensory devices in a bicycle simulator,2019 21st symposium on virtual and augmented reality (SVR),,,10.1109/SVR.2019.00048,,"This study presents the SimBike (Bicycle Simulator with Non-conventional Devices), a virtual reality simulator that uses motor and sensory devices to provide greater user involvement and comfort. The SimBike seeks to recreate the activity of riding a bicycle by taking full advantage of the efforts made in its execution, such as making curves with the handlebar or body weight, pedaling, braking, among others. It offers feedbacks commonly expected by the rider, such as the wind sensation depending on speed and the sensation of trepidation on uneven terrain. We evaluated the simulator with 16 users, obtaining satisfactory results regarding comfort, immersion, usability, and user experience. The results also suggest improvements to make the simulator suitable for all types of users, regardless of their characteristics such as weight and height, and also propose future studies.",2019-10,2026-08-10 12:59:58,2026-08-10 12:59:58,,232-241,,,,,,,,,,,,,,,,,,,,,,,,Augmented reality; Bicycle simulator; Bicycles; Cyber sickness; Nanoelectromechanical systems; Non-conventional devices; Resists; Sun; Usability; User experience; Virtual reality,,,,,,,,,,,,,,,,,,,,,,,,,,,,,,,,,,,,,,,,,,,,,,,
RQVRCFTC,conferencePaper,2025,"Agrawal, Anjali; Chen, Zhenghong; Desman, Braden E.; Wang, Jinhua; Tanaka, Akiyoshi; Foysal, Fahim; Hess, Charlie D.; Farrell, Will; Owens, Jim; Truesdell, Daniel S.; Calhoun, Benton H.",37.2 a 2-dimensional mm-Scale network-on-textiles (kNOTs) for wearable computing with direct die-to-yarn integration of 0.6×2.15mm2 SoC and bySPI chiplets,2025 IEEE international solid-state circuits conference (ISSCC),,2376-8606,10.1109/ISSCC49661.2025.10904771,,"This paper proposes a scalable, 2-dimensional network-on-textiles (kNOT) comprised of systems-on-chip (SoCs) and “bySPI” networking chiplets that are jointly capable of supporting heterogeneous programming, multiple sensing modalities, and a distributed memory system. Emerging e-textiles must retain the flexibility and comfort of their host garment to be viable in wearable applications for healthcare, virtual reality, and sports [1]–[4]. Prior integration efforts have demonstrated textile computing by weaving flexible filament circuits [5]–[7], embroidering conductive yarns [8], and fabricating electronic fibers [9]–[10]. Still, these works suffer from a combination of bulky, rigid components, high cost, or 1-dimensionality (Fig. 37.2.1). To preserve the textile's look and feel, SoCs for fabric integration must also be highly miniaturized, feature minimal area-hungry IO interfaces, be easily programmable, and be fully integrable. The e-textile system in [11] integrated a health sensing chip onto a planar fashionable circuit board, yet the board (25×25mm2) is 40× larger than the chip itself. The System-in-Fiber from [12] is fully autonomous but has many IO pads, is limited to 1D networks, and requires an interposer (4.7×3.7mm2) that is 3.8× larger than the die. Most recently, a battery-less e-textile system in [13] integrates cm-scale harvesting tiles and an inductor onto a shirt, but it lacks an integrated SoC. Many wearable applications also demand substantial on-garment storage, yet large memories are unsuited for comfortable textile integration due to their sizable footprint. Our kNOT solution addresses this by replacing monolithic memory units with a distributed set of smaller memories. However, networking these chiplets via existing bus standards incurs significant area and power penalties [14]. Existing Body Area Networks highlight the potential of multi-chip solutions, but they lack seamless textile integration [15]–[17]. Hence, to truly realize a fabric computing system, we propose a board and interposer-free 2D kNOT built with the direct-die attachment of two miniaturized chiplets: 1) an SoC with an array of reconfigurable pads, fault-tolerant global bootup, SoC-to-SoC clock synchronization, and dynamic network configuration; and 2) a bySPI chiplet which is a COTS-compatible, reduced-wire enhancement of the bypass-SPI (bySPI) protocol [14] capable of connecting to any number of receivers (RXs) using three wires. The chiplets are directly interconnected to braided composite yarns, which are comprised of para-aramid structural yarns and insulated 25μm-diameter conductors [26]. For each pad, a yarn is embroidered into a cotton substrate and its insulation is selectively ablated using a laser. Solder paste is deposited, the chiplet is placed to align its pads with the yarns, and the solder is reflowed. The interconnections are then encapsulated to provide mechanical and environmental protection. This textile-chiplet interconnection approach is compatible with automated high-throughput 2.5D electronics manufacturing methods, enabling the production of textile-integrated systems at scale (Fig. 37.2.1).",2025-02,2026-08-10 12:59:58,2026-08-10 12:59:58,,608-610,,,68,,,,,,,,,,,,,,,,,,,,,Chiplets; Fabrics; Integrated circuit interconnections; Sensors; Synchronization; Virtual reality; Wearable devices; Weaving; Wires; Yarn,,,,,,,,,,,,,,,,,,,,,,,,,,,,,,,,,,,,,,,,,,,,,,,
A799BWKH,conferencePaper,2021,"Cui, Xiaoxuan; Sun, Lijun; Wei, Zhihua",A feature fusion based dense estimation model for 3D human pose,"2021 6th international conference on image, vision and computing (ICIVC)",,,10.1109/ICIVC52351.2021.9527032,,"With the development of technology, especially the rise of some practical application technology such as AR, VR, and human-computer interaction, 3D human pose estimation has shown more and more extensive prospects. However, in existing 3D human pose estimation methods, there are still some issues. For example, the lack of multi-scale and diversity in the analysis of human posture leads to insufficient refinement in fitting and segmentation of body parts, and eventually causing unsatisfactory performance. In this paper, we propose a feature-fusion-based dense estimation model (FFD model) for 3D human pose estimation to solve the above problems. Specifically, we design a feature fusion module obtaining multi-scale feature information, which not only captures the overall information about the human posture, but also retains the position information and detailed information of the human body part. Furthermore, we use a dense feature extraction backbone network to expand the diversity of receptive fields, thus making the human pose estimation more refined and precise. Experiments on the COCO dataset show the superiority of FFD model compared with the baseline model.",2021-07,2026-08-10 12:59:58,2026-08-10 12:59:58,,247-252,,,,,,,,,,,,,,,,,,,,,,,,3D human pose estimation; Biological system modeling; Computational modeling; feature fusion; Human computer interaction; multiscale feature extraction; Pose estimation; Semantics; Solid modeling; Three-dimensional displays,,,,,,,,,,,,,,,,,,,,,,,,,,,,,,,,,,,,,,,,,,,,,,,
FJB9TXAN,conferencePaper,2003,"Harvey, D.J.; Das, S.K.; Biswas, R.",Performance of a heterogeneous grid partitioner for N-body applications,"2003 international conference on parallel processing, 2003. Proceedings.",,0190-3918,10.1109/ICPP.2003.1240604,,"An important characteristic of distributed grids is that they allow geographically separated multicomputers to be tied together in a transparent virtual environment to solve large-scale computational problems. However, many of these applications require effective runtime load balancing for the resulting solutions to be viable. Recently, we developed a latency tolerant partitioner, called MinEX, specifically for use in distributed grid environments. We compare the performance of MinEX to that of METIS using simulated heterogeneous grid configurations. A solver for the classical N-body problem is implemented to provide a benchmark for the comparisons. Simulation results show that MinEX provides superior quality partitions while being competitive to METIS in speed of execution.",2003-10,2026-08-10 12:59:58,2026-08-10 12:59:58,,399-406,,,,,,,,,,,,,,,,,,,,,,,,Aerodynamics; Application software; Computational modeling; Computer science; Costs; Delay; Grid computing; Large-scale systems; Load management; Runtime,,,,,,,,,,,,,,,,,,,,,,,,,,,,,,,,,,,,,,,,,,,,,,,
7GGUMV2C,conferencePaper,2025,"Lee, Jeongmin; Chen, Yuetong; Gillies, Marco; Pan, Xueni",The effect of child and adult avatars on spatial perception in urban-scale virtual environment,2025 IEEE international conference on artificial intelligence and eXtended and virtual reality (AIxVR),,2771-7453,10.1109/AIxVR63409.2025.00012,,"Spatial perception varies significantly between large-scale environments and smaller, object- or room-scale settings. Individuals process and interpret space differently depending on its scale, using their own bodies as reference points. In order to study spatial cognition as it applies to urban environments, it is vital to study it at a suitable scale and in people navigating those environments. Virtual Reality (VR) provides a way to study our spatial cognition in realistic, large-scale urban environments that participants are able to navigate freely. This paper presents a methodology for studying spatial cognition of large-scale virtual urban environments, including three novel tasks that address spatial memory (memory of landmarks and navigation paths) and preferences for urban features (deleting or adding features). This study applies this methodology to investigate the differences in spatial perception, memory, and layout preferences between people embodied in child and adult avatars. This is an interesting problem, as it opens up the possibility of allowing adults to understand how children experience urban environments differently. Using Virtual Reality, participants experienced an urban-scale environment while embodied in either a child or an adult in a full-body avatar and then undertook our spatial memory and preference tasks. The study showed no difference in the memory tasks, though the participants in child avatars deleted more features. This suggests that there is no evidence that embodiment as a child affects spatial cognition but that it might allow participants to detect more problems with an environment.",2025-01,2026-08-10 13:00:04,2026-08-10 13:00:04,,19-26,,,,,,,,,,,,,,,,,,,,,,,,Artificial intelligence; Avatars; body size; Cognition; embodiment; Layout; Navigation; Spatial cognition; spatial memory; spatial perception; Urban planning; virtual avatar; Virtual environments,,,,,,,,,,,,,,,,,,,,,,,,,,,,,,,,,,,,,,,,,,,,,,,
5T9KYRIL,journalArticle,2018,"Adams, Haley; Narasimham, Gayathri; Rieser, John; Creem-Regehr, Sarah; Stefanucci, Jeanine; Bodenheimer, Bobby",Locomotive recalibration and prism adaptation of children and teens in immersive virtual environments,IEEE Transactions on Visualization and Computer Graphics,,1941-0506,10.1109/TVCG.2018.2794072,,"As virtual reality expands in popularity, an increasingly diverse audience is gaining exposure to immersive virtual environments (IVEs). A significant body of research has demonstrated how perception and action work in such environments, but most of this work has been done studying adults. Less is known about how physical and cognitive development affect perception and action in IVEs, particularly as applied to preteen and teenage children. Accordingly, in the current study we assess how preteens (children aged 8-12 years) and teenagers (children aged 15-18 years) respond to mismatches between their motor behavior and the visual information presented by an IVE. Over two experiments, we evaluate how these individuals recalibrate their actions across functionally distinct systems of movement. The first experiment analyzed forward walking recalibration after exposure to an IVE with either increased or decreased visual flow. Visual flow during normal bipedal locomotion was manipulated to be either twice or half as fast as the physical gait. The second experiment leveraged a prism throwing adaptation paradigm to test the effect of recalibration on throwing movement. In the first experiment, our results show no differences across age groups, although subjects generally experienced a post-exposure effect of shortened distance estimation after experiencing visually faster flow and longer distance estimation after experiencing visually slower flow. In the second experiment, subjects generally showed the typical prism adaptation behavior of a throwing after-effect error. The error lasted longer for preteens than older children. Our results have implications for the design of virtual systems with children as a target audience.",2018-04,2026-08-10 13:00:04,2026-08-10 13:00:04,,1408-1417,,4,24,,,,,,,,,,,,,,,,,,,,,Biomechanics; Calibration; children; Electronic mail; Legged locomotion; perception; perceptual-motor recalibration; Virtual environments; Visualization,,,,,,,,,,,,,,,,,,,,,,,,,,,,,,,,,,,,,,,,,,,,,,,
P2X672FY,conferencePaper,2009,"Esch, Markus; Botev, Jean; Schloss, Hermann; Scholtes, Ingo",P2P-based avatar interaction in massive multiuser virtual environments,"2009 international conference on complex, intelligent and software intensive systems",,,10.1109/CISIS.2009.19,,"The idea of the 3D Web as a global scale Distributed Virtual Environment (DVE) currently is very popular and a lot of research work is done in this field. In the course of the HyperVerse project we have developed a two-tier Peer-To-Peer (P2P) architecture as basic infrastructure for a federated, open and scalable 3D Web. Our approach relies on a concept that incorporates a loosely-structured P2P network overlay of user clients and a highly-structured overlay that connects a federation of reliable server machines constituting a reliable backbone service. A central problem when intending to build a massive virtual online environment is how avatar interaction as well as tracking and provision of avatar positions can be realized in a globally scalable manner. This paper presents a hybrid avatar interaction scheme developed for HyperVerse that incorporates the user clients and the backbone service for avatar position tracking. The backbone is used as reliable fall-back service, while the avatar tracking is handled in a pure P2P fashion whenever possible. This way backbone overload is prevented in a self-organizing manner whenever client density tends to overburden the backbone infrastructure.",2009-03,2026-08-10 13:00:04,2026-08-10 13:00:04,,977-982,,,,,,,,,,,,,,,,,,,,,,,,3D Web; Avatars; Communication system software; Competitive intelligence; Computer science; DVE; Internet; MMVE; Network servers; NVE; P2P; Service oriented architecture; Software systems; Spine; Virtual environment,,,,,,,,,,,,,,,,,,,,,,,,,,,,,,,,,,,,,,,,,,,,,,,
3NFPILXN,journalArticle,2013,"Terziman, Léo; Marchal, Maud; Multon, Franck; Arnaldi, Bruno; Lécuyer, Anatole",Personified and multistate camera motions for first-person navigation in desktop virtual reality,IEEE Transactions on Visualization and Computer Graphics,,1941-0506,10.1109/TVCG.2013.38,,"In this paper we introduce novel 'Camera Motions' (CMs) to improve the sensations related to locomotion in virtual environments (VE). Traditional Camera Motions are artificial oscillating motions applied to the subjective viewpoint when walking in the VE, and they are meant to evoke and reproduce the visual flow generated during a human walk. Our novel camera motions are: (1) multistate, (2) personified, and (3) they can take into account the topography of the virtual terrain. Being multistate, our CMs can account for different states of locomotion in VE namely: walking, but also running and sprinting. Being personified, our CMs can be adapted to avatars physiology such as to its size, weight or training status. They can then take into account avatars fatigue and recuperation for updating visual CMs accordingly. Last, our approach is adapted to the topography of the VE. Running over a strong positive slope would rapidly decrease the advance speed of the avatar, increase its energy loss, and eventually change the locomotion mode, influencing the visual feedback of the camera motions. Our new approach relies on a locomotion simulator partially inspired by human physiology and implemented for a real-time use in Desktop VR. We have conducted a series of experiments to evaluate the perception of our new CMs by naive participants. Results notably show that participants could discriminate and perceive transitions between the different locomotion modes, by relying exclusively on our CMs. They could also perceive some properties of the avatar being used and, overall, very well appreciated the new CMs techniques. Taken together, our results suggest that our new CMs could be introduced in Desktop VR applications involving first-person navigation, in order to enhance sensations of walking, running, and sprinting, with potentially different avatars and over uneven terrains, such as for: training, virtual visits or video games.",2013-04,2026-08-10 13:00:04,2026-08-10 13:00:04,,652-661,,4,19,,,,,,,,,,,,,,,,,,,,,camera motions; Cameras; Legged locomotion; locomotion simulation.; Mathematical model; Navigation; Oscillators; Vibrations; Visualization,,,,,,,,,,,,,,,,,,,,,,,,,,,,,,,,,,,,,,,,,,,,,,,
43P3MNGN,conferencePaper,2019,"Wienrich, Carolin; Döllinger, Nina; Kock, Simon; Gramann, Klaus",User-centered extension of a locomotion typology: Movement-related sensory feedback and spatial learning,2019 IEEE conference on virtual reality and 3D user interfaces (VR),,2642-5254,10.1109/VR.2019.8798070,,"When human operators locomote actively in virtual environments (VE), the movement range often has to be adapted to the limited dimensions of the physical space. This however might lead to a conflict between sensory information originating from user movements and sensory feedback provided through the virtual locomotion. To investigate whether different locomotion strategies that adapt virtual movement to the limited physical space impact cognitive processes, two experiments were conducted. The first experiment used walking in place, the second study scale of locomotion to investigate the impact of locomotion adaptation on the acquisition of spatial knowledge and user experience. We systematically analyzed body-based sensorial conflicts for the different adaptation strategies and reveal that neither walking in place nor scale of locomotion impacts spatial knowledge acquisition or user experience. We can conclude that visual cues indicating locomotion combined with body-based rotational cues seem to be sufficient for the acquisition of spatial knowledge and that locomotion with controllers seems efficient and preferable for users. The results link system-driven typologies with human-centered factors to guide systematic tests of locomotion techniques in virtual environments for future studies.",2019-03,2026-08-10 13:00:04,2026-08-10 13:00:04,,690-698,,,,,,,,,,,,,,,,,,,,,,,,Body-Based Sensorial Cues; Cognitive processes; Floors; H.1.2 User/Machine Systems: Human information processing; H.5.2 User Interfaces: Evaluation/methodology; Legged locomotion; Locomotion; Spatial Cognition; Task analysis; User experience; User Experience; User-centered design; Visualization,,,,,,,,,,,,,,,,,,,,,,,,,,,,,,,,,,,,,,,,,,,,,,,
G4BK7N7M,journalArticle,2025,"Connolly, Rose; Buck, Lauren; Zordan, Victor; McDonnell, Rachel",The impact of navigation on proxemics in an immersive virtual environment with conversational agents,IEEE Transactions on Visualization and Computer Graphics,,1941-0506,10.1109/TVCG.2025.3550231,,"As social VR grows in popularity, understanding how to optimise interactions becomes increasingly important. Interpersonal distance–the physical space people maintain between each other–is a key aspect of user experience. Previous work in psychology has shown that breaches of personal space cause stress and discomfort. Thus, effectively managing this distance is crucial in social VR, where social interactions are frequent. Teleportation, a commonly used locomotion method in these environments, involves distinct cognitive processes and requires users to rely on their ability to estimate distance. Despite its widespread use, the effect of teleportation on proximity remains unexplored. To investigate this, we measured the interpersonal distance of 70 participants during interactions with embodied conversational agents, comparing teleportation to natural walking. Our findings revealed that participants maintained closer proximity from the agents during teleportation. Female participants kept greater distances from the agents than male participants, and natural walking was associated with higher agency and body ownership, though co-presence remained unchanged. We propose that differences in spatial perception and spatial cognitive load contribute to reduced interpersonal distance with teleportation. These findings emphasise that proximity should be a key consideration when selecting locomotion methods in social VR, highlighting the need for further research on how locomotion impacts spatial perception and social dynamics in virtual environments.",2025-05,2026-08-10 13:00:04,2026-08-10 13:00:04,,2787-2797,,5,31,,,,,,,,,,,,,,,,,,,,,Aerospace electronics; Cognitive load; Distance Estimation; Hands; Legged locomotion; Locomotion; Navigation; Particle measurements; Propioception; Proximity; Teleportation; User experience; Virtual environments; Virtual Reality,,,,,,,,,,,,,,,,,,,,,,,,,,,,,,,,,,,,,,,,,,,,,,,
KDE4DFN9,conferencePaper,2009,"Esch, Markus; Ooi, Wei Tsang; Scholtes, Ingo",Evaluation of the HyperVerse avatar management scheme based on the analysis of second life traces,2009 15th international conference on parallel and distributed systems,,1521-9097,10.1109/ICPADS.2009.61,,"Massive multiuser virtual environments (MMVEs) and the idea of a global scale 3D Web have grown popular in recent years. While commercial precursors of such environments for the most part rely on centralized client/server architectures, it is commonly accepted that a global scale virtual online world can only be realized in a distributed fashion. Within the HyperVerse project, we have developed and recently presented a two-tier Peer-to-Peer (P2P) architecture that incorporates a loosely structured P2P overlay of user peers and a highly structured overlay of server machines constituting a reliable backbone service. In such a distributed environment, an essential question is how avatars are tracked and interconnected in order to allow mutual rendering and interaction. We have previously proposed a hybrid avatar management scheme that utilizes the backbone service for avatar tracking if necessary, but handles tracking in a P2P fashion when peers can track each other to reduce the backbone load. This paper presents a detailed performance analysis of this algorithm under a realistic scenario, using traces from a large scale MMVE called Second Life. Moreover this paper presents and evaluates an optimization for the hybrid avatar tracking scheme that can be utilized under a weaker condition.",2009-12,2026-08-10 13:00:04,2026-08-10 13:00:04,,692-699,,,,,,,,,,,,,,,,,,,,,,,,Avatars; Conference management; Controllability; DVE; Environmental management; Large-scale systems; MMVE; P2P; Peer to peer computing; Performance analysis; Second Life; Spine; Virtual environment,,,,,,,,,,,,,,,,,,,,,,,,,,,,,,,,,,,,,,,,,,,,,,,
GJWKATN7,journalArticle,2026,"Du, Fangyu; Yang, Yang; Gao, Xuehao; Hou, Hongye; Sun, Chen",Hierarchical diffusion for sparse-to-full human motion reconstruction,IEEE Signal Processing Letters,,1558-2361,10.1109/LSP.2026.3694693,,"Human motion generation from sparse observations is an ill-posed problem in AR/VR, where head-mounted devices often capture only head and wrist trajectories. Prior methods usually reconstruct full-body motion in a single stage, forcing inference over a vast solution space and producing inaccurate lower-body motion, weak temporal coherence, and implausible sequences that degrade avatar embodiment. We present MAGE, a Multi-stage Avatar GEnerator based on hierarchical diffusion. Instead of predicting 22-joint motion at once, MAGE progressively refines motion from a coarse 6-part representation to full joints. Each stage injects stage-specific motion priors and uses intermediate predictions to constrain subsequent refinement, reducing ambiguity and stabilizing dynamics. Experiments on large-scale motion datasets show that MAGE improves reconstruction accuracy, temporal smoothness, and perceptual realism over state-of-the-art baselines, enabling more reliable full-body animation from minimal AR/VR sensing while preserving real-time interaction.",2026,2026-08-10 13:00:04,2026-08-10 13:00:04,,2185-2189,,,33,,,,,,,,,,,,,,,,,,,,,Accuracy; Animation; Computer vision; Computers; Conferences; Design methodology; diffusion models; Diffusion models; Joints; machine learning; Modeling; motion analysis; Noise reduction; Sequences; virtual reality,,,,,,,,,,,,,,,,,,,,,,,,,,,,,,,,,,,,,,,,,,,,,,,
EH9KPT5K,conferencePaper,2025,"Fern, Nina",Immersive blue spaces: Developing a mixed reality ocean encounter to improve wellbeing in adolescents and young adults,2025 IEEE international symposium on mixed and augmented reality adjunct (ISMAR-adjunct),,2771-1110,10.1109/ISMAR-Adjunct68609.2025.00184,,"This research project investigates virtual blue spaces and their potential to positively affect human health. Blue spaces are defined as water-based outdoor environments, in this instance the focus is on natural water surface bodies, such as lakes, rivers, waterfalls, and the sea. Recent research has shown that activities in blue spaces can boost human wellbeing [1]. This project highlights art-based Mixed Reality (MR) spaces that mimic blue space environments or are inspired by them, and their potential to promote public health. These virtual blue spaces consist of a large-scale 270-degrees screen projection to create a virtual environment backdrop and digital elements that are displayed through an MR headset on pass-through mode to create an immersive environment and offer interactivity to users. User engagement is driven through exploration of the environment, narrative, and dance exercise. Further enhancement is achieved through spatial audio consisting of nature sounds and music. The project includes a series of user experience testing with a focus on emotional response/wellbeing, immersion, as well as embodiment/presence and risks of cybersickness.",2025-10,2026-08-10 13:00:04,2026-08-10 13:00:04,,775-776,,,,,,,,,,,,,,,,,,,,,,,,blue space; Mixed reality; Mixed Reality; Public healthcare; Rivers; Sea surface; Sensors; Spatial audio; Testing; User experience; Virtual environments; virtual nature; Visualization; wellbeing,,,,,,,,,,,,,,,,,,,,,,,,,,,,,,,,,,,,,,,,,,,,,,,
GDZS3UNK,conferencePaper,2019,"Costa, João Filipe; Jacob, João; Rúbio, Thiago; Silva, Daniel; Cardoso, Henrique Lopes; Ferreira, Sara; Rodrigues, Rui; Oliveira, Eugénio; Rossetti, Rosaldo J. F.",Using virtual reality environments to predict pedestrian behaviour,2019 IEEE international smart cities conference (ISC2),,2687-8860,10.1109/ISC246665.2019.9071662,,"Pedestrian behaviour modelling and simulation play a fundamental role in reducing traffic risks and new policies implementation costs. However, representing human behaviour in this dynamic environment is not a trivial task and such models require an accurate representation of pedestrian behaviour. Virtual environments have been gaining notoriety as a behaviour elicitation tool, but it is still necessary to understand the validity of this technique in the context of pedestrian studies, as well as to create guidelines for its use. This work proposes a proper methodology for pedestrian behaviour elicitation using virtual reality environments in conjunction with surveys or questionnaires. The methodology focuses on gathering data about the subject, the context, and the action taken, as well as on analyzing the collected data to finally output a behavioural model. The resulting model can be used as a feedback signal to improve environment conditions for experiment iterations. A concrete implementation was built based on this methodology, serving as an example for future studies. A virtual reality traffic environment and two surveys were used as data sources for pedestrian crossing experiments. The subjects controlled a virtual avatar using an HTC Vive and were asked to traverse the distance between two points in a city. The data collected during the experiment was analyzed and used as input to a machine learning model capable of predicting pedestrian speed, taking into account their actions and perceptions. The proposed methodology allowed for the successful data gathering and its use to predict pedestrian behaviour with fairly acceptable accuracy.",2019-10,2026-08-10 13:00:04,2026-08-10 13:00:04,,508-513,,,,,,,,,,,,,,,,,,,,,,,,behaviour elicitation; behaviour modelling; Biological system modeling; Computational modeling; computer simulation; Measurement; microscopic pedestrian simulation; Solid modeling; Task analysis; virtual environment; Virtual environments; virtual reality,,,,,,,,,,,,,,,,,,,,,,,,,,,,,,,,,,,,,,,,,,,,,,,
8TU3NQ8D,conferencePaper,2024,"Xia, Lei; Vázquez, Christian D.; Aikawa, Takako; Maes, Pattie",Inner child: The role of VR child avatars in improving adult language learning,2024 IEEE international symposium on mixed and augmented reality adjunct (ISMAR-adjunct),,2771-1110,10.1109/ISMAR-Adjunct64951.2024.00136,,"We introduce Inner Child, a novel virtual reality (VR) system designed to enhance adult language learning by leveraging the immersive capabilities of room-scale VR to embody child avatars. Our study involved 60 participants divided into three groups: adult avatar, child avatar, and no virtual body. Results showed significantly higher pattern recall in the immediate and delayed post-intervention periods for those using the Inner Child system. This suggests that embodying child avatars can foster a childlike mindset, reducing socio-psychological barriers and enhancing language acquisition. Our findings highlight the potential of VR technologies in revolutionizing educational methods by combining cognitive psychology principles with immersive experiences.",2024-10,2026-08-10 13:00:04,2026-08-10 13:00:04,,469-472,,,,,,,,,,,,,,,,,,,,,,,,Atmospheric measurements; Augmented reality; Avatars; Embodied Cognition; Embodiment-based Learning; Humanoid robots; Implicit Learning; Language Learning; Particle measurements; Psychology; Virtual Reality,,,,,,,,,,,,,,,,,,,,,,,,,,,,,,,,,,,,,,,,,,,,,,,
EHFN9A3V,conferencePaper,2025,"Nierula, Birgit; Lafci, Mustafa Tevfik; Melnik, Anna; Akgül, Mert; Siewe, Farelle Toumaleu; Bosse, Sebastian",Differential physiological responses to proxemic and facial threats in virtual avatar interactions,2025 IEEE international symposium on mixed and augmented reality adjunct (ISMAR-adjunct),,2771-1110,10.1109/ISMAR-Adjunct68609.2025.00036,,"Proxemics, the study of spatial behavior, is fundamental to social interaction and increasingly relevant for virtual reality (VR) applications. While previous research has established that users respond to personal space violations in VR similarly as in real-world settings, phase-specific physiological responses and the modulating effects of facial expressions remain understudied. We investigated physiological and subjective responses to personal space violations by virtual avatars, to understand how threatening facial expressions and interaction phases (approach vs. standing) influence these responses. Sixteen participants experienced a 2×2 factorial design manipulating Personal Space (intrusion vs. respect) and Facial Expression (neutral vs. angry) while we recorded skin conductance response (SCR), heart rate variability (HRV), and discomfort ratings. Personal space boundaries were individually calibrated using a stop-distance procedure. Results show that SCR responses are significantly higher during the standing phase compared to the approach phase when personal space was violated, indicating that prolonged proximity within personal space boundaries is more physiologically arousing than the approach itself. Angry facial expressions significantly reduced HRV, reflecting decreased parasympathetic activity, and increased discomfort ratings, but did not amplify SCR responses. These findings demonstrate that different physiological modalities capture distinct aspects of proxemic responses: SCR primarily reflects spatial boundary violations, while HRV responds to facial threat cues. Our results provide insights for developing comprehensive multi-modal assessments of social behavior in virtual environments and inform the design of more realistic avatar interactions.",2025-10,2026-08-10 13:00:04,2026-08-10 13:00:04,,162-167,,,,,,,,,,,,,,,,,,,,,,,,Augmented reality; Avatars; Electrocardiography; Electrodermal Activity; Extraterrestrial measurements; Heart rate variability; Personal Space; Physiology; Proxemics; Psychophysics; Psychophysiology; Skin; Skin Conductance Response; Virtual environments; Virtual Reality,,,,,,,,,,,,,,,,,,,,,,,,,,,,,,,,,,,,,,,,,,,,,,,
4QZZBEVU,journalArticle,2015,"de la Rubia, Ernesto; Diaz-Estrella, Antonio",Natural locomotion based on foot-mounted inertial sensors in a wireless virtual reality system,Presence,,1054-7460,10.1162/PRES_a_00236,,"Virtual reality has become a promising field in recent decades, and its potential now seems clearer than ever. With the development of handheld devices and wireless technologies, interest in virtual reality is also increasing. Therefore, there is an accompanying interest in inertial sensors, which can provide such advantages as small size and low cost. Such sensors can also operate wirelessly and be used in an increasing number of interactive applications. An example related to virtual reality is the ability to move naturally through virtual environments. This is the objective of the real-walking navigation technique, for which a number of advantages have previously been reported in terms of presence, object searching, and collision, among other concerns. In this article, we address the use of foot-mounted inertial sensors to achieve real-walking navigation in a wireless virtual reality system. First, an overall description of the problem is presented. Then, specific difficulties are identified, and a corresponding technique is proposed to overcome each: tracking of foot movements; determination of the user’s position; percentage estimation of the gait cycle, including oscillating movements of the head; stabilization of the velocity of the point of view; and synchronization of head and body yaw angles. Finally, a preliminary evaluation of the system is conducted in which data and comments from participants were collected.",2015-11,2026-08-10 13:00:04,2026-08-10 13:00:04,,298-321,,4,24,,,,,,,,,,,,,,,,,,,,,,,,,,,,,,,,,,,,,,,,,,,,,,,,,,,,,,,,,,,,,,,,,,,,
XE6NBQ8S,journalArticle,2009,"Pan, Zhigeng; Chen, Wenzhi; Zhang, Mingmin; Liu, Jianfeng; Wu, Gangshan",Virtual reality in the digital olympic museum,IEEE Computer Graphics and Applications,,1558-1756,10.1109/MCG.2009.103,,"This paper presents virtual reality in digital Olympic museum using animation and supporting cross-media information retrieval. The visitors use an avatar to navigate the DOM. DOM is a large-scale distributed 3D virtual environment for demonstrating the Olympics' history, culture and highlights.",2009-09,2026-08-10 13:00:04,2026-08-10 13:00:04,,91-95,,5,29,,,,,,,,,,,,,,,,,,,,,Animation; Avatars; digital museum; History; Information retrieval; Large-scale systems; Navigation; Olympics; sports simulation; virtual environment; Virtual environment; virtual reality; Virtual reality,,,,,,,,,,,,,,,,,,,,,,,,,,,,,,,,,,,,,,,,,,,,,,,
5CZSNS4L,conferencePaper,2020,"Buck, Lauren E.",[DC] the modulation of peripersonal space boundaries in immersive virtual environments,2020 IEEE conference on virtual reality and 3D user interfaces abstracts and workshops (VRW),,,10.1109/VRW50115.2020.00116,,"A plethora of neurocognitive research suggests that the brain segments space into near and far space, known as peripersonal and extrapersonal space. For the purpose of this dissertation, we focus on peripersonal space, which can be categorized as the functional reaching and grasping distance around oneself. There are neurons in the parietal and frontal premotor cortices in the brain that expressly process multisensory stimuli within peripersonal space, and neurophysiological and neuropsychological studies along with fMRI data have produced results that demonstrate this to be biological fact (for a full review, see di Pellegrino [5]). There are some studies have branched out, using immersive virtual environments to determine the modulation of peripersonal space, and in this body of work there is strong evidence that it is modulated by several different social factors [5]. However, to our knowledge, this work has not been extended to encompass a full understanding of the different factors that affect peripersonal space and how it behaves in immersive environments and there is still much to be done in this territory.",2020-03,2026-08-10 13:00:04,2026-08-10 13:00:04,,529-530,,,,,,,,,,,,,,,,,,,,,,,,Apertures; Avatars; Extraterrestrial measurements; Modulation; Task analysis; Virtual environments; Visualization,,,,,,,,,,,,,,,,,,,,,,,,,,,,,,,,,,,,,,,,,,,,,,,
BBWIZD33,journalArticle,2026,"Seifelnasr, Mohamed; Mobarak, Mohamed; AlTawy, Riham; Youssef, Amr",A mercurial-based secure authentication and reputation framework for the multi-context metaverse,IEEE Transactions on Dependable and Secure Computing,,1941-0018,10.1109/TDSC.2026.3667573,,"The metaverse transforms how individuals interact, work, and engage in virtual environments, creating new opportunities in gaming, education, e-commerce, and social networking. At the core of this experience are avatars (i.e., digital representations of users that serve as their proxies in virtual spaces). Ensuring secure and privacy-preserving communication between avatars presents critical challenges, particularly in protecting metaverse user privacy by preventing the linking of avatars to users’ social and professional lives. Adopting anonymous schemes such as ring signature schemes requires access to all public keys within the anonymity set, which is impractical in the metaverse. In this paper, we propose SPARTA (Secure and Privacy-preserving protocol with Role separation and Trustworthiness for Avatars in the metaverse), a protocol that enables avatar authentication and maintains avatar unlinkability. By leveraging mercurial signatures, our approach allows metaverse users to generate multiple unlinkable avatars without requiring repeated registration with the metaverse service provider, thereby enabling seamless role separation. Additionally, by using a time-based hash chain, only avatars in possession of a reputation token from the time-based hash chain can submit their feedback on a smart contract based on their interactions. Given the soundness property of zero-knowledge proof and the origin-hiding property of mercurial signatures, we formally prove that SPARTASPARTA achieves mutual authentication, avatar unlinkability, and penalization enforcement. Additionally, we analyze the performance overheads introduced by its cryptographic primitives and compare SPARTASPARTA with existing metaverse authentication protocols. Furthermore, we implement the protocol using socket programming. This implementation simulates real-time message exchanges between protocol entities, resulting in an end-to-end latency of 105 ms. Compared to existing metaverse authentication frameworks, SPARTASPARTA provides unlinkable avatar authentication that achieves mutual authentication, role separation, and data sovereignty without reliance on an online trusted third party. The concurrent implementation between two Raspberry Pi devices demonstrates the scalability of SPARTASPARTA, achieving a total completion time of 17.338 seconds for 1000 concurrent authentications, corresponding to a throughput of approximately 57.7 authentications per second, confirming its practicality for large-scale metaverse environments.",2026-05,2026-08-10 13:00:04,2026-08-10 13:00:04,,6718-6733,,3,23,,,,,,,,,,,,,,,,,,,,,authentication; Authentication; avatar; Avatars; elliptic curve cryptography; mercurial signature; Metaverse; Privacy; Protocols; Scalability; Social networking (online); Surveillance; Synchronization; Transforms,,,,,,,,,,,,,,,,,,,,,,,,,,,,,,,,,,,,,,,,,,,,,,,
7IE9J9C9,conferencePaper,2022,"Sumbul, H. Ekin; Wu, Tony F.; Li, Yuecheng; Sarwar, Syed Shakib; Koven, William; Murphy-Trotzky, Eli; Cai, Xingxing; Ansari, Elnaz; Morris, Daniel H.; Liu, Huichu; Kim, Doyun; Beigne, Edith; Labs, Reality; Meta",System-level design and integration of a prototype AR/VR hardware featuring a custom low-power DNN accelerator chip in 7nm technology for codec avatars,2022 IEEE custom integrated circuits conference (CICC),,2152-3630,10.1109/CICC53496.2022.9772810,,"Augmented Reality / Virtual Reality (AR/VR) devices aim to connect people in the Metaverse with photorealistic virtual avatars, referred to as “Codec Avatars”. Delivering a high visual performance for Codec Avatar workloads, however, is a challenging task for mobile SoCs as AR/VR devices have limited power and form factor constraints. On-device, local, near-sensor processing provides the best system-level energy-efficiency and enables strong security and privacy features in the long run. In this work, we present a custom-built, prototype small-scale mobile SoC that achieves energy-efficient performance for running eye gaze extraction of the Codec Avatar model. The test-chip, fabricated in 7nm technology node, features a Neural Network (NN) accelerator consisting of a 1024 Multiply-Accumulate (MAC) array, 2MB on-chip SRAM, and a 32bit RISC-V CPU. The featured test-chip is integrated on a prototype mobile VR headset to run the Codec Avatar application. This work aims to show the full stack design considerations of system-level integration, hardware-aware model customization, and circuit-level acceleration to meet the challenging mobile AR/VR SoC specifications for a Codec Avatar demonstration. By re-architecting the Convolutional NN (CNN) based eye gaze extraction model and tailoring it for the hardware, the entire model fits on the chip to mitigate system-level energy and latency cost of off-chip memory accesses. By efficiently accelerating the convolution operation at the circuit-level, the presented prototype SoC achieves 30 frames per second performance with low-power consumption at low form factors. With the full-stack design considerations presented in this work, the featured test-chip consumes 22.7mW power to run inference on the entire CNN model in 16.5ms from input to output for a single sensor image. As a result, the test-chip achieves 375 µJ/frame/eye energy-efficiency within a 2.56 mm2 silicon area.",2022-04,2026-08-10 13:00:05,2026-08-10 13:00:05,,01-08,,,,,,,,,,,,,,,,,,,,,,,,Avatars; Codecs; Energy efficiency; Hardware; Life estimation; Prototypes; Solid modeling,,,,,,,,,,,,,,,,,,,,,,,,,,,,,,,,,,,,,,,,,,,,,,,
IVBDDDW2,conferencePaper,2017,"Aldaba, Cassandra N.; White, Paul J.; Byagowi, Ahmad; Moussavi, Zahra",Virtual reality body motion induced navigational controllers and their effects on simulator sickness and pathfinding,2017 39th annual international conference of the IEEE engineering in medicine and biology society (EMBC),,1558-4615,10.1109/EMBC.2017.8037776,,"Virtual reality (VR) navigation is usually constrained by plausible simulator sickness (SS) and intuitive user interaction. The paper reports on the use of four different degrees of body motion induced navigational VR controllers, a TiltChair, omni-directional treadmill, a manual wheelchair joystick (VRNChair), and a joystick in relation to a participant's SS occurrence and a controller's intuitive utilization. Twenty young adult participants utilized all controllers to navigate through the same VR task environment in separate sessions. Throughout the sessions, SS occurrence was measured from a severity score by a standard SS questionnaire and from body sway by a center of pressure path length with eyes opened and closed. SS occurrence did not significantly differ among the controllers. However, time spent in VR significantly contributed to SS occurrence; hence, a few breaks to minimize SS should be interjected throughout a VR task. For all task trials, we recorded the participant's travel trajectories to investigate each controller's intuitive utilization from a computed traversed distance. Shorter traversed distances indicated that participants intuitively utilized the TiltChair with a slower speed; while longer traversed distances indicated participants struggled to utilize the omni-directional treadmill with a unnaturalistic stimulation of gait. Therefore, VR navigation should use technologies best suited for the intended age group that minimizes SS, and produces intuitive interactions for the participants.",2017-07,2026-08-10 13:00:05,2026-08-10 13:00:05,,4175-4178,,,,,,,,,,,,,,,,,,,,,,,,Acceleration; Analysis of variance; Atmospheric measurements; Navigation; Particle measurements; Resists; Virtual reality,,,,,,,,,,,,,,,,,,,,,,,,,,,,,,,,,,,,,,,,,,,,,,,
7CJPMC6L,journalArticle,2026,"Fujii, Ruu; Matsui, Kazuhiro; Okada, Kotaro; Kojima, Ryoma; Atsuumi, Keita; Mori, Yoshiki; Hirai, Hiroaki; Nishikawa, Atsushi",Physio avatar RM: Effects of self-avatar integration with foot-elongated avatar via virtual self-touch on human gait,IEEE Transactions on Neural Systems and Rehabilitation Engineering,,1558-0210,10.1109/TNSRE.2026.3713187,,"Virtual reality (VR) provides a controllable medium to couple perception and motor behavior in rehabilitation. This study investigated whether experiencing a foot-elongated avatar (FEA) via virtual self-touch (VST), which combines VR visual information and synchronized vibrotactile stimulation, is associated with body schema–related change and whether such change is reflected in motor behavior during obstacle crossing, indexed by maximum foot clearance (MFC). Twenty-two healthy young adults experienced two avatars in counterbalanced order: a life-size avatar (LA) and an FEA with a right-foot length that was 1.5 times that of the LA. The primary outcome measure was MFC while stepping over 10-cm and 30-cm virtual obstacles; the secondary outcome measures were perceptual drift in the perceived toe-tip position and questionnaire scores for the sense of ownership and sense of agency. The VST task produced significantly greater perceptual drift with the FEA than with the LA ( p0.05 , r=0.813 ). For the 30-cm obstacle, the MFC value was significantly greater with the FEA than with the LA ( p0.05 , r=0.415 ). In contrast, the questionnaire scores did not exhibit statistically significant group-level differences between the avatars. These findings suggest that body schema–related change after experiencing a FEA via VST was mainly limited to the perceptual aspect and was not clearly observed in the subjective aspect. Furthermore, the finding suggests that an aspect-specific body schema–related change may be associated with measurable gait adjustment during a more demanding obstacle-crossing task, although VST contribution cannot be isolated in the present design.",2026,2026-08-10 13:00:05,2026-08-10 13:00:05,,3351-3361,,,34,,,,,,,,,,,,,,,,,,,,,Avatars; body schema; Educational institutions; Foot; gait rehabilitation; Hands; Limbs; Motors; obstacle crossing; self-avatar integration; Semiconductor optical amplifiers; Service-oriented architecture; Testing; Timing; Virtual reality; virtual self-touch,,,,,,,,,,,,,,,,,,,,,,,,,,,,,,,,,,,,,,,,,,,,,,,
PSW3JVQE,journalArticle,2016,"Camporesi, Carlo; Kallmann, Marcelo","The effects of avatars, stereo vision and display size on reaching and motion reproduction",IEEE Transactions on Visualization and Computer Graphics,,1941-0506,10.1109/TVCG.2015.2440231,,"Thanks to recent advances on motion capture devices and stereoscopic consumer displays, animated virtual characters can now realistically interact with users in a variety of applications. We investigate in this paper the effect of avatars, stereo vision and display size on task execution in immersive virtual environments. We report results obtained with three experiments in varied configurations that are commonly used in rehabilitation applications. The first experiment analyzes the accuracy of reaching tasks under different system configurations: with and without an avatar, with and without stereo vision, and employing a 2D desktop monitor versus a large multi-tile visualization display. The second experiment analyzes the use of avatars and user-perspective stereo vision on the ability to perceive and subsequently reproduce motions demonstrated by an autonomous virtual character. The third experiment evaluates the overall user experience with a complete immersive user interface for motion modeling by direct demonstration. Our experiments expose and quantify the benefits of using stereo vision and avatars, and show that the use of avatars improve the quality of produced motions and the resemblance of replicated msotions; however, direct interaction in user-perspective leads to tasks executed in less time and to targets more accurately reached. These and additional tradeoffs are important for the effective design of avatar-based training systems.",2016-05,2026-08-10 13:00:05,2026-08-10 13:00:05,,1592-1604,,5,22,,,,,,,,,,,,,,,,,,,,,3D interaction; 3D Interaction; avatars; Avatars; motion capture; Motion Capture; perception; Perception; Solid modeling; Stereo vision; Tracking; Training; training systems; Training Systems; Trajectory; Virtual reality; Virtual Reality; Visualization,,,,,,,,,,,,,,,,,,,,,,,,,,,,,,,,,,,,,,,,,,,,,,,
K4HSK3XM,journalArticle,2026,"Zhang, Fengze; Agrawal, Ahaan; Popescu, Voicu",TerraFirma: a low-cost and effective 360 VR extension for viewpoint translation and collaboration,IEEE Transactions on Visualization and Computer Graphics,,1941-0506,10.1109/TVCG.2026.3679062,,"This paper presents an approach for extending 360 VR to support viewpoint translation and collaboration, without increasing the acquisition cost. The approach models the ground under the 360° image acquisition viewpoint with a planar patch, on which the user stands and walks. The planar patch is connected to the background with visual continuity. The approach anchors the user's avatar to the ground patch, and supports collaboration, with multiple avatars standing on the patch. The approach only requires defining two trivial parameters: the approximate acquisition height, and the size of the patch. Therefore, the approach improves the immersive exploration of a real-world scene captured with a 360° image, without increasing the cost of the acquisition of the virtual environment. The approach was evaluated in a controlled user study (N = 30) with five user t asks. The results show that the approach has an advantage over conventional 360 VR in terms of anchoring the user to the ground, of user viewpoint translation, of collaboration, and of accurate integration of stationary and dynamic virtual objects into the 3D scene.",2026-05,2026-08-10 13:00:05,2026-08-10 13:00:05,,3924-3933,,5,32,,,,,,,,,,,,,,,,,,,,,360 VR; Broadcasting; Circuits; Circuits and systems; collaboration; Contacts; Feedback; Frequency modulation; Ground support; low acquisition cost; low rendering cost; Motion pictures; Radio broadcasting; Videos; viewpoint translation,,,,,,,,,,,,,,,,,,,,,,,,,,,,,,,,,,,,,,,,,,,,,,,
E54U9BLG,conferencePaper,2023,"Miller, Mark Roman; DeVeaux, Cyan; Han, Eugy; Ram, Nilam; Bailenson, Jeremy N.",A large-scale study of proxemics and gaze in groups,2023 IEEE conference virtual reality and 3D user interfaces (VR),,2642-5254,10.1109/VR55154.2023.00056,,"Scholars who study nonverbal behavior have focused an incredible amount of work on proxemics, how close people stand to one another, and mutual gaze, whether or not they are looking at one another. Moreover, many studies have demonstrated a correlation between gaze and distance, and so-called equilibrium theory posits that people modulate gaze and distance to maintain proper levels of nonverbal intimacy. Virtual reality scholars have also focused on these two constructs, both for theoretical reasons, as distance and gaze are often used as proxies for psychological constructs such as social presence, and for methodological reasons, as head orientation and body position are automatically produced by most VR tracking systems. However, to date, the studies of distance and gaze in VR have largely been conducted in laboratory settings, observing behavior of a small number of participants for short periods of time. In this experimental field study, we analyze the proxemics and gaze of 232 participants over two experimental studies who each contributed up to about 240 minutes of tracking data during eight weekly 30-minute social virtual reality sessions. Participants' non-verbal behaviors changed in conjunction with context manipulations and over time. Interpersonal distance increased with the size of the virtual room; and both mutual gaze and interpersonal distance increased over time. Overall, participants oriented their heads toward the center of walls rather than to corners of rectangularly-aligned environments. Finally, statistical models demonstrated that individual differences matter, with pairs and groups maintaining more consistent differences over time than would be predicted by chance. Implications for theory and practice are discussed.",2023-03,2026-08-10 13:00:05,2026-08-10 13:00:05,,409-417,,,,,,,,,,,,,,,,,,,,,,,,Affordances; Correlation; Human-centered computing-Collaborative and social computing-Empirical studies in collaborative and social computing; Human-centered computing-Human computer interaction (HCI-Interaction paradigms-Virtual reality; Psychology; Social computing; Solid modeling; Three-dimensional displays; Virtual environments,,,,,,,,,,,,,,,,,,,,,,,,,,,,,,,,,,,,,,,,,,,,,,,
9Q3YETQL,journalArticle,2021,"Wu, Nannan; Chao, Qianwen; Chen, Yanzhen; Xu, Weiwei; Liu, Chen; Manocha, Dinesh; Sun, Wenxin; Han, Yi; Yao, Xinran; Jin, Xiaogang",AgentDress: Realtime clothing synthesis for virtual agents using plausible deformations,IEEE Transactions on Visualization and Computer Graphics,,1941-0506,10.1109/TVCG.2021.3106429,,"We present a CPU-based real-time cloth animation method for dressing virtual humans of various shapes and poses. Our approach formulates the clothing deformation as a high-dimensional function of body shape parameters and pose parameters. In order to accelerate the computation, our formulation factorizes the clothing deformation into two independent components: the deformation introduced by body pose variation (Clothing Pose Model) and the deformation from body shape variation (Clothing Shape Model). Furthermore, we sample and cluster the poses spanning the entire pose space and use those clusters to efficiently calculate the anchoring points. We also introduce a sensitivity-based distance measurement to both find nearby anchoring points and evaluate their contributions to the final animation. Given a query shape and pose of the virtual agent, we synthesize the resulting clothing deformation by blending the Taylor expansion results of nearby anchoring points. Compared to previous methods, our approach is general and able to add the shape dimension to any clothing pose model. Furthermore, we can animate clothing represented with tens of thousands of vertices at 50+ FPS on a CPU. We also conduct a user evaluation and show that our method can improve a user's perception of dressed virtual agents in an immersive virtual environment (IVE) compared to a realtime linear blend skinning method.",2021-11,2026-08-10 13:00:05,2026-08-10 13:00:05,,4107-4118,,11,27,,,,,,,,,,,,,,,,,,,,,Animation; Clothing; clothing animation; Computational modeling; Deformable models; Real-time systems; Shape; social VR; Strain; virtual agents; virtual try on clothing shape models,,,,,,,,,,,,,,,,,,,,,,,,,,,,,,,,,,,,,,,,,,,,,,,
8JXPQ59J,journalArticle,2025,"Wang, Xuanyu; Zhang, Weizhan; Sandor, Christian; Fu, Hongbo",Real-and-present: Investigating the use of life-size 2D video avatars in HMD-based AR teleconferencing,IEEE Transactions on Visualization and Computer Graphics,,1941-0506,10.1109/TVCG.2024.3466554,,"Augmented Reality (AR) teleconferencing allows spatially distributed users to interact with each other in 3D through agents in their own physical environments. Existing methods leveraging volumetric capturing and reconstruction can provide a high-fidelity experience but are often too complex and expensive for everyday use. Other solutions target mobile and effortless-to-setup teleconferencing on AR Head Mounted Displays (HMD). They directly transplant the conventional video conferencing onto an AR-HMD platform or use avatars to represent remote participants. However, they can only support either a high fidelity or a high level of co-presence. Moreover, the limited Field of View (FoV) of HMDs could further degrade users’ immersive experience. To achieve a balance between fidelity and co-presence, we explore using life-size 2D video-based avatars (video avatars for short) in AR teleconferencing. Specifically, with the potential effect of FoV on users’ perception of proximity, we first conducted a pilot study to explore the local-user-centered optimal placement of video avatars in small-group AR conversations. With the placement results, we then implement a proof-of-concept prototype of video-avatar-based teleconferencing. We conduct user evaluations with our prototype to verify its effectiveness in balancing fidelity and co-presence. Following the indication in the pilot study, we further quantitatively explore the effect of FoV size on the video avatar’s optimal placement through a user study involving more FoV conditions in a VR-simulated environment. We regress placement models to serve as references for computationally determining video avatar placements in such teleconferencing applications on various existing AR HMDs and future ones with bigger FoVs.",2025-09,2026-08-10 13:00:05,2026-08-10 13:00:05,,5626-5641,,9,31,,,,,,,,,,,,,,,,,,,,,Augmented Reality (AR) teleconference; Avatars; co-presence; fidelity; field of view; Oral communication; Prototypes; Resists; Teleconferencing; Three-dimensional displays; video-based avatar; Videoconferences,,,,,,,,,,,,,,,,,,,,,,,,,,,,,,,,,,,,,,,,,,,,,,,
R6HWE8IJ,conferencePaper,2020,"Noccaro, A.; Pinardi, M.; Formica, D.; Pino, G. Di",A virtual reality platform for multisensory integration studies,2020 42nd annual international conference of the IEEE engineering in medicine & biology society (EMBC),,2694-0604,10.1109/EMBC44109.2020.9176387,,"A unique virtual reality platform for multisensory integration studies is presented. It allows to provide multimodal sensory stimuli (i.e. auditory, visual, tactile, etc.) ensuring temporal coherence, key factor in cross-modal integration. Four infrared cameras allow to real-time track the human motion and correspondingly control a virtual avatar. A user-friendly interface allows to manipulate a great variety of features (i.e. stimulus type, duration and distance from the participants’ body, as well as avatar gender, height, arm pose, perspective, etc.) and to real-time provide quantitative measures of all the parameters. The platform has been validated on two healthy participants testing a reaction time task which combines tactile and visual stimuli, for the investigation of peripersonal space. Results proved the effectiveness of the proposed platform, showing a significant correlation (p=0.013) between the participant’s hand distance from the visual stimulus and the reaction time to the tactile stimulus. More participants will be recruited to further investigate the other measures provided by the platform.",2020-07,2026-08-10 13:00:05,2026-08-10 13:00:05,,3244-3247,,,,,,,,,,,,,,,,,,,,,,,,Avatars; Protocols; Thorax; Tracking; Virtual environments; Visualization,,,,,,,,,,,,,,,,,,,,,,,,,,,,,,,,,,,,,,,,,,,,,,,
TENLSQHD,conferencePaper,2025,"Sun, Xiaohan; Xu, Yinghan; Dingliana, John; O’Sullivan, Carol",Evaluating CrowdSplat: Perceived level of detail for gaussian crowds,2025 IEEE conference on virtual reality and 3D user interfaces abstracts and workshops (VRW),,,10.1109/VRW66409.2025.00146,,"Efficient and realistic crowd rendering is an important element of many real-time graphics applications such as Virtual Reality (VR) and games. To this end, Levels of Detail (LOD) avatar representations such as polygonal meshes, image-based impostors, and point clouds have been proposed and evaluated. More recently, 3D Gaussian Splatting has been explored as a potential method for real-time crowd rendering. In this paper, we present a two-alternative forced choice (2AFC) experiment that aims to determine the perceived quality of 3D Gaussian avatars. Three factors were explored: Motion, LOD (i.e., #Gaussians), and the avatar height in Pixels (corresponding to the viewing distance). Participants viewed pairs of animated 3D Gaussian avatars and were tasked with choosing the most detailed one. Our findings can inform the optimization of LOD strategies in Gaussian-based crowd rendering, thereby helping to achieve efficient rendering while maintaining visual quality in real-time applications.",2025-03,2026-08-10 13:00:05,2026-08-10 13:00:05,,720-724,,,,,,,,,,,,,,,,,,,,,,,,Avatars; Computer graphics; Computing methodologies; Conferences; Crowd rendering; Games; Optimization; Perception; Point cloud compression; Real-time systems; Rendering; Rendering (computer graphics); Three-dimensional displays; User interfaces; Visualization,,,,,,,,,,,,,,,,,,,,,,,,,,,,,,,,,,,,,,,,,,,,,,,
G7UMD5J4,conferencePaper,2025,"Moyen, Sophia Bianchi; Krohn, Rickmer; Lueth, Sophie; Pompetzki, Kay; Peters, Jan; Prasad, Vignesh; Chalvatzaki, Georgia",The role of embodiment in intuitive whole-body teleoperation for mobile manipulation,2025 IEEE-RAS 24th international conference on humanoid robots (humanoids),,2164-0580,10.1109/Humanoids65713.2025.11203105,,"Intuitive Teleoperation interfaces are essential for mobile manipulation robots to ensure high quality data collection while reducing operator workload. A strong sense of embodiment combined with minimal physical and cognitive demands not only enhances the user experience during largescale data collection, but also helps maintain data quality over extended periods. This becomes especially crucial for challenging long-horizon mobile manipulation tasks that require whole-body coordination. We compare two distinct robot control paradigms: a coupled embodiment integrating arm manipulation and base navigation functions, and a decoupled embodiment treating these systems as separate control entities. Additionally, we evaluate two visual feedback mechanisms: immersive virtual reality and conventional screen-based visualization of the robot's field of view. These configurations were systematically assessed across a complex, multi-stage task sequence requiring integrated planning and execution. Our results show that the use of VR as a feedback modality increases task completion time, cognitive workload, and perceived effort of the teleoperator. Coupling manipulation and navigation leads to a comparable workload on the user as decoupling the embodiments, while preliminary experiments suggest that data acquired by coupled teleoperation leads to better imitation learning performance. Our holistic view on intuitive teleoperation interfaces provides valuable insight into collecting high-quality, high-dimensional mobile manipulation data at scale with the human operator in mind.",2025-09,2026-08-10 13:00:05,2026-08-10 13:00:05,,585-592,,,,,,,,,,,,,,,,,,,,,,,,Data collection; Humanoid robots; Navigation; Robot control; Robot kinematics; Robot sensing systems; Teleoperators; User experience; Virtual reality; Visualization,,,,,,,,,,,,,,,,,,,,,,,,,,,,,,,,,,,,,,,,,,,,,,,
FP8KX3Q8,conferencePaper,2014,"Czub, Marcin; Piskorz, Joanna",How body movement influences virtual reality analgesia?,2014 international conference on interactive technologies and games,,,10.1109/iTAG.2014.8,,"In this study, we tested the hypothesis that increased body movement while steering a virtual reality game leads to the diminished experience of pain. We also investigated the relationship between presence in a virtual environment and pain intensity. 30 students of Wroclaw University participated in the within subject experiment. The participants were looking at the game through head mounted displays. In two experimental conditions a participant navigated the game using a computer mouse (a small movement), or a Microsoft Kinect (a large movement). Thermal (cold) stimulation was used to inflict pain. While playing the game, the participants immersed their non-dominant hands in a container with cold water (temperature 0.5 - 1.5°C). Two measures were used to assess the pain experience – the amount of time the participants spent keeping their hands in cold water (pain tolerance), and Visual Analogue Scale (pain intensity). The participants also completed the I group Presence Questionnaire (IPQ), measuring the sense of presence experienced in a virtual environment. The predictions were partly confirmed by the results – the participants were keeping their hands in cold water significantly longer in the large movement condition compared to the small movement condition. However, there was no significant difference on pain intensity results between the two experimental conditions. Similarly, we failed to find any correlations between IPQ dimensions and the pain measures used in the study. Several possible mechanisms underlying the observed relationship between movement and pain experience are discussed.",2014-10,2026-08-10 13:00:05,2026-08-10 13:00:05,,13-19,,,,,,,,,,,,,,,,,,,,,,,,analgesia; Atmospheric measurements; cold pressor test; Correlation; Games; Mice; movement; pain; Pain; Particle measurements; presence; Virtual environments; Virtual Reality,,,,,,,,,,,,,,,,,,,,,,,,,,,,,,,,,,,,,,,,,,,,,,,
VV7GW4MN,conferencePaper,2019,"Masri, Aladdin; Al-Jabi, Muhannad",Virtual dressing room application,2019 IEEE jordan international joint conference on electrical engineering and information technology (JEEIT),,,10.1109/JEEIT.2019.8717410,,"Trying clothes in clothing stores is usually a time-consuming activity. Besides, it might not even be possible to try-on clothes in such cases as online shopping. Our motivation here is to increase the time efficiency and improve the accessibility of clothes try on by creating a virtual dressing room environment. In this work, we introduce a virtual dressing room application using Microsoft Kinect sensor. Our proposed approach is mainly based on extraction of the user from the video stream, alignment of models and skin color detection. We use the modules for locations of the joints for positioning, scaling and rotation in order to align the 2D cloth models with the user. Then, we apply skin color detection on video to handle the unwanted occlusions of the user and the model. Finally, the model is superimposed on the user in real time. The problem is simply the alignment of the user and the cloth models with accurate position, scale, rotation and ordering. First, detection of the user and the body parts is one of the main steps of the problem. In literature, several approaches are proposed for body part detection, skeletal tracking and posture estimation, and superimposing it onto a virtual environment in the user interface. The project is implemented in C# programming environment for real time, Kinect hacking application. Kinect driver's middleware are used for various fundamental functions and for the tracking process in combination with Microsoft Kinect.",2019-04,2026-08-10 13:00:05,2026-08-10 13:00:05,,694-698,,,,,,,,,,,,,,,,,,,,,,,,Cameras; Clothing; Hip; Microsoft Kinect; Microsoft Windows; Skeleton; Streaming media; Two dimensional displays; Virtual dressing room; WPF,,,,,,,,,,,,,,,,,,,,,,,,,,,,,,,,,,,,,,,,,,,,,,,
YIH72JNI,conferencePaper,2021,"Bodala, Indu P.; Churamani, Nikhil; Gunes, Hatice",Teleoperated robot coaching for mindfulness training: a longitudinal study,2021 30th IEEE international conference on robot & human interactive communication (RO-MAN),,1944-9437,10.1109/RO-MAN50785.2021.9515371,,"Social robots are becoming incorporated in daily human lives, assisting in the promotion of the physical and mental wellbeing of individuals. To investigate the design and use of social robots for delivering mindfulness training, we develop a teleoperation framework that enables an experienced Human Coach (HC) to conduct mindfulness training sessions virtually, by replicating their upper-body and head movements onto the Pepper robot, in real-time. Pepper’s vision is mapped onto a Head-Mounted Display (HMD) worn by the HC and a bidirectional audio pipeline is set up, enabling the HC to communicate with the participants through the robot. To evaluate the participants’ perceptions of the teleoperated Robot Coach (RC), we study the interactions between a group of participants and the RC over 5 weeks and compare these with another group of participants interacting directly with the HC. Growth modelling analysis of this longitudinal data shows that the HC ratings are consistently greater than 4 (on a scale of 1 5) for all aspects while an increase is witnessed in the RC ratings over the weeks, for the Robot Motion and Conversation dimensions. Mindfulness training delivered by both types of coaching evokes positive responses from the participants across all the sessions, with the HC rated significantly higher than the RC on Animacy, Likeability and Perceived Intelligence. Participants’ personality traits such as Conscientiousness and Neuroticism are found to influence their perception of the RC. These findings enable an understanding of the differences between the perceptions of HC and RC delivering mindfulness training, and provide insights towards the development of robot coaches for improving the psychological wellbeing of individuals.",2021-08,2026-08-10 13:00:05,2026-08-10 13:00:05,,939-944,,,,,,,,,,,,,,,,,,,,,,,,Analytical models; Head-mounted displays; Pipelines; Psychology; Resists; Robot motion; Training,,,,,,,,,,,,,,,,,,,,,,,,,,,,,,,,,,,,,,,,,,,,,,,
WX8SGF5U,conferencePaper,2011,"Yasumoto, Mika; Kamide, Hiroko; Mae, Yasushi; Kawabe, Koji; Sigemi, Satoshi; Hirose, Masato; Arai, Tatsuo",Personal space of humans in relation with humanoid robots depending on the presentation method,2011 IEEE/SICE international symposium on system integration (SII),,,10.1109/SII.2011.6147550,,"The authors have conducted experiments to measure personal space between a human and a humanoid robot using both a real and a VR (virtual reality) humanoid robot in order to evaluate the comfortable distance between them. The reason for using both a real and VR robot is to verify the effectiveness of VR. Using a VR robot, we can conduct experiments cheaply and safely because the robot has an unsubstantial body. As a result of our experiment, we have found that the personal space between a human and a humanoid robot matches the personal distance between two persons who are in a relationship of friendship. Also, no differences were seen in the shape of the personal space for a real robot and a VR robot significantly.",2011-12,2026-08-10 13:00:05,2026-08-10 13:00:05,,797-801,,,,,,,,,,,,,,,,,,,,,,,,Humanoid robots; Humans; Joints; Legged locomotion; Shape; Silicon,,,,,,,,,,,,,,,,,,,,,,,,,,,,,,,,,,,,,,,,,,,,,,,
8DSWZCFT,conferencePaper,2025,"Iskalinov, Sultan; Aliyev, Abay; Azimbay, Nurzhau; Garifullin, Ernur; Omirgaliyev, Ruslan",Alternative to the traditional learning: Usage of virutal reality platform for remote education,2025 IEEE european technology and engineering management summit (e-TEMS),,2836-7588,10.1109/E-TEMS64751.2025.11239118,,"The global shift toward remote education, particularly during the coronavirus disease 19 (COVID-19) pandemic, has highlighted the limitations of traditional online platforms: poor student engagement, lack of social interaction, and difficult hands-on skills. Social Virtual Reality (VR) platforms-like the emerging VRCHAT have become an attractive alternative with which to develop these immersive, interactive learning experiences. This research explores the effectiveness of VRChat in emulating classroom environments, focusing on interaction and participation in education. In the context of this work, a new virtual classroom environment was developed in VRChat, using game engine (Unity), with interactive screens, marker systems, and spatial audio to achieve an advanced level of replication of social dynamics and practical activities typical of physical classrooms.This is a mixed-methods study that employs quantitative surveys and qualitative interviews to get the views of students from diverse academic backgrounds. Both surveys and interviews are undertaken among bachelor's students (87 responses) to determine their experiences with the VR technology, the level of engagement, comfort with VR environments, and technical or financial barriers to adoption. Findings indicate that VR significantly enhances engagement and social presence compared to conventional video-conferencing tools, with participants reporting higher interaction levels and a more immersive experience. On the other hand, important barriers that have been pointed out are expensive hardware and issues such as low connectivity, performance differences between systems, which in the future could become a big problem for the large-scale use of such solutions within an educational environment.Despite these challenges, the study highlights VR’s potential to transform remote education, especially for students in technology-oriented disciplines who express openness to VR-based learning. Technical and accessibility optimizations, such as affordable VR solutions and platform improvements, are essential to scale VR adoption in educational institutions. This study’s findings contribute to a growing body of research suggesting that VR can enhance learning outcomes by offering a richer, more engaging alternative to traditional online platforms. Future research should investigate long-term impacts on learning retention and outcomes, as well as explore cost-effective VR solutions, and educator training.",2025-05,2026-08-10 13:00:05,2026-08-10 13:00:05,,252-257,,,,,,,,,,,,,,,,,,,,,,,,COVID-19; educational technology; Hardware; immersive learning; Interviews; remote education; Social dynamics; social interaction; Spatial audio; student engagement; Surveys; Three-dimensional displays; Training; Transforms; Videoconferences; virtual reality; VRChat,,,,,,,,,,,,,,,,,,,,,,,,,,,,,,,,,,,,,,,,,,,,,,,
BNRVQSEK,journalArticle,2026,"Hube, Natalie; Achberger, Alexander; Sedlmair, Michael",A large-scale quantitative analysis of avatars in VR and AR,IEEE Transactions on Visualization and Computer Graphics,,1941-0506,10.1109/TVCG.2026.3679106,,"Avatars play a central role in virtual and augmented reality (VR/AR), yet little is known about how they are represented in research. To address this gap, we collected and analyzed 14 440 avatar images from 4 659 publications. Every image was hand-labeled for gender, ethnicity, body representation, and visual style, and linked to publication metadata such as keywords, affiliation, and year. Our large-scale analysis yields 14 findings: for example, the dominance of realistic white male avatars in VR studies, the use of lower-fidelity and more gender-diverse bodies in AR, the post-2021 rise of stylized designs and diversity labels, and the mismatch between the amount of female keywords and their avatar occurrences. Based on our findings, we offer practical implications for avatar designers and researchers, such as adopting balanced starter libraries, employing bias dashboards, and using simple representation checklists. These steps can help future VR and AR platforms reduce bias and improve representations in avatar systems.",2026-05,2026-08-10 13:00:05,2026-08-10 13:00:05,,3136-3145,,5,32,,,,,,,,,,,,,,,,,,,,,augmented reality; Avatar; Avatars; Crowdsourcing; Electronic mail; Graphical user interfaces; Integrated circuits; Internet; Motion pictures; Video equipment; Video games; Videos; virtual reality,,,,,,,,,,,,,,,,,,,,,,,,,,,,,,,,,,,,,,,,,,,,,,,
PE6G5UET,conferencePaper,2008,"Hillaire, Sebastien; Lecuyer, Anatole; Cozot, Remi; Casiez, Gery",Using an eye-tracking system to improve camera motions and depth-of-field blur effects in virtual environments,2008 IEEE virtual reality conference,,2375-5334,10.1109/VR.2008.4480749,,"This paper describes the use of user's focus point to improve some visual effects in virtual environments (VE). First, we describe how to retrieve user's focus point in the 3D VE using an eye-tracking system. Then, we propose the adaptation of two rendering techniques which aim at improving users' sensations during first-person navigation in VE using his/her focus point: (1) a camera motion which simulates eyes movement when walking, i.e., corresponding to vestibulo-ocular and vestibulocollic reflexes when the eyes compensate body and head movements in order to maintain gaze on a specific target, and (2) a depth-of-field (DoF) blur effect which simulates the fact that humans perceive sharp objects only within some range of distances around the focal distance. Second, we describe the results of an experiment conducted to study users' subjective preferences concerning these visual effects during first-person navigation in VE. It showed that participants globally preferred the use of these effects when they are dynamically adapted to the focus point in the VE. Taken together, our results suggest that the use of visual effects exploiting users' focus point could be used in several VR applications involving first- person navigation such as the visit of architectural site, training simulations, video games, etc.",2008-03,2026-08-10 13:00:05,2026-08-10 13:00:05,,47-50,,,,,,,,,,,,,,,,,,,,,,,,and virtual realities; augmented; Biological system modeling; camera motion; Cameras; depth-of-field blur; eye-tracking; Eyes; first-person-navigation; focus point; Games; H.5.1 [Information Interfaces and Presentation]: Multimedia Information Systems-Artificial; H.5.2 [Information Interfaces and Presentation]: User Interfaces-Interaction styles; Humans; Legged locomotion; Navigation; User-centered design; Virtual environment; Virtual reality; Visual effects; visual feedback,,,,,,,,,,,,,,,,,,,,,,,,,,,,,,,,,,,,,,,,,,,,,,,
BBB72BXT,conferencePaper,2014,"Ferreira Brega, Jose Remo; Rodello, Ildeberto Aparecido; Colombo Dias, Diego Roberto; Martins, Valéria Farinazzo; de Paiva Guimarães, Marcelo",A virtual reality environment to support chat rooms for hearing impaired and to teach Brazilian Sign Language (LIBRAS),2014 IEEE/ACS 11th international conference on computer systems and applications (AICCSA),,2161-5330,10.1109/AICCSA.2014.7073231,,"Improving the way that totally or partially deaf people communicate with the world is a challenging task for our society. One way to improve their communication is to learn sign language, which is a visual language based on hand shapes, orientations, and movements of the hands, arms, or body, and facial expressions. This paper aims to present a 3D virtual reality environment to allow deaf users to communicate with each other in a real-time, synchronous, instantaneous fashion via an online chat room and to assist the teaching-learning process of Brazilian Sign Language (LIBRAS). A three-dimensional avatar was developed which can translate words or sentences from Portuguese to LIBRAS. It was performed two experiments to evaluate the communication via the chat room: (1) with chat history enabled (visible) and (2) with chat history disabled (invisible). These evaluations involved 30 end-users, which confirmed that the virtual environment as developed here is effective to distance classes.",2014-11,2026-08-10 13:00:05,2026-08-10 13:00:05,,433-440,,,,,,,,,,,,,,,,,,,,,,,,Assistive technology; Auditory system; Avatars; deaf people; Gesture recognition; hearing-impaired; LIBRAS; online chat; sign language; Three-dimensional displays; Virtual environments,,,,,,,,,,,,,,,,,,,,,,,,,,,,,,,,,,,,,,,,,,,,,,,
35Y7WPEK,conferencePaper,2023,"Cardoso, Lucas R. L.; Melendez-Calderon, Alejandro; Bochkezanian, Vanesa; Forner-Cordero, Arturo; Bo, Antonio P. L.",Towards visual-tactile integration of shoulder and hand using immersive virtual reality,2023 45th annual international conference of the IEEE engineering in medicine & biology society (EMBC),,2694-0604,10.1109/EMBC40787.2023.10340578,,"Shoulder-controlled hand neuroprostheses are wearable devices designed to assist hand function in people with cervical spinal cord injury (SCI). They use preserved shoulder movements to control artificial actuators. Due to the concurrent afferent (i.e., shoulder proprioception) and visual (i.e., hand response) feedback, these wearables may affect the user’s body somatosensory representation. To investigate this effect, we propose an experimental paradigm that uses immersive virtual reality (VR) environment to emulate the use of a shoulder-controlled hand neuroprostheses and an adapted version of a visual-tactile integration task (i.e., Crossmodal Congruency Task) as an assessment tool. Data from seven non-disabled participants validates the experimental setup, with preliminary statistical analysis revealing no significant difference across the means of VR and visual-tactile integration tasks. The results serve as a proof-of-concept for the proposed paradigm, paving the way for further research with improvements in the experimental design and a larger sample size.",2023-07,2026-08-10 13:00:05,2026-08-10 13:00:05,,1-4,,,,,,,,,,,,,,,,,,,,,,,,Actuators; Neuroprostheses; Somatosensory; Statistical analysis; Virtual reality; Visualization; Wearable computers,,,,,,,,,,,,,,,,,,,,,,,,,,,,,,,,,,,,,,,,,,,,,,,
WJZCD6N2,journalArticle,2019,"Pujades, Sergi; Mohler, Betty; Thaler, Anne; Tesch, Joachim; Mahmood, Naureen; Hesse, Nikolas; Bülthoff, Heinrich H.; Black, Michael J.",The virtual caliper: Rapid creation of metrically accurate avatars from 3D measurements,IEEE Transactions on Visualization and Computer Graphics,,1941-0506,10.1109/TVCG.2019.2898748,,"Creating metrically accurate avatars is important for many applications such as virtual clothing try-on, ergonomics, medicine, immersive social media, telepresence, and gaming. Creating avatars that precisely represent a particular individual is challenging however, due to the need for expensive 3D scanners, privacy issues with photographs or videos, and difficulty in making accurate tailoring measurements. We overcome these challenges by creating “The Virtual Caliper”, which uses VR game controllers to make simple measurements. First, we establish what body measurements users can reliably make on their own body. We find several distance measurements to be good candidates and then verify that these are linearly related to 3D body shape as represented by the SMPL body model. The Virtual Caliper enables novice users to accurately measure themselves and create an avatar with their own body shape. We evaluate the metric accuracy relative to ground truth 3D body scan data, compare the method quantitatively to other avatar creation tools, and perform extensive perceptual studies. We also provide a software application to the community that enables novices to rapidly create avatars in fewer than five minutes. Not only is our approach more rapid than existing methods, it exports a metrically accurate 3D avatar model that is rigged and skinned.",2019-05,2026-08-10 13:00:05,2026-08-10 13:00:05,,1887-1897,,5,25,,,,,,,,,,,,,,,,,,,,,Avatars; Distance measurement; Full body avatars; metric accuracy; rapid creation; Shape; Shape measurement; Solid modeling; Three-dimensional displays; Tools,,,,,,,,,,,,,,,,,,,,,,,,,,,,,,,,,,,,,,,,,,,,,,,
PPNRQ4R5,journalArticle,2022,"Bhargava, Ayush; Venkatakrishnan, Roshan; Venkatakrishnan, Rohith; Solini, Hannah; Lucaites, Kathryn; Robb, Andrew C.; Pagano, Christopher C.; Babu, Sabarish V.",Did I hit the door? Effects of self-avatars and calibration in a person-plus-virtual-object system on perceived frontal passability in VR,IEEE Transactions on Visualization and Computer Graphics,,1941-0506,10.1109/TVCG.2021.3083423,,"The availability of new and improved display, tracking and input devices for Virtual Reality experiences has facilitated the use of partial and full body self-avatars in interaction with virtual objects in the environment. However, scaling the avatar to match the user's body dimensions remains to be a cumbersome process. Moreover, the effect of body-scaled self-avatars on size perception of virtual handheld objects and related action capabilities has been relatively unexplored. To this end, we present an empirical evaluation investigating the effect of the presence or absence of body-scaled self-avatars and visuo-motor calibration on frontal passability affordance judgments when interacting with virtual handheld objects. The self-avatar's dimensions were scaled to match the participant's eyeheight, arms length, shoulder width and body depth along the mid section. The results indicate that the presence of body-scaled self-avatars produce more realistic judgments of passability and aid the calibration process when interacting with virtual objects. Also, participants rely on the visual size of virtual objects to make judgments even though the kinesthetic and proprioceptive feedback of the object is missing or mismatched.",2022-12,2026-08-10 13:00:05,2026-08-10 13:00:05,,4198-4210,,12,28,,,,,,,,,,,,,,,,,,,,,affordance perception; Apertures; Avatars; Calibration; Input devices; passability; self-avatars; Tracking; virtual objects; Virtual reality,,,,,,,,,,,,,,,,,,,,,,,,,,,,,,,,,,,,,,,,,,,,,,,
NBEJQDHV,conferencePaper,2018,"Kassim, Murizah; Said, Muhamad Noor Hariz Muhamad",Data analytics on interactive indoor cycling exercises with virtual reality video games,"2018 4th international conference on control, automation and robotics (ICCAR)",,,10.1109/ICCAR.2018.8384693,,"This paper presents a project development on interactive Indoor cycling exercise with virtual reality (VR) video games. Users body exercise movement on cycling while focusing on virtual reality video games are presented and analysed. The project would motivate citizen to increase their health and stamina while experiences with fun games in doing exercises. The objective is to design a prototype exercises bicycle that can control VR game using smartphone power by Arduino Uno controller. Secondly, communications control with wireless connection between Arduino Uno and smartphone is developed. Then data collection and analysed on users' exercise of the prototype VR bicycle is presented on heartbeat rate, cycle speed, game finishing time, travelled distance and stamina levels. The methodology comprised of hardware, software and programming system development using paddling sensor, handling sensor and balancing sensor for collected data. Deep data analytics on health and stamina levels are measured and analysed using Fusionex GIANT platform. Result presents a prototype of Interactive Indoor exercise cycling movement with video games is programmed to makes an enjoy movement while data analytics is presented from the movement of the human body. Analytics data on heartbeat, speed of cycling, time taken to finish, travelled distance and stamina levels on the gaming challenge are analysed. This project benefits to society to keep their fitness and healthy activities with fun games. Prototype also benefits stroke patients for bike exercises assistant.",2018-04,2026-08-10 13:00:05,2026-08-10 13:00:05,,321-326,,,,,,,,,,,,,,,,,,,,,,,,arduino UNO; Bicycles; Data analysis; data analytics; Databases; exercises indoor cycling; fusionex giant; Games; Heart beat; Potentiometers; Prototypes; unity3d; video games; virtual reality,,,,,,,,,,,,,,,,,,,,,,,,,,,,,,,,,,,,,,,,,,,,,,,
ZBK8SLSP,conferencePaper,2012,"Nybakke, Amelia; Ramakrishnan, Ramya; Interrante, Victoria",Are motorized wheelchairs an effective method of locomotion in virtual environments?,2012 IEEE virtual reality workshops (VRW),,2375-5334,10.1109/VR.2012.6180889,,"In this poster, we summarize the results of a user study that investigates the relative extent to which people are able to maintain spatial awareness when exploring a virtual environment using a motorized wheelchair. We asked 24 participants to travel through a 24' wide, circularly symmetric virtual room, searching the contents of 16 randomly positioned and oriented boxes to locate 8 hidden targets, using each of the following four locomotion methods: real walking; virtual translation with real rotation while standing and using a body-worn joystick; real driving in a motorized wheelchair; and virtual translation with real rotation while sitting in a swivel chair with a joystick mounted on one of its arms. We computed four measures of search efficiency: distance travelled, search time, number of targets revisited, and proportion of trials with no revisits. We found that participants performed significantly better, overall, with real walking than with either of the methods that involved virtual translation, while performance with the wheelchair was intermediate. These results confirm that a mobile, motorized wheelchair interface offers some advantages over stationary joystick travel.",2012-03,2026-08-10 13:00:05,2026-08-10 13:00:05,,75-76,,,,,,,,,,,,,,,,,,,,,,,,Cognition; Legged locomotion; Navigation; Space exploration; spatial cognition; virtual environments; Virtual environments; Wheelchairs,,,,,,,,,,,,,,,,,,,,,,,,,,,,,,,,,,,,,,,,,,,,,,,
PTDI5I48,conferencePaper,2004,"Mao, Tianlu; Huang, He; Wang, Zhaoqi",A faster method for modeling virtual colony,IEEE virtual reality 2004,,1087-8270,10.1109/VR.2004.1310088,,"A virtual colony composed by vivid personal characters with different facial texture and body size, will strongly enhance the reality of the whole virtual environment. This paper describes a fast, economic but realistic method for modeling virtual colony. The system has two major components: photographs based human model reconstruction and anthropometry based automatic human model edit, both of them were advanced to achieve more practical and realistic purpose. To demonstrate the power of this approach, the method was applied to generate some virtual colonies.",2004-03,2026-08-10 13:00:05,2026-08-10 13:00:05,,239-240,,,,,,,,,,,,,,,,,,,,,,,,Anthropometry; Biological system modeling; Computers; Helium; Humans; Image reconstruction; Libraries; Power system modeling; Virtual environment; Virtual reality,,,,,,,,,,,,,,,,,,,,,,,,,,,,,,,,,,,,,,,,,,,,,,,
46DF49GX,conferencePaper,2007,"Ogi, Tetsuro; Sakon, Hiroaki",Distance learning in tele-immersion environment,21st international conference on advanced information networking and applications workshops (AINAW'07),,,10.1109/AINAW.2007.154,,"Distance education using the high-resolution video image has become popular according to the expansion of broadband networks. However, conventional distance learning systems lack the feeling of presence and have difficulty to utilize the three-dimensional information. This paper proposes the tele-immersive distance learning system that uses the video avatar, database interface and several interaction techniques in the shared virtual environment.",2007-05,2026-08-10 13:00:05,2026-08-10 13:00:05,,947-952,,,2,,,,,,,,,,,,,,,,,,,,,Avatars; Broadband communication; Computer aided instruction; Displays; Distance learning; Education; Image databases; Joining processes; Video sharing; Virtual environment,,,,,,,,,,,,,,,,,,,,,,,,,,,,,,,,,,,,,,,,,,,,,,,
3SSJRIES,conferencePaper,2025,"Zhao, Yue; Lindeman, Robert W.; Piumsomboon, Thammathip",Daddy long legs: a scale and speed up virtual reality locomotion technique for medium-scale scenarios,2025 IEEE conference virtual reality and 3D user interfaces (VR),,2642-5254,10.1109/VR59515.2025.00057,,"Locomotion techniques are essential to enhance the sense of presence or ""being there"" in virtual reality. This research proposes a novel technique, ""Daddy Long Legs"" (DLL), for navigating medium-scale virtual environments. DLL builds on principles from Seven-league Boots (7LB) and Ground-level Scaling (GLS), aiming to enhance positional accuracy by offering an elevated perspective while preserving immersion through maintaining the user's interpupillary distance. A user study (n = 24) compared three methods across comfort, embodiment, workload, and walking behavior. Participants completed walking tasks in a virtual garden, followed by questionnaires and interviews to capture their experiences. Results show that DLL outperformed 7LB in all measures. However, GLS was noted for its near-natural walking behavior, received the most favorable feedback, and was the preferred locomotion method.",2025-03,2026-08-10 13:00:05,2026-08-10 13:00:05,,329-339,,,,,,,,,,,,,,,,,,,,,,,,Accuracy; Atmospheric measurements; Ground-level Scaling; Interviews; Legged locomotion; Locomotion Technique; Navigation; Particle measurements; Scaled Walking; Seven-league Boots; Three-dimensional displays; User interfaces; Virtual environments; Virtual Reality,,,,,,,,,,,,,,,,,,,,,,,,,,,,,,,,,,,,,,,,,,,,,,,
HM5F2HH3,conferencePaper,2019,"Zhang, Yu; Huang, Zhijiong; Quigley, Kathryn; Sankar, Ramya; Yang, Allen",A user experience study of locomotion design in virtual reality between adult and minor users,2019 IEEE international symposium on mixed and augmented reality adjunct (ISMAR-adjunct),,,10.1109/ISMAR-Adjunct.2019.00027,,"Virtual reality (VR) is an important new technology that is fundamentally changing the way people experience entertainment and education content. Due to the fact that most currently available VR products are one-size-fits-all, the user experience of the content interface and user interaction for children is not well understood compared to that for adults. In this study, we seek to explore user experience of locomotion in VR between healthy adults and healthy minors along both objective and subjective dimensions. We design the experiment where subjects complete a task of moving the body and touching underwater animals using VR controllers. The locomotion in VR is implemented using one of four different modalities, as well as using real-world walking without wearing the VR headset as the baseline. Our results show that physical body movement that mirrors real-world movement exclusively is the least preferred by both adults and minors. However, within the different modalities of controller assisted locomotion, there are variations between adults and minors for preference and challenge levels.",2019-10,2026-08-10 13:00:06,2026-08-10 13:00:06,,47-51,,,,,,,,,,,,,,,,,,,,,,,,Augmented reality; Human centered computing; Locomotion experience; Virtual reality; Visualization design and evaluation,,,,,,,,,,,,,,,,,,,,,,,,,,,,,,,,,,,,,,,,,,,,,,,
8JCNEG7G,journalArticle,2026,"Tschanter, Jonathan; Merz, Christian; Wienrich, Carolin; Latoschik, Marc Erich",How harassment shapes self-perception and well-being in social VR: Evidence from a controlled lab study,IEEE Transactions on Visualization and Computer Graphics,,1941-0506,10.1109/TVCG.2026.3680575,,"Social Virtual Reality (SVR) allows users to meet and build relationships through embodied avatars and real-time interaction in virtual spaces. While embodiment can strengthen social connections and presence, it can also intensify negative encounters, making SVR particularly vulnerable to harassment. Despite frequent reports of verbal, visual, and “physical” violations in SVR, little is known about how harassment reshapes users' self-perception, including their sense of embodiment, self-identification, closeness, and avatar customization preferences. We conducted a controlled experiment with 52 participants who experienced either a neutral or a harassment condition in a scenario modeled after real SVR incidents. Participants perceived the harassing peer as significantly more negative, annoying, and disturbing than the neutral peer. Contrary to prior reports, harassment did not significantly affect well-being measures, including emotional state, self-esteem, and physiological arousal, within this controlled scenario. However, participants reported stronger bodily change, attributed more of their own attitudes and emotions to their avatars, and increased interpersonal distance when personal space was invaded. Self-reported coping strategies included ignoring, stepping back, using humor, and retaliating. Notably, avatar customization preferences shifted across conditions. Participants in the neutral condition favored personalized avatars, whereas those in the harassment condition more frequently preferred anonymity in public spaces. Together, these findings demonstrate that harassment in SVR not only exploits embodiment but also reshapes self-perception. We further contribute methodological insights into how harassment can be ethically and reproducibly studied in controlled SVR-like experiments.",2026-05,2026-08-10 13:00:06,2026-08-10 13:00:06,,3690-3700,,5,32,,,,,,,,,,,,,,,,,,,,,Amplitude modulation; Amplitude shift keying; avatar; Avatars; Circuits; Contacts; coping strategies; emotion; Feedback; Graphical user interfaces; harassment; Millimeter wave integrated circuits; MIMICs; Monolithic integrated circuits; self-identification; sense of embodiment; simulation; Social virtual reality,,,,,,,,,,,,,,,,,,,,,,,,,,,,,,,,,,,,,,,,,,,,,,,
LTLZNKYN,conferencePaper,2024,"Kakdas, Yasar C.; Demirel, Doga; Barker, Jacob R.; Halic, Tansel; Keane, Jeffrey; Mitchell, John; Jones, Stephanie; Jones, Daniel B.; De, Suvranu; Jackson, Cullen",Virtual reality-based donning and doffing simulator,2024 IEEE conference on virtual reality and 3D user interfaces abstracts and workshops (VRW),,,10.1109/VRW62533.2024.00043,,"Ensuring healthcare workers properly don and doff personal protective equipment is crucial in preventing the spread of contaminants. This study introduces a virtual reality (VR) simulator to enhance training in donning and doffing, aiming to complement or serve as an alternative to conventional methods. The VR simulation incorporates advanced features such as microfacet bidirectional reflective distribution, full-body avatar animations with inverse kinematics, and cloth simulation with Extended Position-Based Dynamics for increased immersion. Performance tests demonstrate real-time functionality even on low-end setups, with high-end systems consistently supporting 120Hz. A user study with 43 participants reveals that the VR group outperformed the non- VR group by 26.88",2024-03,2026-08-10 13:00:06,2026-08-10 13:00:06,,214-222,,,,,,,,,,,,,,,,,,,,,,,,Contextual software domains; doffing; donning; Human computer interaction (HCI); Human-centered computing; Interaction paradigms; Medical services; Organizations; Personal protective equipment; Real-time systems; Software; Software and its engineering; Software organization and properties; Surgery; Surgical simulation; Task analysis; Three-dimensional displays; Training; User interfaces; virtual reality; Virtual worlds software; Virtual worlds training simulations,,,,,,,,,,,,,,,,,,,,,,,,,,,,,,,,,,,,,,,,,,,,,,,
R2U7XAGJ,journalArticle,2021,"Birnie, Lachlan; Abhayapala, Thushara; Tourbabin, Vladimir; Samarasinghe, Prasanga",Mixed source sound field translation for virtual binaural application with perceptual validation,"IEEE/ACM Transactions on Audio, Speech, and Language Processing",,2329-9304,10.1109/TASLP.2021.3061939,,"Non-interactive and linear experienceslike cinema film offer high quality surround sound audio to enhance immersion, however, the perspective is usually fixed to the recording microphone position. With the rise of virtual reality, there is a demand for recording and recreating real-world experiences that allow users to move throughout the reproduction. Sound field translation achieves this by building an equivalent environment of virtual sources to recreate the recording spatially. However, the technique remains to restrict the maximum distance a user can translate away from the recording microphone's perspective due to the discrete sampling by commercial higher order microphones only being capable of recording an acoustic sweet-spot. In this paper, we propose a method for binaurally reproducing a microphone recording in a virtual application that allows the user to freely translate their body further beyond the recording position. The method incorporates a mixture of near-field and far-field sources in a sparsely expanded virtual environment to maintain a perceptually accurate reproduction. We perceptually validate the method through a Multiple Stimulus with Hidden Reference and Anchor (MUSHRA) experiment. Compared to the planewave benchmark, the proposed method offers both improved source localizability and robustness to spectral distortions at translated listening positions. A cross-examination with numerical simulations demonstrated that the sparse expansion relaxes the inherent sweet-spot constraint, leading to the improved localizability for sparse environments. Additionally, the proposed method is seen to better reproduce the intensity and binaural room impulse response spectra of near-field environments, further supporting the perceptual results.",2021,2026-08-10 13:00:06,2026-08-10 13:00:06,,1188-1203,,,29,,,,,,,,,,,,,,,,,,,,,Acoustics; Binaural synthesis; Hardware; Harmonic analysis; higher order microphone; Location awareness; Microphone arrays; Microphones; MUSHRA; sound field translation/navigation; virtual-reality; Visualization,,,,,,,,,,,,,,,,,,,,,,,,,,,,,,,,,,,,,,,,,,,,,,,
6RJBKC5R,journalArticle,2025,"Zhan, Youyi; Shao, Tianjia; Wang, He; Yang, Yin; Zhou, Kun",Interactive rendering of relightable and animatable gaussian avatars,IEEE Transactions on Visualization and Computer Graphics,,1941-0506,10.1109/TVCG.2025.3569923,,"Creating relightable and animatable avatars from multi-view or monocular videos is a challenging task for digital human creation and virtual reality applications. Previous methods rely on neural radiance fields or ray tracing, resulting in slow training and rendering processes. By utilizing Gaussian Splatting, we propose a simple and efficient method to decouple body materials and lighting from sparse-view or monocular avatar videos, so that the avatar can be rendered simultaneously under novel viewpoints, poses, and lightings at interactive frame rates (6.9 fps). Specifically, we first obtain the canonical body mesh using a signed distance function and assign attributes to each mesh vertex. The Gaussians in the canonical space then interpolate from nearby body mesh vertices to obtain the attributes. We subsequently deform the Gaussians to the posed space using forward skinning, and combine the learnable environment light with the Gaussian attributes for shading computation. To achieve fast shadow modeling, we rasterize the posed body mesh from dense viewpoints to obtain the visibility. Our approach is not only simple but also fast enough to allow interactive rendering of avatar animation under environmental light changes. Experiments demonstrate that, compared to previous works, our method can render higher quality results at a faster speed on both synthetic and real datasets.",2025-10,2026-08-10 13:00:06,2026-08-10 13:00:06,,8491-8502,,10,31,,,,,,,,,,,,,,,,,,,,,animation; Avatars; Gaussian splatting; human reconstruction; Image color analysis; Image reconstruction; Lighting; Material properties; Neural radiance field; Relighting; Rendering (computer graphics); Solid modeling; Training; Videos,,,,,,,,,,,,,,,,,,,,,,,,,,,,,,,,,,,,,,,,,,,,,,,
4ZK9ZCDI,journalArticle,2026,"Harada, Naoya; Harato, Nozomu; Kitazaki, Michiteru; Tasaki, Ryosuke",Design and evaluation of a physically synchronized virtual therapist avatar to improve trust in a single-arm massage robot incorporating skilled massage techniques,"IEEE access : practical innovations, open solutions",,2169-3536,10.1109/ACCESS.2026.3658879,,"In human–robot interaction (HRI) involving physical contact, establishing user trust is critical, especially in applications such as robotic massage, where direct tactile stimulation can provoke anxiety. This study investigates how the visual appearance of virtual avatars influences users’ psychological and physiological responses, with the goal of identifying design strategies for enhancing trust. We developed a Virtual Reality (VR) massage system that synchronizes a robotic arm with a virtual therapist avatar and examined six avatar conditions varying in human-likeness, body size, and gender. Subjective ratings and physiological signals were collected for each condition. In this exploratory study, the results suggest three things. First, trust is not determined solely by the avatar’s appearance but is significantly enhanced when the tactile experience is consistent with the expectations induced by this appearance. Second, trust comprises two distinct components—social and functional— that must be explicitly defined in the design. Third, the avatar’s appearance affected both subjective ratings and autonomic responses, including CCV-TP-based heart rate variability, indicating that visual expectations can modulate users’ perceptions of their physical sensations. These findings contribute to both the academic understanding and practical design of HRI systems involving physical interaction, such as those used in remote healthcare and assistive robotics.",2026,2026-08-10 13:00:06,2026-08-10 13:00:06,,16831-16847,,,14,,IEEE Access,,,,,,,,,,,,,,,,,,,Avatars; haptics; heart rate variability (HRV); Human-robot interaction; human–robot interaction (HRI); Manipulators; Psychology; Resists; Robot sensing systems; robotic massage; Robots; Service robots; Synchronization; trust; virtual reality (VR); Visualization,,,,,,,,,,,,,,,,,,,,,,,,,,,,,,,,,,,,,,,,,,,,,,,
U55Z2PVY,journalArticle,2023,"Gao, BoYu; Mai, Zijun; Tu, Huawei; Duh, Henry Been-Lirn",Effects of transfer functions and body parts on body-centric locomotion in virtual reality,IEEE Transactions on Visualization and Computer Graphics,,1941-0506,10.1109/TVCG.2022.3169222,,"Body-centric locomotion allows users to control both movement speed and direction with body parts (e.g., head tilt, arm swing or torso lean) to navigate in virtual reality (VR). However, there is little research to systematically investigate the effects of body parts for speed and direction control on virtual locomotion by taking in account different transfer functions(L: linear function, P: power function, and CL: piecewise function with constant and linear function). Therefore, we conducted an experiment to evaluate the combinational effects of the three factors (body parts for direction control, body parts for speed control, and transfer functions) on virtual locomotion. Results showed that (1) the head outperformed the torso for movement direction control in task completion time and environmental collisions; (2) Arm-based speed control led to shorter traveled distances than both head and knee. Head-based speed control had fewer environmental collisions than knee; (3) Body-centric locomotion with CL function was faster but less accurate than both L and P functions. Task time significantly decreased from P, L to CL functions, while traveled distance and overshoot significantly increased from P, L to CL functions. L function was rated with the highest score of USE-S, -pragmatic and -hedonic; (4) Transfer function had a significant main effect on motion sickness: the participants felt more headache and nausea when performing locomotion with CL function. Our results provide implications for body-centric locomotion design in VR applications.",2023-08,2026-08-10 13:00:06,2026-08-10 13:00:06,,3670-3684,,8,29,,,,,,,,,,,,,,,,,,,,,human computer interaction (HCI); Human-centered computing; interaction paradigms; Knee; Legged locomotion; Navigation; Task analysis; Torso; Transfer functions; Velocity control; virtualreality,,,,,,,,,,,,,,,,,,,,,,,,,,,,,,,,,,,,,,,,,,,,,,,
LNXAWANA,conferencePaper,2026,"Vona, Francesco; Amer, Mohamed; Abdellatif, Omar; Stern, Michael; Moreira, Catarina Pinto; Jorge, Joaquim; Voigt-Antons, Jan-Niklas",How close is too close? Exploring the impact of avatar proximity on user experience in collaborative augmented and virtual reality,2026 18th international conference on quality of multimedia experience (QoMEX),,2472-7814,10.1109/QoMEX69967.2026.11618374,,"Interpersonal distance is a cornerstone of proxemics, yet little is known about how established spatial norms translate into immersive collaborative environments. This paper presents a controlled within-subjects study involving 22 participants that investigates the effects of avatar proximity across Virtual Reality and Augmented Reality. Three interpersonal distances (0 cm, 45 cm, and 120 cm) were systematically compared. Participants performed collaborative puzzle-solving tasks under each condition. We assessed perceived workload (NASA-TLX), spatial presence (IPQ), user experience (UEQ-S), and cybersickness (CSQ-VR). Results indicate a medium-dependent asymmetry in proxemic perception. In VR, the borderline intimate-personal distance (45 cm) significantly increased mental and temporal workload, while also enhancing involvement. In contrast, the same distance in AR was perceived as comfortable and socially engaging, without increased cognitive demand. Overall user experience remained largely stable across conditions in both media. These findings provide exploratory yet actionable evidence that proxemic effects in XR are medium-sensitive rather than universal. The results suggest that interpersonal distance cannot be transferred directly between VR and AR design contexts and highlight the need for medium-specific spatial design guidelines for collaborative immersive systems.",2026-06,2026-08-10 13:00:06,2026-08-10 13:00:06,,1-7,,,,,,,,,,,,,,,,,,,,,,,,Argon; Augmented Reality; Avatar Proximity; Avatars; Collaborative XR; Conferences; Design methodology; Distance measurement; Extended reality; Media; Printing; User experience; Virtual reality; Virtual Reality,,,,,,,,,,,,,,,,,,,,,,,,,,,,,,,,,,,,,,,,,,,,,,,
FMBU8A7N,conferencePaper,2025,"Elliott, Thomas C.; Yang, Yanzhuo; Knibbe, Jarrod; Henry, Julie D.; Baghaei, Nilufar",Customizing stylized avatars for self-compassion: Design impacts in virtual reality therapy,2025 IEEE international symposium on mixed and augmented reality adjunct (ISMAR-adjunct),,2771-1110,10.1109/ISMAR-Adjunct68609.2025.00112,,"Virtual Reality (VR) presents a promising platform for delivering self-compassion interventions, yet optimal design strategies for avatars remain unclear—particularly in emotionally sensitive contexts such as depression therapy. This paper explores how avatar stylization and customization affect user experience and therapeutic outcomes in immersive individualized VR (iVR). We conducted two user studies within an iVR self-compassion therapy system. Study 1 introduced fixed stylized avatars, while Study 2 added self-resembling avatar customization. Results from the User Experience Questionnaire (UEQ) and Self-Compassion Scale (SCS) revealed that stylized avatars were well received, avoiding uncanny valley effects while maintaining usability. Customization did not significantly alter overall user experience but led to a moderate improvement in self-compassion scores. Qualitative feedback highlighted trade-offs between emotional safety and fidelity expectations. Our findings suggest that stylized, customizable avatars can support therapeutic engagement without requiring high realism, offering design insights for emotionally sensitive iVR interventions.",2025-10,2026-08-10 13:00:06,2026-08-10 13:00:06,,557-560,,,,,,,,,,,,,,,,,,,,,,,,Augmented reality; avatar customization; Avatars; Depression; embodiment; individualized VR (iVR); Medical treatment; mental health; Mental health; Safety; self-compassion; stylized avatars; therapeutic design; Usability; User experience; user experience (UX); vHealth; Virtual Reality (VR),,,,,,,,,,,,,,,,,,,,,,,,,,,,,,,,,,,,,,,,,,,,,,,
KYAENS2G,conferencePaper,2024,"Zhu, Yifei; Brush, Colin; Williams, Tom",Designing augmented reality robot guidance interactions through the metaphors of re-embodiment and telepresence,2024 33rd IEEE international conference on robot and human interactive communication (ROMAN),,1944-9437,10.1109/RO-MAN60168.2024.10731244,,"Robots deployed into real-world task-based environments may need to provide assistance, troubleshooting, and on-the-fly instruction for human users. While previous work has considered how robots can provide this assistance while co-located with human teammates, it is unclear how robots might best support users once they are no longer co-located. We propose the use of Augmented Reality as a medium for conveying long-distance task guidance from humans’ existing robot teammates, through Augmented Reality facilitated Robotic Guidance (ARRoG). Moreover, because there are multiple ways that a robot might project its identity through an Augmented Reality Head Mounted Display, we identify two candidate designs inspired by existing interaction patterns in the human-robot interaction (HRI) literature (re-embodiment-based and telepresence-based identity projection designs), present the results of a design workshop to explore how these designs might be most effectively implemented, and the results of a human-subject study intended to validate these designs.",2024-08,2026-08-10 13:00:06,2026-08-10 13:00:06,,29-36,,,,,,,,,,,,,,,,,,,,,,,,Augmented reality; Conferences; Human-robot interaction; Robots; Telepresence,,,,,,,,,,,,,,,,,,,,,,,,,,,,,,,,,,,,,,,,,,,,,,,
JW7AS8VK,journalArticle,2025,"Berrezueta-Guzman, Santiago; Wagner, Stefan","Immersive multiplayer VR: Unreal engine’s strengths, limitations, and future prospects","IEEE access : practical innovations, open solutions",,2169-3536,10.1109/ACCESS.2025.3570166,,"Virtual Reality (VR) has revolutionized digital interactions, particularly in multiplayer games, where players engage in immersive experiences that foster social connectivity and collaboration. Unreal Engine is at the core of this evolution, a powerful development platform known for its advanced networking tools, VR-specific capabilities, and seamless cross-platform support. Unreal Engine’s cross-platform support also ensures accessibility and scalability across diverse devices. This paper analyzes Unreal Engine’s role in advancing multiplayer VR development, focusing on its ability to create immersive environments that enhance user engagement and social interaction. We examined key features such as real-time networking for seamless communication, detailed avatar customization, and realistic environmental rendering, all contributing to an enhanced sense of presence. Beyond its technical features, this research identifies key challenges in multiplayer VR gaming, including latency, scalability, and ethical concerns related to inclusivity and user privacy. We propose future directions to address these issues, such as integrating artificial intelligence (AI), enhancing haptic feedback, and optimizing large-scale VR projects. By bridging these gaps, Unreal Engine can strengthen its role as a pioneering platform for social interaction, education, and collaboration in virtual spaces. This study also evaluates Unreal Engine’s effectiveness in facilitating social interaction and compares its capabilities with alternative platforms. The findings highlight best practices for VR game developers and provide recommendations to enhance user engagement and accessibility, ensuring that multiplayer VR continues to evolve as a transformative medium.",2025,2026-08-10 13:00:06,2026-08-10 13:00:06,,85597-85612,,,13,,IEEE Access,,,,,,,,,,,,,,,,,,,AI-driven VR interactions; avatar customization; Avatars; Collaboration; cross-platform VR development; Engines; Ethics; Focusing; Games; haptic feedback in VR; Haptic interfaces; immersive environments; literature review; multiplayer virtual reality (VR); Real-time systems; real-time VR communication; Scalability; scalability in multiplayer VR; social interaction in VR; Systematic literature review; unreal engine,,,,,,,,,,,,,,,,,,,,,,,,,,,,,,,,,,,,,,,,,,,,,,,
9VFB6Q5P,conferencePaper,2022,"Kasapakis, Vlasios; Dzardanova, Elena; Nikolakopoulou, Vasiliki; Vosinakis, Spyros",Evaluation of a virtual reality learning enviroment testbed and non-verbal cue integration,"2022 international conference on interactive media, smart systems and emerging technologies (IMET)",,,10.1109/IMET54801.2022.9929618,,"Virtual Reality (VR) has the potential to, not only match the modalities of interpersonal communication for distance-learning but, reconfigure the learning process altogether. To this end it is important to examine VR communication parameters such as non-verbal cue (NVC) transferability and impact. In this study we present preliminary usability and realism evaluations by 32 participants for a Virtual Reality Learning Environment (VRLE) testbed that will facilitate a variety of relevant future experimentations. As presented here, the VRLEs supports a high-fidelity professor avatar featuring a number of NVCs.",2022-10,2026-08-10 13:00:06,2026-08-10 13:00:06,,1-2,,,,,,,,,,,,,,,,,,,,,,,,Avatars; Education; Media; Non-Verbal Cues; Real-time systems; Usability; Virtual Reality,,,,,,,,,,,,,,,,,,,,,,,,,,,,,,,,,,,,,,,,,,,,,,,
H5PIU5CM,conferencePaper,2007,"Wang, Yuying; Li, Hongmei; Jia, Jinyuan",An adaptive multi-node downloading partitioning algorithm of distributed virtual environment based on grid computing,Fourth international conference on image and graphics (ICIG 2007),,,10.1109/ICIG.2007.182,,"When users are connected to a Large Scale distributed virtual environment system on internet, downloading speed is a key point to support a life-like world and real time interactions for a large number of avatars in a consistent fashion. We proposed an adaptive multi-node downloading partitioning algorithm to balance the bottleneck problem on multi- node downloading architecture we designed. It facilitates a flexible and scalable downloading large scale DVE. Our method has five major steps: (1) to build up a database by partitioning the ground of a DIE into two-dimensional square regions covered with three-dimensional objects uniformly; (2) to determine statically a region where an avatar's area of interest located according to its spatial coherence; (3) to group the grid nodes located on same region in DVE; (4) to build a downloading servers group within each region and adapt it dynamically; (5) to balance the downloading workload dynamically. A specific multi-node downloading component is devised for supporting remote multi-thread downloading DVE based Globus platform. The downloading speed is proportional to the number of grid nodes participated in the downloading task in each region. Initial experimental results show the feasibility and effectiveness of our approach.",2007-08,2026-08-10 13:00:06,2026-08-10 13:00:06,,1026-1032,,,,,,,,,,,,,,,,,,,,,,,,(DVE); (RFT); Algorithm design and analysis; AOI (Area of Interest); Avatars; Distributed Virtual Environment; Grid computing; Grid Computing; Internet; Large-scale systems; monitoring and discovery (MDS); Multi-thread Downloading; Partitioning algorithms; Real time systems; Reliable File Transfer service; Spatial coherence; Spatial databases; Virtual environment; VRML,,,,,,,,,,,,,,,,,,,,,,,,,,,,,,,,,,,,,,,,,,,,,,,
2QDNEHPR,conferencePaper,2025,"Ravikanti, Sandeep; Dave, Jay; Dong, Hai; Gondal, Iqbal; Choudhury, Nikumani; Ojha, Tamoghna; Raptis, Theofanis P.",Avatar-centric gait authentication framework for secure metaverse,2025 IEEE symposium on computers and communications (ISCC),,2642-7389,10.1109/ISCC65549.2025.11326103,,"As the Metaverse evolves, robust authentication is essential to protect digital avatar privacy from identity threats such as theft, unauthorized access, and avatar spoofing. A user’s gait, serving as an intrinsic biometric signature of their avatar, offers a seamless and continuous authentication mechanism, enhancing security. Traditional authentication methods, including passwords, biometrics, and facial or fingerprint recognition, face challenges in virtual environments due to occlusions, spoofing risks, and hardware dependencies. To address these limitations, we introduce AutoGaitAnalyzer, a novel gait authentication framework that uses 16 gait features from a large-scale simulation of 5,000 users. Benchmarked against over 10 state-of-the-art models, AutoGaitAnalyzer outperforms all, establishing a new standard for avatar security in the Metaverse.",2025-07,2026-08-10 13:00:06,2026-08-10 13:00:06,,1-6,,,,,,,,,,,,,,,,,,,,,,,,Authentication; Avatar; Avatars; Digital Security; Face recognition; Fingerprint recognition; Gait Biometrics; Hardware; Metaverse; Passwords; Privacy; Security; Standards,,,,,,,,,,,,,,,,,,,,,,,,,,,,,,,,,,,,,,,,,,,,,,,
E2NNC3IA,conferencePaper,2025,"Zhao, Jiayan; Wang, Jiaxin; Wallgrün, Jan Oliver; de-Vries, Rachelle; Klippel, Alexander",Recognizing food neophobia through consumer behavior in virtual reality,2025 11th international conference on virtual reality (ICVR),,,10.1109/ICVR66534.2025.11172652,,"Characteristics of individuals can influence eating behavior and food choices. Traditionally, scientists have assessed such characteristics through questionnaires and interviews. Explicit measures such as self-reports can be biased, however, by elements of social desirability and awareness of experimental aims or procedures. To address these shortcomings, this study uses implicit data exploring the use of virtual reality (VR) and machine learning to infer food-related personality traits from behavioral data. Specifically, we investigated whether food neophobia, or the reluctance to try unfamiliar foods, can be predicted based on eyeand body movements recorded during VR experiences. Participants (n=42) completed a food selection task in a virtual buffet, after which four supervised machine learning models were developed using features derived from body-based translation, rotation, and eye-tracking data to classify participants into low and high food neophobia groups. These models were trained and cross-validated using participants’ responses to the self-reported Food Neophobia Scale. The results show that the Random Forest model achieved the best performance, with a classification accuracy of 0.89 and Cohen’s Kappa of 0.78 on the test set. While statistical analyses revealed significant differences in eye-tracking patterns between low- and high-neophobia groups when viewing familiar versus unfamiliar food items, body movement features contributed more strongly to overall model performance. Despite the small sample size, which limits the generalizability of the findings, this study shows the promise of combining VR, behavioral tracking (implicit data), and machine learning to support efficient, unobtrusive consumer profiling in food-related contexts and beyond.",2025-07,2026-08-10 13:00:06,2026-08-10 13:00:06,,159-167,,,,,,,,,,,,,,,,,,,,,,,,Consumer behavior; Data models; eyetracking; food choices; Gaze tracking; immersive technologies; Interviews; machine learning; personality traits; Random forests; Solid modeling; Statistical analysis; Tracking; Translation; Virtual reality,,,,,,,,,,,,,,,,,,,,,,,,,,,,,,,,,,,,,,,,,,,,,,,
HT4AYJ4U,conferencePaper,2021,"Kammerlander, Robin K.; Pereira, André; Alexanderson, Simon",Using virtual reality to support acting in motion capture with differently scaled characters,2021 IEEE virtual reality and 3D user interfaces (VR),,2642-5254,10.1109/VR50410.2021.00063,,"Motion capture is a well-established technology for capturing actors' movements and performances within the entertainment industry. Many actors, however, witness the poor acting conditions associated with such recordings. Instead of detailed sets, costumes and props, they are forced to play in empty spaces wearing tight suits. Often, their co-actors will be imaginary, replaced by placeholder props, or they would be out of scale with their virtual counterparts. These problems do not only affect acting, they also cause an abundance of laborious post-processing clean-up work. To solve these challenges, we propose using a combination of virtual reality and motion capture technology to bring differently proportioned virtual characters into a shared collaborative virtual environment. A within-subjects user study with trained actors showed that our proposed platform enhances their feelings of body ownership and immersion. This in turn changed actors' performances which narrowed the gap between virtual performances and final intended animations.",2021-03,2026-08-10 13:00:06,2026-08-10 13:00:06,,402-410,,,,,,,,,,,,,,,,,,,,,,,,acting; body ownership; Collaboration; Collaborative virtual production; Interactive systems; motion capture; presence; Production; Three-dimensional displays; Tools; User interfaces; Virtual environments,,,,,,,,,,,,,,,,,,,,,,,,,,,,,,,,,,,,,,,,,,,,,,,
IXAD5FYP,conferencePaper,2002,"Bouguila, L.; Sato, M.",Virtual locomotion system for large-scale virtual environment,Proceedings IEEE virtual reality 2002,,1087-8270,10.1109/VR.2002.996544,,"Omni-directional locomotion systems are yet of little advantage in virtual environments (VEs) with limited large display systems, where users may experience visual-less situations when they move in a direction that is not covered by the large screen. This paper presents a new omni-directional locomotion interface based on step-in-place movement and a smart-turntable system to impart users with the ability to move freely in any direction within VEs without loosing sight of the displayed image despite its projection on a limited large screen that does not provide surrounding or 360/spl deg/ visual feedback. The novelty of the interface is that: (a) it uses a smart-turntable with embedded sensors as a walking platform that compensate users' rotations rather than their displacements; (b) no cable attachments are made to the user body; and (c) the user can make many full body rotations without loosing sight of the environment, virtually providing a surrounding display despite the use of the limited size screen.",2002-03,2026-08-10 13:00:06,2026-08-10 13:00:06,,291-292,,,,,,,,,,,,,,,,,,,,,,,,Acceleration; Face detection; Feedback; Large screen displays; Large-scale systems; Legged locomotion; Propulsion; Prototypes; Turning; Virtual environment,,,,,,,,,,,,,,,,,,,,,,,,,,,,,,,,,,,,,,,,,,,,,,,
R8F2I26T,conferencePaper,2021,"Li, Yi-Jun; Wang, Miao; Jin, De-Rong; Steinicke, Frank; Hu, Shi-Min; Zhao, Qinping",Effects of virtual environments and self-representations on redirected jumping,2021 IEEE conference on virtual reality and 3D user interfaces abstracts and workshops (VRW),,,10.1109/VRW52623.2021.00114,,"We design experiments to measure the perception (detection thresholds for gains, presence, embodiment, intrinsic motivation, and cybersickness) and physical performance (heart rate intensity, preparation time, and actual jumping distance) of redirected jumping (RDJ), under six different combinations of virtual environments (VEs) (low and high visual richness) and self-representations (SRs) (invisible, shoes, human-like). Results suggested that both VEs and SRs influence users’ perception and performance in RDJ, and have to be taken into account when designing locomotion techniques.",2021-03,2026-08-10 13:00:06,2026-08-10 13:00:06,,464-465,,,,,,,,,,,,,,,,,,,,,,,,Conferences; Estimation; Footwear; Heart rate; Human computer interaction (HCI); Human-centered computing; Interaction paradigms; Three-dimensional displays; Virtual environments; Virtual reality; Visualization,,,,,,,,,,,,,,,,,,,,,,,,,,,,,,,,,,,,,,,,,,,,,,,
YAK9WZL2,conferencePaper,2023,"Pecori, Riccardo; Presti, Paolo; Avanzini, Pietro; Aversano, Lerina; Caruana, Fausto; Cimitile, Marta; Montano, Debora; Ruzzon, Davide; Bernardi, Mario Luca; Vecchiato, Giovanni",Machine and deep learning techniques to classify arousal judgments in dynamic virtual experience of architecture,2023 international conference on machine learning and applications (ICMLA),,1946-0759,10.1109/ICMLA58977.2023.00315,,"The architectural space impacts the emotional state of its inhabitants. Nevertheless, no studies have investigated, to date, how it influences the perception of others' affective states, possibly impacting our social behavior. This paper analyzes the eye-gaze data collected during a social scenario recreated after a promenade within virtual architectures. Immersive and dynamic virtual architectures were characterized by decreasing or increasing sidewall distance, ceiling height, windows height, and different colors. At the end of such an experience, participants judged the arousal level expressed by a virtual avatar. For the first time, we apply machine and deep learning techniques to the behavioral, environmental, and eye-gaze features extracted during the dynamic experience of virtual architectures. In order to verify the feasibility of automated classification of the final arousal judgment on the avatar emotional expression, we have considered both interpretable, i.e., decision trees, and black-box models, i.e., dense neural networks. The decision tree reached an accuracy rate of 66",2023-12,2026-08-10 13:00:06,2026-08-10 13:00:06,,2087-2094,,,,,,,,,,,,,,,,,,,,,,,,Arousal score; Artificial neural networks; Avatars; Closed box; Deep learning; Deep Learning; Eye-gaze; Feature extraction; Image color analysis; Machine Learning; Solid modeling; Virtual environments,,,,,,,,,,,,,,,,,,,,,,,,,,,,,,,,,,,,,,,,,,,,,,,
IV2UWC5L,conferencePaper,2026,"Syukur, Muhammad Hazim Bin; Nasaruddin, Nor Intan Shafini Binti; Abdullah, Zamlina Binti",Immersive virtual reality in learning traditional archery using an inverse kinematics approach,2026 international conference on cognitive systems and computer interaction (ICoSCI),,,10.1109/ICoSCI66700.2026.11447612,,"This study explores the design and development of an immersive Virtual Reality (VR) system particularly for enhancing traditional archery training. Traditional archery faces significant challenges in modern urban environments, including limited practice spaces and safety concerns. This project addresses these barriers by leveraging VR technology to create a dynamic, interactive training platform that replicates real-world archery techniques. The system integrates advanced algorithms, including Inverse Kinematics (IK) for accurate motion tracking and realistic body movements. Utilizing the ADDIE instructional design model, the VR platform provides real-time feedback on posture, aiming precision, and arrow dynamics. The system features two modes: Training Mode for self-paced practice and Challenge Mode for competitive gameplay. Usability testing with 20 participants yielded an average System Usability Scale (SUS) score of 84.9, indicating an excellent user experience. The results demonstrate that VR technology effectively bridges the gap between traditional practices and modern technological innovations, making archery more accessible and interactive for contemporary users while preserving its cultural heritage.",2026-01,2026-08-10 13:00:06,2026-08-10 13:00:06,,1-5,,,,,,,,,,,,,,,,,,,,,,,,ADDIE; Archery Training; Dynamics; Islamic Heritage; Kinematics; Motion Tracking; Technological innovation; Testing; Tracking; Training; Urban areas; Usability; User experience; Virtual reality; Virtual Reality,,,,,,,,,,,,,,,,,,,,,,,,,,,,,,,,,,,,,,,,,,,,,,,
K4BVJ5RE,conferencePaper,2014,"Dittrich, Frank; Woern, Heinz; Sharma, Vivek; Yayilgan, Sule",Pixelwise object class segmentation based on synthetic data using an optimized training strategy,2014 first international conference on networks & soft computing (ICNSC2014),,,10.1109/CNSC.2014.6906671,,"In this paper we present an approach for low-level body part segmentation based on RGB-D data. The RGB-D sensor is thereby placed at the ceiling and observes a shared workspace for human-robot collaboration in the industrial domain. The pixelwise information about certain body parts of the human worker is used by a cognitive system for the optimization of interaction and collaboration processes. In this context, for rational decision making and planning, the pixelwise predictions must be reliable despite the high variability of the appearance of the human worker. In our approach we treat the problem as a pixelwise classification task, where we train a random decision forest classifier on the information contained in depth frames produced by a synthetic representation of the human body and the ceiling sensor, in a virtual environment. As shown in similar approaches, the samples used for training need to cover a broad spectrum of the geometrical characteristics of the human, and possible transformations of the body in the scene. In order to reduce the number of training samples and the complexity of the classifier training, we therefore apply an elaborated and coupled strategy for randomized training data sampling and feature extraction. This allows us to reduce the training set size and training time, by decreasing the dimensionality of the sampling parameter space. In order to keep the creation of synthetic training samples and real-world ground truth data simple, we use a highly reduced virtual representation of the human body, in combination with KINECT skeleton tracking data from a calibrated multi-sensor setup. The optimized training and simplified sample creation allows us to deploy standard hardware for the realization of the presented approach, while yielding a reliable segmentation in real-time, and high performance scores in the evaluation.",2014-08,2026-08-10 13:00:06,2026-08-10 13:00:06,,388-394,,,,,,,,,,,,,,,,,,,,,,,,Feature extraction; Image segmentation; Labeling; Optimization; Robot sensing systems; Training; Vegetation,,,,,,,,,,,,,,,,,,,,,,,,,,,,,,,,,,,,,,,,,,,,,,,
NG8JA73R,conferencePaper,2008,"Hu, Shun-Yun; Jiang, Jehn-Ruey",Plug: Virtual worlds for millions of people,2008 14th IEEE international conference on parallel and distributed systems,,1521-9097,10.1109/ICPADS.2008.121,,"We propose the design of Plug, an application to find and keep contacts with friends within many inter-connected 3D virtual worlds. Users use an instant messenger (IM)-like interface to converse with friends and find new contacts, using a virtual representation of the user's self. It consists of three parts: a plug is an automatous agent / avatar situated at a user's computer that reflects and mimics its owner's behaviors and interests; a plugspace is a virtual environment that can be inter-connected, with scales ranging from a room to an entire virtual universe; and plugtalk is a set of packet formats and protocols that allow plugspaces to inter-connect, and individual plugs to navigate. Plug utilizes standards whenever possible, and is designed to be scalable, extensible, and customizable for various uses such as distance learning, virtual shopping, or online gaming. By combining the looks of 3D virtual worlds and the accessibility of IMs, we envision Plug as a step towards common virtual world experiences sharable by all Internet users.",2008-12,2026-08-10 13:00:06,2026-08-10 13:00:06,,787-792,,,,,,,,,,,,,,,,,,,,,,,,3D streaming; Access protocols; Avatars; Hardware; HTML; Internet; MMOGs; peer-to-peer; Plugs; Second Life; Space technology; Virtual environment; virtual environments; virtual worlds; Web server,,,,,,,,,,,,,,,,,,,,,,,,,,,,,,,,,,,,,,,,,,,,,,,
GZ4QMC6W,conferencePaper,2025,"Chung, Allan; Liang, Yo-Wen",Exploring functions in a collaborative virtual reality environment supporting industrial design students’ communication effectiveness,"2025 16th international conference on e-education, e-business, e-management and e-learning (ic4e)",,,10.1109/IC4e65071.2025.11075500,,"Virtual Reality (VR) is transforming industrial design education, yet its functions in enhancing collaborative communication remain underexplored. This study examines how specific VR functions impact communication effectiveness among design students. Using the Kano model and pre- and post-test assessments, we evaluate student satisfaction and communication effectiveness across discussion quality, richness, openness, appropriateness, and accuracy. The results show VR significantly improves discussion quality, richness, and openness, while appropriateness and accuracy remain unchanged. Kano analysis classifies most VR functions as one-dimensional, with features such as Scale, Fly, Switch Environment, Sketch, and Animation identified as high-weight requirements. Additionally, Spearman correlation analysis shows that Teleport Body and Screenshot are significantly and positively associated with the overall information quantity during discussions.",2025-04,2026-08-10 13:00:06,2026-08-10 13:00:06,,524-528,,,,,,,,,,,,,,,,,,,,,,,,Accuracy; Animation; Collaboration; communication effectiveness; Communication effectiveness; Correlation; design management; Education; Electronic learning; industrial design; Solid modeling; Switches; virtual reality; Virtual reality,,,,,,,,,,,,,,,,,,,,,,,,,,,,,,,,,,,,,,,,,,,,,,,
7MQLDM3M,conferencePaper,2025,"Duan, Yupei; Xu, Xinhao; Wang, Fang; Shyu, Chi-Ren; Islam, Syed Kamrul; Eliza, Sazia; Flink, Jim; Gu, Yuanyuan; He, Hao; Li, Shangman; Murrell, Scottie; Nalmas, Amith; Almasri, Mahmoud",Enhancing student self-efficacy and interest in microelectronics through immersive virtual reality in an informal learning environment,2025 IEEE international conference on advanced learning technologies (ICALT),,2161-377X,10.1109/ICALT64023.2025.00096,,"This study investigates iVRLab, an immersive virtual reality (VR) microfabrication training system, and its influence on college students' self-efficacy and interest in microelectronics during a one-hour workshop held within a 1.5-day training camp. iVRLab simulates photolithography cleanroom operations, providing hands-on virtual experiences that merge theory with practice. A pre-post analysis revealed a significant rise in self-efficacy (M = 4.11 to 4.37, p = 0.0066), demonstrating the system's effectiveness in building confidence. Although interest only showed slight gains, high baseline scores (3.6-3.7 on a 4-point scale) indicate a ceiling effect. Correlations among engagement, embodiment (r = 0.91, p ¡ 0.001), and immersion (r = 0.60, p ¡ 0.01) underscore the value of active, embodied VR learning. Qualitative feedback further highlighted iVRLab's immersive realism and its capacity to spark curiosity about microfabrication careers. These findings suggest that VR training can effectively boost self-efficacy in microelectronics, reinforcing students' enthusiasm in an informal learning setting and indicating the potential broader adoption across STEM fields.",2025-07,2026-08-10 13:00:06,2026-08-10 13:00:06,,308-312,,,,,,,,,,,,,,,,,,,,,,,,Conferences; Correlation; Engineering profession; Industries; Interest in STEM; Lithography; Microelectronics; Microelectronics Education; Microfabrication; Self-Efficacy; Sparks; STEM Education; Training; Virtual reality; Virtual Reality,,,,,,,,,,,,,,,,,,,,,,,,,,,,,,,,,,,,,,,,,,,,,,,
5YWEW33H,conferencePaper,2018,"Yu, Fang; Jiazhen, Pang; Jianhan, Wang",The general posture descriptor of the human body for virtual reality simulation,2018 IEEE 9th international conference on software engineering and service science (ICSESS),,2327-0594,10.1109/ICSESS.2018.8663922,,"With the development of virtual reality (VR)technology, immersive simulation analysis has been widely applied in the process of design and manufacture. In the virtual reality simulation environment, recognition of the people's posture in the different size is the basis to support the analysis for the computer. In this paper, we proposed a general posture descriptor of the human body for virtual reality simulation. First, the joints data is extracted by Kinect, and of connection matrix of joints are established to build the general posture descriptor based on directional joint vector (DJV); Then a similarity calculation method for joints is proposed, based on which the comparison of descriptor is obtained; At last the instance of posture classification is revealed to illustrate the process of descriptor and comparison. According to the instance, it indicates that the method proposed in this paper is available to support the general posture recognition for virtual reality simulation.",2018-11,2026-08-10 13:00:06,2026-08-10 13:00:06,,1147-1150,,,,,,,,,,,,,,,,,,,,,,,,Analytical models; Computational modeling; Data models; Hip; joint matching; posture descriptor; Shoulder; Solid modeling; Virtual reality; virtual reality simulation,,,,,,,,,,,,,,,,,,,,,,,,,,,,,,,,,,,,,,,,,,,,,,,
RVGNQAJ7,conferencePaper,2020,"Xie, Wei; Fang, Xiongbing; Wu, Sheng",2.5D navigation graph and improved a-star algorithm for path planning in ship inside virtual environment,2020 prognostics and health management conference (PHM-besançon),,2166-5656,10.1109/PHM-Besancon49106.2020.00057,,"A new method entitled 2.5D navigation graph for walkable domain modelling, and an improved A-star algorithm for path planning in large ship inside 3D virtual environment (VE) are developed. Firstly, the authors partitioned the XOZ plane with squared cells and then converted the 3D virtual scene model composed of triangular facets into cuboidal obstacles in each grid via projection and intersection algorithm. The top face of each cuboid obstacle is a candidate walkable area for the character in 3D VE. Top facets of all obstacles in the 2.5D navigation graph form the walkable domain of the 3D VE. Furthermore, the obstacle for the next stay position is found by the improved A-star algorithm among the obstacles which reposes on the surrounding eight cells. Experimental results indicate that the provided 2.5D navigation graph and the improved A-star method can deal with the problem of path planning for ship inside 3D VE. Especially, the proposed scheme has adequately taken the horizontal and vertical characteristics of the ship inside environment, the body size of the character, and the physiological specialty and walking customs of humankind into account.",2020-05,2026-08-10 13:00:06,2026-08-10 13:00:06,,295-299,,,,,,,,,,,,,,,,,,,,,,,,A-star algorithm; Legged locomotion; Navigation; navigation graph; path planning; Path planning; Physiology; ship; Solid modeling; Three-dimensional displays; Virtual environments; virtual reality,,,,,,,,,,,,,,,,,,,,,,,,,,,,,,,,,,,,,,,,,,,,,,,
56XNA2D3,conferencePaper,2025,"Ao, Xiang",Effects of virtual reality exercise on body composition and health-related fitness in female college students with low physical activity*,2025 international conference on frontiers technology in circuits and systems (FTCS),,,10.1109/FTCS68006.2025.11405811,,"Physical inactivity represents a significant public health challenge among female college students, contributing to adverse metabolic profiles and diminished cardiorespiratory fitness. This quasi-experimental study examined the efficacy of an 8-week virtual reality (VR) boxing intervention on key health parameters in this vulnerable population. Fourteen sedentary participants completed a structured program consisting of two supervised 30-minute VR sessions weekly. Comprehensive assessments revealed statistically significant improvements in body composition metrics, including reductions in body fat percentage (-2.4%,p=0.044), fat mass (-2.0~kg,p=0.044), and body weight (-2.9~kg,p=0.040). Aerobic performance demonstrated substantial enhancement with a 135-meter increase in the 12 minute run distance (p=0.045), while lower-limb muscular endurance showed only marginal, non-significant improvement. These findings underscore the potential of VR-based exercise as an innovative, engaging strategy for improving body composition and aerobic capacity in sedentary young women, though supplementary training modalities may be necessary to address muscular endurance deficits. The study provides empirical support for integrating immersive technologies into campus health promotion initiatives targeting physically inactive female students.",2025-11,2026-08-10 13:00:06,2026-08-10 13:00:06,,453-458,,,,,,,,,,,,,,,,,,,,,,,,aerobic capacity; body composition; Circuits and systems; college students; Fats; health promotion; Measurement; muscular endurance; physical inactivity; Public healthcare; Training; Virtual reality; Virtual reality exercise,,,,,,,,,,,,,,,,,,,,,,,,,,,,,,,,,,,,,,,,,,,,,,,
DLDC5RFS,conferencePaper,2015,"Aslandere, Turgay; Dreyer, Daniel; Pankratz, Frieder",Virtual hand-button interaction in a generic virtual reality flight simulator,2015 IEEE aerospace conference,,1095-323X,10.1109/AERO.2015.7118876,,"Flight simulators with a physical mock-up are dependent on the aircraft type and have high costs. In order to overcome high cost issues, a generic virtual reality flight simulator is designed. Virtual buttons are used without a physical mock-up to make the virtual reality flight simulator independent of the aircraft type. The classic virtual hand metaphor is employed to interact with the virtual objects. This paper examines the virtual hand-button interaction in the generic virtual reality flight simulator where no haptic feed-back is provided. The effect of the collision volume of a virtual button during the virtual hand-button interaction is determined. It is concluded that a change in the collision volume within aircraft design limits, does not have a significant impact on the interaction. We also investigate different virtual hand avatars. We find that the accuracy of hand-button interaction depends on the hand avatar rather than the collision volume. Representing a smaller part of the hand avatar results in less efficient interaction. This shows the size and shape of hand avatars plays a major role in the virtual reality simulator design. This finding contributes to the various virtual reality applications which exploit the virtual hand metaphor.",2015-03,2026-08-10 13:00:07,2026-08-10 13:00:07,,1-8,,,,,,,,,,,,,,,,,,,,,,,,Aircraft; Avatars; Geometry; Training; Virtual environments; Visualization,,,,,,,,,,,,,,,,,,,,,,,,,,,,,,,,,,,,,,,,,,,,,,,
FHXVBKRV,conferencePaper,2015,"Molina, Edgardo; Khoo, Wai L.; Palmer, Franklin; Ai, Lei; Ro, Tony; Zhu, Zhigang",Vista wearable: Seeing through whole-body touch without contact,2015 IEEE 12th intl conf on ubiquitous intelligence and computing and 2015 IEEE 12th intl conf on autonomic and trusted computing and 2015 IEEE 15th intl conf on scalable computing and communications and its associated workshops (UIC-ATC-ScalCom),,,10.1109/UIC-ATC-ScalCom-CBDCom-IoP.2015.63,,"Using the sense of touch is one of the most natural methods of navigation available to the blind. In this work, we propose a method to enhance a person's use of touch for surroundings awareness by placing range sensors coupled with small vibrators on the surface of their body. Our device, Vista Wearable, seeks to enhance a person's sense of physical awareness with their surroundings by providing hap tic feedback that directly corresponds with distance to nearby objects and obstacles. We constructed an array of connected range-sensors and vibrators that can be worn close to the skin for testing in controlled real and virtual environments. We then built small and unobtrusive devices that contain the range-sensor, vibrator, and a wireless Bluetooth interface, so that the user can configure and wear the units on their body where necessary without wires. Preliminary testing of the devices shows promise in real world applications including as a travel aid for the blind.",2015-08,2026-08-10 13:00:07,2026-08-10 13:00:07,,300-303,,,,,,,,,,,,,,,,,,,,,,,,assistive technology; Navigation; Prototypes; Sensors; Testing; vibrotactile display; Virtual environments; visually impaired; wearable devices; Wireless communication; Wireless sensor networks,,,,,,,,,,,,,,,,,,,,,,,,,,,,,,,,,,,,,,,,,,,,,,,
ISJ82DVE,conferencePaper,2019,"Zhu, Hao; Zuo, Xinxin; Wang, Sen; Cao, Xun; Yang, Ruigang",Detailed human shape estimation from a single image by hierarchical mesh deformation,2019 IEEE/CVF conference on computer vision and pattern recognition (CVPR),,2575-7075,10.1109/CVPR.2019.00462,,"This paper presents a novel framework to recover detailed human body shapes from a single image. It is a challenging task due to factors such as variations in human shapes, body poses, and viewpoints. Prior methods typically attempt to recover the human body shape using a parametric based template that lacks the surface details. As such the resulting body shape appears to be without clothing. In this paper, we propose a novel learning-based framework that combines the robustness of parametric model with the flexibility of free-form 3D deformation. We use the deep neural networks to refine the 3D shape in a Hierarchical Mesh Deformation (HMD) framework, utilizing the constraints from body joints, silhouettes, and per-pixel shading information. We are able to restore detailed human body shapes beyond skinned models. Experiments demonstrate that our method has outperformed previous state-of-the-art approaches, achieving better accuracy in terms of both 2D IoU number and 3D metric distance. The code is available in https://github.com/zhuhao-nju/hmd.git.",2019-06,2026-08-10 13:00:07,2026-08-10 13:00:07,,4486-4495,,,,,,,,,,,,,,,,,,,,,,,,3D from Single Image; Accuracy; Deep Learning; Deformation; Image restoration; Measurement; Parametric statistics; Pattern recognition; Resists; Robustness; Shape; Three-dimensional displays,,,,,,,,,,,,,,,,,,,,,,,,,,,,,,,,,,,,,,,,,,,,,,,
WW2MVXTZ,journalArticle,2021,"Hu, Pengpeng; Kaashki, Nastaran Nourbakhsh; Dadarlat, Vasile; Munteanu, Adrian",Learning to estimate the body shape under clothing from a single 3-D scan,IEEE Transactions on Industrial Informatics,,1941-0050,10.1109/TII.2020.3016591,,"Estimating the 3-D human body shape and pose under clothing is important for many applications, including virtual try-on, noncontact body measurement, and avatar creation for virtual reality. Existing body shape estimation methods formulate this task as an optimization problem by fitting a parametric body model to a single dressed-human scan or a sequence of dressed-human meshes for a better accuracy. This is impractical for many applications that require fast acquisition, such as gaming and virtual try-on due to the expensive computation. In this article, we propose the first learning-based approach to estimate the human body shape under clothing from a single dressed-human scan, dubbed Body PointNet. The proposed Body PointNet operates directly on raw point clouds and predicts the undressed body in a coarse-to-fine manner. Due to the nature of the data—aligned paired dressed scans and undressed bodies; and genus-0 manifold meshes (i.e., single-layer surfaces)—we face a major challenge of lacking training data. To address this challenge, we propose a novel method to synthesize the dressed-human pseudoscans and corresponding ground truth bodies. A new large-scale dataset, dubbed body under virtual garments, is presented, employed for the learning task of body shape estimation from 3-D dressed-human scans. Comprehensive evaluations show that the proposed Body PointNet outperforms the state-of-the-art methods in terms of both accuracy and running time.",2021-06,2026-08-10 13:00:07,2026-08-10 13:00:07,,3793-3802,,6,17,,,,,,,,,,,,,,,,,,,,,3-D scanning; Body PointNet; body pose estimation; body shape under clothing; Clothing; dressed human dataset; Estimation; Informatics; Machine learning; OffsetNet; Shape; Task analysis; Three-dimensional displays,,,,,,,,,,,,,,,,,,,,,,,,,,,,,,,,,,,,,,,,,,,,,,,
AMF4HAID,conferencePaper,2019,"Krogmeier, Claudia; Mousas, Christos; Whittinghill, David","Human, virtual human, bump! A preliminary study on haptic feedback",2019 IEEE conference on virtual reality and 3D user interfaces (VR),,2642-5254,10.1109/VR.2019.8798139,,"How does haptic feedback during a human-virtual human interaction affect emotional arousal in virtual reality? In this between-subjects study, we compare haptic feedback and no haptic feedback conditions in which a virtual human “bumps” into the participant in order to determine the influence of haptic feedback on emotional arousal, sense of presence, and embodiment in virtual reality, as well as compare self-report measures of emotional arousal to those objectively collected via event-related galvanic skin response (GSR) recordings. We plan to extend the current preliminary study by adding three more conditions as described in the future work section. Participants are students age 18-32 with at least moderate experience in virtual reality. Preliminary results indicate significant differences in presence and embodiment between haptic feedback and no haptic feedback groups. With our small sample size at the current time, GSR does not show significant differences between haptic and no haptic feedback conditions.",2019-03,2026-08-10 13:00:07,2026-08-10 13:00:07,,1032-1033,,,,,,,,,,,,,,,,,,,,,,,,Games; Haptic interfaces; Human computer interaction (HCI); Human-centered computing; Indexes; Interaction paradigms; Skin; Sports equipment; Virtual environments; Virtual reality,,,,,,,,,,,,,,,,,,,,,,,,,,,,,,,,,,,,,,,,,,,,,,,
HDHMHCCA,journalArticle,2026,"Pi, Yuke; Gillies, Marco; Cowie, Dorothy; Pan, Xueni",Slightly stretching your arm's reach may improve VR interaction: The optimal interaction zone in a memory task,IEEE Transactions on Visualization and Computer Graphics,,1941-0506,10.1109/TVCG.2026.3679873,,"This study investigates how interaction methods and spatial distance affect user performance and experience in virtual reality (VR) tasks. We compared the Go-Go technique with ray-based Laser selection across eight target distances (0.67× to 4× arm length) in a memory task to identify distance ranges that minimize motor and cognitive demands and support working memory. Results with 41 participants revealed a trade-off: Go-Go enhanced embodiment, while Laser yielded higher efficiency and lower workload. This trade-off was distance-dependent: Go-Go performed best at 1.2×-1.4×, and Laser at 1.4×-2.2×. Our results offer practical design guidelines for adaptive, distance-aware VR systems that align performance and subjective experience.",2026-05,2026-08-10 13:00:07,2026-08-10 13:00:07,,3851-3861,,5,32,,,,,,,,,,,,,,,,,,,,,Amplitude modulation; Amplitude shift keying; Augmented interaction; Avatars; Circuits; Cognitive load; Electronic mail; Embodiment; Feedback; Frequency modulation; Graphical user interfaces; Internet; Radio broadcasting; Selection techniques; Virtual reality,,,,,,,,,,,,,,,,,,,,,,,,,,,,,,,,,,,,,,,,,,,,,,,
M5MD6NBL,conferencePaper,2026,"Christopoulos, Athanasios; Mystakidis, Stylianos; Laakso, Mikko-Jussi",The experiential quantum framework: Design principles for immersive virtual reality in quantum mechanics education,2026 49th MIPRO ICT and electronics convention (MIPRO),,1847-3938,10.1109/MIPRO70003.2026.11591996,,"Quantum Mechanics (QM) education presents diverse pedagogical challenges as the observed phenomena occur at scales invisible to human perception, unfold across timescales inaccessible to human cognition, and contradict intuitions developed through lifelong interaction with classical objects. Virtual Reality (VR) has attracted interest as a technology capable of addressing such challenges though recent reviews reveal that existing implementations follow technological capability instead of pedagogical rationale. In response to this observation, we propose the Experiential Quantum Framework—an extension of the Cognitive Affective Model of Immersive Learning adjusted to the requirements of QM instruction. The framework identifies four VR affordances—presence, agency, embodiment, and scale-time transformation—and maps them to six documented quantum learning challenges through theoretically-grounded paths wherein, four represent direct positive relationships; one is conditional, predicting that VR visualisation can either reinforce or remediate misconceptions depending on the design choices; and one is negative, capturing the cognitive load risk that immersion imposes on already-complex content. Based on the aforementioned paths, six design principles derive that translate theoretical rationale into actionable specifications for instructional designers. The framework generates testable propositions, provides diagnostic criteria for educators evaluating VR implementations, and offers theoretically-grounded design guidance for Immersive VR applications for QM instruction.",2026-05,2026-08-10 13:00:07,2026-08-10 13:00:07,,424-429,,,,,,,,,,,,,,,,,,,,,,,,Affordances; cognitive load theory; Design methodology; design principles; embodied cognition; immersive learning; Learning (artificial intelligence); Loading; Modeling; Printing; Quantum mechanics; quantum mechanics education; Reviews; virtual reality; Virtual reality; Visualization,,,,,,,,,,,,,,,,,,,,,,,,,,,,,,,,,,,,,,,,,,,,,,,
6WWUEIBH,journalArticle,2020,"Liu, Lei; Jiao, Yufeng; Meng, Fanwei",Key algorithm for human motion recognition in virtual reality video sequences based on hidden markov model,"IEEE access : practical innovations, open solutions",,2169-3536,10.1109/ACCESS.2020.3020591,,"This paper provides an in-depth discussion of human motion recognition in Virtual Reality (VR) video sequences through hidden Markov models, which are four steps from VR video acquisition and pre-processing, foreground detection, extraction of human feature parameters, and hidden Markov model human motion recognition. A hybrid Gaussian model was used to build a background model in real-time based on changes in VR video information, and the image was subtracted by the background differential method. The optical flow method was used for foreground detection of the target, and the effects of sparse and dense optical flow were compared to obtain the motion characteristics and optical flow information of the target human body, respectively. Features were extracted for human motion, in terms of common geometric features of the body and optical flow information, respectively. In terms of common geometric information, the width-to-height ratio, perimeter-to-area ratio, center of mass, eccentricity, and feature angle were extracted, respectively. For the optical flow information, optical flow descriptors were constructed using a grid-based approach. And feature fusion was performed for the above two parameters by the k-means method to construct the word pocket model. The hidden Markov model parameters were obtained by using the hidden Markov model for the recognition of human motion and training the human feature parameters for each of the four motions. The recognition of the four common human body movements was realized by the forward-backward algorithm. The test results show that the motion recognition method in this paper has high recognition performance and good anti-interference performance. The time-sequence pooling is used to sort the effective video frame feature sequences to obtain the feature vectors that can represent the dynamic changes of video time sequence; finally, the time-sequence feature vectors are used to train the support vector machine for classification recognition. The recognition accuracy is 65.2",2020,2026-08-10 13:00:07,2026-08-10 13:00:07,,159705-159717,,,8,,IEEE Access,,,,,,,,,,,,,,,,,,,algorithm; Biological system modeling; Feature extraction; Hidden market model; Hidden Markov models; human motion recognition; Optical flow; Silicon; Target recognition; Training; virtual reality video,,,,,,,,,,,,,,,,,,,,,,,,,,,,,,,,,,,,,,,,,,,,,,,
FYKIMVP2,conferencePaper,2011,"Corrêa, Cléber G.; Tokunaga, Daniel M.; Sanches, Silvio R. R.; Nakamura, Ricardo; Tori, Romero",Immersive teleconferencing system based on video-avatar for distance learning,2011 XIII symposium on virtual reality,,,10.1109/SVR.2011.26,,"Teleconference is an important means of communication to lectures in distance learning courses. Unlike other technologies used in education, the technology which enables virtual conferencing has changed little since it began to be used. Even the transition from analogical to digital technology and the adoption of IP technology changed little the communication characteristics of this media, basically the same of a 2D video. The project presented here is part of a new field of research, called immersive telecommunication, aiming to increase the sense of immersion and presence of the participants. Thus was developed a videoconferencing system that allows the presenter to immerse yourself in a 3D virtual environment, through his/her video-avatar, and be assisted remotely in the form of 3D video. This system integrates several sub-projects, involving the capture and rendering of video-avatar, background removal, gesture recognition, interaction design, among others. The aim of this paper is to present the system architecture and an overview of its modules, key challenges and solutions adopted.",2011-05,2026-08-10 13:00:07,2026-08-10 13:00:07,,197-206,,,,,,,,,,,,,,,,,,,,,,,,Avatars; distance education; Hardware; immersive telecommunication; Servers; Software; Teleconferencing; Three dimensional displays; video-avatar; Visualization,,,,,,,,,,,,,,,,,,,,,,,,,,,,,,,,,,,,,,,,,,,,,,,
ZQV9ILTG,conferencePaper,2010,"Esch, Markus; Botev, Jean",Distance-aware avatar interaction in online virtual environments,2010 second international conference on advances in future internet,,,10.1109/AFIN.2010.18,,"Immersive Massive Multiuser Virtual Environments currently attract a lot of attention. Going beyond the hype, one discovers interesting concepts and opportunities for a supposed future Web which is commonly called the 3D Web. The global provision of such a vision is much more than another evolutionary step in content visualization, rather severe technical challenges need to be addressed by the future Internet infrastructure and protocols. Existing commercial approaches feature only limited scalability due to mostly relying on centralized solutions. With global-scale scenarios like a 3D Web in mind, the application of distributed and decentralized techniques becomes indispensable. In the HyperVerse project we have developed a two-tier Peer-To-Peer architecture, incorporating a federation of reliable server machines and user clients as basic infrastructure for an open and scalable 3D Web. Based on this federated infrastructure a hybrid avatar management scheme has been proposed that reduces the server load considerably. Using this scheme, servers get unburdened especially in highly populated regions of an online environment. Moreover, the flash crowd problem is tackled in a self-scaling fashion. This paper presents a series of improvements of this avatar management scheme, focusing not only on reducing server load, but also latency, client and overall network load. These improvements are achieved through utilizing free server capacities and considering the real-world distance between communicating nodes to minimize network traffic.",2010-07,2026-08-10 13:00:07,2026-08-10 13:00:07,,56-62,,,,,,,,,,,,,,,,,,,,,,,,3D Web; Avatars; Delay; Future Internet; Internet; MMVE; P2P; Peer to peer computing; Servers; Three dimensional displays; Unicast,,,,,,,,,,,,,,,,,,,,,,,,,,,,,,,,,,,,,,,,,,,,,,,
KDBXF73M,journalArticle,2026,"Kim, Jong-Hyun",A unified perceptual–physical framework for real-time underwater motion simulation of immersive agents and large-scale crowds,"IEEE access : practical innovations, open solutions",,2169-3536,10.1109/ACCESS.2026.3696348,,"This paper proposes a unified perceptual–physical underwater motion simulation framework that simultaneously supports immersive user interaction and large-scale crowd behaviors. In underwater environments, various fluid forces, including drag, buoyancy, gravity, and Magnus effects induced by rotation, act on the human body in a coupled manner. However, conventional virtual reality systems have limitations in realistically conveying such forces due to restricted hardware input and the absence of force-feedback devices. To address this problem, we model underwater forces not as direct force feedback but as the temporal evolution of velocity states, and present a unified motion generation framework that can be applied consistently to both user-controlled avatars and non-player characters (NPCs), as well as large-scale crowd simulations. The proposed method explicitly computes buoyancy, drag, and Magnus effects at the level of joints and body segments to generate physically plausible full-body motion, while biomechanically valid joint range constraints prevent unrealistic postures caused by external forces. For user interaction, a controllable perceptual coupling between the simulated physical state and the actual user input intentionally introduces visual discrepancies, allowing users to intuitively perceive underwater resistance without additional haptic devices. The same physical model is further used to naturally produce diverse underwater behaviors in large-scale crowds through variations in initial conditions and body parameters. A real-time implementation in Unity validates the efficiency and scalability of the proposed framework, and experimental results demonstrate stable and consistent underwater motion representation in both immersive interaction scenarios and large-scale crowd simulations. The proposed approach provides a practical solution for integrating physical realism and perceptual experience in underwater environments without requiring additional hardware, and shows potential for applications in virtual reality training, simulation, games, and digital twin environments.",2026,2026-08-10 13:00:07,2026-08-10 13:00:07,,79331-79345,,,14,,IEEE Access,,,,,,,,,,,,,,,,,,,Animation; Avatars; Buoyancy; device-free interaction; Drag; Dynamics; Force; immersive virtual reality; large-scale crowd simulation; Modeling; perceptual–physical modeling; Real-time systems; Simulation; state-based dynamics; Timing; Underwater motion simulation,,,,,,,,,,,,,,,,,,,,,,,,,,,,,,,,,,,,,,,,,,,,,,,
CRD5UH99,conferencePaper,2007,"Kasap, Mustafa; Magnenat-Thalmann, Nadia",Parameterized human body model for real-time applications,2007 international conference on cyberworlds (CW'07),,,10.1109/CW.2007.14,,"We present an efficient technique for real-time human body model generation from sizing parameters. Based on a template model, various body sizes are generated according to the anthropometric measurement standards. These standards are used during the design stage of the template body model to segment it into regions where each region is deformed by corresponding measurement parameter. Depending on the anatomical shape of the regions, deformation functions with specific control parameters are blended to change the body sizes. Implementation of the deformation functions are based on splines and radial distance of the surface vertices. Before applying any deformation, displacement of the vertices are filtered to preserve the continuity between neighbouring and overlapping regions. With a set of high level parameters, this technique could be used to generate different size models in virtual environments.",2007-10,2026-08-10 13:00:07,2026-08-10 13:00:07,,160-167,,,,,,,,,,,,,,,,,,,,,,,,Anthropometry; Application software; Biological system modeling; Computational modeling; Computer graphics; Deformable models; Humans; Measurement standards; Shape control; Virtual environment,,,,,,,,,,,,,,,,,,,,,,,,,,,,,,,,,,,,,,,,,,,,,,,
FL6R6EH3,conferencePaper,2024,"Luo, Zhengyi; Cao, Jinkun; Khirodkar, Rawal; Winkler, Alexander; Huang, Jing; Kitani, Kris; Xu, Weipeng",Real-time simulated avatar from head-mounted sensors,2024 IEEE/CVF conference on computer vision and pattern recognition (CVPR),,2575-7075,10.1109/CVPR52733.2024.00061,,"We present SimXR, a methodfor controlling a simulated avatar from information (headset pose and cameras) ob-tained from AR / VR headsets. Due to the challenging view-point of head-mounted cameras, the human body is often clipped out of view, making traditional image-based ego-centric pose estimation challenging. On the other hand, headset poses provide valuable information about overall body motion, but lack fine-grained details about the hands and feet. To synergize headset poses with cameras, we control a humanoid to track headset movement while analyzing input images to decide body movement. When body parts are seen, the movements of hands and feet will be guided by the images; when unseen, the laws of physics guide the controller to generate plausible motion. We design an end-to-end method that does not rely on any intermediate representations and learns to directly map from images and headset poses to humanoid control signals. To train our method, we also propose a large-scale synthetic dataset created using camera configurations compatible with a commercially available VR headset (Quest 2) and show promising results on real-world captures. To demonstrate the applicability of our framework, we also test it on an AR headset with a forward-facing camera.",2024-06,2026-08-10 13:00:07,2026-08-10 13:00:07,,571-581,,,,,,,,,,,,,,,,,,,,,,,,Animation; Augmented Reality; Avatars; Cameras; Control; Egocentric Pose; Extended Reality; Headphones; Humanoid; Humanoid robots; Physics Simulation; Pose estimation; Real-time systems; Training; Virtual Reality,,,,,,,,,,,,,,,,,,,,,,,,,,,,,,,,,,,,,,,,,,,,,,,
B8J2JGHH,conferencePaper,2010,"Jiang, Jehn-Ruey; Huang, Ching-Chuan; Tsai, Chung-Hsien",Avatar path clustering in networked virtual environments,2010 IEEE 16th international conference on parallel and distributed systems,,1521-9097,10.1109/ICPADS.2010.124,,"With the increase of network bandwidth and the advance of 3D graphics technology, networked virtual environments (NVEs) have become popular recently. Early SIMNET and currently booming massively multiplayer online games (MMOGs), such as Second Life (SE) and World of War craft (WoW), are examples of NVEs. Because NVE users, interests or habits may be similar, avatars, or the representative of NVE users, may have similar behavior patterns, which leads to similar motion paths in the NVE. This paper proposes two NVE avatar path clustering algorithms, namely, Average Distance of Corresponding Points-Density Clustering (ADCP-DC) and Longest Common Subsequence-Density Clustering (LCSS-DC). Given avatar paths, both algorithms will produce a collection of path clusters and their representative paths (RPs), which can be used to analyze avatar behaviors for improving NVE design. We take SE user trace data as input of the algorithms to demonstrate their applicability. We also show how to adjust algorithm parameters to obtain high-quality path clustering in terms of silhouette coefficient and cluster coverage.",2010-12,2026-08-10 13:00:07,2026-08-10 13:00:07,,845-850,,,,,,,,,,,,,,,,,,,,,,,,Algorithm design and analysis; Avatars; Clustering algorithms; Clustering methods; density clustering; massively multiplyer online games; Measurement; networked virtual environments; Noise; path clustering; Virtual environment,,,,,,,,,,,,,,,,,,,,,,,,,,,,,,,,,,,,,,,,,,,,,,,
9LBBM8LL,journalArticle,1995,"Reed, D.A.; Shields, K.A.; Scullin, W.H.; Tavera, L.F.; Elford, C.L.",Virtual reality and parallel systems performance analysis,Computer,,1558-0814,10.1109/2.471180,,"Scalable parallel systems are becoming the standard architecture for high-performance computing. However, achieving close to peak performance requires careful attention to a plethora of system details. Not only do hundreds of processors interact on a microsecond time scale, but also the space of possible performance optimizations is large, complex, and highly sensitive to both application behavior and system software. If the event frequency is high and the number of processors is large (in the hundreds), the aggregate data rate can be many megabytes/second. Moreover, for a fixed application problem size, both processor-interaction frequency and performance data volume can grow superlinearly with the number of processors. Finally, the relations of specific performance metrics to application performance can vary widely across applications and parallel architectures. To understand these relations while managing potentially large volumes of dynamic performance data, we have developed a data-immersive virtual environment, called Avatar, which explores performance data and provides real-time adaptive control of application behavior.¡¿",1995-11,2026-08-10 13:00:07,2026-08-10 13:00:07,,57-67,,11,28,,,,,,,,,,,,,,,,,,,,,Aggregates; Application software; Computer architecture; Concurrent computing; Frequency; Optimization; Performance analysis; System performance; System software; Virtual reality,,,,,,,,,,,,,,,,,,,,,,,,,,,,,,,,,,,,,,,,,,,,,,,
HYAYAYIZ,conferencePaper,2025,"Shen, Hong; Shimato, Kazuya; Yang, Hanyi; Okamoto, Shogo",Drone rider: Virtual flight meets exergaming,2025 IEEE 14th global conference on consumer electronics (GCCE),,2693-0854,10.1109/GCCE65946.2025.11275026,,"We developed Drone Rider, an extended reality (XR) system designed to simulate a flying experience. The system enhances immersion through multisensory feedback, including lower-body vibration stimuli, passive tilting of the foot platform, wind feedback proportional to flying speed, and real-time projection of the user’s arms into the virtual environment. This study explores the potential of Drone Rider as an exergame— a form of interactive entertainment that integrates gameplay with physical activity. In a user study, 10 participants tracked virtual flight targets for 90 s. The average heart rate increased by 10.4 bpm, indicating moderate physical engagement. Reports of cybersickness were minimal (mean = 2.3 on a 0–9 scale), and participants positively evaluated its potential as an e-sports platform (mean = 5.0). These findings support the potential of Drone Rider as a fitness-oriented XR system involving moderate physical engagement.",2025-09,2026-08-10 13:00:07,2026-08-10 13:00:07,,1439-1441,,,,,,,,,,,,,,,,,,,,,,,,drone; Drones; Electric potential; Entertainment industry; exergaming; Extended reality; fitness game; flight simulator; Games; Heart rate; Real-time systems; Target tracking; Vibrations; Virtual environments,,,,,,,,,,,,,,,,,,,,,,,,,,,,,,,,,,,,,,,,,,,,,,,
7KCHF6RF,journalArticle,2026,"Sobhi, Mohamad; Moosavi, Mahdiyeh Sadat; Guillet, Christophe; Mérienne, Frédéric; Ebadzadeh, Mohammad Mehdi",Closer to human: Hybrid training of VR agents beyond robotic motion,"IEEE access : practical innovations, open solutions",,2169-3536,10.1109/ACCESS.2026.3658497,,"The success of virtual reality (VR) agents is not solely defined by task completion; adaptability and the ability to move beyond repetitive, robotic behavior are equally critical for embodiment, social interaction, rehabilitation, and training. To address this challenge, we propose a hybrid training methodology that integrates imitation learning and reinforcement learning to develop agents that both master tasks and generalize beyond demonstrations. Our framework combines Behavioral Cloning (BC) for rapid policy initialization, Proximal Policy Optimization (PPO) for stable reinforcement-driven learning, and Generative Adversarial Imitation Learning (GAIL) for imitation-based rewards, resulting in policies that converge efficiently while avoiding repetitive imitation. We implemented this framework in a Unity-based VR environment, where participants performed a single-joint cube pick-and-place task using a headset and controller. Human demonstrations were collected and used to train and evaluate agents against multiple motion metrics, including Dynamic Time Warping (DTW), Fréchet distance, minimum jerk cost, Fitts’s law, and curvature–velocity coupling. Experimental results showed that hybrid-trained agents achieved stable convergence, consistent task mastery, and motion trajectories comparable to human demonstrations across temporal, spatial, and smoothness dimensions. Notably, the agents exhibited adaptive, non-repetitive behavior without explicitly optimizing for biomechanical fidelity, suggesting that human-like variability can emerge naturally from our customized hybrid IL + RL training. These findings provide a foundation for scaling the methodology toward multi-joint and full-body motion learning, with promising implications for future VR applications in rehabilitation, training, and embodied interaction.",2026,2026-08-10 13:00:07,2026-08-10 13:00:07,,18940-18951,,,14,,IEEE Access,,,,,,,,,,,,,,,,,,,AI agent; Cloning; Convergence; human-like motion; imitation learning; Imitation learning; Navigation; Optimization; Pipelines; reinforcement learning; Reinforcement learning; Robots; Training; Trajectory; Virtual reality,,,,,,,,,,,,,,,,,,,,,,,,,,,,,,,,,,,,,,,,,,,,,,,
J7BEBQ57,conferencePaper,2023,"Htoo, Chit Kyin; Sein, Myint Myint",Privacy preserving human fall recognition using human skeleton data,2023 IEEE conference on computer applications (ICCA),,,10.1109/ICCA51723.2023.10181509,,"Fall is a critical danger for a person because he/she can loss any recontroled and stable posture and can face to any associated injuries without any caregiver. Therefore, automatic fall recognition systems have been developed to assist the person falling in short time in place. Moreover, these human-fall recognition systems have also strongly impacted from privacy and the issue of privacy is a challenge and an important societal problem for it. The aim of this paper is to propose an automatic fall recognition from human skeleton joints captured by RGB-Depth Kinect camera supporting a privacy-preservation. The recognition assesses skeleton joints of a person and measures two posture balance (body orientation and centroid height) and two gait motions (velocity and angular acceleration) of this person based on the fall and fall-like representations generated in system's virtual environment. The system has not de-identified the personal information from original captures of a person and preserves privacy which is highly impacted in fall recognition systems. Experiments on system's collected human activities using Support Vector Machine learning classification, will support to detect falls in unseen real environments with moderately high recognition accuracy.",2023-02,2026-08-10 13:00:07,2026-08-10 13:00:07,,276-281,,,,,,,,,,,,,,,,,,,,,,,,Activity recognition; Cameras; Face recognition; Human Fall Recognition; Human Posture and Gait of Skeleton Joints; Kinect Sensor; Privacy; Privacy Preserving; Skeleton; Support vector machines; Virtual environments,,,,,,,,,,,,,,,,,,,,,,,,,,,,,,,,,,,,,,,,,,,,,,,
KHVI22TH,conferencePaper,2020,"Li, Meng; Ganni, Sandeep; Ponten, Jeroen; Albayrak, Armagan; Rutkowski, Anne-F; Jakimowicz, Jack",Analysing usability and presence of a virtual reality operating room (VOR) simulator during laparoscopic surgery training,2020 IEEE conference on virtual reality and 3D user interfaces (VR),,2642-5254,10.1109/VR46266.2020.00078,,"Immersive Virtual Reality (VR) laparoscopy simulation is emerging to enhance the attractiveness and realism of surgical procedural training. This study analyses the usability and presence of a Virtual Operating Room (VOR) setup via user evaluation and sets out the key elements for an immersive environment during a laparoscopic procedural training.In the VOR setup, a VR headset displayed a 360-degree computer-generated Operating Room (OR) around a VR laparoscopic simulator during laparoscopy procedures. Thirty-seven surgeons and surgical trainees performed the complete cholecystectomy task in the VOR. Questionnaires (i.e., Localized Postural Discomfort scale, Questionnaire for Intuitive Use, NASA-Task Load Index, and Presence Questionnaire) followed by a semi-structured interview were used to collect the data.The participants could intuitively adapt to the VOR and were satisfied when performing their tasks (M=3.90, IQR=0.70). The participants, particularly surgical trainees, were highly engaged to accomplish the task. Despite the higher mental workload on four subscales (p ¡; 0.05), the surgical trainees had a lower effort of learning (4 vs 3.33, p ¡; 0.05) compared to surgeons. The participants experienced very slight discomfort in seven body segments (0.59-1.16). In addition, they expected improvements for team interaction and personalized experience within the setup.The VOR showed potential to become a useful tool in providing immersive training during laparoscopy procedure simulation based on the usability and presence noted in the study. Future developments of user interfaces, VOR environment, team interaction and personalization should result in improvements of the system.",2020-03,2026-08-10 13:00:07,2026-08-10 13:00:07,,566-572,,,,,,,,,,,,,,,,,,,,,,,,[Applied Computing]; Human computer interaction; Human-centered computing; Human-centered computing [Virtual Reality]; Instruments; Laparoscopes; Laparoscopy simulation; Life and medical science; Presence; Surgery; Surgical training; Task analysis; Training; Usability; User evaluation; Virtual reality; Virtual reality operating room,,,,,,,,,,,,,,,,,,,,,,,,,,,,,,,,,,,,,,,,,,,,,,,
XCS8XM2H,conferencePaper,2021,"Kim, Hyung-Il; Kim, Taehei; Song, Eunhwa; Oh, Seo Young; Kim, Dooyoung; Woo, Woontack",Multi-scale mixed reality collaboration for digital twin,2021 IEEE international symposium on mixed and augmented reality adjunct (ISMAR-adjunct),,,10.1109/ISMAR-Adjunct54149.2021.00098,,"In this poster, we present a digital twin-based mixed reality system for remote collaboration with the size-scaling of the user and the space. The proposed system supports collaboration between an AR host user and a VR remote user by sharing a 3D digital twin of the AR host user. To enhance the coarse authoring of a shared digital twin environment, we provide a size scaling of the digital twin environment with the world-in-miniature view. Also, we enable scaling the size of the VR user’s avatar to enhance both coarse (size-up) and fine-grained (size-down) authoring of the digital twin environment. We describe the system setup, input methods, and interaction methods for scaling space and user.",2021-10,2026-08-10 13:00:07,2026-08-10 13:00:07,,435-436,,,,,,,,,,,,,,,,,,,,,,,,Augmented reality; Avatars; Collaboration; Collaborative interaction; Digital twin; Human computer interaction (HCI); Human-centered computing; Interaction paradigms; Mixed / augmented reality; Mixed reality; Systems support; Three-dimensional displays,,,,,,,,,,,,,,,,,,,,,,,,,,,,,,,,,,,,,,,,,,,,,,,
SCVY6NCY,journalArticle,2001,"Harper, Bernard; Latto, Richard","Cyclopean vision, size estimation, and presence in orthostereoscopic images",Presence,,1054-7460,10.1162/105474601300343630,,"Stereo scene capture and generation is an important facet of presence research in that stereoscopic images have been linked to naturalness as a component of reported presence. Three-dimensional images can be captured and presented in many ways, but it is rare that the most simple and “natural” method is used: full orthostereoscopic image capture and projection. This technique mimics as closely as possible the geometry of the human visual system and uses convergent axis stereography with the cameras separated by the human interocular distance. It simulates human viewing angles, magnification, and convergences so that the point of zero disparity in the captured scene is reproduced without disparity in the display. In a series of experiments, we have used this technique to investigate body image distortion in photographic images. Three psychophysical experiments compared size, weight, or shape estimations (perceived waist-hip ratio) in 2-D and 3-D images for the human form and real or virtual abstract shapes. In all cases, there was a relative slimming effect of binocular disparity. A well-known photographic distortion is the perspective flattening effect of telephoto lenses. A fourth psychophysical experiment using photographic portraits taken at different distances found a fattening effect with telephoto lenses and a slimming effect with wide-angle lenses. We conclude that, where possible, photographic inputs to the visual system should allow it to generate the cyclopean point of view by which we normally see the world. This is best achieved by viewing images made with full orthostereoscopic capture and display geometry. The technique can result in more-accurate estimations of object shape or size and control of ocular suppression. These are assets that have particular utility in the generation of realistic virtual environments.",2001-06,2026-08-10 13:00:07,2026-08-10 13:00:07,,312-330,,3,10,,,,,,,,,,,,,,,,,,,,,,,,,,,,,,,,,,,,,,,,,,,,,,,,,,,,,,,,,,,,,,,,,,,,
IU53F9WX,conferencePaper,2003,"Huang, Jiung-yao; Du, Yi-chang; Wang, Chien-Min",Design of the server cluster to support avatar migration,"IEEE virtual reality, 2003. Proceedings.",,1087-8270,10.1109/VR.2003.1191115,,"We identified an important issue when supporting a large scale networked virtual environment (NVE) with a server cluster. This issue is similar to the process migration issue on the parallel computing study and we refer it as the avatar migration problem. That is, when an avatar of an NVE is moving from one region managed by a server to another region managed by a different server, the client site may perceive abrupt screen change due to the different contents managed by these two servers. This paper proposes equations to solve this problem and elaborates the proposed avatar migration mechanism with state diagrams. The implementing architecture is also given in this paper. Our experiments that successfully show the efficiency of the proposed mechanism are given at the last.",2003-03,2026-08-10 13:00:07,2026-08-10 13:00:07,,7-14,,,,,,,,,,,,,,,,,,,,,,,,Avatars; Bandwidth; Computer networks; Content management; Electronic mail; Filters; Information science; Large-scale systems; Network servers; Scalability,,,,,,,,,,,,,,,,,,,,,,,,,,,,,,,,,,,,,,,,,,,,,,,
UUDVLPNI,conferencePaper,2011,"Kenderdine, Sarah; Au, Oscar Kin Chung; Shaw, Jeffrey",Cultural data sculpting: Omnispatial visualization for cultural datasets,2011 15th international conference on information visualisation,,2375-0138,10.1109/IV.2011.102,,"This paper presents four research projects currently underway to develop new omnispatial visualization strategies for the collaborative interrogation of large-scale heterogeneous cultural datasets using the worlds' first 360-degree stereoscopic visualization environment (Advanced Visualization and Interaction Environment - AVIE). The AVIE system enables visualization modalities through full body immersion, stereoscopy, spatialized sound and camera-based tracking. The research integrates work by a group of international investigators in virtual environment design, immersive interactivity, information visualization, museology, visual analytics and computational linguistics. The work is being implemented at the newly established research facility, City University's Applied Laboratory for Interactive Visualization and Embodiment – ALIVE) in association with partners Museum Victoria (Melbourne), iCinema Centre, UNSW (Sydney), ZKM Centre for Art and Media (Karlsruhe), UC Berkeley (USA), UC Merced (USA) and and Europeana (in association with Israel Museum of Jerusalem). The applications are intended for museum visitors and for humanities researchers. They are: (1) Data Sculpture Museum, (2) Inside Europeana, (2) Rhizome of the Western Han, (4) Blue Dots AVIE (Tripitaka Koreana).",2011-07,2026-08-10 13:00:07,2026-08-10 13:00:07,,570-579,,,,,,,,,,,,,,,,,,,,,,,,3D; archaeology; corpora; Cultural differences; Data visualization; Europe; immersive; information visualization; interactive narrative; Media; Multimedia communication; museum collections; Three dimensional displays; Visual analytics,,,,,,,,,,,,,,,,,,,,,,,,,,,,,,,,,,,,,,,,,,,,,,,
6QHEM8XS,conferencePaper,2022,"Miller, Robert; Banerjee, Natasha Kholgade; Banerjee, Sean",Temporal effects in motion behavior for virtual reality (VR) biometrics,2022 IEEE conference on virtual reality and 3D user interfaces (VR),,2642-5254,10.1109/VR51125.2022.00076,,"Using the motion behavior of users in virtual reality (VR) as a biometric signature has the potential to enable continuous identification and authentication of users without compromising VR applications if traditional passwords are acquired by malicious agents. Users exhibit natural variabilities in behavior over time that influence their body motions and can alter the trajectories of VR devices such as the headset and the controllers. Behavior variabilities may negatively impact the success rate of VR biometrics. In this work, we evaluate how deep learning approaches to match input and enrollment trajectories are influenced by user behavior variation over varying time scales. We demonstrate that over short timescales on the order of seconds to minutes, no statistically significant relationship is found in the temporal placement of enrollment trajectories and their matches to input trajectories. We find that on medium-scale separation between enrollment and input trajectories, on the order of days to weeks, median accuracy is similar within users who provide input close and distant to enrollment data. Over long timescales on the order of 7 to 18 months, we obtain optimal performance for short and long enrollment/input separations by using training sets from users providing long-timescale data, as these sets encompass coarse and fine-scale changes in behavior.",2022-03,2026-08-10 13:00:07,2026-08-10 13:00:07,,563-572,,,,,,,,,,,,,,,,,,,,,,,,Authentication; Biometrics; Biometrics (access control); Deep learning; Headphones; Human computer interaction (HCI); Human-centered computing; Impedance matching; Interaction paradigms; Security and privacy; Security services; Three-dimensional displays; Training; Virtual reality,,,,,,,,,,,,,,,,,,,,,,,,,,,,,,,,,,,,,,,,,,,,,,,
58GBUNVG,journalArticle,2025,"Friedel, Marcus K. E.; McKendrick, Zachary; Sharlin, Ehud; Suzuki, Ryo",PantographHaptics: a technique for large-surface passive haptic interactions using pantograph mechanisms,IEEE Transactions on Visualization and Computer Graphics,,1941-0506,10.1109/TVCG.2025.3549869,,"In Virtual Reality (VR), existing hand-scale passive interaction techniques are unsuitable for continuous large-scale renders: room-scale proxies lack portability, and wearable robotic arms are energy-intensive and induce friction. This paper presents a technique for providing wall haptics in VR which supports portable, passive, and large-scale user interactions. We propose a potential solution, PantographHaptics, a technique which uses the scaling properties of a pantograph to passively render two-degree-of-freedom body-scale surfaces to overcome the limitations present in existing methods. We demonstrate PantographHaptics through two prototypes: HapticLever, a grounded system, and Feedbackpack, a wearable device. We evaluate these prototypes with technical and user evaluations. Our 9-participant first study compares HapticLever against traditional haptic modalities, while our 7-participant second study verifies Feedbackpack's usability and interaction fidelity.",2025-05,2026-08-10 13:00:07,2026-08-10 13:00:07,,2736-2745,,5,31,,,,,,,,,,,,,,,,,,,,,Couplings; force feedback; Force feedback; Hands; haptic interfaces; Haptic interfaces; Manipulators; Motors; passive mechanisms; Prototypes; Rendering (computer graphics); Robots; Three-dimensional displays; Virtual reality,,,,,,,,,,,,,,,,,,,,,,,,,,,,,,,,,,,,,,,,,,,,,,,
5QP8XR35,conferencePaper,2017,"Bühler, M.; Lamontagne, A.",Adaptation in obstacle circumvention strategies performed in virtual reality in response to repeated practice,2017 international conference on virtual rehabilitation (ICVR),,2331-9569,10.1109/ICVR.2017.8007520,,"Background: Virtual reality (VR) is increasingly being incorporated into research and clinical practice. Its usefulness, however, remains largely dependent on the extent to which it elicits human behaviors that are similar to those observed in the real world. Objectives: In this study, we estimated whether obstacle avoidance strategies while walking in response to pedestrians approaching from different directions differed when performed in a virtual (VE) vs. physical environment (PE). We also examined the extent to which avoidance strategies in the VE change with repeated practice. Methods: Participants (n=4) were assessed while walking overground and avoiding moving pedestrians in both a VE and a PE, in a random order. Three female collaborators acted as interferers in the PE experiment. For the VE experiment, we created avatars using full body kinematics recorded from the actors. The task consisted of walking towards a target while avoiding one of the interferers, which could approach from either the left or right side (±30°), or from the center (0°). In a fourth condition, all interferers walked away (no obstacle). Results: Delayed onset times of avoidance strategy and slower walking speeds were observed in the VE vs. PE. With practice in the VE, there was a progressive decrease in onset time of avoidance strategy and an increase in walking speed. Differences between the two environments, however, persisted by the end of the experiment. Maximal trajectory deviation and distance at onset of avoidance strategy remained comparable between the VE and PE throughout the experiment. Conclusion: Obstacle avoidance behavior in response to moving pedestrians differs in the VE vs. PE, although spatial parameters (e.g. distance at the onset and maximum lateral deviation) appear to be similar. Differences decrease but remain present despite of repeated exposure to the VE. Results should be taken into consideration when using the VR technology for assessment or training purposes.",2017-06,2026-08-10 13:00:07,2026-08-10 13:00:07,,1-2,,,,,,,,,,,,,,,,,,,,,,,,Avatars; Collision avoidance; exposure; Kinematics; Legged locomotion; obstacle avoidance; Trajectory; Virtual environments; Virtual reality,,,,,,,,,,,,,,,,,,,,,,,,,,,,,,,,,,,,,,,,,,,,,,,
C9UKTJE7,conferencePaper,2025,"Lafci, Mustafa Tevfik; Nierula, Birgit; Damar, Dilara; Bosse, Sebastian",Too close for comfort? Investigating virtual professor distance and student learning in VR,"2025 IEEE international conference on systems, man, and cybernetics (SMC)",,,10.1109/SMC58881.2025.11343276,,"This study investigates how virtual professor proximity influences student comprehension and attention in an immersive learning environment. 27 participants experienced three lectures in virtual reality (VR) under varying spatial conditions: close distance (personal space intrusion), optimal distance (user defined preferred proximity), and far distance (outside social interaction proximity). Attention was tracked via eye movement, and comprehension was evaluated through multiple-choice tests. Results show that close distance reduced comprehension despite increased gaze toward the professor, likely due to discomfort and attentional overload. Far distance increased visual distraction, while the optimal distance supported comfort, engagement, and performance. Our findings offer actionable design guidelines for avatar placements in virtual learning systems to optimize user experience and cognitive effectiveness.",2025-10,2026-08-10 13:00:07,2026-08-10 13:00:07,,1052-1057,,,,,,,,,,,,,,,,,,,,,,,,Avatars; Cybernetics; Design methodology; Electronic learning; Immersive learning; learning; proxemics; Quality of experience; Tracking; user experience; User experience; virtual reality; Visualization,,,,,,,,,,,,,,,,,,,,,,,,,,,,,,,,,,,,,,,,,,,,,,,
77N8R9QZ,conferencePaper,2018,"Vázquez, Christian; Xia, Lei; Aikawa, Takako; Maes, Pattie",Words in motion: Kinesthetic language learning in virtual reality,2018 IEEE 18th international conference on advanced learning technologies (ICALT),,2161-377X,10.1109/ICALT.2018.00069,,"Embodied theories of language propose that the way we communicate verbally is grounded in our body. Nevertheless, the way a second language is conventionally taught does not capitalize on kinesthetic modalities. The tracking capabilities of room-scale virtual reality systems afford a way to incorporate kinesthetic learning in language education. We present Words in Motion, a virtual reality language learning system that reinforces associations between word-action pairs by recognizing a student's movements and presenting the corresponding name of the performed action in the target language. Results from a user study involving 57 participants suggest that the kinesthetic approach in virtual reality has less immediate learning gain in comparison to a text-only condition and no immediate difference with participants in a non-kinesthetic virtual reality condition. However, virtual kinesthetic learners showed significantly higher retention rates after a week of exposure than all other conditions and higher performance than non-kinesthetic virtual reality learners. Positive correlation between the times a word-action pair was executed and the times a word was remembered by the subjects, supports that virtual reality can impact language learning by leveraging kinesthetic elements.",2018-07,2026-08-10 13:00:07,2026-08-10 13:00:07,,272-276,,,,,,,,,,,,,,,,,,,,,,,,Correlation; Embodied Cognition; Embodiment-based Learning; Kinesthetic Learning; Language Learning; Tracking; Training; Virtual environments; Virtual Reality; Vocabulary,,,,,,,,,,,,,,,,,,,,,,,,,,,,,,,,,,,,,,,,,,,,,,,
6JT2IV2H,bookSection,2024,"Burdea, Grigore C.; Coiffet, Philippe",Modeling virtual environments,Virtual reality technology,978-1-119-48465-3,,10.1002/9781119512608.ch6,https://ieeexplore.ieee.org/document/10666467,"Summary ¡p¿Modeling virtual environments is multifaceted as it involves object appearance, kinematics, object physical and intelligent behavior, complemented by model management. Object appearance depends on shape, surface texture, and illumination, whether it is direct or global illumination. Object kinematics determine its position and orientation vs. a reference system of coordinates, as well as object velocity and movement trajectory, expressed mathematically as homogeneous transformation matrices. An object's physical behavior during interaction with other objects requires that the virtual engine determines whether a collision occurred and then what the collision response is. When one of the objects is an avatar, then collision response implies feedback forces felt by the user. In other scenarios, collision response modifies surface topology, such as the object shape changes. Objects that are not avatars may have their own intelligent behavior, characterized by sensors in the environment feeding information to an artificial intelligence component. A virtual scene hierarchy groups parent&#x2013;child object relationships such that any transformations applied to a parent object will also be applied to its children. The more objects are modeled, and the more complex their behavior, the more difficult it is to maintain interactive frame refresh rates. Model management may be static (based on object distance from the virtual camera looking at the scene) or dynamic (based on the benefit a particular object brings to the scene). When eye&#x2010;tracking data are available, then dynamic foveated rendering increases frame rates by reducing the level of detail outside a high&#x2010;resolution area of the scene. Another model management technique is cell segmentation, done offline to divide large two&#x2010;dimensional or three&#x2010;dimensional scenes.¡/p¿",2024,2026-08-10 13:00:07,2026-08-10 13:00:07,,309-403,,,,,,,,,,,IEEE,,,,,,,,,,,,,Cameras; Computational modeling; Databases; Shape; Software; Solid modeling; Three-dimensional displays,,,,,,,,,,,,,,,,,,,,,,,,,,,,,,,,,,,,,,,,,,,,,,,
X2P348KQ,journalArticle,2025,"Nyatsanga, Simbarashe; Roble, Doug; Neff, Michael",The impact of avatar retargeting on pointing and conversational communication,IEEE Transactions on Visualization and Computer Graphics,,1941-0506,10.1109/TVCG.2025.3549171,,"One of the pleasures of interacting using avatars in VR is being able to play a character very different to yourself. As the scale of characters change relative to a user, there is a need to retarget user motions onto the character, generally maintaining either the user's pose or the position of their wrists and ankles. This retargeting can impact both the functional and social information conveyed by the avatar. Focused on 3rd-person (observed) avatars, this paper presents three studies on these varied aspects of communication. It establishes a baseline for near-field avatar pointing, showing an accuracy of about 5cm. This can be maintained using positional hand constraints, but increases if the user's pose is directly transferred to the character. It is possible to maintain this accuracy with a Semantic Inverse Kinematics formulation that brings the avatar closer to the user's actual pose, but compensates by adjusting the finger pointing direction. Similar results are shown for conveying spatial information, namely object size. The choice of pose or position based retargeting leads to a small change in the perception of avatar personality, indicating an impact on social communication. This effect was not observed in a task where the users' cognitive load was otherwise high, so may be task dependent. It could also become more pronounced for more extreme proportion changes.",2025-05,2026-08-10 13:00:08,2026-08-10 13:00:08,,3108-3118,,5,31,,,,,,,,,,,,,,,,,,,,,Accuracy; Avatars; Computer graphics; Computing methodologies; Fingers; Graphics systems and interfaces; Hands; HCI design and evaluation methods; Human computer interaction (HCI); Human-centered computing; Kinematics; Observers; Semantics; Stability criteria; Training; User studies; Virtual reality; Wrist,,,,,,,,,,,,,,,,,,,,,,,,,,,,,,,,,,,,,,,,,,,,,,,
UN384Q26,conferencePaper,2024,"McCracken, Maggie K.; Finney, Hunter C.; Yang, Serena; Bodenheimer, Bobby; Creem-Regehr, Sarah H.; Stefanucci, Jeanine K.",Big feet for little people: Scaling gap affordance judgments of children and adults with virtual feet,2024 IEEE international symposium on mixed and augmented reality (ISMAR),,2473-0726,10.1109/ISMAR62088.2024.00039,,"Virtual reality (VR) has become widely accessible through the development of more commercially available head-mounted displays (HMDs). This accessibility has particularly increased the use of VR in children. However, much of the previous research on understanding perception and action in virtual reality has only been conducted on adults, leaving many open questions about how children perceive and interact with virtual environments. In this paper, we examine whether there are age-related differences in judging the ability to step over a gap using immersive VR. Affordances are a useful measure for understanding objective perceptions of the actions that can be performed in an immersive virtual environment. Such measures are particularly well suited for children given they can easily respond yes or no as to whether they perceive that they can step over a gap. Further, manipulations of the size of virtual body parts could allow us to ascertain how much children rely on the perceived size of their bodies to make decisions about actions. In Experiment 1, adults and children saw motion-tracked virtual feet that were either larger or smaller than their actual foot size. They had to respond as to whether they could step over gaps that varied in width. They also gave perceptual estimates of the width of the gap in feet or meters. The results showed that adults who experience the smaller virtual feet underestimated their stepping ability more than adults with the larger feet. However, children had the opposite effect, such that seeing smaller virtual feet led to an overestimation of their stepping ability. To test whether this age-related difference in body scaling was due to misperception of foot size, adults and children matched virtual shoes to their actual feet size in Experiment 2. This matching task showed no perceptual differences between the age groups. Across our two experiments, we showed that children scale gap affordance judgments differently than adults and this difference cannot be explained by difference in perceptions of the size of virtual feet. The results suggest that children can effectively make perception and action judgments in virtual reality, but do not always do so in the same manner as adults. Such a finding has implications for the design of virtual reality games, educational tools, and training systems that are becoming increasingly common for children.",2024-10,2026-08-10 13:00:13,2026-08-10 13:00:13,,249-258,,,,,,,,,,,,,,,,,,,,,,,,Affordances; Augmented reality; children; Foot; Footwear; Games; Head-mounted displays; Meters; Training; virtual environments; Virtual environments,,,,,,,,,,,,,,,,,,,,,,,,,,,,,,,,,,,,,,,,,,,,,,,
KSSQWSUA,conferencePaper,2017,"Suzuki, Katsuhiro; Nakamura, Fumihiko; Otsuka, Jiu; Masai, Katsutoshi; Itoh, Yuta; Sugiura, Yuta; Sugimoto, Maki",Recognition and mapping of facial expressions to avatar by embedded photo reflective sensors in head mounted display,2017 IEEE virtual reality (VR),,2375-5334,10.1109/VR.2017.7892245,,"We propose a facial expression mapping technology between virtual avatars and Head-Mounted Display (HMD) users. HMD allow people to enjoy an immersive Virtual Reality (VR) experience. A virtual avatar can be a representative of the user in the virtual environment. However, the synchronization of the the virtual avatar's expressions with those of the HMD user is limited. The major problem of wearing an HMD is that a large portion of the user's face is occluded, making facial recognition difficult in an HMD-based virtual environment. To overcome this problem, we propose a facial expression mapping technology using retro-reflective photoelectric sensors. The sensors attached inside the HMD measures the distance between the sensors and the user's face. The distance values of five basic facial expressions (Neutral, Happy, Angry, Surprised, and Sad) are used for training the neural network to estimate the facial expression of a user. We achieved an overall accuracy of 88",2017-03,2026-08-10 13:00:13,2026-08-10 13:00:13,,177-185,,,,,,,,,,,,,,,,,,,,,,,,Avatars; Face; Face recognition; H.5.m. [Information Interfaces and Presentation (e.g. HCI)]: Miscellaneous; Neural networks; Optical sensors; Resists,,,,,,,,,,,,,,,,,,,,,,,,,,,,,,,,,,,,,,,,,,,,,,,
9ABI3GLR,conferencePaper,2024,"Nakamura, Asuka; Ohya, Masaki; Furhashi, Hideo",Autofocus control in the visual system of an avatar robot,"2024 24th international conference on control, automation and systems (ICCAS)",,2642-3901,10.23919/ICCAS63016.2024.10773060,,"This study develops a visual system for an avatar robot. The system uses eye-tracking data obtained from a head-mounted display to perform autofocus control on images captured by a stereo camera. The distance between the two cameras of the eyes of the avatar robot is automatically controlled according to the interpupillary distance of the operator measured by the head-mounted display (HMD). The distance to the point of fixation is determined through distance estimation using eye tracking of the stereo camera, and the focus is adjusted to that point. Distance estimation was performed using geometric calculations. In the experiment, subjects wore the HMD, and virtual reality (VR) sickness was evaluated using subjective assessment methods; simulator sickness questionnaire (SSQ), virtual reality sickness questionnaire (VRSQ), and fast motion sickness scale (FMS). The superiority of autofocus was evaluated using the Wilcoxon signed rank test. Most values were less than 0.05, indicating that autofocus control is effective in reducing visual fatigue and mitigating VR sickness. This advancement enhances depth perception, reduces VR sickness, and improves immersion during operation.",2024-10,2026-08-10 13:00:13,2026-08-10 13:00:13,,1560-1564,,,,,,,,,,,,,,,,,,,,,,,,autofocus; Avatars; Cameras; eye tracking; Head-mounted displays; Position measurement; Real-time systems; Resists; Robot vision systems; Robots; visual system; Visual systems; Visualization,,,,,,,,,,,,,,,,,,,,,,,,,,,,,,,,,,,,,,,,,,,,,,,
GL4KIKIJ,conferencePaper,2017,"Esmaeili, Human; Thwaites, Harold; Woods, Peter Charles",Immersive virtual environments for tacit knowledge transfer focusing on gestures: A workflow,2017 23rd international conference on virtual system & multimedia (VSMM),,2474-1485,10.1109/VSMM.2017.8346255,,"This study presents a workflow for creating immersive virtual environments for tacit knowledge transfer. The main focus is on gestures, which are related to skill, performance, or physical emotion (not facial) e.g. sports, martial arts, playing instruments, acting, etc. The initial idea behind this design is to provide a virtual practice environment mainly for actors in order to learn new gestures or moves. However, this virtual environment can also be used by many other target audiences based on their needs. Sometimes, ambiguity is part of knowledge transfer and becomes more salient or critical when it comes to tacit knowledge, especially at early stages of transfer. Performance while maintaining believable gesture is a must have requirement for actors. Visual references (mainly video in absence of trainer) are commonly used by actors in order to learn specific moves or gestures. However, videos are limited to 2D screen view (even if stereoscopic or 360°) and do not provide chance of studying a freezing moment from all angles, simultaneously. Although this can be partly mimicked using multi-camera rig, it is still limited to the number of shots taken and only provides a linear frame sequence (mostly used as VFX). Immersive virtual environments not only eliminate this limitation but also provide one to one scale experience. In this study, the process of creating such environment is discussed in detail. This includes planning, concept design, selecting tools, establishing the environment, properly selecting or creating the virtual character(s), capturing the motion or using existing ones from different Mocap libraries, actor's interaction with VR equipment, user experience, etc. In addition to studying reference moves and gestures (frame by frame and from any angle), the user is able to observe his/her performance in VR. This can be achieved using motion capture cameras installed at the practice location. The captured content is later assigned to the user's virtual representative i.e. a 3d character created based on his/her physical body features for side by side analysis with the reference. This provides countless interaction possibilities that cannot be achieved in the real world. Few examples are: multiplying the reference character and freeze two or more different moments (frames) and create a walkthrough, creating an immersive timeline based on the actor's progress (also requires multiplying), assigning reference moves to the user's avatar to be compared with his/her movements by himself/herself or anyone else (different from side by side comparison with the reference character), and many others. What has been discussed above is fully illustrated and described in this paper including detailed figures. The contribution of this study can be extended to various fields from acting and sport to stop motion and creative art, as the processes presented in the paper are designed in the most affordable way, using hardware and software currently available to basic users.",2017-10,2026-08-10 13:00:13,2026-08-10 13:00:13,,1-6,,,,,,,,,,,,,,,,,,,,,,,,Art; gesture; htc vive; immersive virtual environments; immersive virtual reality; Knowledge transfer; learning in virtual reality; mocap; Observers; oculus rift; steam vr; tacit knowledge transfer; Teleportation; Three-dimensional displays; Tools; unity; Virtual environments; virtual reality,,,,,,,,,,,,,,,,,,,,,,,,,,,,,,,,,,,,,,,,,,,,,,,
MWAC53FS,conferencePaper,2010,"Phillips, Lane; Ries, Brian; Kaeding, Michael; Interrante, Victoria",Avatar self-embodiment enhances distance perception accuracy in non-photorealistic immersive virtual environments,2010 IEEE virtual reality conference (VR),,2375-5334,10.1109/VR.2010.5444802,,"Non-photorealistically rendered (NPR) immersive virtual environments (IVEs) can facilitate conceptual design in architecture by enabling preliminary design sketches to be previewed and experienced at full scale, from a first-person perspective. However, it is critical to ensure the accurate spatial perception of the represented information, and many studies have shown that people typically underestimate distances in most IVEs, regardless of rendering style. In previous work we have found that while people tend to judge distances more accurately in an IVE that is a high-fidelity replica of their concurrently occupied real environment than in an IVE that it is a photorealistic representation of a real place that they've never been to, significant distance estimation errors re-emerge when the replica environment is represented in a NPR style. We have also previously found that distance estimation accuracy can be improved, in photo-realistically rendered novel virtual environments, when people are given a fully tracked, high fidelity first person avatar self-embodiment. In this paper we report the results of an experiment that seeks to determine whether providing users with a high-fidelity avatar self-embodiment in a NPR virtual replica environment will enable them to perceive the 3D spatial layout of that environment more accurately. We find that users who are given a first person avatar in an NPR replica environment judge distances more accurately than do users who experience the NPR replica room without an embodiment, but not as accurately as users whose distance judgments are made in a photorealistically rendered virtual replica room. Our results provide a partial solution to the problem of facilitating accurate distance perception in NPR virtual environments, while supporting and expanding the scope of previous findings that giving people a realistic avatar self-embodiment in an IVE can help them to interpret what they see through an HMD in a way that is more similar to how they would interpret a corresponding visual stimulus in the real world.",2010-03,2026-08-10 13:00:13,2026-08-10 13:00:13,,115-1148,,,,,,,,,,,,,,,,,,,,,,,,Avatars; Computer graphics; Computer science; Displays; Estimation error; first-person avatars; Head; immersive virtual environments; non-photorealistic rendering; Rendering (computer graphics); Space technology; spatial perception; Statistics; Virtual environment,,,,,,,,,,,,,,,,,,,,,,,,,,,,,,,,,,,,,,,,,,,,,,,
CRU93MLH,conferencePaper,2014,"Bruder, Gerd; Steinicke, Frank",Time perception during walking in virtual environments,2014 IEEE virtual reality (VR),,2375-5334,10.1109/VR.2014.6802054,,"A large body of literature has analyzed differences between perception in the real world and virtual environments (VE) in terms of space, distance and speed perception. So far, no empirical data has been collected for time misperception in immersive VEs to our knowledge. However, there is evidence that time perception can deviate from veridical judgments, for instance, due to visual or auditive stimulation related to motion misperception. In this work we evaluate time perception during walking motions with a pilot study in an immersive head-mounted display (HMD) environment. Significant differences between time judgments in the real and virtual environment could not be observed.",2014-03,2026-08-10 13:00:13,2026-08-10 13:00:13,,67-68,,,,,,,,,,,,,,,,,,,,,,,,augmented and virtual realities; Estimation; H.5.1 [Information Interfaces and Presentation]: Multimedia Information Systems — Artificial; Layout; Legged locomotion; Psychology; Time measurement; Virtual environments,,,,,,,,,,,,,,,,,,,,,,,,,,,,,,,,,,,,,,,,,,,,,,,
EMI9EGQS,conferencePaper,2023,"Kini, Vishwas G; C, Siddalingaswamy P; Ganeshrao, Shonraj Ballae",Distance validation and role of high fidelity VR environments on embodiment and enjoyment,2023 international conference on computational intelligence and knowledge economy (ICCIKE),,,10.1109/ICCIKE58312.2023.10131855,,"Gamification, especially in Virtual Reality (VR) have been gaining importance lately for which there arises a need in understanding the interaction mechanism as to which would lead to engagement and motivation. To assess this, our work uses a virtual hand representation to embody the user in three different VR environment of varying interaction fidelity. Through both qualitative and quantitative data gathered, we assess the users’ perceived sense of embodiment, engagement, and motivation. Results show that hand tracking interactions increase the sense of body ownership but lacks tracking reliability and haptic feedback. The virtual controller representation showcased better sense of agency and faster learning towards interactions. The sense of embodiment, engagement and motivation was found to be the highest in the high-fidelity VR environment.As a sub part of this work, we also showcase how distances can be measured in virtual environments especially in the stereoscopic Head Mounted Displays (HMD), VR. The virtual environment measured distances is then compared with the premeasured real-world distance for which the high correlation is observed.",2023-03,2026-08-10 13:00:13,2026-08-10 13:00:13,,215-220,,,,,,,,,,,,,,,,,,,,,,,,Computational intelligence; Correlation; Distance Measurement; Embodied cognition; Fidelity; Hand tracking; Haptic interfaces; Interaction modalities; Passthrough; Reliability; Resists; Sense of embodiment; Spatial tracking; Stereo image processing; Virtual environments; Virtual Reality,,,,,,,,,,,,,,,,,,,,,,,,,,,,,,,,,,,,,,,,,,,,,,,
N4RCMA5J,conferencePaper,2019,"Ogawa, Nami; Narumi, Takuji; Hirose, Michitaka",Virtual hand realism affects object size perception in body-based scaling,2019 IEEE conference on virtual reality and 3D user interfaces (VR),,2642-5254,10.1109/VR.2019.8798040,,"How does the representation of an embodied avatar influence the way in which one perceives the scale of a virtual environment? In virtual reality, it is common to embody avatars of various appearances, from abstract to realistic. It is known that changes in the realism of virtual hands affect the self-body perception, including body ownership. However, the influence of self-avatar realism on the perception of non-body objects has not been investigated. Considering the theory that the scale of the external environment is perceived relative to the size of one's body (body-based scaling), it can be hypothesized that the realism of an avatar affects not only body ownership but also the fidelity of the avatar with respect to our own body as a metric. Therefore, this study examines how avatar realism affects perceived object sizes as the size of the virtual hand changes. In the experiment, we manipulate the level of realism (realistic, iconic, and abstract) and size (veridical and enlarged) of the virtual hand and measure the perceived size of a cube. The results show that the size of the cube is perceived to be smaller when the virtual hand is enlarged compared to when it is veridical, indicating that the participants perceive the sizes of objects based on the size of the avatar, only in the case of a highly realistic hand. Our findings indicate that the more realistic the avatar, the stronger is the sense of embodiment including body ownership, which fosters scaling the size of objects using the size of the body as a fundamental metric. This provides evidence that self-avatar appearances affect how we perceive not only virtual bodies but also virtual spaces.",2019-03,2026-08-10 13:00:13,2026-08-10 13:00:13,,519-528,,,,,,,,,,,,,,,,,,,,,,,,Avatars; Estimation; Haptic interfaces; Human-centered computing—Virtual reality; Measurement; Three-dimensional displays; Visualization,,,,,,,,,,,,,,,,,,,,,,,,,,,,,,,,,,,,,,,,,,,,,,,
AIQT9X9L,journalArticle,2005,"Fischnaller, Franz; Hill, Alex",CITYCLUSTER “from the renaissance to the megabyte networking age”: a virtual reality and high-speed networking project,Presence,,1054-7460,10.1162/1054746053890251,,"This paper presents the CITYCLUSTER project, a virtual-reality networking matrix, in a high-tech framework with original technological features, navigation, interactivity, graphic, and content style, in which multiple environments, ambiences, and cities, both real and imagined, can be hosted, coexist, and be interrelated within themselves through a common virtual territory. It can be interconnected by high-speed network, enabling remote participants to access, interact, and collaborate in shared environments and work together in a common virtual space over distance in real time. The framework can be expanded and modified in accordance with the digital environment to be incorporated. Meta-Net-Page, a virtual-reality collaborative networking tool, was designed and implemented ad hoc for CITYCLUSTER. “From the Renaissance to the Megabyte Networking Age” is the first CITY-CLUSTER virtual-reality networked application, which offers visitors a thrilling interactive journey, from the Renaissance to the Super Broadband Networking and Electronic Age. Florence represents the “Renaissance Age”, Chicago the “Gigabits Networking Age.” Each virtual city is inhabited by a group of avatars: David, Venus, and Machiavelli in Florence, and Mega, Giga, and Picasso in Chicago. The implementation of CITYCLUSTER has given rise to a range of technological challenges, which in turn have revealed innovative aspects and salient features relative to content management, the development of juxtaposed virtual environments, networking interactive techniques, avatar design, architecture, and virtual effects. A series of special features and enhancements have been added to the software Ygdrasil, to satisfy content and quality levels of interactivity. In consequence, the Ygdrasil system was further refined as software tools that aid the rapid and intuitive development of interactive virtual environments for artists and other nontechnical users. The CITYCLUSTER project is primarily designed to run in the CAVE and on the AGAVE (Access Grid Augmented Virtual Environment). It can run either locally or through remote networking in both SGIs and the Linux platform.",2005-02,2026-08-10 13:00:13,2026-08-10 13:00:13,,1-19,,1,14,,,,,,,,,,,,,,,,,,,,,,,,,,,,,,,,,,,,,,,,,,,,,,,,,,,,,,,,,,,,,,,,,,,,
YRGB85A3,conferencePaper,2023,"Bhargava, Ayush; Venkatakrishnan, Roshan; Venkatakrishnan, Rohith; Solini, Hannah; Lucaites, Kathryn; Robb, Andrew C.; Pagano, Christopher C.; Babu, Sabarish V.",Empirically evaluating the effects of eye height and self-avatars on dynamic passability affordances in virtual reality,2023 IEEE conference virtual reality and 3D user interfaces (VR),,2642-5254,10.1109/VR55154.2023.00046,,"Over the past two decades self-avatars have been shown to affect the perception of both oneself and of environmental properties including the sizes and distances of elements in immersive virtual environments. However, virtual avatars that accurately match the body proportions of their users remain inaccessible to the general public. As such, most virtual experiences that represent the user have a generic avatar that does not fit the proportions of the users' body. This can negatively affect judgments involving affordances, such as passability and maneuverability, which pertain to the relationship between the properties of environmental elements relative to the properties of the user providing information about actions that can be enacted. This is especially true when the task requires the user to maneuver around moving objects like in games. Therefore, it is necessary to understand how different sized self-avatars affect the perception of affordances in dynamic virtual environments. To better understand this, we conducted an experiment investigating how a self-avatar that is either the same size, 20",2023-03,2026-08-10 13:00:13,2026-08-10 13:00:13,,308-317,,,,,,,,,,,,,,,,,,,,,,,,Affordances; Avatars; Empirical-studies-in-HCI; External stimuli; Games; Human-centered-computing; Roads; Three-dimensional displays; Virtual environments,,,,,,,,,,,,,,,,,,,,,,,,,,,,,,,,,,,,,,,,,,,,,,,
86E2DSZR,conferencePaper,2019,"Correia, Fábio; Gonçalves, Guilherme; Monteiro, Pedro; Coelho, Hugo; Melo, Miguel; Bessa, Maximino",Evaluation of different body tracking configurations in the sense of presence and embodiment,2019 international conference on graphics and interaction (ICGI),,,10.1109/ICGI47575.2019.8955076,,"Innovations in virtual reality have boosted their use for business purposes and personal consumption. The main objective of this technology is to transport the user to virtual environments. The use of avatars to replace the user's body in these environments increases the levels of presence and embodiment of the user. Through the inverse kinematics it is possible to animate the avatars according to the data obtained in sensors scattered around the user's body, replicating the movements in a avatar. These sensors can vary in number offering different levels of fidelity in the tracking of the human body. In this paper, we study the impact of the number of sensors used in the presence of the user and in the embodiment of the avatar, using three, five and six tracking points. The results show that there is no statistically significant differences in presence nor in any of its sub-scale, however one can observe a positive trend in the 6-points conditions. As for embodiment, the results show that there is statistically signifficant differences in some of presence sub-scales, namelly tactile sensation, response and in the embodiment as a whole.",2019-11,2026-08-10 13:00:13,2026-08-10 13:00:13,,101-106,,,,,,,,,,,,,,,,,,,,,,,,Avatars; Embodiment; Full-Body avatar; Instruments; Inverse kinematics; Kinematics; Presence; Resists; Sensors; Virtual Reality; Visualization,,,,,,,,,,,,,,,,,,,,,,,,,,,,,,,,,,,,,,,,,,,,,,,
RFTMC6CN,conferencePaper,2016,"Valkov, Dimitar; Martens, John; Hinrichs, Klaus",Evaluation of the effect of a virtual avatar's representation on distance perception in immersive virtual environments,2016 IEEE virtual reality (VR),,2375-5334,10.1109/VR.2016.7504775,,"It is well known that distance estimation in immersive virtual reality environments suffers from compression when viewed from an egocentric perspective with a head mounted display. While previous research indicates that providing the user with a virtual avatar with high geometric and motion fidelity may alleviate this problem, little work has been done to investigate which properties of the avatar's representation influence the distance estimation and how. In this poster we report the results of an evaluation of the user's distance perception with different avatar representations. Our results indicate that anthropometric fidelity of the avatar has stronger effect on the distance perception than its visual fidelity.",2016-03,2026-08-10 13:00:13,2026-08-10 13:00:13,,305-306,,,,,,,,,,,,,,,,,,,,,,,,Avatars; Electronic mail; Estimation; I.3.3 [Computer Graphics]: Three-Dimensional Graphics and Realism — Virtual reality; Solid modeling; Virtual environments; Visualization,,,,,,,,,,,,,,,,,,,,,,,,,,,,,,,,,,,,,,,,,,,,,,,
SLVHVIWR,conferencePaper,2018,"Ogawa, Nami; Narumi, Takuji; Hirose, Michitaka",Object size perception in immersive virtual reality: Avatar realism affects the way we perceive,2018 IEEE conference on virtual reality and 3D user interfaces (VR),,,10.1109/VR.2018.8446318,,"How does the representation of an embodied avatar influence the way in which a human perceives the scale of a virtual environment? It has been shown that the scale of the external environment is perceived relative to the size of one's body. However, the influence of avatar realism on the perceived scale has not been investigated, despite the fact that it is common to embody avatars of various representations, from iconic to realistic. This study examined how avatar realism would affect perceived graspable object sizes as the size of the avatar hand changes. In the experiment, we manipulated the realism (high, medium, and low) and size (veridical and enlarged) of the avatar hand, and measured the perceived size of a cube. The results showed that the size of the cube was perceived to be smaller when the avatar hand was enlarged for all degrees of realism of the hand. However, the enlargement of the avatar hand had a greater influence on the perceived cube size for the highly realistic avatar than for the medium-level and low-level realism conditions. This study shed new light on the importance of the avatar representation in a three-dimensional user interface field, in how it can affect the manner in which we perceive the scale of a virtual environment.",2018-03,2026-08-10 13:00:13,2026-08-10 13:00:13,,647-648,,,,,,,,,,,,,,,,,,,,,,,,Avatars; Estimation; Human-centered computing-Virtual reality; Hysteresis; Skin; Virtual environments,,,,,,,,,,,,,,,,,,,,,,,,,,,,,,,,,,,,,,,,,,,,,,,
HSVL6KEL,conferencePaper,2012,"Nybakke, Amelia; Ramakrishnan, Ramya; Interrante, Victoria",From virtual to actual mobility: Assessing the benefits of active locomotion through an immersive virtual environment using a motorized wheelchair,2012 IEEE symposium on 3D user interfaces (3DUI),,,10.1109/3DUI.2012.6184180,,"As we move around, in a real or virtual environment, the process of keeping track of where we are, in relation to the portions of the environment that are out of view, is referred to as spatial updating. Studies have shown that in the real world, when we use real walking to get around, this process is both effortless and automatic, but that in virtual environments, when purely virtual methods of locomotion are used, the accuracy and ease of spatial updating is significantly diminished. In this paper, we present the results of an experiment intended to assess the impact, on spatial updating performance, of enabling people to physically move about in an immersive virtual environment using a motorized wheelchair. This study is motivated by an interest in probing the potential of re-directed driving as an alternative method for enabling people to effectively explore a relatively larger virtual space while physically moving about in a smaller actual space. A total of 24 participants in our within-subjects experiment traveled through a 24' wide circularly symmetric virtual room, searching the contents of 16 randomly positioned and oriented boxes to locate 8 hidden targets, using each of the following four locomotion methods: real walking (R), virtual translation with real rotation by standing and using a body-worn joystick (S), real driving in a motorized wheelchair (W), and virtual translation with real rotation by sitting in a swivel chair and using a joystick mounted on one of its arms (J). We computed four measures of search efficiency: total distance traveled, total number of targets revisited, proportion of perfect trials, and total search time. Overall, we found that performance was significantly better with real walking than with either of the virtual travel methods, consistent with most previous findings, and that performance with the wheelchair was intermediate. These results suggest some advantage in enabling actual, as opposed to purely virtual, translational movement in a locomotion interface, and lend support to the potential viability of a re-directed driving implementation.",2012-03,2026-08-10 13:00:13,2026-08-10 13:00:13,,27-30,,,,,,,,,,,,,,,,,,,,,,,,Legged locomotion; locomotion methods; Navigation; re-directed driving; Space exploration; spatial cognition; virtual environments; Virtual environments; Visualization; Wheelchairs,,,,,,,,,,,,,,,,,,,,,,,,,,,,,,,,,,,,,,,,,,,,,,,
8A6LYE6K,conferencePaper,2017,"Vonach, Emanuel; Gatterer, Clemens; Kaufmann, Hannes",VRRobot: Robot actuated props in an infinite virtual environment,2017 IEEE virtual reality (VR),,2375-5334,10.1109/VR.2017.7892233,,"We present the design and development of a fully immersive virtual reality (VR) system that can provide prop-based haptic feedback in an infinite virtual environment. It is conceived as a research tool for studying topics related to haptics in VR and based on off-the-shelf components. A robotic arm moves physical props, dynamically matching pose and location of an object in the virtual world. When the user reaches for the virtual object, his or her hands also encounter it in the real physical space. The interaction is not limited to specific body parts and does not rely on an external structure like an exoskeleton. In combination with a locomotion platform for close-to-natural walking, this allows unrestricted haptic interaction in a natural way in virtual environments of unlimited size. We describe the concept, the hardware and software architecture in detail. We establish safety design guidelines for human-robot interaction in VR. Our technical evaluation shows good response times and accuracy. We report on a user study conducted with 34 participants indicating promising results, and discuss the potential of our system.",2017-03,2026-08-10 13:00:13,2026-08-10 13:00:13,,74-83,,,,,,,,,,,,,,,,,,,,,,,,encounter-type haptics; fully immersive virtual reality; Haptic interfaces; Manipulators; passive haptic feedback; Prop-based virtual reality; Thumb; Virtual environments,,,,,,,,,,,,,,,,,,,,,,,,,,,,,,,,,,,,,,,,,,,,,,,
WQMNGMR7,journalArticle,2010,"Mohler, Betty J; Creem-Regehr, Sarah H; Thompson, William B; Bülthoff, Heinrich H",The effect of viewing a self-avatar on distance judgments in an HMD-based virtual environment,Presence,,1054-7460,10.1162/pres.19.3.230,,"Few HMD-based virtual environment systems display a rendering of the user's own body. Subjectively, this often leads to a sense of disembodiment in the virtual world. We explore the effect of being able to see one's own body in such systems on an objective measure of the accuracy of one form of space perception. Using an action-based response measure, we found that participants who explored near space while seeing a fully-articulated and tracked visual representation of themselves subsequently made more accurate judgments of absolute egocentric distance to locations ranging from 4 m to 6 m away from where they were standing than did participants who saw no avatar. A nonanimated avatar also improved distance judgments, but by a lesser amount. Participants who viewed either animated or static avatars positioned 3 m in front of their own position made subsequent distance judgments with similar accuracy to the participants who viewed the equivalent animated or static avatar positioned at their own location. We discuss the implications of these results on theories of embodied perception in virtual environments.",2010-06,2026-08-10 13:00:13,2026-08-10 13:00:13,,230-242,,3,19,,,,,,,,,,,,,,,,,,,,,,,,,,,,,,,,,,,,,,,,,,,,,,,,,,,,,,,,,,,,,,,,,,,,
LPVI4A3K,conferencePaper,2016,"Langbehn, Eike; Bruder, Gerd; Steinicke, Frank",Scale matters! Analysis of dominant scale estimation in the presence of conflicting cues in multi-scale collaborative virtual environments,2016 IEEE symposium on 3D user interfaces (3DUI),,,10.1109/3DUI.2016.7460054,,"Multi-scale collaborative virtual environments (MCVEs) provide an important platform for many 3D application domains as they allow several users to cooperate in a virtual environment (VE) at different scale levels, ranging from magnified detail views to minified overall views. However, in such MCVEs, the natural relations between a user's self-representation, i. e., her virtual body, and the environment in terms of size, scale, proportion, capabilities, or affordances are subject to change during the interaction. In this paper we describe how the type of the environment, virtual self-representation of our body, as well as presence of other avatars affects our estimation of dominant scale, i. e., the scale level relative to which we make spatial judgments, plan actions and interpret other users' actions in MCVEs. We present a pilot study, which highlights the problem domain, and two psychophysical experiments, in which we analyzed how the different factors in MCVEs affect the estimation of dominant scale and thus shape perception and action in MCVEs. Our results show an effect of the above-mentioned aspects on the estimation of dominant scale. In particular, our results show interpersonal differences as well as a group effect, which reveals that participants estimated the common scale level of a group of other avatars as dominant scale, even if the participant's own scale or the environment scale deviated from the other avatars' common scale. We discuss implications and guidelines for the development of MCVEs.",2016-03,2026-08-10 13:00:13,2026-08-10 13:00:13,,211-220,,,,,,,,,,,,,,,,,,,,,,,,Avatars; Buildings; Collaboration; Estimation; head-mounted displays; Multi-scale collaborative virtual environments; scale estimation; Three-dimensional displays; Urban areas; Virtual environments,,,,,,,,,,,,,,,,,,,,,,,,,,,,,,,,,,,,,,,,,,,,,,,
KW459YHD,journalArticle,2018,"Piumsomboon, Thammathip; Lee, Gun A.; Ens, Barrett; Thomas, Bruce H.; Billinghurst, Mark",Superman vs giant: a study on spatial perception for a multi-scale mixed reality flying telepresence interface,IEEE Transactions on Visualization and Computer Graphics,,1941-0506,10.1109/TVCG.2018.2868594,,"The advancements in Mixed Reality (MR), Unmanned Aerial Vehicle, and multi-scale collaborative virtual environments have led to new interface opportunities for remote collaboration. This paper explores a novel concept of flying telepresence for multi-scale mixed reality remote collaboration. This work could enable remote collaboration at a larger scale such as building construction. We conducted a user study with three experiments. The first experiment compared two interfaces, static and dynamic IPD, on simulator sickness and body size perception. The second experiment tested the user perception of a virtual object size under three levels of IPD and movement gain manipulation with a fixed eye height in a virtual environment having reduced or rich visual cues. Our last experiment investigated the participant's body size perception for two levels of manipulation of the IPDs and heights using stereo video footage to simulate a flying telepresence experience. The studies found that manipulating IPDs and eye height influenced the user's size perception. We present our findings and share the recommendations for designing a multi-scale MR flying telepresence interface.",2018-11,2026-08-10 13:00:13,2026-08-10 13:00:13,,2974-2982,,11,24,,,,,,,,,,,,,,,,,,,,,Avatars; Collaboration; flying telepresence; Magnetic heads; Mixed reality; multi-scale collaborative environment; Navigation; remote collaboration; Telepresence; Virtual environments,,,,,,,,,,,,,,,,,,,,,,,,,,,,,,,,,,,,,,,,,,,,,,,
IMDWH33Q,journalArticle,2019,"Kim, J. Y.; Lee, W. H.",Walking simulation for VR game character using remote sensoring device based on AHRS-motion recognition,"IEEE access : practical innovations, open solutions",,2169-3536,10.1109/ACCESS.2018.2878237,,"In this paper, the remote sensoring device for controlling the avatar in the virtual reality (VR) game which is being worn by the head-mounted display (HMD) was investigated. This remote sensoring device, which people use while sitting on a swivel chair, minimizes sensor attachment, and removes parameters for pelvic rotation angle in standing position. The rotating chair, which also functions as the center-weighted stationary belt of the conventional treadmill-type input device, has the advantage that the head trekking function mounted on the HMD can be utilized freely and the balance feeling of the user can be stabilized in a sitting position on the chair. In this posture, the sensoring input device was developed using Bluetooth wireless communication to freely turn and walk. Using the data from the inertial measurement device, which was a combination of the speedometer and the accelerometer, a sensoring input device for recognizing the user's leg motion was created. The running speed of the recognized leg was designed to be close to the average walking speed and the running speed of the person, so that the running and walking in the game can be separated and implemented. The motion velocity of the leg would be calculated through each speedometer measurement, the value would be integrated, and the error would be corrected by the Kalman filter to obtain the user's knee angle. In other words, applying a Kalman filter to data obtained from sensors, such as accelerometers, angular speedometers, and geomagnetic sensor can determine the direction of motion of the legs. This integrated system is called the attitude and heading references system. The knee joint angle and the value of the pressure sensor were used as threshold values to determine the state of the leg when walking, and the angular velocity derived from the movement of the leg was used to determine the moving speed of the avatar in the VR game. The recognition rate was calculated by comparing the number of times the user attempts to move the avatar by moving the avatar and the number of times the avatar of the game was moved, and the distance of the avatar was measured to evaluate the performance of the proposed system.",2019,2026-08-10 13:00:13,2026-08-10 13:00:13,,19423-19434,,,7,,IEEE Access,,,,,,,,,,,,,,,,,,,AHRS; Avatars; Games; input device; Input devices; Kalman filters; Legged locomotion; Remote sensoring; Resists; VR environment; wearable computer,,,,,,,,,,,,,,,,,,,,,,,,,,,,,,,,,,,,,,,,,,,,,,,
CPFQN9KY,conferencePaper,2020,"Ghaznavi, Ibrahim; Gillies, Duncan; Nicholls, Dasha; Edalat, Abbas",Photorealistic avatars to enhance the efficacy of Selfattachment psychotherapy,2020 IEEE international conference on artificial intelligence and virtual reality (AIVR),,,10.1109/AIVR50618.2020.00022,,"We have designed, developed, and tested an Immersive virtual reality (VR) platform to practice the protocols of Self-attachment psychotherapy. We made use of customized photorealistic avatars for the implementation of both the high-end version (based on Facebook's Oculus) and the low-end version (based on Google's cardboard) of our platform. Under the Selfattachment therapeutic framework, the causes of mental disorders such as chronic anxiety and depression are traced back to the individual's insecure attachment with their primary caregiver during childhood and their subsequent problems in affect regulation. The conventional approach (without VR) to Selfattachment requires that the individual uses their childhood photographs to recall their childhood memories and then imagine that the child that they were is present with them. They thus establish a compassionate relationship with their childhood self and then, using love songs and dancing, create an affectional bond with them. Their adult self subsequently role plays a good parent and interacts with their imagined childhood self to perform various developmental and re-parenting activities. The goal is to enhance their capacities for self-regulation of emotion, which can lead them into earning secure attachment. It is hypothesized that our immersive virtual reality platform - which enables the users to interact with their customized 3D photorealistic childhood avatar - offers either a better alternative or at least a complementary visual tool to the conventional imaginal approach to Self-attachment. The platform was developed in Unity 3D, a cross-platform game engine, and takes advantage of the itSeez3D Avatar SDK for generating a customized photorealistic 3D avatar head from a 2D childhood image of the user. The platform also offers facial and body animations for some of the basic emotional states such as Happy, Sad, Scared and Joyful and it allows modifications to the avatar body (height/ width) and clothing color. A study to compare the use of the avatar-based approach (VR) to Self-attachment with the conventional photo-based approach showed promising results. Almost 85",2020-12,2026-08-10 13:00:13,2026-08-10 13:00:13,,60-67,,,,,,,,,,,,,,,,,,,,,,,,Avatars; Cardboard; Depression; Games; Humanoid; Medical treatment; Mental disorders; Mental Health; MobileVR; Oculus; Pediatrics; Photorealistic Avatars; Protocols; Stress; Virtual Reality,,,,,,,,,,,,,,,,,,,,,,,,,,,,,,,,,,,,,,,,,,,,,,,
4L36TNJE,conferencePaper,2016,"Wang, Xiaowei; Li, Jianfeng; Shima, Kazuyuki; Kosaki, Takahiro; Li, Shigang",Drone were me: Flying drone as avatar by aligned stereo view and head pose,2016 IEEE 5th global conference on consumer electronics,,,10.1109/GCCE.2016.7800357,,"In this paper, we present a natural interface between a drone, i.e., a miniature aerial vehicle (MAV), and a human, in which a stereo-vision-MAV is flied via a HMD (Head Mounted Display) with inertial sensors. A stereo camera is mounted on a MAV and the stereo images are transmitted to a remote PC. Then, a user controls the motion of the MAV by his/her head pose, which is measured from the inertial sensor of the HMD, while looking at the stereo images via the HMD as if the MAV is an avatar of the user. Thanks to a stereo-vision camera, it makes it possible that not only a user can sense the distance information between the MAV and obstacles from the HMD, but also a MAV can avoid collisions using the measured 3D information even if human error occurs during the operation.",2016-10,2026-08-10 13:00:13,2026-08-10 13:00:13,,1-2,,,,,,,,,,,,,,,,,,,,,,,,Conferences; Consumer electronics; human interface; Miniature Aerial Vehicle; stereo vision; virtual reality,,,,,,,,,,,,,,,,,,,,,,,,,,,,,,,,,,,,,,,,,,,,,,,
B4ZZHAF5,conferencePaper,2011,"Neth, Christian T.; Souman, Jan L.; Engel, David; Kloos, Uwe; Bülthoff, Heinrich H.; Mohler, Betty J.",Velocity-dependent dynamic curvature gain for redirected walking,2011 IEEE virtual reality conference,,2375-5334,10.1109/VR.2011.5759454,,"The aim of Redirected Walking (RDW) is to redirect a person along their path of travel in a Virtual Environment (VE) in order to increase the virtual space that can be explored in a given tracked area. Among other techniques, the user is redirected on a curved real-world path while visually walking straight in the VE (curvature gain). In this paper, we describe two experiments we conducted to test and extend RDW techniques. In Experiment 1, we measured the effect of walking speed on the detection threshold for curvature of the walking path. In a head-mounted display (HMD) VE, we found a decreased sensitivity for curvature for the slowest walking speed. When participants walked at 0.75 m/s, their detection threshold was approximately 0.1m-1 (radius of approximately 10m). In contrast, for faster walking speeds (¿;1.0m/s), we found a significantly lower detection threshold of approximately 0.036m-1 (radius of approximately 27m). In Experiment 2, we implemented many well known redirection techniques into one dynamic RDW application. We integrated a large virtual city model and investigated RDW for free exploration. Further, we implemented a dynamic RDW controller which made use of the results from Experiment 1 by dynamically adjusting the applied curvature gain depending on the actual walking velocity of the user. In addition, we investigated the possible role of avatars to slow the users down or make them rotate their heads while exploring. Both the dynamic curvature gain controller and the avatar controller were evaluated in Experiment 2. We measured the average distance that was walked before reaching the boundaries of the tracked area. The mean walked distance was significantly larger in the condition where the dynamic gain controller was applied. This distance increased from approximately 15m for static gains to approximately 22m for dynamic gains. This did not come at the cost of an increase in simulator sickness. Applying the avatar controller did reveal an effect on walking distance or simulator sickness.",2011-03,2026-08-10 13:00:13,2026-08-10 13:00:13,,151-158,,,,,,,,,,,,,,,,,,,,,,,,Atmospheric measurements; Avatars; Cybernetics; Legged locomotion; Particle measurements; Sensitivity; Virtual environment,,,,,,,,,,,,,,,,,,,,,,,,,,,,,,,,,,,,,,,,,,,,,,,
ZGAVYNI3,conferencePaper,2018,"Buche, Cédric; Bigot, Nathalie Le",REVAM: a virtual reality application for inducing body size perception modifications,2018 international conference on cyberworlds (CW),,,10.1109/CW.2018.00049,,"In this paper, we present a 3D virtual environment for inducing body ownership illusion. The key idea is to take advantage of virtual reality potential regarding body size perception. The application, called REVAM, links two main aspects of body size perception: the first one focuses on its modification and the second one concerns its assessment. Based on some previous evidence that it is possible to modify body-size perception through an illusion of ownership over a virtual body, the application proposes to couple a tactile stimulation when viewing an avatar from a third person perspective (a condition known to produce this kind of illusion). In addition, the application offers the possibility to choose between avatars of different builds, and to perform morphing to reduce the avatars body. Moreover, the application allows to implicitly measure how people perceive their body size from an affordance estimation task in which people have to appreciate if they can pass through doors of different sizes without twisting their shoulders. To test the application we carried out an experiment on 16 female participants who performed the affordance estimation task five times: the first time before being exposed to their chosen avatar to get a baseline measure, and the four other times after being exposed to their avatar in different situations. These different situations are defined by the crossing of two experimental factors: morphing (presence or absence) and simultaneous visuotactile stimulation (presence or absence). A two-way repeated-measures Anova showed a main effect of the morphing: mean door width through which the participants estimate they can fit was significantly reduced (p ¡:05) when morphing was present. However, this effect did not interact with the presence of a simultaneous tactile stimulation. This indicates that exposing people to a virtual body reduced in size, as proposed in the present application, could be an effective way to modify body size perception, at least temporarily. The final goal would be to help patients with body image disorders, such as anorexia nervosa.",2018-10,2026-08-10 13:00:13,2026-08-10 13:00:13,,229-236,,,,,,,,,,,,,,,,,,,,,,,,Avatar; Avatars; Cameras; Human computer interaction; Psychology; Resists; Shape; Skeleton; Three-dimensional displays; Virtual reality; Visualization,,,,,,,,,,,,,,,,,,,,,,,,,,,,,,,,,,,,,,,,,,,,,,,
AGJC4B6Y,journalArticle,2026,"Cheng, Haojie; Ong, Shaun Jing Heng; Cai, Shaoyu; Koh, Aiden Tat Yang; Ouyang, Fuxi; Khoo, Eng Tat",EgoPoseVR: Spatiotemporal multi-modal reasoning for egocentric full-body pose in virtual reality,IEEE Transactions on Visualization and Computer Graphics,,1941-0506,10.1109/TVCG.2026.3680618,,"Immersive virtual reality (VR) applications demand accurate, temporally coherent full-body pose tracking. Recent head-mounted camera-based approaches show promise in egocentric pose estimation, but encounter challenges when applied to VR head-mounted displays (HMDs), including temporal instability, inaccurate lower-body estimation, and the lack of real-time inference. To address these limitations, we present EgoPoseVR, an end-to-end framework for accurate egocentric full-body pose estimation in VR that integrates headset motion cues with egocentric RGB-D observations through a dual-modality fusion pipeline. A spatiotemporal encoder extracts frame- and joint-level representations, which are fused via cross-attention to fully exploit complementary motion cues across modalities. A kinematic optimization module then imposes constraints from HMD signals, enhancing the accuracy and stability of pose estimation. To facilitate training and evaluation, we introduce a large-scale synthetic dataset of over 1.8 million temporally aligned HMD and RGB-D frames across diverse VR scenarios. Experimental results show that EgoPoseVR outperforms state-of-the-art egocentric pose estimation models. A user study in real-world scenes further shows that EgoPoseVR achieved significantly higher subjective ratings in accuracy, stability, embodiment, and intention for future use compared to baseline methods. These results show that EgoPoseVR enables robust full-body pose tracking, offering a practical solution for accurate VR embodiment without requiring additional body-worn sensors or room-scale tracking systems.",2026-05,2026-08-10 13:00:13,2026-08-10 13:00:13,,3211-3221,,5,32,,,,,,,,,,,,,,,,,,,,,Antennas; Avatars; Circuits; Circuits and systems; egocentric full-body pose estimation; Feedback; Feeds; Filtering; Filters; Graphical user interfaces; head-mounted displays; Integrated circuits; multimodal spatiotemporal fusion; Virtual reality,,,,,,,,,,,,,,,,,,,,,,,,,,,,,,,,,,,,,,,,,,,,,,,
UYSSQJ6F,conferencePaper,2015,"Achibet, Merwan; Girard, Adrien; Talvas, Anthony; Marchal, Maud; Lécuyer, Anatole",Elastic-Arm: Human-scale passive haptic feedback for augmenting interaction and perception in virtual environments,2015 IEEE virtual reality (VR),,2375-5334,10.1109/VR.2015.7223325,,"Haptic feedback is known to improve 3D interaction in virtual environments but current haptic interfaces remain complex and tailored to desktop interaction. In this paper, we introduce the “Elastic-Arm”, a novel approach for incorporating haptic feedback in immersive virtual environments in a simple and cost-effective way. The Elastic-Arm is based on a body-mounted elastic armature that links the user's hand to her shoulder. As a result, a progressive resistance force is perceived when extending the arm. This haptic feedback can be incorporated with various 3D interaction techniques and we illustrate the possibilities offered by our system through several use cases based on well-known examples such as the Bubble technique, Redirected Touching and pseudo-haptics. These illustrative use cases provide users with haptic feedback during selection and navigation tasks but they also enhance their perception of the virtual environment. Taken together, these examples suggest that the Elastic-Arm can be transposed in numerous applications and with various 3D interaction metaphors in which a mobile hap-tic feedback can be beneficial. It could also pave the way for the design of new interaction techniques based on “human-scale” egocentric haptic feedback.",2015-03,2026-08-10 13:00:14,2026-08-10 13:00:14,,63-68,,,,,,,,,,,,,,,,,,,,,,,,Force; H.5.2 [Information Interfaces and Presentation]: User Interfaces — Interaction styles; Haptic I/O; Haptic interfaces; Navigation; Prototypes; Three-dimensional displays; Virtual environments; Visualization,,,,,,,,,,,,,,,,,,,,,,,,,,,,,,,,,,,,,,,,,,,,,,,
SMZDLM7X,conferencePaper,2023,"Hosoi, Masato; Hattori, Atsuhiro; Nakamura, Asuka; Furuhashi, Hideo",Visual system of avatar robot using eye-tracking and foveated rendering,"2023 congress in computer science, computer engineering, & applied computing (CSCE)",,,10.1109/CSCE60160.2023.00457,,"Herein, an avatar robot visual system using a head-mounted display (HMD) that performs a foveated rendering processing using eye-tracking technology on images obtained from a stereo camera is developed. The distance between the two cameras of the avatar robot's eyes is automatically controlled according to the interpupillary distance of the operator measured by the HMD. Foveated rendering with eye tracking technology reduces the amount of data and selectively presents visual information to the operator. This minimized discomfort and improves immersion during operation. Consequently, the perceptual precision of the surrounding position is enhanced, because visual information outside the focal area is reduced.",2023-07,2026-08-10 13:00:14,2026-08-10 13:00:14,,2764-2766,,,,,,,,,,,,,,,,,,,,,,,,Avatars; eye-tracking; foveated rendering; Gaze tracking; Head-mounted displays; Resists; robot; Robot vision systems; visual system; Visual systems; Visualization,,,,,,,,,,,,,,,,,,,,,,,,,,,,,,,,,,,,,,,,,,,,,,,
93GYY5DB,conferencePaper,2023,"Wang, Fang; Murrell, Scottie; Winter, Virginia Ramseyer; Sielert, Charles",Development and testing of a real time virtual reality body avatar creation and body appreciation experience for young adults,2023 IEEE international conference on advanced learning technologies (ICALT),,2161-377X,10.1109/ICALT58122.2023.00085,,"Body image has a profound impact on overall wellbeing and quality of life. In this paper, we presented a pilot study of a virtual reality program of a real time 3D body avatar creation and appreciation experience. We present a method that allows participants to alter an avatar with different body shapes, skin tones and hair in real time until they believe it looks like them, then paint parts of the avatar that they appreciate for various reasons. Through a pre and post survey, we have found the average learning outcome measures for the VR group showed a more promising trend increase in testing scores compared to the control workshop group. However, the body appreciation scale measured in both the VR experience and the workshop group showed a very limited improvement after one session and requires further research in the area. Majority of the participants feel positive about the VR experience. The real time 3D avatar alternation method presented has the potential to be used for player embodiment, body appreciation and body image education to improve body image.",2023-07,2026-08-10 13:00:14,2026-08-10 13:00:14,,271-273,,,,,,,,,,,,,,,,,,,,,,,,3D Avatar; Atmospheric measurements; Avatars; Body Appreciation; Body Image; Conferences; Particle measurements; Real-time systems; Shape; Three-dimensional displays; Virtual Reality,,,,,,,,,,,,,,,,,,,,,,,,,,,,,,,,,,,,,,,,,,,,,,,
5RFZWNBJ,conferencePaper,2021,"Younis, Saad B.; Al-Hemiary, Emad H.",Immersive virtual reality application for total hip replacement surgical training,2021 4th international conference on bio-engineering for smart technologies (BioSMART),,,10.1109/BioSMART54244.2021.9677700,,"Virtual reality (VR) is a virtual environment that might be identical to or diametrically opposed to the actual world. The traditional learning method for surgical training such that Cadaver Surgery is an effective method proven in the medical field to understand human anatomy and to perform training surgery; when held in comparison to digital 3D models (i.e., VR), it tends to be more complex, more expensive, and other concerned safety concern it. To teach various medical groups, VR is a modern approach that helps residents, students, and professionals in various fields of medicine grasp complex operations such as total hip replacement surgery before carrying them out on a patient. The VR application used an Oculus Quest headset with two hand controller; in this VR application, the user performs total hip joint replacement surgery procedures using a two-stage skeleton and total body's organ. the virtual reality application received a System Usability Scale score of (85.444), indicating that the application is recommended and good according to the System Usability Scale range. Also, for the virtual reality application, some participants in quantitative assessment got improvements of more than 50",2021-12,2026-08-10 13:00:14,2026-08-10 13:00:14,,1-5,,,,,,,,,,,,,,,,,,,,,,,,Biological system modeling; Human Anatomy; medical training; Solid modeling; Surgery; Three-dimensional displays; Training; Usability; Virtual environments; Virtual reality; VR; VR training,,,,,,,,,,,,,,,,,,,,,,,,,,,,,,,,,,,,,,,,,,,,,,,
ZCGDX2XY,conferencePaper,2018,"Hiramoto, Kazuki; Hamamoto, Kazuhiko",Study on the difference of reaching cognition between the real and the virtual environment using HMD and its compensation,2018 11th biomedical engineering international conference (BMEiCON),,2334-3052,10.1109/BMEiCON.2018.8609971,,"The purposes of this research are to investigate the information necessary for cognition of the VR environment using “Reaching” and to examine how to compensate the difference of cognition between the real and the VR environment. Therefore, this research conducts a task in VR to acquire cognition with the VR environment (Cognitive acquisition task) first. This task is one for a subject to be acclimated to VR environment. The important thing is that the subject's arms and hands and their actions are shown in VR environment using CG. Second, comparative experiment using Reaching is conducted. Cognitive acquisition task is conducted using simple action task related to reaching, such as stacking blocks and rolling spheres. In Reaching experiment, first, a subject estimate whether the subject can grasp a cylinder placed in front of the subject by just stretching arms in thought. After that, the subject grabs the cylinder and places it as far as possible. The results are investigated in the real and the virtual environment. In the real, it has been found that the longest distance to an object for a person to decide to be able to reach for and grab the object (CDDG) is about 1.1 times as long as the longest distance where a person actually can reach for grabbing the object (CRDG). The previous studies have shown that the ratio of CDDG and CRDG in VR is not 1.1 and its compensation is difficult. However, as a result of this research experiment, CDDGs in this research were the same value in the real and the VR environment. And in the case of VR with reduced environmental information, CDDG in VR was different from one in real. As the result, it was suggested that the difference in cognition could be compensated by including the necessary and sufficient environmental and user's information (CG model of user's body and user's movement) and an appropriate cognition could be realized even in the current VR environment.",2018-11,2026-08-10 13:00:14,2026-08-10 13:00:14,,1-5,,,,,,,,,,,,,,,,,,,,,,,,Cognition; Ecological Cognition; Head Mounted Display; Leap Motion; Rails; Reaching; Resists; Stacking; Task analysis; Virtual environments; Virtual Reality,,,,,,,,,,,,,,,,,,,,,,,,,,,,,,,,,,,,,,,,,,,,,,,
7CBUQ27P,conferencePaper,2024,"Kamath, B Sunil; Nayak, Tulasi",Construction of a 3D model of an university campus for easing new visitor navigation around the campus using blender and three.js,"2024 third international conference on electrical, electronics, information and communication technologies (ICEEICT)",,,10.1109/ICEEICT61591.2024.10718381,,"This paper aims to illustrate the design and development of a 3D virtual environment for the engineering campus of the university, employing the Blender software and then rendering it on web with the help of the Three.js JavaScript library. The 3D model has been conceptualized from the survey of the university campus, the blueprint of the campus buildings, the miniaturization of the buildings to scale, the 3D modeling, and the development of an avatar for navigating the virtual campus locations. This environment will serve as an immersive platform for incoming local and international students and staff, allowing them to gain a clear understanding of the campus by exploring pathways to various buildings, canteen locations, and parking facilities. Additionally, the platform can have multiple users accessing it from the comfort of their homes. This work contributes to the literature on the potential of 3D modeling tools and JavaScript libraries in creating engaging virtual environments for commercial purposes.",2024-07,2026-08-10 13:00:14,2026-08-10 13:00:14,,1-6,,,,,,,,,,,,,,,,,,,,,,,,3D modeling; Avatars; Blender; Buildings; Campus Navigation; Libraries; Navigation; Rendering (computer graphics); Solid modeling; Technological innovation; Three-dimensional displays; Three.js; Two step model; User experience; Virtual environments; Virtual Tour,,,,,,,,,,,,,,,,,,,,,,,,,,,,,,,,,,,,,,,,,,,,,,,
VA6IMEDL,conferencePaper,2023,"Berthault, Alexandre; Kato, Takuma; Shirai, Akihiko",Avatar Fusion Karaoke: Research and development on multi-user music play VR experience in the metaverse,"2023 IEEE international conference on metaverse computing, networking and applications (MetaCom)",,,10.1109/MetaCom57706.2023.00058,,"This paper contributes to building a standard process of research and development (R&D) for new user experiences (UX) in metaverse services. We tested this R&D process on a new UX proof of concept (PoC) for Meta Quest head-mounted display (HMDs) consisting of a school-life karaoke experience with the hypothesis that it is possible to design the avatars with only the necessary functions and rendering costs. The school life metaverse is a relevant subject for discovering issues and problems in this type of simultaneous connection. To qualitatively evaluate the potential of a multi-person metaverse experience, this study investigated subjects where each avatar requires expressive skills. While avatar play experiences feature artistic expressions, such as dancing, playing musical instruments, and drawing, and these can be used to evaluate their operability and expressive capabilities qualitatively, the Quest’s tracking capabilities are insufficient for full-body performance and graphical art expression. Considering such hardware limitations, this study evaluated the Quest, focusing primarily on UX simplicity using AI Fusion techniques and expressiveness in instrumental scenes played by approximately four avatars. To achieve our PoC, we first researched the limitations and challenges of such applications. In Meta Quest 1 and Meta Quest 2, the benchmark for simultaneous avatar rendering was 10 for Quest 1 and 22 for the Quest 2. The appropriate interpersonal distance (IPD) should be designed with culture in mind. We assume that various avatars communicate at a maximum distance of 1–2 meters while generating collisions for individual avatars and avoiding overlap. Considering the interference in stereophonic sound, we consider that 5–11 avatars can be displayed simultaneously while maintaining quality communication. Through our standard R&D process, we assessed the production needs for our PoC and obtained multiple ways to retrieve feedback. A notable effect was observed when other users entered the same session. When users waved and called out to one another (saluted), their participation time increased by 3 minutes (i.e., they played more than one piece of music). Most users did not perceive the AI-only piano-playing avatar as human (i.e., they perceived it as a non-player character [NPC] in the game). This research reported methods for multi-user metaverse communication and its supporting technologies, such as head-mounted devices and their graphics performance, special interaction techniques, and complementary tools and the importance of PoC development, its evaluation, and its iterations. The result is remarkable for further research; these expressive technologies in a multi-user context are directly related to the quality of communication within the metaverse and the value of the user-generated content (UGC) produced there.",2023-06,2026-08-10 13:00:14,2026-08-10 13:00:14,,281-289,,,,,,,,,,,,,,,,,,,,,,,,Avatar; Avatars; Karaoke; Metaverse; Meters; Music; Performance evaluation; Production; Real-time; User-generated content; VR,,,,,,,,,,,,,,,,,,,,,,,,,,,,,,,,,,,,,,,,,,,,,,,
VTYSMQRG,conferencePaper,2017,"Roth, Daniel; Waldow, Kristoffer; Latoschik, Marc Erich; Fuhrmann, Arnulph; Bente, Gary",Socially immersive avatar-based communication,2017 IEEE virtual reality (VR),,2375-5334,10.1109/VR.2017.7892275,,"In this paper, we present SIAM-C, an avatar-mediated communication platform to study socially immersive interaction in virtual environments. The proposed system is capable of tracking, transmitting, representing body motion, facial expressions, and voice via virtual avatars and inherits the transmission of human behaviors that are available in real-life social interactions. Users are immersed using active stereoscopic rendering projected onto a life-size projection plane, utilizing the concept of “fish tank” virtual reality (VR). Our prototype connects two separate rooms and allows for socially immersive avatar-mediated communication in VR.",2017-03,2026-08-10 13:00:14,2026-08-10 13:00:14,,259-260,,,,,,,,,,,,,,,,,,,,,,,,and virtual realities —; augmented; Avatars; H.4.3 [Communications Applications]: —; H5.1 [Multimedia Information Systems]: Artificial; Sensors; Stereo image processing; Three-dimensional displays; Tracking; Virtual environments,,,,,,,,,,,,,,,,,,,,,,,,,,,,,,,,,,,,,,,,,,,,,,,
8XMUU26L,conferencePaper,2025,"Lee, Seung Jun; Kim, Tae Hyeong; Do, Hyeong Jin; Jung, Kyu Dan; Ryu, Hyun Gon; Kim, Nam Joon",Intuitive robot arm control system based on HMD hand tracking,"2025 international conference on electronics, information, and communication (ICEIC)",,2767-7699,10.1109/ICEIC64972.2025.10879724,,"In this paper, we propose a system for intuitively controlling a robotic arm using hand tracking through a head-mounted display (HMD). It is necessary to transmit the angle values to each motor to control the robotic arm by tracking the human body. At this time, the system needs to know the extent to which each human joint is rotated, that is, the joint values. Based on these values, appropriate angles are sent to the motors. The joint values and positions of the user's hand were captured using the HMD, and the joint values for the arm and shoulder were calculated using inverse kinematics in Unity. A system is implemented to control the robotic arm by transmitting these values to the MCU. The tests confirmed that the system enables faster movements and better adaptability than traditional controllers, with a high accuracy of 98.5",2025-01,2026-08-10 13:00:14,2026-08-10 13:00:14,,1-4,,,,,,,,,,,,,,,,,,,,,,,,Control systems; Hand Tracking; Hands; HMD; Inverse Kinematic; Kinematics; Manipulators; Motors; remote control; Resists; Robot Arm; Robots; Shoulder; Temperature measurement; Temperature sensors; Unity; VR,,,,,,,,,,,,,,,,,,,,,,,,,,,,,,,,,,,,,,,,,,,,,,,
632H2WZ6,conferencePaper,2003,"Lewis, N.L.; Meunier, J.",Intelligent pointer in computer assisted surgery-design and feasibility,Proceedings of the 25th annual international conference of the IEEE engineering in medicine and biology society (IEEE cat. no.03ch37439),,1094-687X,10.1109/IEMBS.2003.1279452,,"We present a solution combining the newest technologies in computer vision and preoperativeiy planned surgical intervention to enhanced the efficiency of complex surgery. There have been many solutions proposed to use computer vision in the operating room, but they often depend on annoying and expensive components such as head mounted display (HMD). These systems have proven to be of weak precision and, due to their weight and size, they tend to be really disturbing if worn during long period of time. The goal of this work is to demonstrate the possibility of a system projecting directly on the patient, in real time, during the surgery. The main advantage is to keep the attention of the surgeon focused directly on his patient at all times. The information that can be added to the scene, due to the absence of HMD is evidently restricted to 2D since only one image is projected on the patient (skin, bone, surgery linen etc.) instead of two images for the right and left eyes with HMD, but by using an intelligent pointer to highlight important zones in the line of sight of the surgeon, 3D information can be inferred. This system actually transforms the patient body itself into a visual data source for the surgeon.",2003-09,2026-08-10 13:00:14,2026-08-10 13:00:14,,1148-1151 Vol.2,,,2,,,,,,,,,,,,,,,,,,,,,Bones; Computer displays; Computer vision; Eyes; Head; Layout; Real time systems; Skin; Surgery; Surges,,,,,,,,,,,,,,,,,,,,,,,,,,,,,,,,,,,,,,,,,,,,,,,
5XKZVXA9,journalArticle,2025,"Murmu, Chandni; Venkatakrishnan, Rohith; Venkatakrishnan, Roshan; Lin, Wen-Chieh; Robb, Andrew C.; Pagano, Christopher; Babu, Sabarish V.",An empirical evaluation of how virtual hand visibility affects near-field size perception and reporting of tangible objects in virtual reality,IEEE Transactions on Visualization and Computer Graphics,,1941-0506,10.1109/TVCG.2025.3616829,,"In immersive virtual environments (IVEs), accurate size perception is critical, especially in training simulations designed to mimic real-world tasks, such as, nuclear power plant control room or medical procedures. These simulations have dials or instruments of varying sizes. Visual information of the objects alone, often fails to capture subtle size differences in virtual reality (VR). However, integrating haptic and hand-avatars may potentially improve accuracy and performance. This improvement could be especially beneficial for real-world scenarios where hand(s) are intermittently visible or obscured. To investigate how this intermittent presence or absence of body-scaled hand-avatars affects size perception when integrated with haptic information, we conducted 2x2 mixed-factorial experiment design using a near-field, size-estimation task in VR. The experiment conditions compared size estimations with or without virtual hand visibility in the perception and reporting phases. The task involved 16 graspable objects of varying sizes and randomly repeated 3 times across 48 trials per participant (total 80 participants). We employed Linear Mixed Models (LMMs) analysis to objective measures: perceived size, residual error and proportional errors. Results revealed that as the tangible-graspable size increases, overestimation reduces if the hand-avatars are visible in the reporting phase. Also, overestimation reduces as the number of trials increases, if the hand-avatars are visible in the reporting phase. Thus, the presence of hand-avatars facilitated perceptual calibration. This novel study, with different combinations of hand-avatar visibility, taking perception and reporting of size as two separate phases, could open future research directions in more complex scenarios for refined integration of sensory modalities and consequently enhance real-world application performance.",2025-11,2026-08-10 13:00:14,2026-08-10 13:00:14,,9867-9877,,11,31,,,,,,,,,,,,,,,,,,,,,Accuracy; Avatars; Ego-Centric Ruler; End effectors; End-Effector Representation; End-Effector Visibility; Hands; Haptic interfaces; Motors; Near-Field; Size Perception; Solid modeling; Surgery; Tangible Objects; Training; Virtual Reality (VR); Virtual-Hand Interaction; Visualization; Visuo-haptic,,,,,,,,,,,,,,,,,,,,,,,,,,,,,,,,,,,,,,,,,,,,,,,
4UGEWJC4,conferencePaper,1997,"Jaa-Aro, K.-M.; Snowdon, D.",Retaining body language in subjective virtual environments using artifact-centred coordinate systems,Proceedings of the thirtieth hawaii international conference on system sciences,,1060-3425,10.1109/HICSS.1997.667430,,"Embodiment and subjectivity are important research issues for collaborative virtual environments. The authors claim that the direction and distance of an embodiment are the most important indicators of the relation between a user and surrounding objects or other users. In an objective view of a virtual environment embodiment motion is unambiguous since all users will see all other users and all artifacts in the same positions. However there are many reasons to present different views of the same basic data set to different users. If objects end up in different positions in different views, one cannot retain a common coordinate system for the embodiments, since directions and distances are distorted. They present an implementation of artifact-centred coordinate mappings by which the positions of the artifacts that the user is interacting with govern how that user is represented to other users of the system.",1997-01,2026-08-10 13:00:14,2026-08-10 13:00:14,,646-652 vol.1,,,1,,,,,,,,,,,,,,,,,,,,,Collaboration; Collaborative work; Computer science; Context; Numerical analysis; Protocols; Resumes; Topology; Virtual environment; Visualization,,,,,,,,,,,,,,,,,,,,,,,,,,,,,,,,,,,,,,,,,,,,,,,
LSQ7XGIC,journalArticle,2026,"Shivakumar, Vyomakesh; Kohm, Kristopher C.; Robb, Andrew C.; Pagano, Christopher C.; Babu, Sabarish V.",Beyond the self: Avatar anthropomorphic fidelity and calibration effects on judging others' interpersonal horizontal reachability in VR,IEEE Transactions on Visualization and Computer Graphics,,1941-0506,10.1109/TVCG.2026.3679904,,"Effective collaboration in Virtual Reality depends on users' ability to accurately perceive the affordances of others within a shared space. This paper presents the first empirical investigation of how people judge others' reaching capabilities in Immersive Virtual Environments (IVEs). We examined whether observers can reliably estimate the maximum horizontal reach distance of virtual actors, how different actor representations influence these perceptual judgments, and whether calibration feedback can improve estimation accuracy. Participants (N=35) judged the reachability of objects for virtual actors across three visual fidelity conditions: high-fidelity, low-fidelity, and end-effector-only representations. Results demonstrate that users can successfully estimate others' horizontal reachability in IVEs, though with overestimation. Calibration through action feedback significantly improved estimation accuracy, with overestimation decreasing across trials. Visual fidelity showed no main effect on initial reachability judgments but significantly affected postcalibration performance, with low-fidelity representations demonstrating significantly better calibration outcomes compared to high-fidelity avatars, while end-effector-only representations showed no significant difference from either condition. The findings contribute to the social perception literature in Virtual Reality (VR) and to provide design guidelines for avatar systems in collaborative virtual environments, where spatial coordination and shared action planning are critical.",2026-05,2026-08-10 13:00:14,2026-08-10 13:00:14,,4503-4513,,5,32,,,,,,,,,,,,,,,,,,,,,affordance perception; Amplitude modulation; Amplitude shift keying; Apertures; avatar fidelity; Avatars; calibration; Central Processing Unit; Circuits; Contacts; Electronic mail; Feedback; Graphical user interfaces; interpersonal affordance; reachability judgment; spatial perception; virtual humans; Virtual reality,,,,,,,,,,,,,,,,,,,,,,,,,,,,,,,,,,,,,,,,,,,,,,,
34CFGHRJ,conferencePaper,2019,"Barberis, Adrian; Bennet, Trystan; Minear, Meredith",“Ready player one”: Enhancing omnidirectional treadmills for use in virtual environments,2019 IEEE conference on virtual reality and 3D user interfaces (VR),,2642-5254,10.1109/VR.2019.8798323,,"As large-scale immersive virtual environments become more common, technologies develop to allow increasingly naturalistic travel in these spaces. One such technology, is the omnidirectional treadmill. Though the hardware has been realized, it still lacks a concrete software paradigm that ensures comfort and performance for the user. We identified three potentially key settings for omnidirectional treadmill locomotion in virtual reality (VR) environments that may lead to more comfort, increased degrees of freedom, and better performance: movement speed, treadmill sensor sensitivity, and decoupling the head's rotation from that of the body. To integrate these settings, we developed an original first-person movement script and conducted a prestudy to discover if enough variance between individuals existed to necessitate calibration on a per-individual basis. Initial prestudy results suggest that these three values do show enough variance to recommend they be calibrated on a per-individual basis and opens up the opportunity for further research into the potential benefits of these variables on locomotion in environments that use omnidirectional treadmills.",2019-03,2026-08-10 13:00:14,2026-08-10 13:00:14,,848-849,,,,,,,,,,,,,,,,,,,,,,,,Calibration; Cameras; Computer applications; Interaction design; Smoothing methods; Software; Tracking; Virtual environments; Virtual reality,,,,,,,,,,,,,,,,,,,,,,,,,,,,,,,,,,,,,,,,,,,,,,,
R2GRKHJW,conferencePaper,2025,"Nassiri, Nasser; Rajan, Amala VijayaSelvi",Influence of avatar age on personal space in collaborative virtual environments,2025 international conference on intelligent computing and virtual & augmented reality simulations (ICVARS),,,10.1109/ICVARS66454.2025.11198802,,"In a world where interaction is a significant part of everyday life, personal space (PS) - an invisible bubble surrounding human body - is important. This is because PS functions as a comfort zone during interaction and invading such space produces anxiety and discomfort. Personal space (PS) in the physical world is influenced by many factors such as age, culture, gender, and environmental factors such as room size, room ceiling height, and environmental location (i.e. indoors or outdoors). Little is known, however, about how avatar facial expression related to ages might affect personal space in Virtual Environments. To begin to address this, we have conducted an experiment concerning personal space invasions (PSI) in collaborative virtual environments (CVE) between avatars of different ages-looking (e.g. young and old). The results of the experiment suggested that the old man invading avatar and the old avatar being invaded did have an influence on the personal space invasion anxiety level. However, the anxiety level had clearly been reported during the personal space invasion of the young avatars invading and the personal space of young avatar.",2025-07,2026-08-10 13:00:14,2026-08-10 13:00:14,,12-15,,,,,,,,,,,,,,,,,,,,,,,,Anxiety; Anxiety disorders; Augmented reality; avatar age; Avatars; Collaboration; Cultural differences; Environmental factors; personal space invasion; Sensitivity; Solid modeling; Virtual environments; virtual reality environment,,,,,,,,,,,,,,,,,,,,,,,,,,,,,,,,,,,,,,,,,,,,,,,
REL9H2CP,conferencePaper,2004,"Nonaka, S.; Inoue, K.; Arai, T.; Mae, Y.",Evaluation of human sense of security for coexisting robots using virtual reality. 1st report: evaluation of pick and place motion of humanoid robots,"IEEE international conference on robotics and automation, 2004. Proceedings. ICRA '04. 2004",,1050-4729,10.1109/ROBOT.2004.1307480,,"When robots coexisting with humans are designed, it is important to evaluate the influence of the shape and size of the robots and their motions on human sense of security. For this purpose, an evaluation system of human sense of security for coexisting robots using virtual reality is discussed. Virtual robots are visually presented to a human subject through a head mounted display; the subject and the robots coexist in the virtual world. Some kinds of physiological indices of the subject are measured, he answers the questionnaire about his impression of the robots, and his sense of security is evaluated. Because of using virtual reality technique, the shape and size of the robots and their motions can be easily changed and tested. In the present report, pick and place motion of humanoid robots is evaluated. As a result of analyzing the questionnaire, it is found that turning the body coordinating with the arm gives good impression on humans.",2004-04,2026-08-10 13:00:14,2026-08-10 13:00:14,,2770-2775 Vol.3,,,3,,,,,,,,,,,,,,,,,,,,,Displays; Humanoid robots; Humans; Robot kinematics; Robot sensing systems; Security; Shape; Testing; Turning; Virtual reality,,,,,,,,,,,,,,,,,,,,,,,,,,,,,,,,,,,,,,,,,,,,,,,
WZK5HW2R,journalArticle,2022,"Miller, Dane A. L.; Ogata, Taiki; Sasabe, Gakuto; Shan, Liang; Tsumura, Nozomi; Miyake, Yoshihiro",Spatiotemporal gait guidance using audiovisual cues of synchronized walking avatar in augmented reality,"IEEE access : practical innovations, open solutions",,2169-3536,10.1109/ACCESS.2022.3200744,,"There has been a growing interest in augmented reality (AR) methods for gait guidance and rehabilitation. These methods have been effective in guiding spatial gait parameters, such as stride length, and temporal cycle times when paired with rhythmic stimuli. However, few studies have explored the simultaneous spatial and temporal guidance of gaits and have primarily focused on one of several aspects. Gait parameters are related, and changing one might have unintended effects on others; thus, simultaneous guidance is required. In this study, we designed and evaluated a system that provides simultaneous spatial and temporal guidance using a synchronized walking avatar in AR. The system requires a head-mounted display (HMD) and presents a walking avatar involving auditory cues synchronized with the foot-contact timing of the participant via a mutual entrainment model. Spatial feedback is provided by distance changes between the participant and avatar, and the effects on stride length are observed. Phase difference changes between the avatar and participant serve as temporal cues that are used to guide the cycle time. The stride length and cycle-time of eight participants walking along a straight corridor wearing the HMD were recorded and analyzed. Four experimental conditions were applied comprising combinations of increases and decreases in the spatial and temporal cues. Furthermore, the results demonstrated that spatial and temporal feedback had almost independent effects on respective gait parameters. These findings reveal that this combination of spatiotemporal cueing can be extremely effective in gait guidance without loss of effectiveness from single modality cues.",2022,2026-08-10 13:00:14,2026-08-10 13:00:14,,90498-90506,,,10,,IEEE Access,,,,,,,,,,,,,,,,,,,Augmented reality; Avatars; Feedback; Gait analysis; Legged locomotion; Mathematical models; Medical treatment; mixed reality; multi-modal feedback system; mutual entrainment; Spatial temporal resolution; synchronization; Synchronization; Trajectory,,,,,,,,,,,,,,,,,,,,,,,,,,,,,,,,,,,,,,,,,,,,,,,
5AGELHRH,conferencePaper,2021,"Choudhary, Zubin; Gottsacker, Matthew; Kim, Kangsoo; Schubert, Ryan; Stefanucci, Jeanine; Bruder, Gerd; Welch, Gregory F.",Revisiting distance perception with scaled embodied cues in social virtual reality,2021 IEEE virtual reality and 3D user interfaces (VR),,2642-5254,10.1109/VR50410.2021.00106,,"Previous research on distance estimation in virtual reality (VR) has well established that even for geometrically accurate virtual objects and environments users tend to systematically mis-estimate distances. This has implications for Social VR, where it introduces variables in personal space and proxemics behavior that change social behaviors compared to the real world. One yet unexplored factor is related to the trend that avatars' embodied cues in Social VR are often scaled, e.g., by making one's head bigger or one's voice louder, to make social cues more pronounced over longer distances. In this paper we investigate how the perception of avatar distance is changed based on two means for scaling embodied social cues: visual head scale and verbal volume scale. We conducted a human-subject study employing a mixed factorial design with two Social VR avatar representations (full-body, head-only) as a between factor as well as three visual head scales and three verbal volume scales (up-scaled, accurate, down-scaled) as within factors. For three distances from social to far-public space, we found that visual head scale had a significant effect on distance judgments and should be tuned for Social VR, while conflicting verbal volume scales did not, indicating that voices can be scaled in Social VR without immediate repercussions on spatial estimates. We discuss the interactions between the factors and implications for Social VR.",2021-03,2026-08-10 13:00:14,2026-08-10 13:00:14,,788-797,,,,,,,,,,,,,,,,,,,,,,,,Aerospace electronics; Avatars; Computing methodologies-Computer graphics-Graphics systems and interfaces-Virtual reality; Design methodology; Estimation; Human-centered computing-Human computer interaction (HCI)-HCI design and evaluation methods-User studies; Human-centered computing-Human computer interaction (HCI)-Interaction paradigms-Virtual reality; Three-dimensional displays; User interfaces; Visualization,,,,,,,,,,,,,,,,,,,,,,,,,,,,,,,,,,,,,,,,,,,,,,,
H3QYAQBL,conferencePaper,2018,"Gall, Dominik; Latoschik, Marc Erich",The effect of haptic prediction accuracy on presence,2018 IEEE conference on virtual reality and 3D user interfaces (VR),,,10.1109/VR.2018.8446153,,"This paper reports on the effect of visually-anchored prediction accuracy of haptic information on the perceived presence of virtual environments. We designed an experiment which explicitly prevented confounding factors potentially introduced by virtual body ownership and/or agency. The experimental design consisted of two main conditions defining congruent vs incongruent visual and haptic cues. Presence was measured during as well as after exposure. A distance estimation task solely based on motor action and the visually-anchored spatial model of the environment was executed to control for perceptual binding. 56 healthy volunteers were randomly assigned to one of two groups in a single-blind mixed-group design study. The study revealed increased presence for high prediction accuracy and decreased presence for low prediction accuracy, while perceptual binding still occurred. The observed effect sizes were in the medium range. The results indicate a significant correlation between prediction accuracy of haptic information and the perceived realness and presence of a virtual environment which gives rise to a discussion about models for dissociative symptom derealisation.",2018-03,2026-08-10 13:00:14,2026-08-10 13:00:14,,73-80,,,,,,,,,,,,,,,,,,,,,,,,Estimation; Haptic interfaces; Head-mounted displays; Human-centered computing-Human computer interaction (HCI)-Empirical studies in HCI; Solid modeling; Task analysis; Virtual environments; Visualization,,,,,,,,,,,,,,,,,,,,,,,,,,,,,,,,,,,,,,,,,,,,,,,
54LXIYZZ,conferencePaper,2024,"Tursunov, Javlon; Rozinaj, Gregor; Minarik, Ivan; Vanco, Marek",Creating a metaverse-based meeting room with live avatar control and web communication,2024 international symposium ELMAR,,2835-3781,10.1109/ELMAR62909.2024.10694474,,"This paper presents the design and implementation of an interactive virtual meeting room aimed at revolutionizing remote communication as well as addressing the limitations of the current video conferencing systems by transitioning from traditional 2D video conferencing to an immersive 3D environment. The system integrates Python scripts and the MediaPipe library to detect and process body movements and gestures, enabling participants to control their avatars intuitively in a virtual environment created using Unity. Remote participants, utilizing their webcams to capture body movements translated into corresponding avatar actions within the virtual space, join the meeting via a web browser. The virtual meeting room allows users to navigate and observe the environment dynamically and independently from any perspective they want using keyboard and mouse inputs. By employing the Unity Render Streaming package, the virtual environment is rendered in web browsers. Our system enhances the interactive experience by providing spatial awareness and the ability to customize appearance locations within the virtual space, thus personalizing the meeting experience. The System Usability Scale survey results, with an average score of 75, indicate high user satisfaction and effectiveness in virtual meetings. This work highlights the technological components, user experience, and potential implications of our system, underscoring its scientific contribution to advancing metaverse-based remote communication technologies.",2024-09,2026-08-10 13:00:14,2026-08-10 13:00:14,,57-60,,,,,,,,,,,,,,,,,,,,,,,,Aerospace electronics; Avatars; Browsers; MediaPipe; Metaverse; OpenCV; Render streaming; Surveys; Three-dimensional displays; Unity; User experience; Videoconferences; Virtual environments; Virtual meeting room; Web conferencing; Webcams,,,,,,,,,,,,,,,,,,,,,,,,,,,,,,,,,,,,,,,,,,,,,,,
CU5KCZWE,journalArticle,2004,"Kelly, Jonathan W.; Beall, Andrew C.; Loomis, Jack M.",Perception of shared visual space: Establishing common ground in real and virtual environments,Presence,,1054-7460,10.1162/1054746041944786,,"When people have visual access to the same space, judgments of this shared visual space (shared vista) can facilitate communication and collaboration. This study establishes baseline performance on a shared vista task in real environments and draws comparisons with performance in visually immersive virtual environments. Participants indicated which parts of the scene were visible to an assistant or avatar (simulated person used in virtual environments) and which parts were occluded by a nearby building. Errors increased with increasing distance between the participant and the assistant out to 15 m, and error patterns were similar between real and virtual environments. This similarity is especially interesting given recent reports that environmental geometry is perceived differently in virtual environments than in real environments.",2004-08,2026-08-10 13:00:14,2026-08-10 13:00:14,,442-450,,4,13,,,,,,,,,,,,,,,,,,,,,,,,,,,,,,,,,,,,,,,,,,,,,,,,,,,,,,,,,,,,,,,,,,,,
BK8G6EMS,conferencePaper,2025,"Wolff, Milan; Nelson, Jessica Fae; Greiner, Will; Banic, Amy",Going and returning: Lakota travel verbs in virtual reality,2025 IEEE international symposium on mixed and augmented reality adjunct (ISMAR-adjunct),,2771-1110,10.1109/ISMAR-Adjunct68609.2025.00173,,"Lakȟótiyapi, the Lakota language, is an Indigenous language endangered by the loss of fluent speakers from elder generations. We describe the process of designing a virtual reality (VR) environment to aid new Lakota learners in learning specific linguistic features, such as spatially-oriented travel verbs. Furthermore, we assess the feasibility of using a virtual environment (VE) and real walking navigation techniques with a small user study. We present positive feedback and qualitative results from this initial user study (n = 7), while noting that other locomotion techniques, increases in the size of the tracked area, and embodiment within the VR environment present avenues for future work to improve quantitative learning assessments.",2025-10,2026-08-10 13:00:14,2026-08-10 13:00:14,,753-754,,,,,,,,,,,,,,,,,,,,,,,,Augmented reality; Lakota; language revitalization; Legged locomotion; Linguistics; Measurement; Navigation; Space exploration; Usability; Virtual environments; virtual reality,,,,,,,,,,,,,,,,,,,,,,,,,,,,,,,,,,,,,,,,,,,,,,,
PKGQWU9D,journalArticle,2019,"Jiang, Yuanyuan; O'Neal, Elizabeth E.; Rahimian, Pooya; Yon, Junghum Paul; Plumert, Jodie M.; Kearney, Joseph K.",Joint action in a virtual environment: Crossing roads with risky vs. safe human and agent partners,IEEE Transactions on Visualization and Computer Graphics,,1941-0506,10.1109/TVCG.2018.2865945,,"This paper examines how people jointly coordinate their decisions and actions with risky vs. safe human and agent road-crossing partners (Fig. 1 ). The task for participants was to physically cross a steady stream of traffic in a large-screen virtual environment without getting hit by a car. The computer-generated (CG) agent was programmed to be either safe (taking only large gaps) or risky (also taking small gaps). The human partners were classified as safe (taking more large gaps) or risky (also taking some small gaps) based on their average gap size selection. We found that participants in all four conditions preferred to cross with their partner. As a consequence, the riskiness of the partner (both human and agent) influenced the riskiness of participants' gap choices. We also found that participants tightly synchronized their movement with both human and agent partners. The largest differences in performance between those paired with agent vs. human partners occurred on trials when participants crossed different gaps than their partners. This study demonstrates the potential for studying how people interact with CG agents when performing whole-body joint actions using large-screen immersive virtual environments.",2019-10,2026-08-10 13:00:14,2026-08-10 13:00:14,,2886-2895,,10,25,,,,,,,,,,,,,,,,,,,,,Animation; character generation; human factors; Human factors; joint action; Multi-agent systems; pedestrian road crossing; Virtual environments; virtual reality; Virtual reality,,,,,,,,,,,,,,,,,,,,,,,,,,,,,,,,,,,,,,,,,,,,,,,
V47LPSRQ,conferencePaper,2017,"Jazbec, Maša; Nishio, Shuichi; Ishiguro, Hiroshi; Kuzuoka, Hideaki; Okubo, Masataka; Peñaloza, Christian",Body-swapping experiment with an android robot: Investigation of the relationship between agency and a sense of ownership toward a different body,"2017 IEEE international conference on systems, man, and cybernetics (SMC)",,,10.1109/SMC.2017.8122821,,"This study extends existing Rubber Hand Illusion (RHI) experiments to employ life-size full-body humanlike android robot to investigate body ownership illusion and the sense of agency. For this study, we designed a novel experimental setting. The android robot moved synchronously with a participant's head and arm motion. Furthermore, a stereoscopic camera was mounted on the android's head and the video stream from the camera was provided to a head mounted display (HMD) that the participant wore. Then, the participant and the robot were facing each other, so that the participant could see his/her own body in the HMD like a reflection in a mirror. During the experiment, the participant was asked to touch his/her own body by the hands of an android robot. The results of our study confirmed that the body ownership process worked with the full body android robot. The results also showed that our system enabled the participants to feel the sense of agency to some extent.",2017-10,2026-08-10 13:00:14,2026-08-10 13:00:14,,1471-1476,,,,,,,,,,,,,,,,,,,,,,,,agency; android; Androids; body ownership illusion; Cameras; Humanoid robots; Resists; Robot sensing systems; Rubber; self; tele-operation,,,,,,,,,,,,,,,,,,,,,,,,,,,,,,,,,,,,,,,,,,,,,,,
D5I5D7VT,conferencePaper,2020,"Alvidrez, Salvador; Peña, Jorge",Verbal mimicry predicts social distance and social attraction to an outgroup member in virtual reality,2020 IEEE international conference on artificial intelligence and virtual reality (AIVR),,,10.1109/AIVR50618.2020.00023,,"The present study analyzes the extent to which verbal mimicry contributes to improving outgroup perceptions in virtual reality (VR) interactions. Particularly, this study examined the interplay between avatar customization, the salience of a common ingroup identity, and verbal mimicry in 54 VR dyads comprising users from different ethnic backgrounds. Participants were asked to customize their avatars to look either like themselves or someone completely different. Participants interacted wearing either similar avatar uniforms (salient common identity) or different clothes (nonsalient identity). The linguistic style matching (LSM) algorithm was employed to calculate verbal mimicry in the communication exchanged during a joint task. The results suggested that verbal mimicry significantly predicted lesser social distance and greater social attraction towards the outgroup member. These results are discussed in terms of their contribution for potential intergroup models of avatar communication in immersive virtual environments (IVEs).",2020-12,2026-08-10 13:00:14,2026-08-10 13:00:14,,68-73,,,,,,,,,,,,,,,,,,,,,,,,avatar customization; Avatars; Color; Diseases; Human factors; intergroup contact; linguistic style matching; Linguistics; mimicry; Social factors; Virtual environments; virtual reality,,,,,,,,,,,,,,,,,,,,,,,,,,,,,,,,,,,,,,,,,,,,,,,
J7DMDKJA,bookSection,2001,"Akay, Metin; Marsh, Andy",Virtual reality and MedicineChallenges for the TwentyFirst century,"Information technologies in medicine, medical simulation and education",978-0-471-21669-8,,10.1002/0471216690.ch4,https://ieeexplore.ieee.org/document/5236553,"Robert Mann first proposed a virtual reality (VR) system for medical applications in 1965. His initial ideas were for a rehabilitation application for virtual reality. Later, his vision was to develop a system that would allow surgeons to test out multiple operations for a given orthopedic problem. Then in a virtual environment (VE), the clock could be speeded up to predict the future outcome of different surgical approaches. In effect, the patient could leave the operating table, go through rehabilitation, and then return for evaluation. The surgeon could then pick the best choice for the real operation. This approach would need a model that was not only patient specific but also accurate in terms of the deformity and its response to treatment over time. This is the ultimate goal for the twenty-first century for a VR system in surgery. It is difficult to create a model of the human body that is realistic enough to accurately portray a surgical mission that is planned. The interface tools that are presently available are much more advanced than the ones discussed here that were available to NASA in the 1980s; however, without a true model to interact with they are unable to provide the realism for surgical education and training that is needed. Present cadaver laboratories and training through hands-on experience provide the majority of medical education today in surgery. It is unlikely that present VR simulators will change this without a significant improvements in the models. Most of the author's work has been directed at creating digital models of humans. Some of this work is reviewed and what needs to be done is emphasized, rather than focus on what has already been accomplished. Systems are presently available for many medical training applications, including microsurgery, urology, general surgery, heart surgery, vascular surgery, eye surgery, otolaryngology, military wound d?bridement, and obstetrics. Ultimately these systems will be able to provide teaching at a distance for telemedicine and telesurgery. The goal of this chapter is to better define where is needed to make improvements in the human body models for all of these systems. Most of these systems assume normal tissue properties and do not address the response over time of the tissues to the disease state, to the surgical intervention, or to the healing process. The pathologic state of tissues and the tissue's response to interventions over time should be the next grand challenge in virtual reality and medicine.",2001,2026-08-10 13:00:15,2026-08-10 13:00:15,,119-132,,,,,,,,,,,IEEE,,,,,,,,,,,,,,,,,,,,,,,,,,,,,,,,,,,,,,,,,,,,,,,,,,,,,,,,,,,,
UJ8AXKUF,journalArticle,2003,"Huang, Jiung-Yao",An omnidirectional stroll-based virtual reality interface and its application on overhead crane training,IEEE Transactions on Multimedia,,1941-0077,10.1109/TMM.2003.808822,,"Locomotion is a virtual reality interface that enables the user to walk inside the virtual environment in any direction over a long distance without actually leaving the physical device. In order to enable the user to freely navigate the virtual world and get fully immersed into the virtual environment accordingly, a locomotion device must fulfill the following two distinct requirements. First, it should allow the user to navigate an infinite distance within a limited area. Secondly, the user should not need to wear any tracking devices to detect his motion. The paper presents a locomotion mechanism called omni-directional ball-bearing disc platform (OBDP), which allows the user to walk naturally on it and thus to navigate the virtual environment. The gait sensing algorithm that simulates the user's posture based upon his footstep data collected from the OBDP is then elaborated. Followed with an omnidirectional stroll-based virtual reality system to integrate the OBDP with the gait sensing algorithm. Significantly, instead of using the three-dimensional (3-D) tracker, the OBDP adopts arrays of ball-bearing sensors on a disc to detect the pace. No other sensor, except the head tracker to detect the user's head rotation, is required on the user's body. Finally, a prototype of an overhead crane training simulator that fully explores the advantage of the OBDP is presented along with the verification of the effectiveness of the presented gait sensing algorithm.",2003-03,2026-08-10 13:00:15,2026-08-10 13:00:15,,39-51,,1,5,,,,,,,,,,,,,,,,,,,,,Aerospace simulation; Computational modeling; Cranes; Head; Military computing; Navigation; Sensor arrays; Tracking; Virtual environment; Virtual reality,,,,,,,,,,,,,,,,,,,,,,,,,,,,,,,,,,,,,,,,,,,,,,,
9BQKNLWR,journalArticle,2026,"Bhardwaj, Siddharth; Ro, Hana; Gbekie, Catherine; Kanekar, Neeta; Agrawal, Sunil K.",Effects of task-driven head orientations on gait and balance during walking in virtual reality,IEEE Transactions on Neural Systems and Rehabilitation Engineering,,1558-0210,10.1109/TNSRE.2026.3708538,,"During everyday walking, secondary tasks such as looking at a phone or reading billboards on the streets often require deliberate head reorientation and attention allocation. However, the effect of these concurrent head-orientation demands on gait regulation and secondary task performance has not been systematically quantified. We addressed this gap using an immersive virtual reality (VR) framework in overground walking with distinct head-orientation tasks. Thirteen healthy adults performed overground walking in a one-to-one, scale-matched virtual replica of the laboratory while simultaneously performing head-orientation tasks presented in VR using a head-mounted display. Participants performed five motor-vestibular (MV) tasks involving tracking a visual target, i.e., a ball, positioned egocentrically relative to the body (Neutral, Flexion, Extension, and Rotation tasks) or allocentrically fixed to the virtual room. Participants also performed three motor-vestibular-cognitive (MVC) tasks that combined head-orientation with concurrent cognitive demands: Stroop test, Arithmetic task, and Trail Making Test. Among MV tasks, orientation of the head in Extension, Rotation, and Allocentric tasks reduced gait speed, step length, and forward margin of stability while increasing motor dual-task cost compared with orientation of the head in Neutral and Flexion tasks. MVC tasks further elevated motor dual-task cost compared to MV tasks. While gait adaptations across the MVC tasks were similar, the Trail Making Test had a significantly higher cognitive dual-task cost. This study provides a novel VR paradigm for quantifying gait and dual-task costs under head-orientation constraints, with implications for developing more sensitive gait assessments and dual-task training in those with motor and/or cognitive impairments.",2026,2026-08-10 13:00:15,2026-08-10 13:00:15,,3178-3189,,,34,,,,,,,,,,,,,,,,,,,,,Aging; balance; Costing; Costs; dual-task; gait; Head; head-orientation; Interference; Legged locomotion; Motors; sensory reweighting; Stability; Timing; Virtual reality; Visualization,,,,,,,,,,,,,,,,,,,,,,,,,,,,,,,,,,,,,,,,,,,,,,,
V9SY2IPP,conferencePaper,2021,"Englmeier, David; Sajko, Wanja; Butz, Andreas",Spherical world in miniature: Exploring the tiny planets metaphor for discrete locomotion in virtual reality,2021 IEEE virtual reality and 3D user interfaces (VR),,2642-5254,10.1109/VR50410.2021.00057,,"We explore the concept of a Spherical World in Miniature (SWIM) for discrete locomotion in Virtual Reality (VR). A SWIM wraps a planar WIM around a physically embodied sphere and thereby implements the metaphor of a tangible Tiny Planet that can be rotated and moved, enabling scrolling, scaling, and avatar teleportation. The scaling factor is set according to the sphere's distance from the head-mounted display (HMD), while rotation moves the current viewing window. Teleportation is triggered with a dwell time when looking at the sphere and keeping it still. In a lab study (N=20), we compare our SWIM implementation to a planar WIM with an established VR controller technique using physical buttons. We test both concepts in a navigation task and also investigate the effects of two different screen sizes. Our results show that the SWIM, despite its less direct geometrical transformation, performed superior in most evaluations. It outperformed the planar WIM not only in terms of task completion time (TCT) and accuracy but also in subjective ratings.",2021-03,2026-08-10 13:00:15,2026-08-10 13:00:15,,345-352,,,,,,,,,,,,,,,,,,,,,,,,Avatars; Head-mounted displays; Human-centered computing-Human computer interaction (HCI)-Interaction devices-Haptic devices; Human-centered computing-Human computer interaction (HCI)-Interaction paradigms-Virtual reality; Navigation; Planets; Resists; Teleportation; Three-dimensional displays,,,,,,,,,,,,,,,,,,,,,,,,,,,,,,,,,,,,,,,,,,,,,,,
Q7UNRA8V,conferencePaper,2023,"Boffi, Paolo; Clerici, Monica; Muolo, Marco; Gallace, Alberto; Lanzi, Pier Luca",EnVisioning CoRals: Embodying coral reef inhabitants to raise awareness on climate changes impacts on remote environments,2023 9th international conference on virtual reality (ICVR),,2331-9569,10.1109/ICVR57957.2023.10169419,,"Climate change has become a significant concern for humanity, and there is a need for innovative tools to increase awareness of this topic. The countries that contribute the most to climate change often do not suffer the consequences of their actions. Additionally, the effects of our actions are not immediately visible in the environment. These factors create a perceived distance between people’s mental representations and the impact of climate change. Virtual Reality (VR) is a promising tool for raising awareness about climate change and promoting pro-environmental behavior. It allows users to explore hardly accessible environments and experience the long-term effects of pollution from a novel perspective.We developed an immersive VR experience that will enable users to explore a coral reef and experience the decay caused by rising sea temperatures over 60 years. To increase nature connectedness and make people more aware of the consequences of human actions, we integrated virtual embodiment into our experience, allowing users to embody one of three reef inhabitants, a coral, a hermit crab, and a turtle. We presented our experience at a dissemination event and collected preliminary data on usability and feedback on the level of users’ embodiment. Although further studies are needed, our preliminary results are promising, as they indicate a high level of user engagement and a notable sense of embodiment in the virtual environment, suggesting that our application has the potential to be an effective tool for promoting awareness of climate change.",2023-05,2026-08-10 13:00:15,2026-08-10 13:00:15,,239-246,,,,,,,,,,,,,,,,,,,,,,,,Behavioral sciences; Climate change; Human-Computer Interaction; Humanities; Marine vegetation; Pollution; Sustainability; Usability; Virtual Avatars; Virtual environments; Virtual Reality,,,,,,,,,,,,,,,,,,,,,,,,,,,,,,,,,,,,,,,,,,,,,,,
R2BMDQBL,conferencePaper,2024,"Chaudhry, Zahir A.; Baxter, Ryan H.; Fu, Jonathan L.; Wang, Po T.; Sohn, Won Joon; Do, An H.",Feasibility of immersive virtual reality feedback for enhancing learning in brain-computer interface control of ambulation,2024 46th annual international conference of the IEEE engineering in medicine and biology society (EMBC),,2694-0604,10.1109/EMBC53108.2024.10782667,,"After prolonged paralysis, paraplegic spinal cord injury (SCI) patients typically lose the ability to generate the expected electroencephalogram (EEG) α/β modulation associated with leg movements. Brain computer interface (BCI)-controlled ambulation devices have emerged as a way to restore brain-controlled walking, but this loss of EEG signal modulation may impede the ability to operate such systems and prolonged training may be necessary to restore this physiologic phenomenon. To address this issue, this study explores the use of immersive virtual reality (VR) in providing more convincing feedback to enhance learning within a BCI training paradigm. Here, an EEG-based BCI-controlled walking simulator with an environment composed of 10 designated stop zones along a linear course was used to test this concept. Able-bodied subjects were tasked with using idling or kinesthetic motor imagery (KMI) of gait to control an avatar to either dwell at each designated stop for 5 s or advance along the course respectively. Subject performance was measured using a composite score per run and learning rate across runs. Composite scores were calculated as the geometric mean of two subscores: a stop score (reflecting the number of successful stops), and a time score (reflecting how fast the course was completed). The learning rate was calculated as the slope of the composite scores across all runs. A random walk procedure was performed to determine the statistical likelihood that each BCI run was purposeful (p≤ 0.001). Three able-bodied subjects were recruited (2 in immersive VR group and 1 in non-immersive VR group), and operated the simulator for up to 4 separate visits. The immersive VR group achieved an average composite score of 60.4",2024-07,2026-08-10 13:00:15,2026-08-10 13:00:15,,1-4,,,,,,,,,,,,,,,,,,,,,,,,Ambulation; Brain Computer Interface; Brain-computer interfaces; Electroencephalography; Image restoration; Legged locomotion; Modulation; Paralysis; Physiology; Protocols; Rehabilitation; Spinal cord injury; Spinal Cord Injury; Training; Virtual Reality,,,,,,,,,,,,,,,,,,,,,,,,,,,,,,,,,,,,,,,,,,,,,,,
EETLI5A9,conferencePaper,2022,"Takahashi, Kota; Inoue, Yasuyuki; Kitazaki, Michiteru",Interpersonal distance to a speaking avatar: Loudness matters irrespective of contents,2022 IEEE conference on virtual reality and 3D user interfaces abstracts and workshops (VRW),,,10.1109/VRW55335.2022.00238,,"It is important for us to maintain appropriate interpersonal distance depending on situations in effective and safe communications. We aimed to investigate the effects of speech loudness and clarity on the interpersonal distance towards an avatar in a virtual environment. We found that the louder speech of the avatar made the distance between the participants and the avatar larger than the quiet speech, but the clarity of the speech did not significantly affect the distance. These results suggest that the perception of loudness modulates the interpersonal distance towards the virtual avatar to maintain the intimate equilibrium.",2022-03,2026-08-10 13:00:15,2026-08-10 13:00:15,,774-775,,,,,,,,,,,,,,,,,,,,,,,,1.3.7 [Computer graphics]: Three-Dimensional Graphics and Realism-Virtual Reality; Avatars; Computational modeling; Conferences; H.1.2 [Models and Principles]: User/Machine Systems-human factors; interpersonal distance; loudness; personal space; Proxemics; Solid modeling; Three-dimensional displays; User interfaces; Virtual environments,,,,,,,,,,,,,,,,,,,,,,,,,,,,,,,,,,,,,,,,,,,,,,,
RT3MZH6P,journalArticle,2022,"Zempo, Keiichi; Yamazaki, Azusa; Wakatsuki, Naoto; Mizutani, Koichi; Okada, Yukihiko",Mouth-in-the-door: The effect of a sound image of an avatar intruding on personal space that deviates in position from the visual image,"IEEE access : practical innovations, open solutions",,2169-3536,10.1109/ACCESS.2022.3222804,,"In this paper, we examine the audiovisual experience in virtual reality (VR) service context that enables a more effective interaction between a user immersed in a virtual environment (VE) and an avatar as a store staff. By utilizing the characteristics of VE experiences, we find the effects of this unrealistic relationship between the visual and auditory positions of the avatar presented to the user variable rather than uniformly presented in the same position. In this study, we conducted an experiment to investigate how the positional deviation between the sound and visual images can be tolerated in VE, the effect of positional deviation on the interpersonal distance to the avatar, and the possibility of manipulating the impression of the avatar by deviating the sound image from the visual image. For the experiment, we prepared a space resembling a VE store and conducted proximity experiments with 16 gender-balanced participants and six types of avatars. By utilizing the superiority of visual information over auditory information revealed in the experiments, we constructed an interpersonal situation with an avatar playing the role of store staff in which only the sound image intruded into the user’s personal space, and we investigated users’ impressions of the avatar. We also investigated users’ impressions of the avatar. We found the following two phenomena in the experimental conditions where the positional difference was allowed: 1) Even when the positional difference was allowed, it caused an “uncanny valley”-like phenomenon that led to a decrease in rapport; and 2) In the conditions where the positional difference was allowed when the sound image was closer than the visual image to the participant, the rapport was greater with the avatar playing the role of the store staff. This phenomenon is similar to the “foot-in-the-door” phenomenon in which small unconscious consent (i.e., allowing a sound image to intrude on one’s personal space) leads to an improvement in the evaluation of the other person (i.e., the rapport with another person). The techniques proposed in this paper, such as the positional difference between the sound and visual images, significantly improve the value of the service experiences obtained through interaction with others in VE.",2022,2026-08-10 13:00:15,2026-08-10 13:00:15,,125772-125791,,,10,,IEEE Access,,,,,,,,,,,,,,,,,,,Aerospace electronics; Avatars; Customer services; Extraterrestrial phenomena; Interaction; interpersonal service; Metaverse; personal space; service on metaverse; ventriloquism effect; Visualization,,,,,,,,,,,,,,,,,,,,,,,,,,,,,,,,,,,,,,,,,,,,,,,
K8NQ8N56,conferencePaper,2014,"Berthelot, Rozenn Bouville; Lopez, Thomas; Nouviale, Florian; Gouranton, Valérie; Arnaldi, Bruno",CORVETTE: Collaborative environment for technical training and experiment,2014 IEEE virtual reality (VR),,2375-5334,10.1109/VR.2014.6802093,,"The CORVETTE project aims at producing significant innovations in the field of collaborative virtual training. For that purpose, CORVETTE combines various technologies to enhance the effective collaboration between users and virtual humans performing a common task. First, CORVETTE proposes a model of collaborative interaction in virtual environments allowing actors to efficiently collaborate as a team whether they are controlled by a user or by a virtual human [4]. Moreover, the environment is simulated in realtime, at real scale and is using physics as well as physically-based humanoids to improve the realism of the training. Second, thanks to the interaction model, we defined a protocol of exchange of avatars [5, 3, 2]. Thus, an actor can dynamically exchange the control of his/her avatar with the one controlled by another user or by a virtual agent. Moreover, to improve the exchange protocol, we designed a new knowledge model embedded in each avatar. It allows users and virtual humans to retrieve knowledge previously gathered by an avatar following an exchange. The preservation of knowledge is indeed especially crucial for teamwork. Finally, we handle verbal communication between users and virtual humans with speech recognition and synthesis. Actors' knowledge is enhanced through dialogue and used for decision-making and conversation [1].",2014-03,2026-08-10 13:00:15,2026-08-10 13:00:15,,145-145,,,,,,,,,,,,,,,,,,,,,,,,Avatars; Protocols; Solid modeling; Teamwork; Training; Virtual environments,,,,,,,,,,,,,,,,,,,,,,,,,,,,,,,,,,,,,,,,,,,,,,,
ZVW2GTLB,journalArticle,2026,"Khan, Omar A.; Kum, Junyeong; Nam, Hyeongil; Lee, Myungho; Kim, Kangsoo",Influence of avatar appearance and target distance on locomotion method selection in virtual reality,IEEE Transactions on Visualization and Computer Graphics,,1941-0506,10.1109/TVCG.2026.3679092,,"Room-scale locomotion in VR can promote physical movement to combat the negative effects of a sedentary lifestyle. Therefore, it is useful to investigate factors which may motivate users to walk instead of teleport. In a within-subjects study with 24 participants, we investigated the effects of avatar appearance and target distance on users' locomotion behavior, when given the option to either walk or teleport. In particular, we manipulated three aspects of avatar appearance-body completeness (full-body vs upper-body only), body weight (normal vs obese), and clothing (casual vs superhero armor), and we provided three target distances (1.5 meters, 3.0 meters, and 4.5 meters). We found that avatar obesity decreased willingness to walk, but only for full-body avatars. We also found that close target distances encouraged more walking than teleporting, up to a certain threshold distance. Additionally, we found that users' perceived similarity to their avatar correlated with their willingness to walk. Our findings can be applied to motivate users to walk more in VR, such as in VR exergames.",2026-05,2026-08-10 13:00:15,2026-08-10 13:00:15,,4668-4677,,5,32,,,,,,,,,,,,,,,,,,,,,Affordances; appearance; avatars; Avatars; Clothing; exergames; Games; Legged locomotion; locomotion; Meters; Navigation; Obesity; proteus effect; Teleportation; User experience; Virtual reality,,,,,,,,,,,,,,,,,,,,,,,,,,,,,,,,,,,,,,,,,,,,,,,
H95NGIUS,conferencePaper,2018,"Ebrahimi, Elham; Hartman, Leah S.; Robb, Andrew; Pagano, Christopher C.; Babu, Sabarish V.",Investigating the effects of anthropomorphic fidelity of self-avatars on near field depth perception in immersive virtual environments,2018 IEEE conference on virtual reality and 3D user interfaces (VR),,,10.1109/VR.2018.8446539,,"Immersive Virtual Environments (IVEs) are becoming more accessible and more widely utilized for training. Previous research has shown that the matching of visual and proprioceptive information is important for calibration. While research has demonstrated that self-avatars can enhance ones' sense of presence and improve distance perception, the effects of self-avatar fidelity on near field distance estimations has yet to be investigated. This study tested the effect of avatar fidelity on the accuracy of distance estimations in the near-field. Performance with a virtual avatar was also compared to real-world performance. Three levels of fidelity were tested; 1) an immersive self-avatar with realistic limbs, 2) a low-fidelity self-avatar showing only joint locations, and 3) end-effector only. The results suggest that reach estimations become more accurate as the visual fidelity of the avatar increases, with accuracy for high fidelity avatars approaching real-world performance as compared to low-fidelity and end-effector conditions. In all conditions reach estimations became more accurate after receiving feedback during a calibration phase.",2018-03,2026-08-10 13:00:15,2026-08-10 13:00:15,,1-8,,,,,,,,,,,,,,,,,,,,,,,,Avatars; Calibration; Estimation; Human-centered computing-Human computer interaction (HCI)-Empirical studies in HCI; Human-centered computing-Visualization-Empirical studies in visualization-; Legged locomotion; Tracking; Visualization; Wrist,,,,,,,,,,,,,,,,,,,,,,,,,,,,,,,,,,,,,,,,,,,,,,,
F3Q3XFLR,conferencePaper,2019,"Walker, Michael E.; Szafir, Daniel; Rae, Irene",The influence of size in augmented reality telepresence avatars,2019 IEEE conference on virtual reality and 3D user interfaces (VR),,2642-5254,10.1109/VR.2019.8798152,,"In this work, we explore how advances in augmented reality technologies are creating a new design space for long-distance telepresence communication through virtual avatars. Studies have shown that the relative size of a speaker has a significant impact on many aspects of human communication including perceived dominance and persuasiveness. Our system synchronizes the body pose of a remote user with a realistic, virtual human avatar visible to a local user wearing an augmented reality head-mounted display. We conducted a two-by-two (relative system size: equivalent vs. small; leader vs. follower), between participants study (N = 40) to investigate the effect of avatar size on the interactions between remote and local user. We found the equal-sized avatars to be significantly more influential than the small-sized avatars and that the small avatars commanded significantly less attention than the equal-sized avatars. Additionally, we found the assigned leadership role to significantly impact participant subjective satisfaction of the task outcome.",2019-03,2026-08-10 13:00:15,2026-08-10 13:00:15,,538-546,,,,,,,,,,,,,,,,,,,,,,,,mixed reality; augmented reality; Avatars; Telepresence; Augmented reality; Collaboration; avatar size; avatar telepresence systems; avatar-mediated communication; human-avatar interaction; Leadership; Robots; scenario-based design; team role; Human-centered computing—HCI—Interaction paradigms—Mixed / augmented reality Human-centered computing—HCI—Interaction paradigms—Virtual reality Human-centered computing—HCI—Interaction paradigms—Web-based interaction Human-centered computing—HCI—Interaction paradigms—Collaborative interaction Human-centered computing—HCI—HCI design and evaluation methods—User studies Human-centered computing—HCI—HCI design and evaluation methods—Laboratory experiments Human-centered computing—Interaction design—Interaction design process and methods—Scenario-based design,,,,,,,,,,,,,,,,,,,,,,,,,,,,,,,,,,,,,,,,,,,,,,,
MMZKUR3R,conferencePaper,2006,"Yin, Guisheng; Yang, Dongmei; Wen, Qi; Lai, Churong; Shen, Jie",Sincerity and user avatar research based on binocular vision in virtual reality,2006 IEEE conference on cybernetics and intelligent systems,,2326-8239,10.1109/ICCIS.2006.252235,,"Based the theory of binocular vision, user avatar is constructed dynamically by many pictures with different angles, regulating the view point position adaptively according to the purpose of user interactive operation to receive the accurate sense of distance and direction. Based on the video's modeling of user avatar sincerity and long-distance reappearance in real-time, it is important for the virtual user avatar with the help of interactive museum presence of robot avatar. The realization of real-time visual feedback among users interaction in distributed virtual environment is help to realize the sincere merge between virtual scenes and true scenes and the realization of the interaction between human and computer based on virtual avatar",2006-06,2026-08-10 13:00:15,2026-08-10 13:00:15,,1-5,,,,,,,,,,,,,,,,,,,,,,,,Avatars; binocular vision; Data gloves; Eyes; Gas detectors; Head; human-computer interaction; Layout; Stereo vision; Tactile sensors; user avatar; Virtual environment; virtual reality; Virtual reality,,,,,,,,,,,,,,,,,,,,,,,,,,,,,,,,,,,,,,,,,,,,,,,
QEADMLV3,conferencePaper,2019,"Lin, Lorraine; Normoyle, Aline; Adkins, Alexandra; Sun, Yu; Robb, Andrew; Ye, Yuting; Di Luca, Massimiliano; Jörg, Sophie",The effect of hand size and interaction modality on the virtual hand illusion,2019 IEEE conference on virtual reality and 3D user interfaces (VR),,2642-5254,10.1109/VR.2019.8797787,,"Most commercial virtual reality applications with self avatars provide users with a “one-size fits all” avatar. While the height of this body may be scaled to the user's height, other body proportions, such as limb length and hand size, are rarely customized to fit an individual user. Prior research has shown that mismatches between users' avatars and their actual bodies can affect size perception and feelings of body ownership. In this paper, we consider how concepts related to the virtual hand illusion, user experience, and task efficiency are influenced by variations between the size of a user's actual hand and their avatar's hand. We also consider how using a tracked controller or tracked gestures affect these concepts. We conducted a 2×3 within-subjects study (n=20), with two levels of input modality: using tracked finger motion vs. a hand-held controller (Glove vs. Controller), and three levels of hand scaling (Small, Fit, and Large). Participants completed 2 block-assembly trials for each condition (for a total of 12 trials). Time, mistakes, and a user experience survey were recorded for each trial. Participants experienced stronger feelings of ownership and realism in the Glove condition. Efficiency was higher in the Controller condition and supported by play data of more time spent, blocks grabbed, and blocks dropped in the Glove condition. We did not find enough evidence for a change in agency and the intensity of the virtual hand illusion depending on hand size. Over half of the participants indicated preferring the Glove condition over the Controller condition, mentioning fun and efficiency as factors in their choices. Preferences on hand scaling were mixed but often attributed to efficiency. Participants liked the appearance of their virtual hand more while using the Fit instead of Large hands. Several interaction effects were observed between input modality and hand scaling, for example, for smaller hands, tracked hands evoked stronger feelings of ownership compared to using a controller. Our results show that the virtual hand illusion is stronger when participants are able to control a hand directly rather than with a hand-held device, and that the virtual reality task must first be considered to determine which modality and hand size are the most applicable.",2019-03,2026-08-10 13:00:15,2026-08-10 13:00:15,,510-518,,,,,,,,,,,,,,,,,,,,,,,,Avatars; Computing methodologies—Perception; Games; Human-centered computing—Interaction design; Human-centered computing—Virtual reality Human-centered computing—Gestural input; Rubber; Task analysis; Tracking; Virtual environments,,,,,,,,,,,,,,,,,,,,,,,,,,,,,,,,,,,,,,,,,,,,,,,
F9LX7B4C,conferencePaper,2019,"Gonzalez-Franco, Mar; Abtahi, Parastoo; Steed, Anthony",Individual differences in embodied distance estimation in virtual reality,2019 IEEE conference on virtual reality and 3D user interfaces (VR),,2642-5254,10.1109/VR.2019.8798348,,"There are important individual differences when experiencing VR setups. We ran a study with 20 participants who got a scale-matched avatar and were asked to blind-walk to a VR target placed 2.5 meters away. In such setups, people typically underestimate distances by approximately 10",2019-03,2026-08-10 13:00:15,2026-08-10 13:00:15,,941-943,,,,,,,,,,,,,,,,,,,,,,,,Avatars; Estimation; Foot; Legged locomotion; Task analysis; Virtual environments,,,,,,,,,,,,,,,,,,,,,,,,,,,,,,,,,,,,,,,,,,,,,,,
UQLQTU5Y,conferencePaper,2023,"Hmaiti, Yahya; Maslych, Mykola; Taranta, Eugene M.; LaViola, Joseph J.",An exploration of the effects of head-centric rest frames on egocentric distance judgments in VR,2023 IEEE international symposium on mixed and augmented reality (ISMAR),,2473-0726,10.1109/ISMAR59233.2023.00041,,"Users tend to underestimate distances in virtual reality (VR), and several efforts have been directed toward finding the causes and developing tools that mitigate this phenomenon. One hypothesis that stands out in the field of spatial perception is the rest frame hypothesis (RFH), which states that visual frames of reference (RFs), defined as fixed reference points of view in a virtual environment (VE), contribute to minimizing sensory mismatch. RFs have been shown to promote better eye-gaze stability and focus, reduce VR sickness, and improve visual search, along with other benefits. However, their effect on distance perception in VEs has not been evaluated. In this paper, we use a blind walking task to explore the effect of three head-centric RFs (mesh mask, nose, and hat) on egocentric distance estimation. We found that at near and mid-field distances, certain RFs can improve the user’s distance estimation accuracy and reduce distance underestimation. These findings mean that the addition of head-centric RFs, a simple avatar augmentation method, can lead to meaningful improvements in distance judgments, user experience, and task performance in VR.",2023-10,2026-08-10 13:00:15,2026-08-10 13:00:15,,263-272,,,,,,,,,,,,,,,,,,,,,,,,Empirical studies in HCI; Estimation; Human computer interaction; Human computer interaction (HCI); Human-centered computing; Interaction paradigms; Legged locomotion; Nose; Radio frequency; Virtual environments; Virtual reality; Visualization,,,,,,,,,,,,,,,,,,,,,,,,,,,,,,,,,,,,,,,,,,,,,,,
E6NREPCU,conferencePaper,2026,"Bhat, Nabeel Nisar; Sameri, Javad; Halili, Rreze; Berkvens, Rafael; Vega, Maria Torres; Famaey, Jeroen",Integrated sensing and communications for real-time avatar control in XR over 5G,"2026 7th international conference on communications, signal processing, and their applications (ICCSPA)",,2767-7702,10.1109/ICCSPA69228.2026.11600843,,"Extended Reality (XR) presents a challenging use case for 5G and 6G networks, requiring high data-rates and low-latency communication to deliver a truly immersive experience. Moreover, in order to seamlessly translate physical actions to the virtual world, accurate gesture recognition and pose estimation are required. Current XR interaction solutions based on handheld controllers and cameras cannot easily capture full-body poses, inhibit the free use of hands, and require good visibility and a clear line of sight. In this work, we propose a multi-modal sensing architecture for XR that combines 5G Millimeter-Wave (mmWave) Integrated sensing and communication (ISAC) and surface electromyography (sEMG) signals. 5G mmWave ISAC cannot only be used to deliver content wirelessly to the Head-mounted display (HMD), but also the same communication signals can be used to derive coarse body-level gestures and poses of the user, to support real-time avatar control. For fine-grained finger-level gestures, our architecture leverages lightweight sEMG sensors that capture forearm muscle activity. To illustrate the need of both modalities, we present evaluations of both sensing technologies. At the body level (5G), our architecture relies on power-per-beam-pair (PPBP), which can be computed from standard beam management or beam sweeping procedures of the 5G NR standard. PPBP-based sensing achieves 82.2 ± 5.9",2026-06,2026-08-10 13:00:15,2026-08-10 13:00:15,,1-6,,,,,,,,,,,,,,,,,,,,,,,,3GPP; 5G; 5G mobile communication; Accuracy; Beams; eXtended Reality; Extended reality; Fingers; Hands; Human Pose Estimation; Integrated sensing and communication; Modeling; Printing; surface electromyography,,,,,,,,,,,,,,,,,,,,,,,,,,,,,,,,,,,,,,,,,,,,,,,
9NRSHVRE,conferencePaper,2024,"Wolf, Erik; Wienrich, Carolin; Latoschik, Marc Erich",Towards an altered body image through the exposure to a modulated self in virtual reality,2024 IEEE conference on virtual reality and 3D user interfaces abstracts and workshops (VRW),,,10.1109/VRW62533.2024.00225,,"Self-exposure using modulated embodied avatars in virtual reality (VR) may support a positive body image. However, further in-vestigation is needed to address methodological challenges and to understand the concrete effects, including their quantification. We present an iteratively refined paradigm for studying the tangible effects of exposure to a modulated self in VR. Participants perform body-centered movements in front of a virtual mirror, encountering their photorealistically personalized embodied avatar with increased, decreased, or unchanged body size. Additionally, we propose different body size estimation tasks conducted in reality and VR before and after exposure to assess participants' putative-elicited perceptual adaptations.",2024-03,2026-08-10 13:00:15,2026-08-10 13:00:15,,857-858,,,,,,,,,,,,,,,,,,,,,,,,Avatar; Avatars; body image disturbance; Conferences; Design methodology; eating disorders; embodiment illusion; Estimation; Human-centered computing—HCI design and evaluation methods; Mirrors; Three-dimensional displays; User interfaces; virtual body ownership; virtual human; Virtual Reality,,,,,,,,,,,,,,,,,,,,,,,,,,,,,,,,,,,,,,,,,,,,,,,
5ZZFRLK4,conferencePaper,2024,"Ichsan, Mochammad Hannats Hanafi; Sik-Lanyi, Cecilia; Guzsvinecz, Tibor",Navigation design to improve interaction technique in multi-browser virtual environment,2024 IEEE 15th international conference on cognitive infocommunications (CogInfoCom),,2473-5671,10.1109/CogInfoCom63007.2024.10894709,,"Efficient, precise, and intuitive navigation in a Virtual Environment (VE) or in desktop Virtual Reality (VR) is critical to improving user experience. This research introduces three navigation designs for physical embodiment inside VE using a computer mouse for multi-browser VE in desktop VR based on navigation possibilities. Navigation is intended for the First-Person Shooter (FPS) perspective: Intuitive Navigation (IntuNav), Edge Shift Navigation (EdgeNav), and Twist Shift Navigation (TwistNav). IntuNav uses mouse x and y coordinate movements to move and rotate the camera. EdgeNav relies on the cursor positioning at the edge of the screen for camera rotation and movement. TwistNav uses a middle click and right mouse click for camera movement and rotation. The current navigation design has been implemented in Unity with C#. This research proposed three model designs based on feasible navigation possibilities, which shows that each navigation model has unique advantages that can be adapted to user needs and preferences. Based on the test results using the System Usability Scale, IntuNav and EdgeNav obtained good results and can be used for further development.",2024-09,2026-08-10 13:00:15,2026-08-10 13:00:15,,000235-000240,,,,,,,,,,,,,,,,,,,,,,,,Adaptation models; C# languages; Cameras; Computer Mouse; Desktop VR; Interaction; Multi-Browser VE; Navigation; Solid modeling; Usability; User experience; Virtual environments,,,,,,,,,,,,,,,,,,,,,,,,,,,,,,,,,,,,,,,,,,,,,,,
WSF3FM6S,journalArticle,2005,"Sondell, Björn; Nyberg, Lars; Eriksson, Staffan; Engström, Björn; Backman, Anders; Holmlund, Kenneth; Bucht, Gösta; Lundin-Olsson, Lillemor",Altered walking pattern in a virtual environment,Presence,,1054-7460,10.1162/1054746053967003,,"Falls and fractures among elderly persons constitute a major health problem. Many falls occur while walking and falls that occur during turning often result in a fracture. Methods aimed at understanding the complex mechanisms involved in walking should therefore assess tested individuals during walks and turns. In order to identify persons at risk and take the correct preventive measures, it is important to find methods that quantify movements as the tested persons are processing multisensory input. In a clinical setting this is sometimes difficult to achieve in a controlled manner, since tests are difficult to set exactly the same from one time to another. Using a virtual environment (VE) and a tracker system, conditions such as light, sound, events, body movements, and room size can be controlled and measured. Tests in VE can therefore be identically reproduced over and over again to evaluate if a person can withstand changing outer demands at any given moment. In order to perform quantitative measures 8 persons (21–74 years) were tested in immersive virtual reality. The VE was a corridor in which expected and unexpected events could be produced. Events studied were doors swinging open in front of the subjects during a walk and a virtual tilting of the environment. Trackers were used for collecting and analyzing the movement data. Our results show that the system was well tolerated among the subjects and that there was a clear tendency that the system could generate fall tendency among the subjects. There was also a difference among the subjects regarding walking strategies when subjected to the various events.",2005-04,2026-08-10 13:00:15,2026-08-10 13:00:15,,191-197,,2,14,,,,,,,,,,,,,,,,,,,,,,,,,,,,,,,,,,,,,,,,,,,,,,,,,,,,,,,,,,,,,,,,,,,,
7KQBK2ZI,journalArticle,2023,"Bakar, Muhammad Abu; Tsai, Yu-Ting; Hsueh, Hao-Han; Li, Elena Carolina",CrowbarLimbs: a fatigue-reducing virtual reality text entry metaphor,IEEE Transactions on Visualization and Computer Graphics,,1941-0506,10.1109/TVCG.2023.3247060,,"Text entry remains challenging in virtual environments, where users may quickly experience physical fatigue in some body parts using existing methods. In this paper, we propose “CrowbarLimbs,” a novel virtual reality (VR) text entry metaphor with two deformable extended virtual limbs. By using a crowbar-like metaphor and placing the virtual keyboard at a user-preferred location based on the user's physical stature, our method can assist the user in placing their hands and arms in a comfortable posture, thus effectively reducing the physical fatigue in various body parts, such as hands, wrists, and elbows. In an initial user study, we found that CrowbarLimbs achieved text entry speed, accuracy, and system usability comparable to those of previous VR typing methods. To investigate the proposed metaphor in more depth, we further conducted two additional user studies to explore the ergonomically user-friendly shapes of CrowbarLimbs and virtual keyboard locations. The experimental results indicate that the shapes of CrowbarLimbs have significant effects on the fatigue ratings in various body parts and text entry speed. Furthermore, placing the virtual keyboard near the user and at half their height can lead to a satisfactory text entry rate of 28.37 words per minute.",2023-05,2026-08-10 13:00:15,2026-08-10 13:00:15,,2806-2815,,5,29,,,,,,,,,,,,,,,,,,,,,Electronic mail; fatigue; Fatigue; keyboard locations; Keyboards; metaphor shapes; selection keyboard; Shape; text entry; Usability; Virtual environments; Virtual reality; Visualization,,,,,,,,,,,,,,,,,,,,,,,,,,,,,,,,,,,,,,,,,,,,,,,
ENSVZAMV,journalArticle,2009,"Boulic, Ronan; Maupu, Damien; Thalmann, Daniel",On scaling strategies for the full-body postural control of virtual mannequins,Interacting with Computers,,1873-7951,10.1016/j.intcom.2008.10.002,,"Due to its intrinsic complexity, full-body postural input has been mostly limited to off-line motion capture and to on-line puppetry of a virtual character with little interaction with its environment (e.g. floor). The motion capture technology is now mature enough to envision the on-line full-body postural control of virtual mannequins involved in precise reaching tasks. We have investigated such tasks for mannequins of differing body heights in comparison to that of the system user. Such broad-range avatar control is relevant for virtual prototyping in various industrial sectors as a single person is responsible for evaluating a virtual prototype for a full range of potential end-users. In the present paper we report on two scaling strategies that can be enforced in such a context of height-differing avatar control. Both scaling strategies have been evaluated in a wide-range reach study both in front of a stationary immersive display and with an HMD. A comparison is also made with a baseline scenario, which exploits a simple rigid shape (i.e. a proxy), to assess the specific influence of controlling a complex articulated avatar.",2009-01,2026-08-10 13:00:15,2026-08-10 13:00:15,,11-25,,1-2,21,,,,,,,,,,,,,,,,,,,,,baseline/avatar-control; egocentric strategy with scaled immersive display and egocentric reaching; field of view; FOV; free-space/obstructed; head mounted display; HMD; IK; inverse kinematics; reference strategy with immersive display at scale 1/1 and egocentric reaching; Strategy A; Strategy B; Strategy C; the controlled entity factor has two levels; the reach difficulty factor has two levels; visuocentric strategy with immersive display at scale 1/1 and scaled sensor data,,,,,,,,,,,,,,,,,,,,,,,,,,,,,,,,,,,,,,,,,,,,,,,
NNGFFKZK,journalArticle,2025,"Moullec, Yann; Saint-Aubert, Justine; Cogné, Mélanie; Lécuyer, Anatole",To use or not to use viewpoint oscillations when walking in VR? State of the art and perspectives,IEEE Transactions on Visualization and Computer Graphics,,1941-0506,10.1109/TVCG.2024.3436858,,"Viewpoint oscillations are periodic changes in the position and/or orientation of the point of view in a virtual environment. They can be implemented in Virtual Reality (VR) walking simulations to make them feel closer to real walking. This is especially useful in simulations where users remain in place because of space or hardware constraints. As for today, it remains unclear what exact benefit they bring to user experience during walking simulations, and with what characteristics they should be implemented. To answer these questions, we conduct a systematic literature review focusing on five main dimensions of user experience (walking sensation, vection, cybersickness, presence and embodiment) and discuss 44 articles from the fields of VR, Vision, and Human-Computer Interaction. Overall, the literature suggests that viewpoint oscillations benefit vection, and with less evidence, walking sensation and presence. As for cybersickness, the literature contains contrasted results. Based on these results, we recommend using viewpoint oscillations in applications that require accurate distance or speed perception, or that aim to provide compelling walking simulations without a walking avatar, and a particular attention should be paid to cybersickness. Taken together, this work gives recommendations for enhancing walking simulations in VR, which may be applied to entertainment, virtual visits, and medical rehabilitation.",2025-09,2026-08-10 13:00:15,2026-08-10 13:00:15,,5170-5187,,9,31,,,,,,,,,,,,,,,,,,,,,Cybersickness; embodiment; Legged locomotion; Oscillators; presence; Solid modeling; User experience; vection; viewpoint oscillations; Virtual environments; virtual reality; Visualization; walking sensation,,,,,,,,,,,,,,,,,,,,,,,,,,,,,,,,,,,,,,,,,,,,,,,
R3YGK6YF,conferencePaper,2023,"Van Wallendael, Glenn; Liegeois, Lucas; Artois, Julie; Lambert, Peter",Head movement modeling for immersive visualization in VR,2023 IEEE international conference on consumer electronics (ICCE),,2158-4001,10.1109/ICCE56470.2023.10043183,,"Virtual Reality, and Extended Reality in general, connect the physical body with the virtual world. Movement of our body translates to interactions with this virtual world. Only by moving our head will we see a different perspective. By doing so, the physical restrictions of our body's movement restrict our capabilities virtually. By modelling the capabilities of human movement, render engines can get useful information to pre-cache visual texture information or immersive light information. Such pre-caching becomes vital due to ever increasing realism in virtual environments. This work is the first work to predict the volume in which the head will be positioned in the future based on a data-driven binned-ellipsoid technique. The proposed technique can reduce a 1m3 volume to a size of 10cm3 with negligible accuracy loss. This volume then provides the render engine with the necessary information to pre-cache visual data.",2023-01,2026-08-10 13:00:15,2026-08-10 13:00:15,,1-2,,,,,,,,,,,,,,,,,,,,,,,,Cloud computing; Data visualization; Extended reality; head movement modeling; Solid modeling; texture pre-caching; Timing; Virtual environments; virtual reality; Visualization,,,,,,,,,,,,,,,,,,,,,,,,,,,,,,,,,,,,,,,,,,,,,,,
MQJUZMBD,conferencePaper,2006,"Tang, Li; Zhang, Xinfang; Sun, Hongzhu; Shang, Jianzhong; Luo, Zirong",An effective visualization model for virtual maintenance system,2006 6th world congress on intelligent control and automation,,,10.1109/WCICA.2006.1713838,,"Visualization Modeling has been recognized as a vital technology of virtual Maintenance System. The object modeling and scene graph was used to present and construct virtual maintenance environment. Using Object Oriented principles and vivid virtual maintenance environment modeling technique, it analyzed and modeled the objects in virtual environment with emphasis on body, group and constraint. Definitions and characters of body, group and constraint were discussed in detail. Then based on graph theory, it presented a scene graph. The scene graph consists of the organization graph, space topology graph and object constraint net graph of the virtual maintenance system. The relationship and structure of them was discussed. It is concluded the method could describe and organize large-scale dynamic virtual environment effectively.",2006-06,2026-08-10 13:00:15,2026-08-10 13:00:15,,9482-9485,,,2,,,,,,,,,,,,,,,,,,,,,Acceleration; constraint net; Geometry; Layout; Object oriented modeling; scene graph; Shape; Sun; Surface texture; Topology; Virtual environment; virtual maintenance; Visualization; visualization modeling,,,,,,,,,,,,,,,,,,,,,,,,,,,,,,,,,,,,,,,,,,,,,,,
LYZ3HTDA,journalArticle,2016,"Achibet, Merwan; Girard, Adrien; Marchal, Maud; Lécuyer, Anatole",Leveraging passive haptic feedback in virtual environments with the elastic-arm approach,Presence,,1054-7460,10.1162/PRES_a_00243,,"Haptic feedback is known to improve 3D interaction in virtual environments but current haptic interfaces remain complex and tailored to desktop interaction. In this paper, we describe an alternative approach called “Elastic-Arm” for incorporating haptic feedback in immersive virtual environments in a simple and cost-effective way. The Elastic-Arm is based on a body-mounted elastic armature that links the user's hand to the body and generates a progressive egocentric force when extending the arm. A variety of designs can be proposed with multiple links attached to various locations on the body in order to simulate different haptic properties and sensations such as different levels of stiffness, weight lifting, and bimanual interaction. Our passive haptic approach can be combined with various 3D interaction techniques and we illustrate the possibilities offered by the Elastic-Arm through several use cases based on well-known techniques such as the Bubble technique, redirected touching, and pseudo-haptics. A user study was conducted which showed the effectiveness of our pseudo-haptic technique as well as the general appreciation of the Elastic-Arm. We believe that the Elastic-Arm could be used in various VR applications which call for mobile haptic feedback or human-scale haptic sensations.",2016-07,2026-08-10 13:00:15,2026-08-10 13:00:15,,17-32,,1,25,,,,,,,,,,,,,,,,,,,,,,,,,,,,,,,,,,,,,,,,,,,,,,,,,,,,,,,,,,,,,,,,,,,,
W7NPKDAH,journalArticle,2025,"Yin, Jiaqi; Liu, Shihan; Lee, Shao-Wen; Kitsios, Andreas; Gillies, Marco; Birtel, Michèle Denise; Farmer, Harry; Pan, Xueni",Immersive intergroup contact: Using virtual reality to enhance empathy and reduce stigma towards schizophrenia,IEEE Transactions on Visualization and Computer Graphics,,1941-0506,10.1109/TVCG.2025.3616759,,"Stigma towards individuals with schizophrenia reduces quality of life, creating a barrier to accessing education and employment opportunities. Schizophrenia is one of the most stigmatized mental health conditions, and stigma is prevalent particularly among healthcare professionals. In this study, we investigated whether Virtual Reality (VR) can be incorporated into interventions to reduce stigma. In particular, we compared the effectiveness of three VR conditions based on intergroup contact theory in reducing stigma in form of implicit and explicit attitudes, and behavioral intentions. Through an immersive virtual consultation in a clinical setting, participants (N=60) experienced one of three different conditions: the Doctor's perspective (embodiment in a majority group member during contact), the Patient's perspective (embodiment in a minority group member) and a Third-person perspective (vicarious contact). Results demonstrated an increase of stigma on certain explicit measures (perceived recovery and social restriction) but also an increase of empathy (perspective-taking, empathic concern) across all conditions regardless of perspective. More importantly, participants' viewpoint influenced the desire for social distance differently depending on the perspective: the Third-person observation significantly increased the desire for social distance, Doctor embodiment marginally decreased it, while Patient embodiment showed no significant change. No change was found in the Implicit Association Test. These findings suggest that VR intergroup contact can effectively reduce certain dimensions of stigma toward schizophrenia, but the type of perspective experienced significantly impacts outcomes.",2025-11,2026-08-10 13:00:15,2026-08-10 13:00:15,,9656-9666,,11,31,,,,,,,,,,,,,,,,,,,,,Atmospheric measurements; Attitude Change; Electronic mail; Empathy; Media; Medical services; Mental health; Particle measurements; Schizophrenia; Social factors; Stigmatization; Training; Videos; Virtual Reality,,,,,,,,,,,,,,,,,,,,,,,,,,,,,,,,,,,,,,,,,,,,,,,
DEA4VEVP,journalArticle,2024,"Chen, Yu-Chih; Saha, Avinab; Chapiro, Alexandre; Häne, Christian; Bazin, Jean-Charles; Qiu, Bo; Zanetti, Stefano; Katsavounidis, Ioannis; Bovik, Alan C.",Subjective and objective quality assessment of rendered human avatar videos in virtual reality,IEEE Transactions on Image Processing,,1941-0042,10.1109/TIP.2024.3468881,,"We study the visual quality judgments of human subjects on digital human avatars (sometimes referred to as “holograms” in the parlance of virtual reality [VR] and augmented reality [AR] systems) that have been subjected to distortions. We also study the ability of video quality models to predict human judgments. As streaming human avatar videos in VR or AR become increasingly common, the need for more advanced human avatar video compression protocols will be required to address the tradeoffs between faithfully transmitting high-quality visual representations while adjusting to changeable bandwidth scenarios. During transmission over the internet, the perceived quality of compressed human avatar videos can be severely impaired by visual artifacts. To optimize trade-offs between perceptual quality and data volume in practical workflows, video quality assessment (VQA) models are essential tools. However, there are very few VQA algorithms developed specifically to analyze human body avatar videos, due, at least in part, to the dearth of appropriate and comprehensive datasets of adequate size. Towards filling this gap, we introduce the LIVE-Meta Rendered Human Avatar VQA Database, which contains 720 human avatar videos processed using 20 different combinations of encoding parameters, labeled by corresponding human perceptual quality judgments that were collected in six degrees of freedom VR headsets. To demonstrate the usefulness of this new and unique video resource, we use it to study and compare the performances of a variety of state-of-the-art Full Reference and No Reference video quality prediction models, including a new model called HoloQA. As a service to the research community, we publicly releases the metadata of the new database at https://live.ece.utexas.edu/research/LIVE-Meta-rendered-human-avatar/index.html.",2024,2026-08-10 13:00:15,2026-08-10 13:00:15,,5740-5754,,,33,,,,,,,,,,,,,,,,,,,,,3D mesh; Avatars; Databases; human avatar video; Image coding; Monitoring; Predictive models; Quality assessment; six degrees of freedom; Solid modeling; Three-dimensional displays; video quality assessment; Videos; Virtual reality; Visualization,,,,,,,,,,,,,,,,,,,,,,,,,,,,,,,,,,,,,,,,,,,,,,,
J3XQEFP9,conferencePaper,2023,"Cortes, Carlos Alfredo Tirado; Lin, Chin-Teng; Do, Tien-Thong Nguyen; Chen, Hsiang-Ting",An EEG-based experiment on VR sickness and postural instability while walking in virtual environments,2023 IEEE conference virtual reality and 3D user interfaces (VR),,2642-5254,10.1109/VR55154.2023.00025,,"Previous studies showed that natural walking reduces the susceptibility to VR sickness. However, many users still experience VR sickness when wearing VR headsets that allow free walking in room-scale spaces. This paper studies VR sickness and postural instability while the user walks in an immersive virtual environment using an electroencephalogram (EEG) headset and a full-body motion capture system. The experiment induced VR sickness by gradually increasing the translation gain beyond the user's detection threshold. A between-group comparison between participants with and without VR sickness symptoms found some significant differences in postural stability but found none on gait patterns during the walking. In the EEG analysis, the group with VR sickness showed a reduction of alpha power, a phenomenon previously linked to a higher workload and efforts to maintain postural control. In contrast, the group without VR sickness exhibited brain activities linked to fine cognitive-motor control. The EEG result provides new insights into the postural instability theory: participants with VR sickness could maintain their postural stability at the cost of a higher cognitive workload. Our result also indicates that the analysis of lower-frequency power could complement behavioral data for continuous VR sickness detection in both stationary and mobile VR setups.",2023-03,2026-08-10 13:00:16,2026-08-10 13:00:16,,94-104,,,,,,,,,,,,,,,,,,,,,,,,Costs; EEG; Electroencephalography; Headphones; Legged locomotion; Postural Instability; Three-dimensional displays; Translational Gain; User interfaces; Virtual environments; Virtual Reality; VR Sickness,,,,,,,,,,,,,,,,,,,,,,,,,,,,,,,,,,,,,,,,,,,,,,,
N5MGRYCX,journalArticle,2013,"Wright, W. Geoffrey; Agah, Mobin Rastgar; Darvish, Kurosh; Keshner, Emily A.",Head stabilization shows visual and inertial dependence during passive stimulation: Implications for virtual rehabilitation,IEEE Transactions on Neural Systems and Rehabilitation Engineering,,1558-0210,10.1109/TNSRE.2012.2237040,,"Sensorimotor coordination relies on the fine calibration and integration of visual, vestibular, and somatosensory input. Using virtual environments (VE) allows for the dissociation of visual and inertial inputs to manipulate human behavioral outputs. Our goal was to employ VE technology in a novel manner to investigate how head stabilization is affected by spatiotemporal properties of dynamic visual input when combined with passive motion on a linear sled. Healthy adults (n = 12) wore a head-mounted display during naso-occipital sinusoidal horizontal whole body translations while seated. Subjects were secured in a seat with a five-point harness, with the head free to move. Frequency and amplitude of sinusoidal input (i.e., inertial conditions) were set to create overlapping conditions of maximum acceleration or velocity . Four inertial conditions were combined with four visual conditions (VIS). VIS were created so that direction of optic flow either matched direction of passive motion or did not. The effect of near and far fixation distance within the VE was also tested. Head kinematics were collected with a three-axis gyro. Head stability showed a complex interaction dependent on changes in weighting of visual and inertial inputs that changed with the sled driving frequency. Inertial condition affected amplitude (p ¡; 0.0000) and phase (p ¡; 0.0000) of head pitch angular velocity. In the absence of visual input, head pitch velocity amplitude increased (p ¡; 0.01). An interaction effect between inertial and VIS conditions on head yaw occurred in SW (p ¡; 0.05). There was also a significant interaction of depth of field and inertial condition on amplitude (p ¡; 0.001) and phase ( p ¡; 0.05 ) of head yaw velocity in SW, especially during high conditions. We conclude visual flow can organize lateral cervical responses despite being discordant with inertial input. When using VE for rehabilitation, possible unintended, involuntary or reflexive motor responses that may not be present in traditional training environments should be taken into consideration.",2013-03,2026-08-10 13:00:16,2026-08-10 13:00:16,,191-197,,2,21,,,,,,,,,,,,,,,,,,,,,Acceleration; Adaptive optics; Angular velocity; Cutoff frequency; Dynamics; Educational institutions; Posture; vection; vestibular; virtual reality; Visualization,,,,,,,,,,,,,,,,,,,,,,,,,,,,,,,,,,,,,,,,,,,,,,,
X4JP3E94,journalArticle,2024,"Ali, Asad; Galinina, Olga; Hosek, Jiri; Andreev, Sergey",Effects of small-scale user mobility on highly directional XR communications,IEEE Communications Magazine,,1558-1896,10.1109/MCOM.001.2300746,,"The development of next-generation communication systems promises to enable extended reality (XR) applications, such as XR gaming with ultra-realistic content and human-grade sensory feedback. These demanding applications impose stringent performance requirements on the underlying wireless communication infrastructure. To meet the expected Quality of Experience (QoE) for XR applications, high-capacity connections are necessary, which can be achieved by using millimeter-wave (mmWave) frequency bands and employing highly directional beams. However, these narrower beams are susceptible to minor misalignments caused by small-scale user mobility, such as changes in the orientation of the XR head-mounted display (HMD) or minor shifts in user body position. This article explores the impact of small-scale user mobility on mmWave connectivity for XR, and reviews approaches to resolve the challenges arising due to small-scale mobility. To deepen our understanding of small-scale mobility during XR usage, we prepared a dataset of user mobility during XR gaming. We use this dataset to study the effects of user mobility on highly directional communication, hence identifying specific aspects of user mobility that significantly affect the performance of narrow-beam wireless communication systems. Our results confirm the substantial influence of small-scale mobility on beam misalignment, thereby highlighting the need for enhanced mechanisms to effectively manage the consequences of small-scale mobility.",2024-08,2026-08-10 13:00:16,2026-08-10 13:00:16,,16-22,,8,62,,,,,,,,,,,,,,,,,,,,,Communication systems; Extended reality; Games; Head-mounted displays; Immersive experience; Millimeter wave communication; Mobility models; Performance evaluation; Quality of experience; User centered design; User experience; Wireless communication,,,,,,,,,,,,,,,,,,,,,,,,,,,,,,,,,,,,,,,,,,,,,,,
ELFDXCQY,conferencePaper,1996,"Thalmann, D.; Shen, Jianhua; Chauvineau, E.",Fast realistic human body deformations for animation and VR applications,Proceedings of CG international '96,,,10.1109/CGI.1996.511798,,"Virtual Actors now play an important role in computer-generated films, Virtual Environments, Telecooperative work, and multimedia. In order to make these actors realistic, it is essential to represent their body shape during the motion. In this paper we present different methods for representing realistic deformations for virtual humans with various characteristics: sex, age, height, weight. Our methods based on a combination of metaballs and splines could be applied to frame-by-frame computer generated-films and Virtual Environments. Several examples are presented: autonomous actors, animation based on flock of birds, networked Virtual Environments.",1996-06,2026-08-10 13:00:16,2026-08-10 13:00:16,,166-174,,,,,,,,,,,,,,,,,,,,,,,,Virtual reality; Skin; Shape; Animation; Virtual environment; Biological system modeling; Joints; Skeleton; Humans; Muscles,,,,,,,,,,,,,,,,,,,,,,,,,,,,,,,,,,,,,,,,,,,,,,,
D892MR2T,conferencePaper,2015,"Schäfer, Philip; Koller, Marius; Diemer, Julia; Meixner, Gerrit",Development and evaluation of a virtual reality-system with integrated tracking of extremities under the aspect of Acrophobia,2015 SAI intelligent systems conference (IntelliSys),,,10.1109/IntelliSys.2015.7361173,,"With the help of a Virtual Reality-System (VR system) an exposure therapy can be done comfortably within the usual treatment room of the psychologist. The presented Acrophobia Therapy with Virtual Reality (AcTiVity-System) is constructed to be such a treatment instrument. Due to the integration of an avatar and the use of the Oculus Rift it positively differs from common VR system. In an evaluation with 42 subjects the effect of the integrated avatar on the individual's presence was explored. Therefore two groups were formed with 21 persons each. In the first group the subjects were lead through a virtual height scenario with the avatar, while the second group experienced the same scenario without this feature. Further, the suitability of the AcTiVity-System as a treatment system was investigated. T-Tests showed that the avatar's influence on the behavior of the participants was significant. To control the system the subject was given an input device but participants in the group with the avatar enabled tried subconsciously to control the system through physical interaction with their bodies. Furthermore the comparison with other VR systems showed that participants in our study with the AcTiVity-System scored significantly.",2015-11,2026-08-10 13:00:16,2026-08-10 13:00:16,,408-417,,,,,,,,,,,,,,,,,,,,,,,,Virtual Reality; HMD; Avatar; VR; Avatars; Three-dimensional displays; Medical treatment; Tracking; Head; Games; Anxiety Disorder; Head Mounted Disphy; Microsoft Kinect; Motion Tracking; Oculus Rift; Virtual Reality Exposure Therapy; VRET,,,,,,,,,,,,,,,,,,,,,,,,,,,,,,,,,,,,,,,,,,,,,,,
BN3YL5SA,conferencePaper,2004,"Osaki, A.; Ebisawa, H.; Miwa, Y.",Drawing interface for creating embodied space in the real world,RO-MAN 2004. 13th IEEE international workshop on robot and human interactive communication (IEEE catalog no.04th8759),,,10.1109/ROMAN.2004.1374756,,"Drawing is an important bodily activity in human communication in daily life since it is able to express the abstract information that is difficult in expression using verbal means. On the other hand, the bodily action for the expression is not fully taken advantage of as usual due to physical restrictions in the drawing range. Hence we propose the drawing interface system for supporting human communication in daily life, which is the augmented reality system to draw 3D in the air that is consist of the optical see-through head-mounted display. Additionally, in order to draw smoothly in the real world, it is embedded in the direct manipulate interface to be able to capture and utilize the visual information around the user as a painting material. As a result using this system, various ways of drawing are demonstrated in the real world, such as 3D drawing of the architecture in body size, drawing on the physical objects directly and 3D drawing using physical objects as the ruler. In addition, it is confirmed that the volume and density of the drawing things can be experienced in the immersive drawing space.",2004-09,2026-08-10 13:00:16,2026-08-10 13:00:16,,199-204,,,,,,,,,,,,,,,,,,,,,,,,Animation; Collaboration; Computer graphics; Displays; Humans; Painting; Educational institutions; Computer science education; Engineering drawings; Optical materials,,,,,,,,,,,,,,,,,,,,,,,,,,,,,,,,,,,,,,,,,,,,,,,
7CQLJZZI,conferencePaper,2014,"Cheng, Lung-Pan; Lühne, Patrick; Lopes, Pedro; Sterz, Christoph; Baudisch, Patrick",[D74] Haptic turk: A motion platform based on people,2014 IEEE haptics symposium (HAPTICS),,2324-7355,10.1109/HAPTICS.2014.6775553,,"Motion platforms are used to increase the realism of virtual interaction. Unfortunately, their size and weight is proportional to what they actuate. We present haptic turk, a different approach to motion platforms that is light and mobile. The key idea is to replace motors and mechanical components with humans. All haptic turk setups consist of a player who is supported by one or more “turkers”. The player enjoys an interactive expe-rience, such as a flight simulation. The motion in the player's experience is generated by the turkers who manually lift, tilt, and push the player's limbs or torso. To get the timing and force right, timed motion instructions in a format familiar from rhythm games are dis-played on turkers' mobile devices, which they attach to the player's body. We also present an immersive set-up based on a head-mounted display.",2014-02,2026-08-10 13:00:16,2026-08-10 13:00:16,,1-1,,,,,,,,,,,,,,,,,,,,,,,,Haptic interfaces; Games; Torso; Rhythm; Force; Mobile communication; Timing,,,,,,,,,,,,,,,,,,,,,,,,,,,,,,,,,,,,,,,,,,,,,,,
WZARXKMX,conferencePaper,1996,"Matami, A.; Ban, Y.; Oshiro, O.; Chihara, K.",A system for superimposing a medical image within the subject,Proceedings of 18th annual international conference of the IEEE engineering in medicine and biology society,,,10.1109/IEMBS.1996.651903,,"3-dimensional (3D) representation of medical images is popular and helpful for understanding inner structures of the body. A previous medical imaging system has displayed the image on a monitor of the medical imaging device or a computer. If the observer can see 3D medical image within the subject, then more 3D realistic and direct diagnosis would be achieved. The authors have developed a system, a virtual medical imaging system, in which 3D, stereoscopic, motion (if necessary) medical image (virtual medical image) is superimposed within the subject via a see-through head-mounted display. The observer and the subject put position and orientation detectors so that the size and orientation of the virtual medical image could change in accordance with the movement both of the observer and the subject. The virtual medical imaging system could allow easy observation of the virtual medical image within the subject. This technique will be beneficial to clinics for purposes such as surgical planning.",1996-10,2026-08-10 13:00:16,2026-08-10 13:00:16,,637-638 vol.2,,,2,,,,,,,,,,,,,,,,,,,,,Virtual reality; Layout; Medical diagnostic imaging; Surgery; Biomedical monitoring; Computer displays; Three dimensional displays; Biomedical imaging; Merging; Image generation,,,,,,,,,,,,,,,,,,,,,,,,,,,,,,,,,,,,,,,,,,,,,,,
INWS7W7Z,conferencePaper,2026,"Shin, Soyong; Pahuja, Anuj; Richard, Alexander; Kitani, Kris; Saragih, Jason; Chen, Yuhua; Xu, Weipeng; Halilaj, Eni; Bagautdinov, Timur",EgoMDM: Diffusion-based human motion synthesis from sparse egocentric sensors,2026 international conference on 3D vision (3DV),,2475-7888,10.1109/3DV69130.2026.00085,,"Accurate three-dimensional (3D) human motion tracking is essential for immersive augmented reality (AR) and virtual reality (VR) applications, allowing users to engage with virtual environments through realistic full-body avatars. Achieving this level of detail, however, is challenging when the driving signals are sparse, typically coming only from upper-body sensors, such as head-mounted devices and hand controllers. To address this challenge, we propose EgoMDM (Egocentric Motion Diffusion Model), an end-to-end diffusion-based framework designed to reconstruct full-body motion from sparse tracking signals. EgoMDM models human motion in a conditional autoregressive manner using a unidirectional recurrent neural network, making it well-suited for real-time applications. By embedding local-to-global translation, forward and inverse kinematics, and foot-contact detection within the diffusion framework, EgoMDM achieves seamless, end-to-end motion synthesis, effectively reducing artifacts like foot sliding and ground penetration. Additionally, EgoMDM is conditioned on the user's body scale, allowing it to generalize across a diverse population and produce consistent avatar shapes over time. In our extensive experiments on the AMASS motion capture dataset, EgoMDM achieves state-of-the-art performance in both motion tracking accuracy and synthesis quality, demonstrating its robustness and adaptability across various human motion scenarios. Furthermore, EgoMDM significantly outperforms the existing models when tested on real signal inputs, highlighting its robustness and applicability to the real-world data. See the project page at: https://yohanshin.github.io/egomdm.github.io/",2026-03,2026-08-10 13:00:16,2026-08-10 13:00:16,,839-848,,,,,,,,,,,,,,,,,,,,,,,,Conferences; Shape; Tracking; Joints; Foot; Computers; Computer vision; computer vision; Modeling; human motion; Printing; Grounding; ar/vr; diffusion model,,,,,,,,,,,,,,,,,,,,,,,,,,,,,,,,,,,,,,,,,,,,,,,
78XWEL2E,journalArticle,2012,"Streuber, Stephan; Mohler, Betty J.; Bülthoff, Heinrich H.; de la Rosa, Stephan",The influence of visual information on the motor control of table tennis strokes,Presence,,1054-7460,10.1162/PRES_a_00113,,"Theories of social interaction (i.e., common coding theory) suggest that visual information about the interaction partner is critical for successful interpersonal action coordination. Seeing the interaction partner allows an observer to understand and predict the interaction partner's behavior. However, it is unknown which of the many sources of visual information about an interaction partner (e.g., body, end effectors, and/or interaction objects) are used for action understanding and thus for the control of movements in response to observed actions. We used a novel immersive virtual environment to investigate this further. Specifically, we asked participants to perform table tennis strokes in response to table tennis balls stroked by a virtual table tennis player. We tested the effect of the visibility of the ball, the paddle, and the body of the virtual player on task performance and movement kinematics. Task performance was measured as the minimum distance between the center of the paddle and the center of the ball (radial error). Movement kinematics was measured as variability in the paddle speed of repeatedly executed table tennis strokes (stroke speed variability). We found that radial error was reduced when the ball was visible compared to invisible. However, seeing the body and/or the racket of the virtual players only reduced radial error when the ball was invisible. There was no influence of seeing the ball on stroke speed variability. However, we found that stroke speed variability was reduced when either the body or the paddle of the virtual player was visible. Importantly, the differences in stroke speed variability were largest in the moment when the virtual player hit the ball. This suggests that seeing the virtual player's body or paddle was important for preparing the stroke response. These results demonstrate for the first time that the online control of arm movements is coupled with visual body information about an opponent.",2012-08,2026-08-10 13:00:16,2026-08-10 13:00:16,,281-294,,3,21,,,,,,,,,,,,,,,,,,,,,,,,,,,,,,,,,,,,,,,,,,,,,,,,,,,,,,,,,,,,,,,,,,,,
2BQK5GH6,conferencePaper,2017,"Brazil, André Luiz; Conci, Aura; Clua, Esteban; Bittencourt, Leonardo Kayat; Baruque, Lúcia Blondet",A virtual environment for breast exams practice with Haptics and gamification,2017 IEEE 5th international conference on serious games and applications for health (SeGAH),,,10.1109/SeGAH.2017.7939273,,"Breast cancer is the second most frequent cancer in the world, with 250 thousands of deaths each year. Early detection of tumors by breast exams and procedures can help to reduce these numbers. More medical practice is required. Professional training for medical procedures in real environments is costly and risky both for the student and the patient. A way to reduce costs and risks of training is by the use of a virtual simulator. An environment closer to the real world in medical simulations can provide a better quality experience of to the trainee. The use of haptic devices can emulate tactile sensations and feedback forces that correspond to body structures and density of tissues. The used device has six degrees of freedom (DOF): movement on three axes (x, y, and z), rotations, and horizontal and vertical inclinations. This work presents a virtual environment for breast exams practice and sentinel nodes detection procedures that employ the use of a haptic device and a gamified interface for feedbacks. The objective is to improve early breast cancer diagnosis chances. A model for tissue deformation calculations on tridimensional patient body mesh is proposed, to add visual realism to the interactions in the virtual environment. Needle depth and its tridimensional position data are updated at real-time on needle insertion. Tumor nodes size and position are dynamically generated upon each simulation, increasing training possibilities for the student. The gamification strategy improves the practice on environment, with elements to engage the player on activity. User progress is tracked by subdivision of breast exams and procedures into smaller challenges, for better performance evaluation on the virtual environment. A gamified interface, with player score and achievements mapping is included. These gamification features have not been employed on breast simulators from previously investigated works.",2017-04,2026-08-10 13:00:16,2026-08-10 13:00:16,,1-7,,,,,,,,,,,,,,,,,,,,,,,,Virtual environments; Haptic interfaces; Training; Visualization; Medical diagnostic imaging; Gamification; Needles; Breast; Breast Palpation; Medical Procedure; Needle Insertion; Sentinel Node Detection,,,,,,,,,,,,,,,,,,,,,,,,,,,,,,,,,,,,,,,,,,,,,,,
EBJXLTW8,conferencePaper,2017,"Elvezio, Carmine; Sukan, Mengu; Feiner, Steven; Tversky, Barbara",Travel in large-scale head-worn VR: Pre-oriented teleportation with WIMs and previews,2017 IEEE virtual reality (VR),,2375-5334,10.1109/VR.2017.7892386,,"We demonstrate an interaction technique that allows a user to point at a world-in-miniature representation of a city-scale virtual environment and perform efficient and precise teleportation by pre-orienting an avatar. A preview of the post-teleport view of the full-scale virtual environment updates interactively as the user adjusts the position, yaw, and pitch of the avatar's head with a pair of 6DoF-tracked controllers. We describe design decisions and contrast with alternative approaches to virtual travel.",2017-03,2026-08-10 13:00:16,2026-08-10 13:00:16,,475-476,,,,,,,,,,,,,,,,,,,,,,,,Virtual environments; Avatars; Legged locomotion; Head; and virtual realities; augmented; Teleportation; Buildings; H.5.1 [Information Interfaces and Presentation]: Multimedia Information Systems — Artificial; H.5.2 [Information Interfaces and Presentation]: User Interfaces — Input devices and strategies; I.3.6 [Computer Graphics]: Methodology and Techniques — Interaction techniques; Interaction styles; Portals,,,,,,,,,,,,,,,,,,,,,,,,,,,,,,,,,,,,,,,,,,,,,,,
S967ZGDM,conferencePaper,2025,"Vyas, Bharat; O’Sullivan, Carol",Shape shifters: Does body shape change the perception of small-scale crowd motions?,2025 IEEE conference on virtual reality and 3D user interfaces abstracts and workshops (VRW),,,10.1109/VRW66409.2025.00143,,"The animation of realistic virtual avatars in crowd scenarios is an important element of immersive virtual environments. However, achieving this realism requires attention to multiple factors, such as their visual appearance and motion cues. We investigated how body shape diversity influences the perception of motion clones in virtual crowds. A physics-based model was used to simulate virtual avatars in a small-scale crowd of size twelve. Participants viewed side-by-side video clips of these virtual crowds: one featuring all unique motions (Baseline) and the other containing motion clones (i.e., the same motion used to animate two or more avatars in the crowd). We also varied the levels of body shape and motion diversity. Our findings revealed that body shape diversity did not influence participants' ratings of motion clone detection, and motion variety had a greater impact on their perception of the crowd. Further research is needed to investigate how other visual factors interact with motion in order to enhance the perception of virtual crowd.",2025-03,2026-08-10 13:00:16,2026-08-10 13:00:16,,705-710,,,,,,,,,,,,,,,,,,,,,,,,perception; motion capture; Virtual environments; Avatars; Visualization; Three-dimensional displays; Shape; User interfaces; Solid modeling; Cloning; Motion capture; Physics; Physics simulation,,,,,,,,,,,,,,,,,,,,,,,,,,,,,,,,,,,,,,,,,,,,,,,
V54KD4AV,conferencePaper,2023,"Saifi, Shoaib; Rathore, Shubham; Bhushan, Bharat",Transforming healthcare through augmented and virtual reality: a new frontier of patient care,2023 international conference on artificial intelligence for innovations in healthcare industries (ICAIIHI),,,10.1109/ICAIIHI57871.2023.10489562,,"AR/VR is fast growing field with some stunning technologies evolving over the time and healthcare is essential field for human civilization to grow. By combining them together its open whole new space for healthcare. The aim of paper is to give an idea on things which can be done using AR/VR in field of healthcare. VR uses the virtual environment where user interact with only virtual objects without any real elements while on the other hand AR use virtual objects overlayed over the real world to make it more immersive. Metaverse use the concept of both AR/VR and allow the users to interact with each other with objects from far distance. The integration of AR/VR with healthcare helps to diagnose the patients from distance that help to train medical students and learning about anatomy of human body. Also, utilizing them in order to improve the patient's caring system through it.",2023-12,2026-08-10 13:00:16,2026-08-10 13:00:16,,1-7,,,1,,,,,,,,,,,,,,,,,,,,,Virtual Reality; Augmented Reality; Extended Reality; Mixed Reality; Visualization; Medical services; Industries; Metaverse; Social networking (online); Technological innovation; Healthcare; Virtual Environment; Malaria,,,,,,,,,,,,,,,,,,,,,,,,,,,,,,,,,,,,,,,,,,,,,,,
JKW7JM9L,journalArticle,2025,"Henry, Jackson; Canales, Ryan; Stolarski, Catherine; Adkins, Alex; Venkatakrishnan, Rohith; Venkatakrishnan, Roshan; Jörg, Sophie",Does hand size matter? The effect of avatar hand size on non-verbal communication in virtual reality,IEEE Transactions on Visualization and Computer Graphics,,1941-0506,10.1109/TVCG.2025.3549894,,"Virtual reality (VR) has increasingly become a popular platform for socializing and collaborating remotely because it enables both verbal and nonverbal aspects of communication through the use of embodied avatars. However, such avatars are not typically adjusted to match the proportions of the user, leading to inaccuracies which might diminish experiences involving nonverbal communication. Therefore, in this paper, we investigated the impact that out-of-proportion avatar hands (relative to the user's hands) have on nonverbal communication and collaboration in VR. We designed an experiment based on the game “charades”, wherein two users nonverbally interact with each other trying to communicate and guess words. In a within-subjects study with 72 participants (36 dyads), participants' avatar hands were scaled to be 25",2025-05,2026-08-10 13:00:16,2026-08-10 13:00:16,,3161-3171,,5,31,,,,,,,,,,,,,,,,,,,,,embodiment; virtual reality; avatars; Virtual environments; Avatars; Visualization; Hands; Animation; Atmospheric measurements; body proportions; Collaboration; communication; Particle measurements; Tracking; User experience; Video conferencing,,,,,,,,,,,,,,,,,,,,,,,,,,,,,,,,,,,,,,,,,,,,,,,
NZBV97Y3,journalArticle,2021,"Huffman, Derek J.; Ekstrom, Arne D.",An important step toward understanding the role of body-based cues on human spatial memory for large-scale environments,Journal of Cognitive Neuroscience,,0898-929X,10.1162/jocn_a_01653,,"Moving our body through space is fundamental to human navigation; however, technical and physical limitations have hindered our ability to study the role of these body-based cues experimentally. We recently designed an experiment using novel immersive virtual-reality technology, which allowed us to tightly control the availability of body-based cues to determine how these cues influence human spatial memory [Huffman, D. J., & Ekstrom, A. D. A modality-independent network underlies the retrieval of large-scale spatial environments in the human brain. Neuron, 104, 611–622, 2019]. Our analysis of behavior and fMRI data revealed a similar pattern of results across a range of body-based cues conditions, thus suggesting that participants likely relied primarily on vision to form and retrieve abstract, holistic representations of the large-scale environments in our experiment. We ended our paper by discussing a number of caveats and future directions for research on the role of body-based cues in human spatial memory. Here, we reiterate and expand on this discussion, and we use a commentary in this issue by A. Steel, C. E. Robertson, and J. S. Taube (Current promises and limitations of combined virtual reality and functional magnetic resonance imaging research in humans: A commentary on Huffman and Ekstrom (2019). Journal of Cognitive Neuroscience, 2020) as a helpful discussion point regarding some of the questions that we think will be the most interesting in the coming years. We highlight the exciting possibility of taking a more naturalistic approach to study the behavior, cognition, and neuroscience of navigation. Moreover, we share the hope that researchers who study navigation in humans and nonhuman animals will synergize to provide more rapid advancements in our understanding of cognition and the brain.",2021-02,2026-08-10 13:00:16,2026-08-10 13:00:16,,167-179,,2,33,,,,,,,,,,,,,,,,,,,,,,,,,,,,,,,,,,,,,,,,,,,,,,,,,,,,,,,,,,,,,,,,,,,,
YESYBCGB,conferencePaper,2022,"Deuchler, Jonas; Hepperle, Daniel; Wölfel, Matthias",Asymmetric normalization in social virtual reality studies,2022 IEEE conference on virtual reality and 3D user interfaces abstracts and workshops (VRW),,,10.1109/VRW55335.2022.00019,,"We introduce the concept of asymmetric normalization, which refers to decoupling sensory self-perception from the perception of others in a shared virtual environment to present each user with a normalized version of the other users. This concept can be ap-plied to various avatar-related elements such as appearance, location, or non-verbal communication. For example, each participant in a polyadic virtual reality study can see other participants at an average height of the respective test population, while individual participants continue to see themselves embodied according to their actual height. We demonstrate in a pilot experiment how asymmetric normalization enables the acquisition of new information about social interactions and promises to reduce bias to promote replicability and external validity.",2022-03,2026-08-10 13:00:16,2026-08-10 13:00:16,,51-53,,,,,,,,,,,,,,,,,,,,,,,,Virtual environments; Conferences; Design methodology; Three-dimensional displays; User interfaces; Statistics; Human-centered computing-Human computer interaction (HCI)-HCI design and evaluation methods-User studies; Human-centered computing-Human computer interaction (HCI)-Interaction paradigms-Virtual reality; Sociology,,,,,,,,,,,,,,,,,,,,,,,,,,,,,,,,,,,,,,,,,,,,,,,
Z2JP6F5U,conferencePaper,2025,"Oobayashi, S.; Nagata, H.; Mizutani, K.",The effect of changes in the number of people in a VR environment on interpersonal distance,2025 47th annual international conference of the IEEE engineering in medicine and biology society (EMBC),,2694-0604,10.1109/EMBC58623.2025.11252879,,"With the recent popularization of online interviews, lack of communication has become an issue. By using VR technology, it is expected to duplicate an environment similar to a face-to-face interview and optimize the interview environment with psychological comfort in mind. In this study, we examined the effects of the number of interviewers and types of objects in a VR space on participants' interpersonal distance. In Experiment 1, cardboard, mannequin, and human avatars were presented and participants’ interpersonal distance was investigated. The results showed that participants tended to increase their interpersonal distance as the number of avatars increased. And there was no significant difference in distance between the different types of avatars. In Experiment 2, one to five interviewer objects were presented in a VR conference room to measure the interpersonal distance and psychological load level that participants considered appropriate. The results showed that there was no increase in appropriate distance whether there were one or two interviewers, and that the psychological load was lower with one interviewer than with two. The results suggest that one interviewer is appropriate for counseling, while two interviewers are appropriate for interview practice. This study suggested optimal values for the distance between the interviewer and the interviewee and the number of interviewees participating in the VR interview environment by measuring personal space while measuring the effect of the avatar and number of interviewees on the psychological load level of the participants.Clinical Relevance— Prolonged hospitalization in intensive care units (ICUs) causes rehabilitation difficulties and communication barriers for patients. Creating a interactive rehabilitation environment using VR is expected to contribute to situations where patients with PTSD and trauma are provided with opportunities to gradually learn how to interact with others, as well as to situations where patients with stroke and physical disabilities are rehabilitated in spatial cognition. The distance between the interviewer and the interviewee during an interview affects the smoothness of communication. This study provided insight into the optimal distance between interviewer and interviewee in VR interviews, depending on the number of interviewees participating.",2025-07,2026-08-10 13:00:16,2026-08-10 13:00:16,,1-5,,,,,,,,,,,,,,,,,,,,,,,,Avatars; Atmospheric measurements; Particle measurements; Psychology; Cognition; Interviews; Employee welfare; Stroke (medical condition); Engineering in medicine and biology,,,,,,,,,,,,,,,,,,,,,,,,,,,,,,,,,,,,,,,,,,,,,,,
VQ27B9RP,conferencePaper,2025,"Chen, Yingxuan; Gou, Ruoxuan; Miao, Runjie; Fu, Yihang; Peng, Sen; Dong, Xiao",Head avatar reconstruction from large-volume video based on mesh-embedded gaussians,2025 international conference on sensor-cloud and edge computing system (SCECS),,,10.1109/SCECS65243.2025.11065584,,"Accurate simulation of facial dynamics, expressions, and viewpoint changes is a key challenge when building realistic 3D digital humans, especially when reconstructing details such as teeth, mouths, and eyes. To efficiently reconstruct high-fidelity head avatar, we propose MEGAvatar, which takes large-volumn facial video as input and combines explicit mesh and implicit Gaussians as 3D representation to reconstruct dynamic head. This approach separates the deformation and appearance of the digital head, enabling accurate restoration of complex facial details (e.g., teeth, eyes, and lips). We also introduce an innovative single-frame 3D Gaussian extraction strategy to reduce the influence of incorrect poses on the model and ensure controllable Gaussian motion. A head video of a person is about 500MB, with about 3,000 frames. To build a virtual conference room containing several digital heads, we will use an edge computing system. The edge node is responsible for reconstructing the digital human, converting the original video data into a compact Gaussian representation (about 100 MB), and then transmitting it to the central node. At the central node, the system integrates multiple virtual characters into a large virtual environment while ensuring consistency and scale matching between participants. Compared with existing methods, our method reconstructs high-fidelity digital heads, promoting the widespread application of immersive high-fidelity digital humans in virtual reality.",2025-04,2026-08-10 13:00:16,2026-08-10 13:00:16,,217-220,,,,,,,,,,,,,,,,,,,,,,,,Virtual reality; Virtual environments; Three-dimensional displays; Accuracy; Computational modeling; Solid modeling; 3D reconstruction; Dynamics; Digital human avatar; Digital humans; Edge computing; Lips; Teeth,,,,,,,,,,,,,,,,,,,,,,,,,,,,,,,,,,,,,,,,,,,,,,,
E8J6C7VQ,conferencePaper,2021,"Bhowmick, Shimmila",Exploring body gestures for small object selection in dense environment in HMD VR for data visualization applications,2021 IEEE conference on virtual reality and 3D user interfaces abstracts and workshops (VRW),,,10.1109/VRW52623.2021.00239,,"Recent years have seen incredible growth of Virtual Reality (VR) interfaces. In the area of data visualization and analytics, VR applications offers immense opportunities to interact, modify and explore 3D data in an interactive manner, which help in establishing new trends and patterns. In this regard, object selection is of primary importance. It is the fundamental and initial task in any immersive VR. However, the current literature is limited in investigating the effectiveness of object selection techniques in different VEs including dense and occluded dense VE, varied object sizes, proximity, and distances in the area of Immersive Analytics. In this paper, I present my ongoing PhD research to explore controller-less gestures for nail-size object selection on HMD-VR interface for dense and occluded dense VE. I describe the experiments, the findings and my future studies. I believe the outcome of these experiments in the form of guidelines or framework will enable researchers to design controller-less body gestures for object selection task.",2021-03,2026-08-10 13:00:16,2026-08-10 13:00:16,,713-714,,,,,,,,,,,,,,,,,,,,,,,,Virtual reality; Conferences; Data visualization; dense and occluded virtual environment; Design methodology; Human computer interaction; immersive analytics; nail-size objects.; object selection; Resists; Three-dimensional displays,,,,,,,,,,,,,,,,,,,,,,,,,,,,,,,,,,,,,,,,,,,,,,,
JYJY6S88,journalArticle,2020,"Roth, Daniel; Latoschik, Marc Erich",Construction of the virtual embodiment questionnaire (VEQ),IEEE Transactions on Visualization and Computer Graphics,,1941-0506,10.1109/TVCG.2020.3023603,,"User embodiment is important for many virtual reality (VR) applications, for example, in the context of social interaction, therapy, training, or entertainment. However, there is no data-driven and validated instrument to empirically measure the perceptual aspects of embodiment, necessary to reliably evaluate this important phenomenon. To provide a method to assess components of virtual embodiment in a reliable and consistent fashion, we constructed a Virtual Embodiment Questionnaire (VEQ). We reviewed previous literature to identify applicable constructs and questionnaire items, and performed a confirmatory factor analysis (CFA) on the data from three experiments (N = 196). The analysis confirmed three factors: (1) ownership of a virtual body, (2) agency over a virtual body, and (3) the perceived change in the body schema. A fourth study (N = 22) was conducted to confirm the reliability and validity of the scale, by investigating the impacts of latency and latency jitter present in the simulation. We present the proposed scale and study results and discuss resulting implications.",2020-12,2026-08-10 13:00:16,2026-08-10 13:00:16,,3546-3556,,12,26,,,,,,,,,,,,,,,,,,,,,Virtual Reality; Body Ownership; Avatars; User interfaces; Agency; Social factors; User centered design; Virtual Embodiment; Virtualization,,,,,,,,,,,,,,,,,,,,,,,,,,,,,,,,,,,,,,,,,,,,,,,
AWGELT33,conferencePaper,2008,"Novandy, Bondhan; Yoon, Jungwon; Christiand",A VR navigation of a 6-DOF gait rehabilitation robot with upper and lower limbs connections,Humanoids 2008 - 8th IEEE-RAS international conference on humanoid robots,,2164-0580,10.1109/ICHR.2008.4756010,,"This paper explains a 6-DOF gait rehabilitation robot, which may allow a patient to navigate in virtual reality (VR) by upper and lower limbs interactions. The suggested robot is composed of an upper limb device, a sliding device, two footpad devices, and a partial body support system. The footpad device on the sliding device will generate 3-DOF spatial motions on sagittal plane for each foot. The upper limb device will allow arm of a user to swing naturally with a simple pendulum link with a passive prismatic joint. It is possible to use this robot inside normal home for the purpose of telerehabilitation since its size is compact and its power consumption is small. Synchronized gait patterns for this robot are designed to represent natural gait with the upper and lower limbs connections. In gait rehabilitation robots, one of the important concerns is not only to follow the robot motions passively, but also to allow the patient to walk by his/her intention. Thus, this robot allows automatic walking velocity update by estimating interaction torques between the human and the upper limb device, and synchronizing the upper limb device to the lower limb device. In addition, the upper limb device acts as user-friendly input device for navigating in virtual reality. By pushing the switches located at the right and left handles of the upper limb device, a patient is able to do turning motions during navigation in virtual reality. Through experimental results of a healthy subject, we showed that rehabilitation training can be more effectively combined to virtual environments with upper and lower limb connections, which will allow various rehabilitation training modes.",2008-12,2026-08-10 13:00:16,2026-08-10 13:00:16,,592-597,,,,,,,,,,,,,,,,,,,,,,,,Virtual reality; Navigation; Legged locomotion; Foot; Rehabilitation robotics; Robotics and automation; Switches; Energy consumption; Human robot interaction; Robot motion,,,,,,,,,,,,,,,,,,,,,,,,,,,,,,,,,,,,,,,,,,,,,,,
SEJ4HUBM,conferencePaper,2013,"Tan, Jeffrey Too Chuan; Inamura, Tetsunari",Embodied and multimodal human-robot interaction between virtual and real worlds,2013 ieee ro-man,,1944-9437,10.1109/ROMAN.2013.6628431,,"The high cost and complexity to maintain a robot, and the impracticability for long term large scale HRI with real robots, have induced constraints in HRI studies. The purpose of this paper is to demonstrate the feasibility of our proposal to realize embodied and multimodal HRI between virtual robot and real world human in response to the above constraints. Based on our SIGVerse simulator, a 3D virtual environment is established for the virtual robot to interact with real world human via immersive interface. The realizations of embodiment and multimodal interaction are illustrated in several HRI research scenarios, where verbal action instruction and spatial information from the body gesture are simulated.",2013-08,2026-08-10 13:00:16,2026-08-10 13:00:16,,296-297,,,,,,,,,,,,,,,,,,,,,,,,Human-robot interaction; Virtual environments; Avatars; Three-dimensional displays; Collaboration; Robot sensing systems,,,,,,,,,,,,,,,,,,,,,,,,,,,,,,,,,,,,,,,,,,,,,,,
2XHWMTAP,conferencePaper,2026,"Mizutani, Kenji; Nagata, Hiroyuki; Obayashi, Seika; Tazawa, Kentaro",The effects of conversational avatar appearance and voice volume on perceived distance in virtual reality,2026 IIEEJ international conference on image electronics and visual computing (IEVC),,,10.1109/IEVC69170.2026.11508449,,"The use of AI in VR psychological counseling is being explored. One approach being considered is to use a robot avatar rather than a human-like one to indicate that the conversation partner is an AI. This study measured the space participants perceived as “conversationally appropriate” when responding to greetings from avatars, examining how combinations of appearance and vocal volume influence interpersonal space (IPS). The average IPS showed a trend of “speaker ¡ human ¡ robot.” The main effect of voice volume was significant, with IPS increasing as volume rose. At moderate volume levels, the difference in IPS between humans and robots decreased. The results of this study provide design guidelines for VR counseling using robots.",2026-03,2026-08-10 13:00:20,2026-08-10 13:00:20,,1-4,,,,,,,,,,,,,,,,,,,,,,,,virtual reality; Avatars; Robots; Distance measurement; Employee welfare; Media; IP networks; counseling; interpersonal space; Printing; voice volume,,,,,,,,,,,,,,,,,,,,,,,,,,,,,,,,,,,,,,,,,,,,,,,
