record_id,block,reviewer_a,reviewer_b,key,title,doi
Rc10960687,2,author,watanabe,10.1145/3700297.3700322,A Systematic Review on Integration and Innovation of Virtual Reality (VR) Technology in Higher Art Education,10.1145/3700297.3700322
R811e475be,3,kataoka,watanabe,10.1145/3613904.3642558,Toward Making Virtual Reality (VR) More Inclusive for Older Adults: Investigating Aging Effect on Target Selection and Manipulation Tasks in VR,10.1145/3613904.3642558
R259ba1e3e,2,author,watanabe,10.1145/3411764.3445503,CakeVR: A Social Virtual Reality (VR) Tool for Co-designing Cakes,10.1145/3411764.3445503
R5de1055be,1,author,kataoka,10.1145/3171221.3171242,The Peculiarities of Robot Embodiment (EmCorp-Scale),10.1145/3171221.3171242
Rc9768fe7c,2,author,watanabe,10.1145/3491102.3502082,(Re)discovering the Physical Body Online: Strategies and Challenges to Approach Non-Cisgender Identity in Social Virtual Reality,10.1145/3491102.3502082
R673ddb387,2,author,watanabe,10.1145/3586183.3606797,V-DAT (Virtual Reality Data Analysis Tool): Supporting Self-Awareness for Autistic People from Multimodal VR Sensor Data,10.1145/3586183.3606797
R3c16dea5f,3,kataoka,watanabe,10.1145/237170.237302,Virtual reality and mental disorders (panel),10.1145/237170.237302
R135375140,1,author,kataoka,10.1145/3517428.3550378,College Students’ and Campus Counselors’ Attitudes Toward Teletherapy and Adopting Virtual Reality (Preliminary Exploration) for Campus Counseling Services,10.1145/3517428.3550378
Raf9544a57,2,author,watanabe,10.1145/3706598.3714236,RemoteChess: Enhancing Older Adults' Social Connectedness via Designing a Virtual Reality Chinese Chess (Xiangqi) Community,10.1145/3706598.3714236
R34af9b726,1,author,kataoka,10.1145/3290605.3300661,Around the (Virtual) World,10.1145/3290605.3300661
R918b13f69,2,author,watanabe,10.1145/3534590,Modeling the Noticeability of User-Avatar Movement Inconsistency for Sense of Body Ownership Intervention,10.1145/3534590
R1de8ea70e,2,author,watanabe,10.1145/3648003,Passive Haptics and Conversational Avatars for Interacting with Ancient Egypt Remains in High-Fidelity Virtual Reality Experiences,10.1145/3648003
R2d11defb1,3,kataoka,watanabe,10.1145/3731154,VR-Doh: Hands-on 3D Modeling in Virtual Reality,10.1145/3731154
R5e4724657,1,author,kataoka,10.1145/195826.197312,Height distributional distance transform methods for height field ray tracing,10.1145/195826.197312
Re31546dd7,3,kataoka,watanabe,10.1145/3717838,TeachVR: An Immersive Virtual Reality Framework for Computational Thinking Based on Student Preferences,10.1145/3717838
Rce2381a7c,1,author,kataoka,10.1145/3626786,MetaVRadar: Measuring Metaverse Virtual Reality Network Activity,10.1145/3626786
Rd5780add3,2,author,watanabe,10.1145/3677609,VRVul-Discovery: BiLSTM-based Vulnerability Discovery for Virtual Reality Devices in Metaverse,10.1145/3677609
Rfc8eb4a5a,3,kataoka,watanabe,10.1145/2888397,A Linear-Size Logarithmic Stretch Path-Reporting Distance Oracle for General Graphs,10.1145/2888397
R0eb66db6b,3,kataoka,watanabe,10.1145/3699772,mmSpyVR: Exploiting mmWave Radar for Penetrating Obstacles to Uncover Privacy Vulnerability of Virtual Reality,10.1145/3699772
R9dfb50243,3,kataoka,watanabe,10.1145/3463499,CoolMoves,10.1145/3463499
Rd908c7167,3,kataoka,watanabe,10.1145/3209661,Designing and Evaluating a Mesh Simplification Algorithm for Virtual Reality,10.1145/3209661
R6f7f597d4,3,kataoka,watanabe,10.1145/3770657,How I Use My Body: The Bodily Feedback Quality Scale,10.1145/3770657
R474abd39e,2,author,watanabe,10.1145/3345554,Redirected Smooth Mappings for Multiuser Real Walking in Virtual Reality,10.1145/3345554
R47627c924,1,author,kataoka,10.1145/1897816.1897847,10 scientific problems in virtual reality,10.1145/1897816.1897847
R8539cc36f,3,kataoka,watanabe,10.1145/3533387,Dissecting My Data Body,10.1145/3533387
Rcedd7fa9f,1,author,kataoka,10.1145/3355089.3356544,Modeling endpoint distribution of pointing selection tasks in virtual reality environments,10.1145/3355089.3356544
R8148e662c,3,kataoka,watanabe,10.1145/1073204.1073279,The Varrier<sup>TM</sup>autostereoscopic virtual reality display,10.1145/1073204.1073279
R27b115500,3,kataoka,watanabe,10.1145/3272127.3275031,"A system for acquiring, processing, and rendering panoramic light field stills for virtual reality",10.1145/3272127.3275031
Ra065f7916,1,author,kataoka,10.1145/3724132,Spatial Compatibility and Intersensory Conflicts in Teleoperation: Impact on Object Orientation Control in Virtual Reality,10.1145/3724132
R3c83ff121,2,author,watanabe,10.1145/3451255,Virtual Reality Sickness Mitigation Methods,10.1145/3451255
R28e5a3e03,2,author,watanabe,10.1145/3470847,Tailored Reality: Perception-aware Scene Restructuring for Adaptive VR Navigation,10.1145/3470847
R7e6c08a5c,1,author,kataoka,10.1145/3530798,Pupillary Light Reflex Correction for Robust Pupillometry in Virtual Reality,10.1145/3530798
R887ff5eb1,1,author,kataoka,10.1145/3522610,"Effect of Render Resolution on Gameplay Experience, Performance, and Simulator Sickness in Virtual Reality Games",10.1145/3522610
R922490e42,1,author,kataoka,10.1145/3362101,Tile-based Adaptive Streaming for Virtual Reality Video,10.1145/3362101
R4e2e12d59,1,author,kataoka,10.1145/3214281,When Virtual Reality Meets Internet of Things in the Gym,10.1145/3214281
R74aa03419,1,author,kataoka,10.1145/3736779,Reimagining Beckett's <i>Not I</i> in Virtual Reality: The MetaHuman as a Digital Double of the Actor,10.1145/3736779
Rcf03e2c89,1,author,kataoka,10.1145/3182644,FaceVR,10.1145/3182644
R51d865f86,1,author,kataoka,10.1145/3565020,Virtual Reality Solutions Employing Artificial Intelligence Methods: A Systematic Literature Review,10.1145/3565020
R185b638fa,2,author,watanabe,10.1145/3786206,Multi-Task Driven Adapter-Based Foundation Model for Locomotion Prediction in Virtual Reality,10.1145/3786206
R185b0a66c,1,author,kataoka,10.1145/3647996,Applying Cinematic Virtual Reality with Adaptability to Indigenous Storytelling,10.1145/3647996
Rd55062f73,1,author,kataoka,10.1145/3649595,RE Methods for Virtual Reality Software Product Development: A Mapping Study,10.1145/3649595
R42ad33e5b,1,author,kataoka,10.1145/3593432,Evaluating Learning Outcomes of Virtual Reality Applications in Education: A Proposal for Digital Cultural Heritage,10.1145/3593432
R68fd6e987,3,kataoka,watanabe,10.1145/3651296,Impact of Tutorial Modes with Different Time Flow Rates in Virtual Reality Games,10.1145/3651296
R7bf95fe1c,1,author,kataoka,10.1145/3670008,“Are you feeling sick?” – A systematic literature review of cybersickness in virtual reality,10.1145/3670008
Rc01be4723,2,author,watanabe,10.1145/3494968,SwiVR-Car-Seat,10.1145/3494968
R281e144d6,1,author,kataoka,10.1145/3130967,VRShop,10.1145/3130967
R73cad6482,1,author,kataoka,10.1145/3534615,Total VREcall,10.1145/3534615
R48c9079c3,2,author,watanabe,10.1145/3749505,RemVerse: Supporting Reminiscence Activities for Older Adults through AI-Assisted Virtual Reality,10.1145/3749505
Ra09fadf0b,1,author,kataoka,10.1145/3585425,Virtual Reality at a Prehistoric Museum: Exploring the Influence of System Quality and Personality on User Intentions,10.1145/3585425
Re28364cd3,2,author,watanabe,10.1145/3495002,VREED,10.1145/3495002
R1e22902fc,2,author,watanabe,10.1145/3749545,Through the Eyes of Emotion: A Multi-faceted Eye Tracking Dataset for Emotion Recognition in Virtual Reality,10.1145/3749545
R0cb5892a9,1,author,kataoka,10.1145/3769090,"Artificial Intelligence for Virtual Reality: State of the Art, Challenges, and Future Perspectives",10.1145/3769090
Rc161f40a8,3,kataoka,watanabe,10.1145/3705613,Centennial Drama Reimagined: An Immersive Experience of Intangible Cultural Heritage through Contextual Storytelling in Virtual Reality,10.1145/3705613
R739aafc31,2,author,watanabe,10.1145/3072959.3073668,Movie editing and cognitive event segmentation in virtual reality video,10.1145/3072959.3073668
Rc7d703d5d,3,kataoka,watanabe,10.1145/3414685.3417773,Imperceptible manipulation of lateral camera motion for improved virtual reality applications,10.1145/3414685.3417773
Rb3a729d4b,2,author,watanabe,10.1145/3636426,Arbitrary Virtual Try-on Network: Characteristics Preservation and Tradeoff between Body and Clothing,10.1145/3636426
R276a510c6,3,kataoka,watanabe,10.1145/3396249,On Shooting Stars,10.1145/3396249
Rc0db48da0,3,kataoka,watanabe,10.1145/3230678,Did We Just Travel to the Past? Building and Evaluating With Cultural Presence Different Modes of VR-Mediated Experiences in Virtual Archaeology,10.1145/3230678
Rd34114979,2,author,watanabe,10.1145/3625367,Exploring Digital Means to Engage Visitors with Roman Culture: Virtual Reality vs. Tangible Interaction,10.1145/3625367
Re9ca33647,3,kataoka,watanabe,10.1145/3522595,"Digitization, Virtual Reality and Robotic Sculpture for the Preservation and Enhancement of the Public Heritage of the Sculpted Rocks of Rothéneuf",10.1145/3522595
R6d7471c36,3,kataoka,watanabe,10.1145/3699778,Longitudinal Effects of External Communication of Automated Vehicles in the USA and Germany: A Comparative Study in Virtual Reality and Via a Browser,10.1145/3699778
R7413ab721,2,author,watanabe,10.1145/3678508,CoplayingVR: Understanding User Experience in Shared Control in Virtual Reality,10.1145/3678508
Rdb9e3ed2f,2,author,watanabe,10.1145/3439957,One Size Does Not Fit All,10.1145/3439957
R798455676,1,author,kataoka,10.1145/3507472,The Influence of Robot Designs on Human Compliance and Emotion: A Virtual Reality Study in the Context of Future Public Transport,10.1145/3507472
R37adf9e4b,1,author,kataoka,10.1145/3564700,Full-body Human Motion Reconstruction with Sparse Joint Tracking Using Flexible Sensors,10.1145/3564700
Rd8f3711fd,3,kataoka,watanabe,10.1145/3746059.3747649,Move with Style! Enhancing Avatar Embodiment in Virtual Reality through Proprioceptive Motion Feedback,10.1145/3746059.3747649
R0f4024696,2,author,watanabe,10.1145/3411764.3445379,Towards “Avatar-Friendly” 3D Manipulation Techniques: Bridging the Gap Between Sense of Embodiment and Interaction in Virtual Reality,10.1145/3411764.3445379
Rf3220c56e,2,author,watanabe,10.1145/3613904.3641933,The Impact of Avatar Completeness on Embodiment and the Detectability of Hand Redirection in Virtual Reality,10.1145/3613904.3641933
Rc9003c912,3,kataoka,watanabe,10.1145/3544548.3581182,"Meeting Your Virtual Twin: Effects of Photorealism and Personalization on Embodiment, Self-Identification and Perception of Self-Avatars in Virtual Reality",10.1145/3544548.3581182
Ra4024860c,2,author,watanabe,10.1145/3332165.3347874,Pull-Ups: Enhancing Suspension Activities in Virtual Reality with Body-Scale Kinesthetic Force Feedback,10.1145/3332165.3347874
R98ce44ffa,1,author,kataoka,10.1145/3290605.3300787,Investigating Implicit Gender Bias and Embodiment of White Males in Virtual Reality with Full Body Visuomotor Synchrony,10.1145/3290605.3300787
Rb39761997,1,author,kataoka,10.1145/3544548.3580918,Are Embodied Avatars Harmful to our Self-Experience? The Impact of Virtual Embodiment on Body Awareness,10.1145/3544548.3580918
Re0bbea59e,3,kataoka,watanabe,10.1145/3544548.3580979,Embodying Physics-Aware Avatars in Virtual Reality,10.1145/3544548.3580979
Rf2cf439af,3,kataoka,watanabe,10.1145/3517428.3544821,VRBubble: Enhancing Peripheral Awareness of Avatars for People with Visual Impairments in Social Virtual Reality,10.1145/3517428.3544821
Red1a5dce4,3,kataoka,watanabe,10.1145/3544548.3581172,PumpVR: Rendering the Weight of Objects and Avatars through Liquid Mass Transfer in Virtual Reality,10.1145/3544548.3581172
R306bbb2c5,2,author,watanabe,10.1145/3432217,BlinKey,10.1145/3432217
R58895f843,1,author,kataoka,10.1145/3578575,How Important are Detailed Hand Motions for Communication for a Virtual Character Through the Lens of Charades?,10.1145/3578575
R8cd76b6d4,3,kataoka,watanabe,10.1145/3494996,Twin Meander Coil,10.1145/3494996
Rebd2cb49e,3,kataoka,watanabe,10.1145/3654705,"Using Deep Learning to Increase Eye-Tracking Robustness, Accuracy, and Precision in Virtual Reality",10.1145/3654705
Rfb65b76e0,2,author,watanabe,10.1145/3306346.3322970,SurfaceBrush,10.1145/3306346.3322970
R19f59c7e6,1,author,kataoka,10.1145/2764463,Area of Simulation,10.1145/2764463
R3ebdda336,1,author,kataoka,10.1145/3197517.3201335,In the blink of an eye,10.1145/3197517.3201335
R248cbb87b,2,author,watanabe,10.1145/3369394,Thresholds,10.1145/3369394
R8bcdba8a7,1,author,kataoka,10.1145/3287062,Driving with the Fishes,10.1145/3287062
Re9fe2ecce,2,author,watanabe,10.1145/3411841,IMUTube,10.1145/3411841
Rbc899440f,1,author,kataoka,10.1145/1731047.1731057,Using blur to affect perceived distance and size,10.1145/1731047.1731057
Ra8001dddd,1,author,kataoka,10.1145/3090312,Refined-Graph Regularization-Based Nonnegative Matrix Factorization,10.1145/3090312
R9d34a6b1b,2,author,watanabe,10.1145/3549544,Toward A No-reference Omnidirectional Image Quality Evaluation by Using Multi-perceptual Features,10.1145/3549544
R7503efc18,2,author,watanabe,10.1145/3765901,Micro-Expression Recognition via Fine-Grained Dynamic Perception,10.1145/3765901
Rfc348b934,2,author,watanabe,10.1145/3613904.3642425,ShareYourReality: Investigating Haptic Feedback and Agency in Virtual Avatar Co-embodiment,10.1145/3613904.3642425
R4bf5b1def,3,kataoka,watanabe,10.1145/3491102.3517451,Understanding and Designing Avatar Biosignal Visualizations for Social Virtual Reality Entertainment,10.1145/3491102.3517451
R01fe88dae,3,kataoka,watanabe,10.1145/3290605.3300673,Quantitative Measurement of Tool Embodiment for Virtual Reality Input Alternatives,10.1145/3290605.3300673
R8f7398adf,2,author,watanabe,10.1145/3544548.3580668,The Effects of Avatar and Environment on Thermal Perception and Skin Temperature in Virtual Reality,10.1145/3544548.3580668
Ra00ab164c,2,author,watanabe,10.1145/3746059.3747596,VR Side-Effects: Memory &amp; Proprioceptive Discrepancies After Leaving Virtual Reality,10.1145/3746059.3747596
Rf421dff4f,2,author,watanabe,10.1145/3517428.3544829,“It’s Just Part of Me:” Understanding Avatar Diversity and Self-presentation of People with Disabilities in Social Virtual Reality,10.1145/3517428.3544829
R189522284,1,author,kataoka,10.1145/3411764.3445426,Remote and Collaborative Virtual Reality Experiments via Social VR Platforms,10.1145/3411764.3445426
R4cc6c5912,2,author,watanabe,10.1145/3411764.3445073,Virtual Reality Esports - Understanding Competitive Players’ Perceptions of Location Based VR Esports,10.1145/3411764.3445073
R0cebdb990,3,kataoka,watanabe,10.1145/3544548.3581230,VR Almost There: Simulating Co-located Multiplayer Experiences in Social Virtual Reality,10.1145/3544548.3581230
Rd6bff2bcd,3,kataoka,watanabe,10.1145/3491102.3501959,Reducing Virtual Reality Sickness for Cyclists in VR Bicycle Simulators,10.1145/3491102.3501959
R767066a41,1,author,kataoka,10.1145/3491102.3517548,Effects of Field of View on Egocentric Distance Perception in Virtual Reality,10.1145/3491102.3517548
R8830d53f2,3,kataoka,watanabe,10.1145/3544548.3581050,What does it mean to cycle in Virtual Reality? Exploring Cycling Fidelity and Control of VR Bicycle Simulators,10.1145/3544548.3581050
Rdb89a6c36,2,author,watanabe,10.1145/3581641.3584044,VR-LENS: Super Learning-based Cybersickness Detection and Explainable AI-Guided Deployment in Virtual Reality,10.1145/3581641.3584044
R19cd5815f,2,author,watanabe,10.1145/3613904.3642292,"Touching the Moon: Leveraging Passive Haptics, Embodiment and Presence for Operational Assessments in Virtual Reality",10.1145/3613904.3642292
R209000ddc,2,author,watanabe,10.1145/3746059.3747618,EarPressure VR: Ear Canal Pressure Feedback for Enhancing Environmental Presence in Virtual Reality,10.1145/3746059.3747618
R82d1c9e0e,3,kataoka,watanabe,10.1145/2984751.2984788,Asymmetric Design Approach and Collision Avoidance Techniques For Room-scale Multiplayer Virtual Reality,10.1145/2984751.2984788
Rd576a10a2,2,author,watanabe,10.1145/3706598.3714230,Inclusive Avatar Guidelines for People with Disabilities: Supporting Disability Representation in Social Virtual Reality,10.1145/3706598.3714230
Rab51e43be,2,author,watanabe,10.1145/3613904.3642510,"Virtual Reality, Real Pedagogy: A Contextual Inquiry of Instructor Practices with VR Video",10.1145/3613904.3642510
R638735bb5,1,author,kataoka,10.1145/3746058.3758999,Demonstration of EarPressure VR: Ear Canal Pressure Feedback for Enhancing Environmental Presence in Virtual Reality,10.1145/3746058.3758999
R7eb9a1465,1,author,kataoka,10.1145/3597638.3608394,Comparing Locomotion Techniques in Virtual Reality for People with Upper-Body Motor Impairments,10.1145/3597638.3608394
R358940f32,1,author,kataoka,10.1145/3613904.3642941,SYNC-VR: Synchronizing Your Senses to Conquer Motion Sickness for Enriching In-Vehicle Virtual Reality,10.1145/3613904.3642941
R560bea33d,2,author,watanabe,10.1145/3706598.3714041,Estimating Detection Thresholds of Being Looked at in Virtual Reality for Avatar Redirection,10.1145/3706598.3714041
R308ed6518,1,author,kataoka,10.1145/3613904.3642268,Stretch your reach: Studying Self-Avatar and Controller Misalignment in Virtual Reality Interaction,10.1145/3613904.3642268
R045ace006,2,author,watanabe,10.1145/3706598.3713891,SkinHaptics: Exploring Skin Softness Perception and Virtual Body Embodiment Techniques to Enhance Self-Haptic Interactions,10.1145/3706598.3713891
R22988ba49,3,kataoka,watanabe,10.1145/3313831.3376821,Telewalk: Towards Free and Endless Walking in Room-Scale Virtual Reality,10.1145/3313831.3376821
R0a32ee950,2,author,watanabe,10.1145/3706598.3713355,Real-time Semantic Full-Body Haptic Feedback Converted from Sound for Virtual Reality Gameplay,10.1145/3706598.3713355
R5d6a4d1c5,2,author,watanabe,10.1145/3313831.3376652,"""In VR, everything is possible!"": Sketching and Simulating Spatially-Aware Interactive Spaces in Virtual Reality",10.1145/3313831.3376652
R28d7a1d6a,1,author,kataoka,10.1145/3613904.3641974,Sicknificant Steps: A Systematic Review and Meta-analysis of VR Sickness in Walking-based Locomotion for Virtual Reality,10.1145/3613904.3641974
R60233af4a,2,author,watanabe,10.1145/3544548.3580913,"From Artifacts to Outcomes: Comparison of HMD VR, Desktop, and Slides Lectures for Food Microbiology Laboratory Instruction",10.1145/3544548.3580913
Rcd3977aac,1,author,kataoka,10.1145/3313831.3376195,Therminator: Understanding the Interdependency of Visual and On-Body Thermal Feedback in Virtual Reality,10.1145/3313831.3376195
R1473670e0,2,author,watanabe,10.1145/3544548.3581144,Using Virtual Reality and Co-Design to Study the Design of Large-scale Shape-Changing Interfaces,10.1145/3544548.3581144
R7a224285b,3,kataoka,watanabe,10.1145/3544548.3580973,Never Skip Leg Day Again: Training the Lower Body with Vertical Jumps in a Virtual Reality Exergame,10.1145/3544548.3580973
Rfda5fc702,3,kataoka,watanabe,10.1145/3313831.3376794,Body Follows Eye: Unobtrusive Posture Manipulation Through a Dynamic Content Position in Virtual Reality,10.1145/3313831.3376794
R552bc6812,2,author,watanabe,10.1145/3411764.3445196,A Critical Examination of Virtual Reality Technology in the Context of the Minority Body,10.1145/3411764.3445196
R8e1fb5768,2,author,watanabe,10.1145/3613904.3642008,ErgoPulse: Electrifying Your Lower Body With Biomechanical Simulation-based Electrical Muscle Stimulation Haptic System in Virtual Reality,10.1145/3613904.3642008
Rad706d61e,2,author,watanabe,10.1145/3706598.3713837,MotionBlocks: Modular Geometric Motion Remapping for More Accessible Upper Body Movement in Virtual Reality,10.1145/3706598.3713837
Rbfe42b367,1,author,kataoka,10.1145/3706598.3713874,Understanding Usability of VR Pointing Methods with a Handheld-style HMD for Onsite Exhibitions,10.1145/3706598.3713874
R1d8e44f48,3,kataoka,watanabe,10.1145/3445814.3446715,Q-VR: system-level design for future mobile collaborative virtual reality,10.1145/3445814.3446715
Ra02d11570,3,kataoka,watanabe,10.1145/3491102.3517626,"Super Size Me: Interface Size, Identity and Embodiment in Digital Musical Instrument Design",10.1145/3491102.3517626
Reea08dad2,2,author,watanabe,10.1145/3411764.3445528,Understanding User Identification in Virtual Reality Through Behavioral Biometrics and the Effect of Body Normalization,10.1145/3411764.3445528
R02a693eee,1,author,kataoka,10.1145/3706598.3713864,Modeling Locomotion with Body Angular Movements in Virtual Reality,10.1145/3706598.3713864
R5af67e111,1,author,kataoka,10.1145/3746058.3758361,Exploring the Impact of a Liquid-Based System on Full-Body Weight Perception in Weighted Exercise within Virtual Reality,10.1145/3746058.3758361
R4c796e14d,1,author,kataoka,10.1145/3663548.3675601,Is it Part of Me? Exploring Experiences of Inclusive Avatar Use For Visible and Invisible Disabilities in Social VR,10.1145/3663548.3675601
R296eea617,2,author,watanabe,10.1145/3763332,Fine-Grained Spatially Varying Material Selection in Images,10.1145/3763332
R5164c222c,2,author,watanabe,10.1145/3411764.3445752,Avatar-Mediated Communication in Social VR: An In-depth Exploration of Older Adult Interaction in an Emerging Communication Platform,10.1145/3411764.3445752
R16aad2e8e,3,kataoka,watanabe,10.1145/3610977.3634922,Mind-Body-Identity: A Scoping Review of Multi-Embodiment,10.1145/3610977.3634922
Ra2c9c2864,1,author,kataoka,10.1145/3313831.3376847,WalkingVibe: Reducing Virtual Reality Sickness and Improving Realism while Walking in VR using Unobtrusive Head-mounted Vibrotactile Feedback,10.1145/3313831.3376847
Ref12a2f7f,1,author,kataoka,10.1145/3251729,Session details: HMDs in Augmented &amp; Virtual Reality,10.1145/3251729
Rdf46e96d1,1,author,kataoka,10.1145/3706598.3713607,The Body as Its Own Best Sensor - An Autoethnographic Study of the Sensitivities of the Body in Long-Distance Running,10.1145/3706598.3713607
Rd6271761c,3,kataoka,watanabe,10.1145/3654777.3676409,Selfrionette: A Fingertip Force-Input Controller for Continuous Full-Body Avatar Manipulation and Diverse Haptic Interactions,10.1145/3654777.3676409
Re80268292,3,kataoka,watanabe,10.1145/3386569.3392416,Holographic optics for thin and lightweight virtual reality,10.1145/3386569.3392416
R47897fcaf,2,author,watanabe,10.1145/3526114.3558689,Puppeteer: Manipulating Human Avatar Actions with Intuitive Hand Gestures and Upper-Body Postures,10.1145/3526114.3558689
R571746f85,1,author,kataoka,10.1145/3706598.3713690,Integrating Virtual Reality Head-Mounted Displays into Higher Education Classrooms on a Large Scale,10.1145/3706598.3713690
Rc4932e410,1,author,kataoka,10.1145/3672539.3686754,SoundModVR: Sound Modifications in Virtual Reality for Sound Accessibility,10.1145/3672539.3686754
R3482589a6,1,author,kataoka,10.1145/3491102.3502105,ControllerPose: Inside-Out Body Capture with VR Controller Cameras,10.1145/3491102.3502105
Rac3c32611,3,kataoka,watanabe,10.1145/3173574.3173616,Eyes-Free Target Acquisition in Interaction Space around the Body for Virtual Reality,10.1145/3173574.3173616
R46afaf4f0,3,kataoka,watanabe,10.1145/3586182.3615775,Mo2Hap: Rendering VR Performance Motion Flow to Upper-body Vibrotactile Haptic Feedback,10.1145/3586182.3615775
R79b2dd788,1,author,kataoka,10.1145/3373625.3418042,Teaching ASL Signs using Signing Avatars and Immersive Learning in Virtual Reality,10.1145/3373625.3418042
Rdffca8728,3,kataoka,watanabe,10.1145/3756681.3756939,SecCityVR: Visualization and Collaborative Exploration of Software Vulnerabilities in Virtual Reality,10.1145/3756681.3756939
R83cddd300,2,author,watanabe,10.1145/3313831.3376243,JumpVR: Jump-Based Locomotion Augmentation for Virtual Reality,10.1145/3313831.3376243
R717d58dc1,1,author,kataoka,10.1145/3332165.3347914,Drift-Correction Techniques for Scale-Adaptive VR Navigation,10.1145/3332165.3347914
R694ea2b40,2,author,watanabe,10.1145/3491102.3502035,ZenVR: Design Evaluation of a Virtual Reality Learning System for Meditation,10.1145/3491102.3502035
Rb5b9ab6aa,2,author,watanabe,10.1145/3613904.3642069,InflatableBots: Inflatable Shape-Changing Mobile Robots for Large-Scale Encountered-Type Haptics in VR,10.1145/3613904.3642069
Rd984c406c,3,kataoka,watanabe,10.1145/3663548.3675653,SoundModVR: Sound Modifications in Virtual Reality to Support People who are Deaf and Hard of Hearing,10.1145/3663548.3675653
Rb072e240d,3,kataoka,watanabe,10.1145/3379337.3415891,CoVR: A Large-Scale Force-Feedback Robotic Interface for Non-Deterministic Scenarios in VR,10.1145/3379337.3415891
R6df5ef8fe,1,author,kataoka,10.1145/3544548.3581136,VRGit: A Version Control System for Collaborative Content Creation in Virtual Reality,10.1145/3544548.3581136
Re57e81d25,2,author,watanabe,10.1145/3491102.3501971,ImpactVest: Rendering Spatio-Temporal Multilevel Impact Force Feedback on Body in VR,10.1145/3491102.3501971
Re02fd7723,2,author,watanabe,10.1145/3613904.3642405,“I’d rather drink in VRChat”: Understanding Drinking in Social Virtual Reality,10.1145/3613904.3642405
Rbeeff00d9,3,kataoka,watanabe,10.1145/3706598.3714162,Illusion Spaces in VR: The Interplay Between Size and Taper Angle Perception in Grasping,10.1145/3706598.3714162
R0ed0d1fbd,2,author,watanabe,10.1145/3654777.3676389,LoopBot: Representing Continuous Haptics of Grounded Objects in Room-scale VR,10.1145/3654777.3676389
R79d20fb83,1,author,kataoka,10.1145/3672539.3686316,FisheyeVR: Extending the Field of View by Dynamic Zooming in Virtual Reality,10.1145/3672539.3686316
Rdb39c52b3,2,author,watanabe,10.1145/3411764.3445285,"HairTouch: Providing Stiffness, Roughness and Surface Height Differences Using Reconfigurable Brush Hairs on a VR Controller",10.1145/3411764.3445285
Rc2f4934a9,3,kataoka,watanabe,10.1145/3517428.3544817,SoundVizVR: Sound Indicators for Accessible Sounds in Virtual Reality for Deaf or Hard-of-Hearing Users,10.1145/3517428.3544817
Rf3b0ed060,3,kataoka,watanabe,10.1145/3618260.3649783,Almost Linear Size Edit Distance Sketch,10.1145/3618260.3649783
R4ef703be0,1,author,kataoka,10.1145/3411764.3445160,Physiological and Perceptual Responses to Athletic Avatars while Cycling in Virtual Reality,10.1145/3411764.3445160
R2b1f12a6c,1,author,kataoka,10.1145/3491102.3502119,Meander Coil++: A Body-scale Wireless Power Transmission Using Safe-to-body and Energy-efficient Transmitter Coil,10.1145/3491102.3502119
R54c15e335,2,author,watanabe,10.1145/3706598.3713203,Investigating the Impact of Customized Avatars and the Proteus Effect during Physical Exercise in Virtual Reality,10.1145/3706598.3713203
R386a74291,3,kataoka,watanabe,10.1145/3544548.3581103,Social Virtual Reality as a Mental Health Tool: How People Use VRChat to Support Social Connectedness and Wellbeing,10.1145/3544548.3581103
R7ae0b184a,2,author,watanabe,10.1145/3597638.3608388,A Diary Study in Social Virtual Reality: Impact of Avatars with Disability Signifiers on the Social Experiences of People with Disabilities,10.1145/3597638.3608388
R61d61d56f,3,kataoka,watanabe,10.1145/3663548.3675639,SoundHapticVR: Head-Based Spatial Haptic Feedback for Accessible Sounds in Virtual Reality for Deaf and Hard of Hearing Users,10.1145/3663548.3675639
R55d9358c6,3,kataoka,watanabe,10.1145/3663547.3746364,From Screen Reading to “Scene Reading” in SceneVR: Touch-Based Interaction Techniques for Use in Virtual Reality by Blind and Low-Vision Users,10.1145/3663547.3746364
Ra58f8b64f,2,author,watanabe,10.1145/3373625.3418009,CLEVR: A Customizable Interactive Learning Environment for Users with Low Vision in Virtual Reality,10.1145/3373625.3418009
R236b873af,1,author,kataoka,10.1145/3491102.3501821,VRception: Rapid Prototyping of Cross-Reality Systems in Virtual Reality,10.1145/3491102.3501821
R66b499e8c,1,author,kataoka,10.1145/3313831.3376673,RestoreVR: Generating Embodied Knowledge and Situated Experience of Dunhuang Mural Conservation via Interactive Virtual Reality,10.1145/3313831.3376673
Rfdb0e1a3a,3,kataoka,watanabe,10.1145/3544548.3581396,LearnIoTVR: An End-to-End Virtual Reality Environment Providing Authentic Learning Experiences for Internet of Things,10.1145/3544548.3581396
Rbee8c7b37,3,kataoka,watanabe,10.1145/3746059.3747641,VRSight: An AI-Driven Scene Description System to Improve Virtual Reality Accessibility for Blind People,10.1145/3746059.3747641
Rf33e91113,3,kataoka,watanabe,10.1145/3663547.3759690,RetreatVR: A Design Exploration of an In-Game Quiet Room for Virtual Reality Games for Neurodivergent People,10.1145/3663547.3759690
R974330ea0,2,author,watanabe,10.1145/3313831.3376523,RoomShift: Room-scale Dynamic Haptics for VR with Furniture-moving Swarm Robots,10.1145/3313831.3376523
R691f4b25c,2,author,watanabe,10.1145/3658205,TIP-Editor: An Accurate 3D Editor Following Both Text-Prompts And Image-Prompts,10.1145/3658205
R4c02e279c,1,author,kataoka,10.1145/3735561,LPIC: Learnable Prompts and ID-guided Contrastive Learning for Multimodal Recommendation,10.1145/3735561
Rf47454b6a,2,author,watanabe,10.1145/3513132,TCB-spline-based Image Vectorization,10.1145/3513132
R98d6b69ed,1,author,kataoka,10.1145/3313831.3376286,MoveVR: Enabling Multiform Force Feedback in Virtual Reality using Household Cleaning Robot,10.1145/3313831.3376286
R3bae5e0e0,3,kataoka,watanabe,10.1145/3453682,RLC: A Reinforcement Learning-Based Charging Algorithm for Mobile Devices,10.1145/3453682
Rdcbde3605,3,kataoka,watanabe,10.1145/3478513.3480478,Synthesizing scene-aware virtual reality teleport graphs,10.1145/3478513.3480478
Rfc2f20d15,3,kataoka,watanabe,10.1145/3441290,The state of virtual reality hardware,10.1145/3441290
R9541413ae,2,author,watanabe,10.1145/3720398,Virtual Reality in Dark Tourism: Multisensory Virtual Tourism Experiences with Thermal Stimuli,10.1145/3720398
R404ddef05,3,kataoka,watanabe,10.1145/3524024,Virtual Reality in Contemporary Theatre,10.1145/3524024
R475ad9c8e,3,kataoka,watanabe,10.1145/3440868,Six reasons why virtual reality is a game-changing computing and communication platform for organizations,10.1145/3440868
R01c6dbe34,2,author,watanabe,10.1145/2980179.2980246,Towards foveated rendering for gaze-tracked virtual reality,10.1145/2980179.2980246
R1d2d0a5cd,3,kataoka,watanabe,10.1145/3729538,Behavioral Effects of a Delivery Drone on Feelings of Uncertainty: A Virtual Reality Experiment,10.1145/3729538
Rf1aa996a1,1,author,kataoka,10.1145/3763294,Modeling and Exploiting the Time Course of Chromatic Adaptation for Display Power Optimizations in Virtual Reality,10.1145/3763294
Rbbf760a94,1,author,kataoka,10.1145/3679019,Virtual Empathy: Usability and Immersivity of a VR System for Enhancing Social Cohesion through Cultural Heritage,10.1145/3679019
Re16503c28,2,author,watanabe,10.1145/3377143,Improving Accessibility to Intangible Cultural Heritage Preservation Using Virtual Reality,10.1145/3377143
Rd6834ccf3,3,kataoka,watanabe,10.1145/3622788,VirtualLoc: Large-scale Visual Localization Using Virtual Images,10.1145/3622788
Rbb4c55055,2,author,watanabe,10.1145/3025453.3025683,ShareVR,10.1145/3025453.3025683
R547c628de,2,author,watanabe,10.1145/3290605.3300340,Behavioural Biometrics in VR,10.1145/3290605.3300340
Rca8d428b9,2,author,watanabe,10.1145/3025453.3025962,Malleable Embodiment,10.1145/3025453.3025962
R7bb9d839c,1,author,kataoka,10.1145/3173574.3173739,VR-OOM,10.1145/3173574.3173739
R2518225b6,3,kataoka,watanabe,10.1145/3719027.3765102,"<i>Virtual</i> Reality, <i>Real</i> Problems: A Longitudinal Security Analysis of VR Firmware",10.1145/3719027.3765102
R7b673691c,3,kataoka,watanabe,10.1145/3173574.3173919,Physical Keyboards in Virtual Reality,10.1145/3173574.3173919
Ra9caec106,2,author,watanabe,10.1145/3064663.3064680,Tangible VR,10.1145/3064663.3064680
R915c6ad08,3,kataoka,watanabe,10.1145/3290605.3300763,FTVR in VR,10.1145/3290605.3300763
R44112a55d,3,kataoka,watanabe,10.1145/3204949.3208115,Virtual reality conferencing,10.1145/3204949.3208115
R33c9e301a,2,author,watanabe,10.1145/2984751.2984783,Nomadic Virtual Reality,10.1145/2984751.2984783
Rbd4ceb600,2,author,watanabe,10.1145/3544548.3580738,The Effects of Body Location and Biosignal Feedback Modality on Performance and Workload Using Electromyography in Virtual Reality,10.1145/3544548.3580738
R1a654f892,3,kataoka,watanabe,10.1145/3491102.3502139,The Normal Natural Troubles of Virtual Reality in Mixed-Reality Performances,10.1145/3491102.3502139
R9d87b0229,2,author,watanabe,10.1145/3613904.3642518,ArmDeformation: Inducing the Sensation of Arm Deformation in Virtual Reality Using Skin-Stretching,10.1145/3613904.3642518
R6c14e0b95,3,kataoka,watanabe,10.1145/3613904.3642399,Predicting the Noticeability of Dynamic Virtual Elements in Virtual Reality,10.1145/3613904.3642399
Raae0fb235,2,author,watanabe,10.1145/3491102.3517620,Virtual Feed: Design and Evaluation of a Virtual Reality Simulation Addressing the Lived Experience of Breastfeeding,10.1145/3491102.3517620
R3bbf02c6d,1,author,kataoka,10.1145/3706598.3713305,XCam: Mixed-Initiative Virtual Cinematography for Live Production of Virtual Reality Experiences,10.1145/3706598.3713305
Rdf4ecec42,3,kataoka,watanabe,10.1145/3491102.3517677,Virtual Transcendent Dream: Empowering People through Embodied Flying in Virtual Reality,10.1145/3491102.3517677
Rf1c691809,1,author,kataoka,10.1145/133994.134039,High resolution virtual reality,10.1145/133994.134039
Rcae5ab969,3,kataoka,watanabe,10.1145/3638536,Virtual Reality as Therapy,10.1145/3638536
Ra1dfbd440,3,kataoka,watanabe,10.1145/2544172,Virtual reality redux,10.1145/2544172
R678842f2e,3,kataoka,watanabe,10.1145/3706598.3713558,Asleep at the Virtual Wheel: The Increasing Inaccessibility of Virtual Reality Applications,10.1145/3706598.3713558
R923ec818a,3,kataoka,watanabe,10.1145/229459.229467,Virtual reality in scientific visualization,10.1145/229459.229467
R74351707b,3,kataoka,watanabe,10.1145/3313831.3376562,Do You Feel Like Passing Through Walls?: Effect of Self-Avatar Appearance on Facilitating Realistic Behavior in Virtual Environments,10.1145/3313831.3376562
R515b77a14,3,kataoka,watanabe,10.1145/1460563.1460593,Eye-tracking for avatar eye-gaze and interactional analysis in immersive collaborative virtual environments,10.1145/1460563.1460593
R92f38c53e,2,author,watanabe,10.1145/3797552.3797641,Research on Virtual Exhibition Space Design for Historical Museums Based on VR Technology,10.1145/3797552.3797641
R425e78a8e,1,author,kataoka,10.1145/166117.166172,Virtual reality and computer graphics programming,10.1145/166117.166172
R30da1abca,2,author,watanabe,10.1145/3411764.3445216,Floral Tribute Ritual in Virtual Reality: Design and Validation of SenseVase with Virtual Memorial,10.1145/3411764.3445216
R70fc40713,2,author,watanabe,10.1145/3398386,Transitioning to distance learning and virtual conferencing,10.1145/3398386
Rf5a0f9b04,3,kataoka,watanabe,10.1145/3613904.3642905,"Join Me Here if You Will: Investigating Embodiment and Politeness Behaviors When Joining Small Groups of Humans, Robots, and Virtual Characters",10.1145/3613904.3642905
Rdd914ab5f,1,author,kataoka,10.1145/3578527.3578536,Requirements Elicitation for Virtual Reality Products - A Mapping Study,10.1145/3578527.3578536
R2966e593e,3,kataoka,watanabe,10.1145/3613904.3642957,Promoting Eco-Friendly Behaviour through Virtual Reality - Implementation and Evaluation of Immersive Feedback Conditions of a Virtual CO2 Calculator,10.1145/3613904.3642957
Rafdfb6bbb,2,author,watanabe,10.1145/2754393,Virtual reality in your living room,10.1145/2754393
R2f4cbe8aa,1,author,kataoka,10.1145/260750.260768,Medical applications of virtual reality,10.1145/260750.260768
Rbd706e525,1,author,kataoka,10.1145/229459.229468,Virtual reality for driving simulation,10.1145/229459.229468
Rb4dd5228c,1,author,kataoka,10.1145/3700297.3700299,Research on Strong Interactive Virtual Reality Learning Venues,10.1145/3700297.3700299
Ra5cfb588c,1,author,kataoka,10.1145/3251761,Session details: Augmented &amp; Virtual Reality in the Real World,10.1145/3251761
R96a519bc5,3,kataoka,watanabe,10.1145/3491102.3501884,In-Depth Mouse: Integrating Desktop Mouse into Virtual Reality,10.1145/3491102.3501884
R030a7f029,1,author,kataoka,10.1145/3173574.3173863,Communication Behavior in Embodied Virtual Reality,10.1145/3173574.3173863
R96d9df599,2,author,watanabe,10.1145/3722237.3722286,Research on Virtual Simulation Teaching of Ideological and Political Theory Course in Colleges and Universities under VR Technology,10.1145/3722237.3722286
R195864e2e,2,author,watanabe,10.1145/3313831.3376353,Virtual Reality Without Vision: A Haptic and Auditory White Cane to Navigate Complex Virtual Worlds,10.1145/3313831.3376353
R4b045ae78,3,kataoka,watanabe,10.1145/3663548.3688525,Supporting Sound Accessibility by Exploring Sound Augmentations in Virtual Reality,10.1145/3663548.3688525
R2dc73c8b6,2,author,watanabe,10.1145/263407.263409,Immersion in desktop virtual reality,10.1145/263407.263409
R19cb2d433,3,kataoka,watanabe,10.1145/3706598.3713800,Affective Interactions in Therapeutic Virtual Reality: A Critical Perspective,10.1145/3706598.3713800
R00bf59fd4,3,kataoka,watanabe,10.1145/3474349.3477586,From Illusions to Beyond-Real Interactions in Virtual Reality,10.1145/3474349.3477586
R8408b38c2,1,author,kataoka,10.1145/3636534.3696212,Cross-content User Authentication in Virtual Reality,10.1145/3636534.3696212
Rebf069c73,3,kataoka,watanabe,10.1145/3613904.3642189,People with Disabilities Redefining Identity through Robotic and Virtual Avatars: A Case Study in Avatar Robot Cafe,10.1145/3613904.3642189
R527e2f43e,2,author,watanabe,10.1145/3025453.3025689,Extending the Body for Interaction with Reality,10.1145/3025453.3025689
Rffe2d6c65,2,author,watanabe,10.1145/3064663.3064696,Examining Low-Cost Virtual Reality for Learning in Low-Resource Environments,10.1145/3064663.3064696
R962700ab3,2,author,watanabe,10.1145/3511430.3511452,Enhancing Configurable Limitless Paths in Virtual Reality Environments,10.1145/3511430.3511452
R160bbafe5,1,author,kataoka,10.1145/3313831.3376639,Performance and Experience of Throwing in Virtual Reality,10.1145/3313831.3376639
R3cddda00b,1,author,kataoka,10.1145/3379337.3415878,DataHop: Spatial Data Exploration in Virtual Reality,10.1145/3379337.3415878
R992ba45dc,3,kataoka,watanabe,10.1145/192844.193054,Multiparty videoconferencing at virtual social distance,10.1145/192844.193054
Rf0b3f8f85,2,author,watanabe,10.1145/3025453.3025857,Teaching Language and Culture with a Virtual Reality Game,10.1145/3025453.3025857
R718eff40c,1,author,kataoka,10.1145/3797552.3797718,Application research of virtual reality technology to empower immersive experience in art education,10.1145/3797552.3797718
R3b5ed2a53,3,kataoka,watanabe,10.1145/3586182.3616706,Supporting Independence of Autistic Adults through Mobile and Virtual Reality Technologies,10.1145/3586182.3616706
R3dff80b66,1,author,kataoka,10.1145/237170.237289,The future of virtual reality,10.1145/237170.237289
R09bc3e4ee,2,author,watanabe,10.1145/1394445.1394470,"Constructivism, virtual reality and tools to support design",10.1145/1394445.1394470
Rf9698b7be,3,kataoka,watanabe,10.1145/3706598.3714018,"Virtual Visits, Real Emotions: Designing Social VR Experiences for Imprisoned Fathers and their Children",10.1145/3706598.3714018
Rcd397138e,2,author,watanabe,10.1145/3672539.3686327,TeleHand: Hand-only Teleportation for Distant Object Pointing in Virtual Reality,10.1145/3672539.3686327
R8f3ba8c18,2,author,watanabe,10.1145/3544548.3580736,FingerMapper: Mapping Finger Motions onto Virtual Arms to Enable Safe Virtual Reality Interaction in Confined Spaces,10.1145/3544548.3580736
R1907f1152,2,author,watanabe,10.1145/120782.120784,On temporal-spatial realism in the virtual reality environment,10.1145/120782.120784
R045b2da29,3,kataoka,watanabe,10.1145/3775073.3775127,Virtual Reality Enhanced Online Learning Attention Artificial Intelligence Prediction Method,10.1145/3775073.3775127
R4cba8adef,1,author,kataoka,10.1145/3173574.3174221,Selection-based Text Entry in Virtual Reality,10.1145/3173574.3174221
R218d06766,1,author,kataoka,10.1145/3797552.3797650,Design and Implementation of a Digital Opera Teaching Platform Based on Virtual Reality Technology,10.1145/3797552.3797650
R88d06e09b,3,kataoka,watanabe,10.1145/3526113.3545682,Integrating Real-World Distractions into Virtual Reality,10.1145/3526113.3545682
R98af5fe08,1,author,kataoka,10.1145/3079628.3079710,Harnessing Virtual Reality Exergames and Physical Fitness Sensing to Create a Personalised Game and Dashboard,10.1145/3079628.3079710
Rff9addccf,3,kataoka,watanabe,10.1145/3517428.3563373,Investigating Sign Language Interpreter Rendering and Guiding Methods in Virtual Reality 360-Degree Content,10.1145/3517428.3563373
R7256144da,1,author,kataoka,10.1145/3290605.3300310,PlaneVR,10.1145/3290605.3300310
Rc1b85bf71,1,author,kataoka,10.1145/159161.159160,Virtual reality for palmtop computers,10.1145/159161.159160
R83c47994a,2,author,watanabe,10.1145/3126594.3126617,Panning and Zooming High-Resolution Panoramas in Virtual Reality Devices,10.1145/3126594.3126617
R2045be4b5,1,author,kataoka,10.1145/3722237.3722261,Research on Immersive Virtual Reality Visualization Display System Based on Big Data Technology,10.1145/3722237.3722261
R9adcc567e,3,kataoka,watanabe,10.1145/3474349.3480227,Continuous Travel In Virtual Reality Using a 3D Portal,10.1145/3474349.3480227
R3dbb07a35,1,author,kataoka,10.1145/3379337.3415846,View-Dependent Effects for 360° Virtual Reality Video,10.1145/3379337.3415846
Ra9b6c27ad,2,author,watanabe,10.1145/3313831.3376803,HiveFive: Immersion Preserving Attention Guidance in Virtual Reality,10.1145/3313831.3376803
R9ce464092,1,author,kataoka,10.1145/3379337.3415824,FlowMatic: An Immersive Authoring Tool for Creating Interactive Scenes in Virtual Reality,10.1145/3379337.3415824
R0c94c9382,1,author,kataoka,10.1145/3290605.3300905,Adding Proprioceptive Feedback to Virtual Reality Experiences Using Galvanic Vestibular Stimulation,10.1145/3290605.3300905
R2230c0b36,1,author,kataoka,10.1145/3706598.3714114,How your Physical Environment Affects Spatial Presence in Virtual Reality,10.1145/3706598.3714114
R7b2b46a99,1,author,kataoka,10.1145/3487923.3487931,Virtual Reality Application Based on Inertia,10.1145/3487923.3487931
R119a78510,2,author,watanabe,10.1145/3025453.3025665,CarVR,10.1145/3025453.3025665
Rbb2b82062,2,author,watanabe,10.1145/3474349.3480221,Multi-Window Web Browser with History Tree Visualization for Virtual Reality Environment,10.1145/3474349.3480221
R4d0a4a1cb,2,author,watanabe,10.1145/3613904.3642864,Just Undo It: Exploring Undo Mechanics in Multi-User Virtual Reality,10.1145/3613904.3642864
Re286c9f5e,3,kataoka,watanabe,10.1145/3586183.3606717,InteractionAdapt: Interaction-driven Workspace Adaptation for Situated Virtual Reality Environments,10.1145/3586183.3606717
R7d616de2c,2,author,watanabe,10.1145/3411764.3445474,Exploring Text Revision with Backspace and Caret in Virtual Reality,10.1145/3411764.3445474
Ra4a3bb3f2,1,author,kataoka,10.1145/3491102.3501907,A Model Predictive Control Approach for Reach Redirection in Virtual Reality,10.1145/3491102.3501907
R7cd4db6a5,1,author,kataoka,10.1145/3524273.3533926,Real-time anxiety prediction in virtual reality therapy,10.1145/3524273.3533926
R4bb63705e,3,kataoka,watanabe,10.1145/3313831.3376358,PoCoPo: Handheld Pin-based Shape Display for Haptic Rendering in Virtual Reality,10.1145/3313831.3376358
R5df78da3a,2,author,watanabe,10.1145/3313831.3376409,Levitation Simulator: Prototyping Ultrasonic Levitation Interfaces in Virtual Reality,10.1145/3313831.3376409
Re756e6988,1,author,kataoka,10.1145/3173574.3173914,BreathVR,10.1145/3173574.3173914
Rd69a7812a,2,author,watanabe,10.1145/3587819.3590972,Learning to Predict Head Pose in Remotely-Rendered Virtual Reality,10.1145/3587819.3590972
R1f63a1197,2,author,watanabe,10.1145/3472749.3474753,So Predictable! Continuous 3D Hand Trajectory Prediction in Virtual Reality,10.1145/3472749.3474753
Rc68fbf3b1,1,author,kataoka,10.1145/3613904.3642947,ClassMeta: Designing Interactive Virtual Classmate to Promote VR Classroom Participation,10.1145/3613904.3642947
R5a2d8650f,1,author,kataoka,10.1145/3313831.3376228,Bridging the Virtual and Real Worlds: A Preliminary Study of Messaging Notifications in Virtual Reality,10.1145/3313831.3376228
R211e685d6,3,kataoka,watanabe,10.1145/3722237.3722284,Virtual reality for enhancing spatial ability in Environmental Art Design Education,10.1145/3722237.3722284
R0c68b0841,1,author,kataoka,10.1145/3706598.3713679,Your Hands Can Tell: Detecting Redirected Hand Movements in Virtual Reality,10.1145/3706598.3713679
R5b85c64d4,2,author,watanabe,10.1145/3290605.3300477,Examining and Enhancing the Illusory Touch Perception in Virtual Reality Using Non-Invasive Brain Stimulation,10.1145/3290605.3300477
R6f4a6a6e5,1,author,kataoka,10.1145/3544548.3581329,Challenges of Moderating Social Virtual Reality,10.1145/3544548.3581329
R832668d70,1,author,kataoka,10.1145/3613904.3642412,Behind the Scenes: Adapting Cinematography and Editing Concepts to Navigation in Virtual Reality,10.1145/3613904.3642412
R6852e4c16,2,author,watanabe,10.1145/3524273.3532907,A virtual reality volumetric music video,10.1145/3524273.3532907
Rd39a0de80,1,author,kataoka,10.1145/3491102.3517725,Kuiper Belt: Utilizing the “Out-of-natural Angle” Region in the Eye-gaze Interaction for Virtual Reality,10.1145/3491102.3517725
Re467a65b1,1,author,kataoka,10.1145/3544548.3581501,“Awesomely freaky!” The impact of type on children's social-emotional perceptions of virtual reality characters,10.1145/3544548.3581501
R4269f5e23,1,author,kataoka,10.1145/3706598.3713231,Haptic Biosignals Affect Proxemics Toward Virtual Reality Agents,10.1145/3706598.3713231
Raa8302a66,3,kataoka,watanabe,10.1145/3613904.3642589,FocusFlow: 3D Gaze-Depth Interaction in Virtual Reality Leveraging Active Visual Depth Manipulation,10.1145/3613904.3642589
R98db0c8b6,3,kataoka,watanabe,10.1145/3663548.3688492,Musical Performances in Virtual Reality with Spatial and View-Dependent Audio Descriptions for Blind and Low-Vision Users,10.1145/3663548.3688492
R773654937,2,author,watanabe,10.1145/3613904.3641927,TimeTunnel: Integrating Spatial and Temporal Motion Editing for Character Animation in Virtual Reality,10.1145/3613904.3641927
R7cd562835,2,author,watanabe,10.1145/3411764.3445596,Digital Transformations of Classrooms in Virtual Reality,10.1145/3411764.3445596
R2f24e439a,3,kataoka,watanabe,10.1145/3613904.3642281,Implementation of Virtual Reality Motivated Physical Activity via Omnidirectional Treadmill in a Supported Living Facility for Older Adults: A Mixed-Methods Evaluation.: Virtual reality to motivate physical activity for older adults,10.1145/3613904.3642281
Rf2d12c269,1,author,kataoka,10.1145/3613904.3642635,Barriers to Photosensitive Accessibility in Virtual Reality,10.1145/3613904.3642635
Rc1f3a1953,3,kataoka,watanabe,10.1145/3447490.3447502,Application of Nonimmersive Virtual Reality Technology in an Environmental Design Course: A Study of Gender Difference,10.1145/3447490.3447502
R746b1c352,2,author,watanabe,10.1145/3079628.3079679,Towards a Long Term Model of Virtual Reality Exergame Exertion,10.1145/3079628.3079679
Rd74cd60a4,2,author,watanabe,10.1145/2815585.2817776,Creating a Mobile Head-mounted Display with Proprietary Controllers for Interactive Virtual Reality Content,10.1145/2815585.2817776
R91e83c0ec,1,author,kataoka,10.1145/3491102.3501828,Vibing Together: Dance Experiences in Social Virtual Reality,10.1145/3491102.3501828
R6ac3eb81a,1,author,kataoka,10.1145/3313831.3376265,Virtual Reality Games for People Using Wheelchairs,10.1145/3313831.3376265
R6110f4bd0,3,kataoka,watanabe,10.1145/3313831.3376470,Wireality: Enabling Complex Tangible Geometries in Virtual Reality with Worn Multi-String Haptics,10.1145/3313831.3376470
Rdafdb843d,3,kataoka,watanabe,10.1145/3663548.3675618,Towards Accessible Musical Performances in Virtual Reality: Designing a Conceptual Framework for Omnidirectional Audio Descriptions,10.1145/3663548.3675618
R45698fde7,1,author,kataoka,10.1145/3290605.3300514,TutoriVR,10.1145/3290605.3300514
R1b1174ee9,3,kataoka,watanabe,10.1145/3491102.3517714,Elements of XR Prototyping: Characterizing the Role and Use of Prototypes in Augmented and Virtual Reality Design,10.1145/3491102.3517714
R4936299d5,3,kataoka,watanabe,10.1145/3411764.3445729,Proxemics and Social Interactions in an Instrumented Virtual Reality Workshop,10.1145/3411764.3445729
R2ce5c0ef7,1,author,kataoka,10.1145/2984511.2984535,GyroVR,10.1145/2984511.2984535
Recc325666,1,author,kataoka,10.1145/3025453.3026028,Effects of Sharing Physiological States of Players in a Collaborative Virtual Reality Gameplay,10.1145/3025453.3026028
R9f4e2cb91,3,kataoka,watanabe,10.1145/3411764.3445537,vMirror: Enhancing the Interaction with Occluded or Distant Objects in VR with Virtual Mirrors,10.1145/3411764.3445537
R7f742451d,3,kataoka,watanabe,10.1145/3706598.3714244,"Understanding ""Mutes"" in Social Virtual Reality",10.1145/3706598.3714244
Rc85b6399a,1,author,kataoka,10.1145/3025453.3025675,Vremiere,10.1145/3025453.3025675
Ref4953c2b,3,kataoka,watanabe,10.1145/1143997.1144123,Multiobjective evolutionary optimization for visual data mining with virtual reality spaces,10.1145/1143997.1144123
R74a67185d,1,author,kataoka,10.1145/3706598.3713358,Motion-Coupled Asymmetric Vibration for Pseudo Force Rendering in Virtual Reality,10.1145/3706598.3713358
R33970aebb,2,author,watanabe,10.1145/3313831.3376438,Outline Pursuits: Gaze-assisted Selection of Occluded Objects in Virtual Reality,10.1145/3313831.3376438
Rce0b6f269,3,kataoka,watanabe,10.1145/2984511.2984519,Immersive Scuba Diving Simulator Using Virtual Reality,10.1145/2984511.2984519
R0a1eb3ffd,1,author,kataoka,10.1145/3173574.3173673,Object Manipulation in Virtual Reality Under Increasing Levels of Translational Gain,10.1145/3173574.3173673
R58871a531,1,author,kataoka,10.1145/3526113.3545632,Optimizing the Timing of Intelligent Suggestion in Virtual Reality,10.1145/3526113.3545632
Rd8043165f,3,kataoka,watanabe,10.1145/3472749.3474782,X-Rings: A Hand-mounted 360° Shape Display for Grasping in Virtual Reality,10.1145/3472749.3474782
Rc86212d1a,1,author,kataoka,10.1145/3173574.3173815,VirtualSpace - Overloading Physical Space with Multiple Virtual Reality Users,10.1145/3173574.3173815
R6ec21774f,3,kataoka,watanabe,10.1145/3526114.3558625,Demonstrating the Integration of Real-World Distractions in Virtual Reality,10.1145/3526114.3558625
R6f27e4f99,1,author,kataoka,10.1145/3173574.3174034,Conveying the Perception of Kinesthetic Feedback in Virtual Reality using State-of-the-Art Hardware,10.1145/3173574.3174034
R6e342fa96,1,author,kataoka,10.1145/3290605.3300479,Enhancing Texture Perception in Virtual Reality Using 3D-Printed Hair Structures,10.1145/3290605.3300479
Rdc854af5e,3,kataoka,watanabe,10.1145/3672539.3686742,Demonstration of JetUnit: Rendering Diverse Force Feedback in Virtual Reality Using Water Jets,10.1145/3672539.3686742
Rf1042bddd,1,author,kataoka,10.1145/3613904.3642838,"Snap, Pursuit and Gain: Virtual Reality Viewport Control by Gaze",10.1145/3613904.3642838
Re0098b059,2,author,watanabe,10.1145/3313831.3376722,"Creating Augmented and Virtual Reality Applications: Current Practices, Challenges, and Opportunities",10.1145/3313831.3376722
Rb50f23bef,1,author,kataoka,10.1145/3706598.3713816,A Scaffold-Based Tool for Product Design Variations in Virtual Reality,10.1145/3706598.3713816
Ra9f298a17,2,author,watanabe,10.1145/3613904.3642359,Navigating the Virtual Gaze: Social Anxiety's Role in VR Proxemics,10.1145/3613904.3642359
R528d38350,2,author,watanabe,10.1145/3586182.3615818,FocusFlow: Leveraging Focal Depth for Gaze Interaction in Virtual Reality,10.1145/3586182.3615818
Rb0827bba5,3,kataoka,watanabe,10.1145/3544548.3581259,"Going, Going, Gone: Exploring Intention Communication for Multi-User Locomotion in Virtual Reality",10.1145/3544548.3581259
R6bd37da19,3,kataoka,watanabe,10.1145/3587819.3592555,Adaptive streaming of 3D content for web-based virtual reality: an open-source prototype including several metrics and strategies,10.1145/3587819.3592555
R02032f060,2,author,watanabe,10.1145/166117.166134,Surround-screen projection-based virtual reality,10.1145/166117.166134
R2589773c7,3,kataoka,watanabe,10.1145/3706598.3713720,CreepyCoCreator? Investigating AI Representation Modes for 3D Object Co-Creation in Virtual Reality,10.1145/3706598.3713720
R787facce3,1,author,kataoka,10.1145/3706598.3713400,Virtual Worlds Beyond Sight: Designing and Evaluating an Audio-Haptic System for Non-Visual VR Exploration,10.1145/3706598.3713400
Re8bf0aeb7,3,kataoka,watanabe,10.1145/3544548.3580677,HandyCast: Phone-based Bimanual Input for Virtual Reality in Mobile and Space-Constrained Settings via Pose-and-Touch Transfer,10.1145/3544548.3580677
R11d14e0f2,3,kataoka,watanabe,10.1145/3775073.3775084,Design of Interactive Teaching Method for Online Physical Education Courses in Colleges and Universities Based on Virtual Reality Technology,10.1145/3775073.3775084
Rd1656620a,1,author,kataoka,10.1145/3613904.3642354,Metrics of Motor Learning for Analyzing Movement Mapping in Virtual Reality,10.1145/3613904.3642354
Rfee1725bc,3,kataoka,watanabe,10.1145/3411764.3445456,Visuo-haptic Illusions for Linear Translation and Stretching using Physical Proxies in Virtual Reality,10.1145/3411764.3445456
R6714977a8,3,kataoka,watanabe,10.1145/3458305.3478451,User Mobility Simulator for Full-Immersive Multiuser Virtual Reality with Redirected Walking,10.1145/3458305.3478451
R10dd63e2d,2,author,watanabe,10.1145/3706598.3713577,Democratic Moderation: Exploring the Use and Perception of Votekicking in Social Virtual Reality,10.1145/3706598.3713577
R7fdb14966,3,kataoka,watanabe,10.1145/3290605.3300590,Using Presence Questionnaires in Virtual Reality,10.1145/3290605.3300590
R897545071,3,kataoka,watanabe,10.1145/3266037.3271643,Collaborative Virtual Reality for Low-Latency Interaction,10.1145/3266037.3271643
R2185178cc,3,kataoka,watanabe,10.1145/2858036.2858065,Compensating for Distance Compression in Audiovisual Virtual Environments Using Incongruence,10.1145/2858036.2858065
R9571021e3,2,author,watanabe,10.1145/2984751.2984787,Physiological Signal-Driven Virtual Reality in Social Spaces,10.1145/2984751.2984787
Rdfb9f03ae,3,kataoka,watanabe,10.1145/3706598.3714204,When Do We Feel Present in a Virtual Reality? Towards Sensitivity and User Acceptance of Presence Questionnaires,10.1145/3706598.3714204
Rf67eab14a,3,kataoka,watanabe,10.1145/3706598.3713172,"Meditating Together: Practices, Benefits and Challenges of Meditation on Social Virtual Reality",10.1145/3706598.3713172
R59a9f0b31,3,kataoka,watanabe,10.1145/3613904.3642935,Exploring Visualizations for Precisely Guiding Bare Hand Gestures in Virtual Reality,10.1145/3613904.3642935
R60430e5cb,1,author,kataoka,10.1145/3313831.3376340,Improving Humans' Ability to Interpret Deictic Gestures in Virtual Reality,10.1145/3313831.3376340
Rd6a73255e,3,kataoka,watanabe,10.1145/3242587.3242636,Evaluation of Interaction Techniques for a Virtual Reality Reading Room in Diagnostic Radiology,10.1145/3242587.3242636
R9534f50cc,3,kataoka,watanabe,10.1145/3319502.3374825,Vestibular Feedback on a Virtual Reality Wheelchair Driving Simulator,10.1145/3319502.3374825
R025c7d918,3,kataoka,watanabe,10.1145/3613904.3642154,Assessing the Influence of Visual Cues in Virtual Reality on the Spatial Perception of Physical Thermal Stimuli,10.1145/3613904.3642154
R8cbe156e7,2,author,watanabe,10.1145/3526113.3545628,Detecting Input Recognition Errors and User Errors using Gaze Dynamics in Virtual Reality,10.1145/3526113.3545628
R88f6e9c07,3,kataoka,watanabe,10.1145/3746059.3747790,Adaptique: Multi-objective and Context-aware Online Adaptation of Selection Techniques in Virtual Reality,10.1145/3746059.3747790
R6c1626723,3,kataoka,watanabe,10.1145/3544548.3581223,Using Pseudo-Stiffness to Enrich the Haptic Experience in Virtual Reality,10.1145/3544548.3581223
R9cbee19c2,2,author,watanabe,10.1145/3304109.3323838,Multi-sensor capture and network processing for virtual reality conferencing,10.1145/3304109.3323838
R3c296205d,1,author,kataoka,10.1145/3746059.3747754,Delusionized? Potential Harms of Proprioceptive Manipulations through Hand Redirection in Virtual Reality,10.1145/3746059.3747754
R872b42349,3,kataoka,watanabe,10.1145/3491102.3502129,Designing and Assessing a Virtual Reality Simulation to Build Resilience to Street Harassment,10.1145/3491102.3502129
Rf00f5af8e,2,author,watanabe,10.1145/3544548.3581399,Toward Inclusive Mindsets: Design Opportunities to Represent Neurodivergent Work Experiences to Neurotypical Co-Workers in Virtual Reality,10.1145/3544548.3581399
R20e9e69f7,2,author,watanabe,10.1145/3544548.3581093,Through Their Eyes and In Their Shoes: Providing Group Awareness During Collaboration Across Virtual Reality and Desktop Platforms,10.1145/3544548.3581093
R621a31670,2,author,watanabe,10.1145/3706598.3713777,A Multimodal Approach for Targeting Error Detection in Virtual Reality Using Implicit User Behavior,10.1145/3706598.3713777
R436063674,3,kataoka,watanabe,10.1145/3706598.3713409,Facilitating Daily Practice in Intangible Cultural Heritage through Virtual Reality: A Case Study of Traditional Chinese Flower Arrangement,10.1145/3706598.3713409
Rfcac1eb21,2,author,watanabe,10.1145/3313831.3376628,VRSketchIn,10.1145/3313831.3376628
R909028ecb,1,author,kataoka,10.1145/3544548.3580947,Drifting Off in Paradise: Why People Sleep in Virtual Reality,10.1145/3544548.3580947
Refe035683,3,kataoka,watanabe,10.1145/3613904.3642244,"Socially Late, Virtually Present: The Effects of Transforming Asynchronous Social Interactions in Virtual Reality",10.1145/3613904.3642244
R87bac3a3c,3,kataoka,watanabe,10.1145/3411764.3445064,Armstrong: An Empirical Examination of Pointing at Non-Dominant Arm-Anchored UIs in Virtual Reality,10.1145/3411764.3445064
Ra8f971720,1,author,kataoka,10.1145/3313831.3376714,Touché: Data-Driven Interactive Sword Fighting in Virtual Reality,10.1145/3313831.3376714
R28948e927,3,kataoka,watanabe,10.1145/3581641.3584072,Gaze Speedup: Eye Gaze Assisted Gesture Typing in Virtual Reality,10.1145/3581641.3584072
Rc1d3b3400,3,kataoka,watanabe,10.1145/3613904.3642073,Beyond the Blink: Investigating Combined Saccadic &amp; Blink-Suppressed Hand Redirection in Virtual Reality,10.1145/3613904.3642073
R0e3a4dd68,1,author,kataoka,10.1145/2858036.2858040,SwiVRChair,10.1145/2858036.2858040
Rcf81b0011,3,kataoka,watanabe,10.1145/3706598.3713213,"Self-Disclosure in Social Virtual Reality: The Influence of Information Management Dynamics, Social Presence, and Privacy Concerns",10.1145/3706598.3713213
Rc7b2ea20d,1,author,kataoka,10.1145/3313831.3376419,Inducing and Mitigating Stereotype Threat Through Gendered Virtual Body-Swap Illusions,10.1145/3313831.3376419
Rcd434e879,3,kataoka,watanabe,10.1145/3397271.3401303,Immersive Search: Using Virtual Reality to Examine How a Third Dimension Impacts the Searching Process,10.1145/3397271.3401303
R77e2566df,3,kataoka,watanabe,10.1145/3746058.3758399,Understanding Asymmetric Collaboration in Augmented and Virtual Reality Immersive Environments,10.1145/3746058.3758399
R94df1f8ce,3,kataoka,watanabe,10.1145/3544548.3581530,"""We Cried on Each Other’s Shoulders"": How LGBTQ+ Individuals Experience Social Support in Social Virtual Reality",10.1145/3544548.3581530
R0e55abc3f,1,author,kataoka,10.1145/3544548.3581467,Investigating Eyes-away Mid-air Typing in Virtual Reality using Squeeze haptics-based Postural Reinforcement,10.1145/3544548.3581467
R0b71476da,1,author,kataoka,10.1145/3544548.3581557,"UndoPort: Exploring the Influence of Undo-Actions for Locomotion in Virtual Reality on the Efficiency, Spatial Understanding and User Experience",10.1145/3544548.3581557
R84af25bd2,2,author,watanabe,10.1145/3706598.3714264,Birds of a Rhythm: The Effects of Haptic Pattern Similarity on People's Social Perceptions in Virtual Reality,10.1145/3706598.3714264
Rcf9403141,2,author,watanabe,10.1145/3706598.3713647,Juggling Extra Limbs: Identifying Control Strategies for Supernumerary Multi-Arms in Virtual Reality,10.1145/3706598.3713647
Rc672eb666,1,author,kataoka,10.1145/3313831.3376303,Knock on Wood: Combining Redirected Touching and Physical Props for Tool-Based Interaction in Virtual Reality,10.1145/3313831.3376303
R9de72ff0a,1,author,kataoka,10.1145/3524273.3533928,Analyzing and understanding embodied interactions in virtual reality systems,10.1145/3524273.3533928
R4f36b6a24,2,author,watanabe,10.1145/3663547.3746402,How Accessible are Virtual Reality Freehand Gestures? Understanding Barriers for Users with Upper Limb Motor Impairments,10.1145/3663547.3746402
R06dee6b20,1,author,kataoka,10.1145/3654777.3676463,GradualReality: Enhancing Physical Object Interaction in Virtual Reality via Interaction State-Aware Blending,10.1145/3654777.3676463
R8caa5711f,1,author,kataoka,10.1145/3544548.3581090,Towards Leveraging AI-based Moderation to Address Emergent Harassment in Social Virtual Reality,10.1145/3544548.3581090
Rf78e8b84f,1,author,kataoka,10.1145/3613904.3642658,MobileGravity: Mobile Simulation of a High Range of Weight in Virtual Reality,10.1145/3613904.3642658
R9af75f4ae,2,author,watanabe,10.1145/3663548.3688503,Insights from Immersive Learning: Using Sentiment Analysis and Real-time Narration to Refine ASL Instruction in Virtual Reality,10.1145/3663548.3688503
R93e5410ff,1,author,kataoka,10.1145/3332165.3347929,CAVRN,10.1145/3332165.3347929
R4213a1a93,1,author,kataoka,10.1145/3544548.3580888,Induce a Blink of the Eye: Evaluating Techniques for Triggering Eye Blinks in Virtual Reality,10.1145/3544548.3580888
R35be54710,3,kataoka,watanabe,10.1145/3544548.3581405,Bridging the Generational Gap: Exploring How Virtual Reality Supports Remote Communication Between Grandparents and Grandchildren,10.1145/3544548.3581405
R5accafec7,3,kataoka,watanabe,10.1145/3706598.3713507,Generative Role-Play Communication Training in Virtual Reality for Autistic Individuals: A Study on Job Coach Experiences in Vocational Training Programs,10.1145/3706598.3713507
Re30f5bebf,1,author,kataoka,10.1145/2988287.2989163,Do LoRa Low-Power Wide-Area Networks Scale?,10.1145/2988287.2989163
R1ed35cedb,3,kataoka,watanabe,10.1145/3746058.3758403,Investigating Blind People's Route Perception of Complex Pre-Mapped Routes in Virtual Reality,10.1145/3746058.3758403
Rd936ca32a,1,author,kataoka,10.1145/3491102.3517641,Towards Collaborative Learning in Virtual Reality: A Comparison of Co-Located Symmetric and Asymmetric Pair-Learning,10.1145/3491102.3517641
R2556aa9c3,3,kataoka,watanabe,10.1145/3706598.3713398,TravelGalleria: Supporting Remembrance and Reflection of Travel Experiences through Digital Storytelling in Virtual Reality,10.1145/3706598.3713398
Rb9bed6214,2,author,watanabe,10.1145/3411764.3445671,"Understanding, Detecting and Mitigating the Effects of Coactivations in Ten-Finger Mid-Air Typing in Virtual Reality",10.1145/3411764.3445671
R294a0327b,3,kataoka,watanabe,10.1145/3313831.3376554,Too Hot to Handle: An Evaluation of the Effect of Thermal Visual Representation on User Grasping Interaction in Virtual Reality,10.1145/3313831.3376554
Rc7828e070,1,author,kataoka,10.1145/3586183.3606798,Double-Sided Tactile Interactions for Grasping in Virtual Reality,10.1145/3586183.3606798
R388b3e425,2,author,watanabe,10.1145/3544548.3580927,InfinitePaint: Painting in Virtual Reality with Passive Haptics Using Wet Brushes and a Physical Proxy Canvas,10.1145/3544548.3580927
R9394867d8,3,kataoka,watanabe,10.1145/3313831.3376396,Supporting Self-Injury Recovery: The Potential for Virtual Reality Intervention,10.1145/3313831.3376396
R745b7aa29,2,author,watanabe,10.1145/3610977.3634923,A Virtual Reality Framework for Human-Driver Interaction Research: Safe and Cost-Effective Data Collection,10.1145/3610977.3634923
Rdb27c4cc9,3,kataoka,watanabe,10.1145/2858036.2858140,Novel Optical Configurations for Virtual Reality,10.1145/2858036.2858140
Re11394f34,2,author,watanabe,10.1145/3491102.3517529,Predicting Opportune Moments to Deliver Notifications in Virtual Reality,10.1145/3491102.3517529
R876fff38f,2,author,watanabe,10.1145/3411764.3445801,"Effect of Gameplay Uncertainty, Display Type, and Age on Virtual Reality Exergames",10.1145/3411764.3445801
R14c8e6279,1,author,kataoka,10.1145/3597638.3608410,Embodied Exploration: Facilitating Remote Accessibility Assessment for Wheelchair Users with Virtual Reality,10.1145/3597638.3608410
R398abee0d,3,kataoka,watanabe,10.1145/3643916.3644438,Immersive Software Archaeology: Collaborative Exploration and Note Taking in Virtual Reality,10.1145/3643916.3644438
R4b8269426,3,kataoka,watanabe,10.1145/3472749.3474797,Weirding Haptics: In-Situ Prototyping of Vibrotactile Feedback in Virtual Reality through Vocalization,10.1145/3472749.3474797
R269ad3e61,2,author,watanabe,10.1145/3613904.3642757,Exploration of Foot-based Text Entry Techniques for Virtual Reality Environments,10.1145/3613904.3642757
R43e1f6078,2,author,watanabe,10.1145/3643916.3644427,Collaborative Software Exploration with Multimedia Note Taking in Virtual Reality,10.1145/3643916.3644427
R890809b50,1,author,kataoka,10.1145/3663548.3687134,Exploring the Accessibility of Social Virtual Reality for People with ADHD and Autism: Preliminary Insights,10.1145/3663548.3687134
R08097ceca,2,author,watanabe,10.1145/3613904.3642471,Kinetic Signatures: A Systematic Investigation of Movement-Based User Identification in Virtual Reality,10.1145/3613904.3642471
R7af7bfe51,2,author,watanabe,10.1145/3593429,Tangible User Interfaces for Enhancing User Experience of Virtual Reality Cultural Heritage Applications for Utilization in Educational Environment,10.1145/3593429
Rf791968a7,2,author,watanabe,10.1145/3544548.3580707,Let’s Face It: Influence of Facial Expressions on Social Presence in Collaborative Virtual Reality,10.1145/3544548.3580707
R2dcae5a59,3,kataoka,watanabe,10.1145/3654777.3676363,Flip-Pelt: Motor-Driven Peltier Elements for Rapid Thermal Stimulation and Congruent Pressure Feedback in Virtual Reality,10.1145/3654777.3676363
R3ef80e921,2,author,watanabe,10.1145/3290605.3300377,Assessing the Accuracy of Point &amp; Teleport Locomotion with Orientation Indication for Virtual Reality using Curved Trajectories,10.1145/3290605.3300377
Re78d457b0,1,author,kataoka,10.1145/3173574.3173690,Enabling People with Visual Impairments to Navigate Virtual Reality with a Haptic and Auditory Cane Simulation,10.1145/3173574.3173690
Rd87a1b237,2,author,watanabe,10.1145/3544548.3580963,Towards a Bedder Future: A Study of Using Virtual Reality while Lying Down,10.1145/3544548.3580963
R7784584f4,3,kataoka,watanabe,10.1145/3313831.3376788,Would you do it?: Enacting Moral Dilemmas in Virtual Reality for Understanding Ethical Decision-Making,10.1145/3313831.3376788
R36cc9e3d4,1,author,kataoka,10.1145/3313831.3376719,A Human Touch: Social Touch Increases the Perceived Human-likeness of Agents in Virtual Reality,10.1145/3313831.3376719
Rf39413f88,2,author,watanabe,10.1145/3491102.3517454,Smooth as Steel Wool: Effects of Visual Stimuli on the Haptic Perception of Roughness in Virtual Reality,10.1145/3491102.3517454
R4966dce6e,3,kataoka,watanabe,10.1145/3173574.3173937,Understanding Users' Capability to Transfer Information between Mixed and Virtual Reality,10.1145/3173574.3173937
Rdc52821ac,1,author,kataoka,10.1145/3491102.3501953,Haptic Fidelity Framework: Defining the Factors of Realistic Haptic Feedback for Virtual Reality,10.1145/3491102.3501953
R89051aa78,3,kataoka,watanabe,10.1145/3411764.3445588,Effects of Emotion and Agency on Presence in Virtual Reality,10.1145/3411764.3445588
Rf24d524ac,2,author,watanabe,10.1145/3726302.3729947,Designing Search Engine Result Pages for Immersive Virtual Reality: Insights from Eye-Tracking and User Perception Data,10.1145/3726302.3729947
R60dc2c0dc,1,author,kataoka,10.1145/3563359.3596991,Virtual Reality Health Education to Prevent Musculoskeletal Disorders and Chronic Low Back Pain in Formal and Informal Caregivers.,10.1145/3563359.3596991
Re9ce36c74,2,author,watanabe,10.1145/2984751.2984772,Peripersonal Space in Virtual Reality,10.1145/2984751.2984772
R6c267fdb9,3,kataoka,watanabe,10.1145/3706598.3713109,Exploring LLM-Powered Role and Action-Switching Pedagogical Agents for History Education in Virtual Reality,10.1145/3706598.3713109
Rfadbfa085,3,kataoka,watanabe,10.1145/3544548.3581464,"""I Am a Mirror Dweller"": Probing the Unique Strategies Users Take to Communicate in the Context of Mirrors in Social Virtual Reality",10.1145/3544548.3581464
R036c3ee46,1,author,kataoka,10.1145/3613904.3642611,Sweating the Details: Emotion Recognition and the Influence of Physical Exertion in Virtual Reality Exergaming,10.1145/3613904.3642611
R2ef92a520,2,author,watanabe,10.1145/3083187.3083188,A Boundary and Texture Preserving Mesh Simplification Algorithm for Virtual Reality,10.1145/3083187.3083188
Rc8cebe188,1,author,kataoka,10.1145/3663547.3746365,"PunchPulse: A Physically Demanding Virtual Reality Boxing Game Designed with, for and by Blind and Low-Vision Players",10.1145/3663547.3746365
R49ef883ee,3,kataoka,watanabe,10.1145/3797552.3797616,Machine Learning–Driven Analysis of the Impact of Virtual Reality-Integrated College Japanese Courses on Students' Learning Motivation and Intercultural Understanding,10.1145/3797552.3797616
R0f0d19bf7,3,kataoka,watanabe,10.1145/3526113.3545701,RIDS: Implicit Detection of a Selection Gesture Using Hand Motion Dynamics During Freehand Pointing in Virtual Reality,10.1145/3526113.3545701
R128e80aee,1,author,kataoka,10.1145/3204949.3208118,"A QoE assessment method based on EDA, heart rate and EEG of a virtual reality assistive technology system",10.1145/3204949.3208118
R1de86b33b,2,author,watanabe,10.1145/3025453.3025566,VRRRRoom,10.1145/3025453.3025566
R39285b37a,3,kataoka,watanabe,10.1145/3785987.3785988,Research and Application Exploration of Gesture Interaction Technology in Virtual Reality Environment: Taking Gesture in game World as an example,10.1145/3785987.3785988
R03471e1ab,1,author,kataoka,10.1145/3491102.3501847,Mixing in Reverse Optical Flow to Mitigate Vection and Simulation Sickness in Virtual Reality,10.1145/3491102.3501847
Rfd2bea4b4,1,author,kataoka,10.1145/3539618.3592057,Searching for Products in Virtual Reality: Understanding the Impact of Context and Result Presentation on User Experience,10.1145/3539618.3592057
Ra95a15c67,1,author,kataoka,10.1145/3706598.3713674,Quantifying Social Connection With Verbal and Non-Verbal Behaviors in Virtual Reality Conversations,10.1145/3706598.3713674
Rd81e005ae,3,kataoka,watanabe,10.1145/3563359.3596666,Personalizing Cultural Heritage Access in a Virtual Reality Exhibition: A User Study on Viewing Behavior and Content Preferences,10.1145/3563359.3596666
Rcbb260c91,3,kataoka,watanabe,10.1145/3290605.3300897,Measuring and Understanding Photo Sharing Experiences in Social Virtual Reality,10.1145/3290605.3300897
R901dcac4c,2,author,watanabe,10.1145/3491102.3501956,The Role of Staff in Facilitating Immersive Virtual Reality for Enrichment in Aged Care: An Ethic of Care Perspective,10.1145/3491102.3501956
R7e6fb1d34,2,author,watanabe,10.1145/3626772.3657892,Unbiased Learning to Rank Meets Reality: Lessons from Baidu's Large-Scale Search Dataset,10.1145/3626772.3657892
R2ea98a214,1,author,kataoka,10.1145/3025453.3025600,Providing Haptics to Walls &amp; Heavy Objects in Virtual Reality by Means of Electrical Muscle Stimulation,10.1145/3025453.3025600
Rf04f41c37,3,kataoka,watanabe,10.1145/3706598.3714220,ChoreoCraft: In-situ Crafting of Choreography in Virtual Reality through Creativity Support Tool,10.1145/3706598.3714220
R9413669d1,3,kataoka,watanabe,10.1145/3290605.3300657,Detecting Visuo-Haptic Mismatches in Virtual Reality using the Prediction Error Negativity of Event-Related Brain Potentials,10.1145/3290605.3300657
R5413f6fd7,3,kataoka,watanabe,10.1145/3491102.3517549,Overcoming Legacy Bias: Re-Designing Gesture Interactions in Virtual Reality With a San Community in Namibia,10.1145/3491102.3517549
R86517dd57,1,author,kataoka,10.1145/3597638.3608406,The Eyes Have It: Visual Feedback Methods to Make Walking in Immersive Virtual Reality More Accessible for People With Mobility Impairments While Utilizing Head-Mounted Displays,10.1145/3597638.3608406
Rdfe109ea3,3,kataoka,watanabe,10.1145/3617232.3624860,Exploiting Human Color Discrimination for Memory- and Energy-Efficient Image Encoding in Virtual Reality,10.1145/3617232.3624860
Rb3e1c94d5,3,kataoka,watanabe,10.1145/3636534.3697322,Experimenting with Adaptive Bitrate Algorithms for Virtual Reality Streaming over Wi-Fi,10.1145/3636534.3697322
Rddb3d74d0,1,author,kataoka,10.1145/3613904.3642879,Doorways Do Not Always Cause Forgetting: Studying the Effect of Locomotion Technique and Doorway Visualization in Virtual Reality,10.1145/3613904.3642879
Rbd845287f,3,kataoka,watanabe,10.1145/3706598.3713642,TogetherReflect: Supporting Emotional Expression in Couples Through a Collaborative Virtual Reality Experience,10.1145/3706598.3713642
Rbbf7b2443,2,author,watanabe,10.1145/3290605.3300426,Experimental Analysis of Barehand Mid-air Mode-Switching Techniques in Virtual Reality,10.1145/3290605.3300426
R5faacc037,3,kataoka,watanabe,10.1145/3597638.3608386,“The Guide Has Your Back”: Exploring How Sighted Guides Can Enhance Accessibility in Social Virtual Reality for Blind and Low Vision People,10.1145/3597638.3608386
Rb8fb0e893,3,kataoka,watanabe,10.1145/3313831.3376687,Improving Virtual Reality Ergonomics Through Reach-Bounded Non-Linear Input Amplification,10.1145/3313831.3376687
R42b87d58a,3,kataoka,watanabe,10.1145/3544548.3580718,Using Virtual Reality to Shape Humanity’s Return to the Moon: Key Takeaways from a Design Study,10.1145/3544548.3580718
Ra2a6cac27,2,author,watanabe,10.1145/3526113.3545673,DEEP: 3D Gaze Pointing in Virtual Reality Leveraging Eyelid Movement,10.1145/3526113.3545673
R75f307a48,1,author,kataoka,10.1145/3613904.3642552,Experiencing Dynamic Weight Changes in Virtual Reality Through Pseudo-Haptics and Vibrotactile Feedback,10.1145/3613904.3642552
Ra739bb10c,2,author,watanabe,10.1145/3411764.3445343,Gaze-Supported 3D Object Manipulation in Virtual Reality,10.1145/3411764.3445343
R299d67d5a,3,kataoka,watanabe,10.1145/3706598.3713767,TelePulse: Enhancing the Teleoperation Experience through Biomechanical Simulation-Based Electrical Muscle Stimulation in Virtual Reality,10.1145/3706598.3713767
R7aa47d71f,2,author,watanabe,10.1145/3706598.3714003,Tendon Vibration for Creating Movement Illusions in Virtual Reality,10.1145/3706598.3714003
R65d15e1fa,3,kataoka,watanabe,10.1145/3613904.3642091,Improving Electromyographic Muscle Response Times through Visual and Tactile Prior Stimulation in Virtual Reality,10.1145/3613904.3642091
R413632c29,2,author,watanabe,10.1145/3613904.3642741,"Process, Roles, Tools, and Team: Understanding the Emerging Medium of Virtual Reality Theatre",10.1145/3613904.3642741
Rb154c7a2e,2,author,watanabe,10.1145/3308561.3353810,Identifying Comfort Areas in 3D Space for Persons with Upper Extremity Mobility Impairments Using Virtual Reality,10.1145/3308561.3353810
R60e6f5475,1,author,kataoka,10.1145/3313831.3376221,A Palette of Deepened Emotions: Exploring Emotional Challenge in Virtual Reality Games,10.1145/3313831.3376221
Rd26a0f94d,2,author,watanabe,10.1145/3586183.3606722,VoxelHap: A Toolkit for Constructing Proxies Providing Tactile and Kinesthetic Haptic Feedback in Virtual Reality,10.1145/3586183.3606722
R3d073b5a5,2,author,watanabe,10.1145/3411764.3445478,RepliCueAuth: Validating the Use of a Lab-Based Virtual Reality Setup for Evaluating Authentication Systems,10.1145/3411764.3445478
Ra26b02b12,1,author,kataoka,10.1145/3544548.3581063,I think I don’t feel sick: Exploring the Relationship Between Cognitive Demand and Cybersickness in Virtual Reality using fNIRS,10.1145/3544548.3581063
R4e2f70d8d,2,author,watanabe,10.1145/3313831.3376476,Haptic-go-round: A Surrounding Platform for Encounter-type Haptics in Virtual Reality Experiences,10.1145/3313831.3376476
R6ad709e2d,1,author,kataoka,10.1145/3706598.3713877,Who Reaps All the Superchats? A Large-Scale Analysis of Income Inequality in Virtual YouTuber Livestreaming,10.1145/3706598.3713877
R94795803e,1,author,kataoka,10.1145/3719027.3744850,PipID: Light-Pupillary Response Based User Authentication for Virtual Reality,10.1145/3719027.3744850
R4c47036dc,2,author,watanabe,10.1145/3290605.3300243,TabletInVR,10.1145/3290605.3300243
Rc6373af2d,3,kataoka,watanabe,10.1145/3313831.3376724,"""Transport Me Away"": Fostering Flow in Open Offices through Virtual Reality",10.1145/3313831.3376724
Rf64f99635,1,author,kataoka,10.1145/3544548.3581004,Investigating the Effects of Individual Spatial Abilities on Virtual Reality Object Manipulation,10.1145/3544548.3581004
R6a7e02042,2,author,watanabe,10.1145/3706598.3713177,Co-Design &amp; Evaluation of Visual Interventions for Head Posture Correction in Virtual Reality Games,10.1145/3706598.3713177
R2f2e0948a,2,author,watanabe,10.1145/3586183.3606787,Turn-It-Up: Rendering Resistance for Knobs in Virtual Reality through Undetectable Pseudo-Haptics,10.1145/3586183.3606787
R1958d911a,2,author,watanabe,10.1145/3663548.3688498,An AI Guide to Enhance Accessibility of Social Virtual Reality for Blind People,10.1145/3663548.3688498
Rb06dcdd4e,3,kataoka,watanabe,10.1145/3613904.3642088,Investigating Virtual Reality Locomotion Techniques with Blind People,10.1145/3613904.3642088
Ra39107744,2,author,watanabe,10.1145/3491102.3501922,Keep the VRhythm going,10.1145/3491102.3501922
Rc9e103ce3,1,author,kataoka,10.1145/3172944.3172988,Combining Brain-Computer Interface and Eye Tracking for High-Speed Text Entry in Virtual Reality,10.1145/3172944.3172988
R4ac7db272,2,author,watanabe,10.1145/3706598.3714257,"""You'll Be Alice Adventuring in Wonderland!"" Processes, Challenges, and Opportunities of Creating Animated Virtual Reality Stories",10.1145/3706598.3714257
R1e972c5ad,1,author,kataoka,10.1145/3706598.3713594,A Placebo Concert: The Placebo Effect for Visualization of Physiological Audience Data during Experience Recreation in Virtual Reality,10.1145/3706598.3713594
R74ddbac05,3,kataoka,watanabe,10.1145/3706598.3713688,Raise Your Eyebrows Higher: Facilitating Emotional Communication in Social Virtual Reality Through Region-Specific Facial Expression Exaggeration,10.1145/3706598.3713688
R60763dedd,1,author,kataoka,10.1145/3491102.3517671,"Designing Visuo-Haptic Illusions with Proxies in Virtual Reality: Exploration of Grasp, Movement Trajectory and Object Mass",10.1145/3491102.3517671
R1375f3ceb,1,author,kataoka,10.1145/3491102.3517696,Towards Modeling of Virtual Reality Welding Simulators to Promote Accessible and Scalable Training,10.1145/3491102.3517696
R4cbeea80d,3,kataoka,watanabe,10.1145/3132525.3134775,A Pilot Deployment of an Online Tool for Large-Scale Virtual Auditing of Urban Accessibility,10.1145/3132525.3134775
Rf2dac71da,1,author,kataoka,10.1145/3746059.3747800,Imaginary Joint: Proprioceptive Feedback for Virtual Body Extensions via Skin Stretch,10.1145/3746059.3747800
R7662ddb17,1,author,kataoka,10.1145/3613904.3642072,The Effects of False but Stable Heart Rate Feedback on Cybersickness and User Experience in Virtual Reality,10.1145/3613904.3642072
R695143d61,3,kataoka,watanabe,10.1145/3313831.3376574,Walking by Cycling: A Novel In-Place Locomotion User Interface for Seated Virtual Reality Experiences,10.1145/3313831.3376574
R1515df9fa,1,author,kataoka,10.1145/3706598.3713964,Mid-Air Gestures for Proactive Olfactory Interactions in Virtual Reality,10.1145/3706598.3713964
R480e40f8c,1,author,kataoka,10.1145/3706598.3713957,RetroSketch: A Retrospective Method for Measuring Emotions and Presence in Virtual Reality,10.1145/3706598.3713957
Rf45f4aa12,2,author,watanabe,10.1145/3313831.3376748,"The Curious Case of the Transdiegetic Cow, or a Mission to Foster Other-Oriented Empathy Through Virtual Reality",10.1145/3313831.3376748
Rd0fada653,3,kataoka,watanabe,10.1145/3025453.3025494,Supporting Easy Physical-to-Virtual Creation of Mobile VR Maze Games,10.1145/3025453.3025494
Rd486ed2f5,2,author,watanabe,10.1145/3491102.3517492,Immersive Speculative Enactments: Bringing Future Scenarios and Technology to Life Using Virtual Reality,10.1145/3491102.3517492
Radf50d148,2,author,watanabe,10.1145/3613904.3642100,Facilitating Virtual Reality Integration in Medical Education: A Case Study of Acceptability and Learning Impact in Childbirth Delivery Training,10.1145/3613904.3642100
R7e407e319,1,author,kataoka,10.1145/3654777.3676425,Predicting the Limits: Tailoring Unnoticeable Hand Redirection Offsets in Virtual Reality to Individuals' Perceptual Boundaries,10.1145/3654777.3676425
Ra01e934ce,2,author,watanabe,10.1145/3613904.3642758,An Artists' Perspectives on Natural Interactions for Virtual Reality 3D Sketching,10.1145/3613904.3642758
R17b64b353,3,kataoka,watanabe,10.1145/3544548.3581212,Imagine That! Imaginative Suggestibility Affects Presence in Virtual Reality,10.1145/3544548.3581212
Re875da7fd,2,author,watanabe,10.1145/3319921.3319961,A 3D Multi-scale Virtual Adversarial Network for False Positive Reduction in Pulmonary Nodule Detection,10.1145/3319921.3319961
Rb49d48978,1,author,kataoka,10.1145/3586182.3616667,AwakenFlora: Exploring Proactive Smell Experience in Virtual Reality through Mid-Air Gestures,10.1145/3586182.3616667
R88b98bb62,1,author,kataoka,10.1145/3636534.3690660,Bere: A Novel Video Recommender System for Virtual Reality Using Human Behavioral Signals,10.1145/3636534.3690660
Ra96c8e44d,1,author,kataoka,10.1145/3313831.3376557,Virtually-Extended Proprioception: Providing Spatial Reference in VR through an Appended Virtual Limb,10.1145/3313831.3376557
R42ec3b525,3,kataoka,watanabe,10.1145/3613904.3642723,'I Call Upon a Friend': Virtual Reality-Based Supports for Cognitive Reappraisal Identified through Co-designing with Adolescents,10.1145/3613904.3642723
R24e7d8476,3,kataoka,watanabe,10.1145/3706598.3713392,Modeling the Impact of Visual Stimuli on Redirection Noticeability with Gaze Behavior in Virtual Reality,10.1145/3706598.3713392
Rf8a34391d,3,kataoka,watanabe,10.1145/3706598.3714127,Breaking the Familiarity Bias: Employing Virtual Reality Environments to Enhance Team Formation and Inclusion,10.1145/3706598.3714127
R664b0978c,2,author,watanabe,10.1145/3313831.3376865,Gaiters: Exploring Skin Stretch Feedback on Legs for Enhancing Virtual Reality Experiences,10.1145/3313831.3376865
Rc41e39862,1,author,kataoka,10.1145/3290605.3300848,Crossing-Based Selection with Virtual Reality Head-Mounted Displays,10.1145/3290605.3300848
R3c8f0c35a,3,kataoka,watanabe,10.1145/3411764.3445262,GuideBand: Intuitive 3D Multilevel Force Guidance on a Wristband in Virtual Reality,10.1145/3411764.3445262
R6db462402,3,kataoka,watanabe,10.1145/3658644.3690321,VPVet: Vetting Privacy Policies of Virtual Reality Apps,10.1145/3658644.3690321
R138e9a408,1,author,kataoka,10.1145/3526113.3545646,Color-to-Depth Mappings as Depth Cues in Virtual Reality,10.1145/3526113.3545646
Re53a52b67,1,author,kataoka,10.1145/3613904.3642144,"""Pikachu would electrocute people who are misbehaving"": Expert, Guardian and Child Perspectives on Automated Embodied Moderators for Safeguarding Children in Social Virtual Reality",10.1145/3613904.3642144
R49fddce71,3,kataoka,watanabe,10.1145/3526113.3545686,RealityLens: A User Interface for Blending Customized Physical World View into Virtual Reality,10.1145/3526113.3545686
Rbe4e448dd,2,author,watanabe,10.1145/3613904.3642821,"Cohabitant: The Design, Implementation, and Evaluation of a Virtual Reality Application for Interfaith Learning and Empathy Building",10.1145/3613904.3642821
R688f45e41,2,author,watanabe,10.1145/3706598.3713833,Diving into the Abyss: Exploring Deep Sea Connection and Curiosity through Virtual Reality,10.1145/3706598.3713833
Rc61ef6fb4,2,author,watanabe,10.1145/3570361.3613259,"Virtual Device Farms for Mobile App Testing at Scale: A Pursuit for Fidelity, Efficiency, and Accessibility",10.1145/3570361.3613259
R44d2a628b,3,kataoka,watanabe,10.1145/3463527,Douleur,10.1145/3463527
R943e87fe7,3,kataoka,watanabe,10.1145/2815585.2817802,MetaSpace,10.1145/2815585.2817802
R00079d044,3,kataoka,watanabe,10.1145/3290605.3300682,PaCaPa,10.1145/3290605.3300682
R8fe996e81,3,kataoka,watanabe,10.1145/3025453.3025602,"""These are not my hands!""",10.1145/3025453.3025602
Rfcb22b88f,2,author,watanabe,10.1145/3290605.3300826,360proto,10.1145/3290605.3300826
R6aa7a794d,1,author,kataoka,10.1145/215585.215647,The virtual tricorder,10.1145/215585.215647
R1a0460778,2,author,watanabe,10.1145/3173574.3173620,Mini-Me,10.1145/3173574.3173620
R7e885c2b9,2,author,watanabe,10.1145/2702123.2702344,The Virtual Meditative Walk,10.1145/2702123.2702344
R40f50b622,2,author,watanabe,10.1145/3025453.3025762,"""They're Just Tixel Pits, Man""",10.1145/3025453.3025762
Rd4d9545d8,1,author,kataoka,10.1145/315762.315775,Distributed mission training,10.1145/315762.315775
R7c364aa6a,3,kataoka,watanabe,10.1145/3524273.3532903,Virtual visits,10.1145/3524273.3532903
Rd914487b3,1,author,kataoka,10.1145/3706598.3713586,Being in Virtual Worlds,10.1145/3706598.3713586
Re9aaa489a,3,kataoka,watanabe,10.1145/2984751.2984760,AquaCAVE,10.1145/2984751.2984760
Radeb3054b,1,author,kataoka,10.1145/3517745.3561417,Are we ready for metaverse?,10.1145/3517745.3561417
R458946472,1,author,kataoka,10.1145/3025453.3026009,VaiR,10.1145/3025453.3026009
Rc614e735a,3,kataoka,watanabe,10.1145/237170.237257,Disney's Aladdin,10.1145/237170.237257
R03b6ff041,1,author,kataoka,10.1145/3242587.3242597,Spacetime,10.1145/3242587.3242597
Rbbe1359e3,2,author,watanabe,10.1145/3242587.3242594,Ownershift,10.1145/3242587.3242594
Rc2273f45c,2,author,watanabe,10.1145/3379337.3415859,ZoomWalls,10.1145/3379337.3415859
Ra1475e4b1,1,author,kataoka,10.1145/3173574.3174218,Haptic Links,10.1145/3173574.3174218
R4aa7a99eb,1,author,kataoka,10.1145/3332165.3347875,DreamWalker,10.1145/3332165.3347875
R23f6d2659,2,author,watanabe,10.1145/3613904.3642844,From Real to Virtual: Exploring Replica-Enhanced Environment Transitions along the Reality-Virtuality Continuum,10.1145/3613904.3642844
Rb47e4852d,2,author,watanabe,10.1145/3290605.3300921,Virtual Objects in the Physical World,10.1145/3290605.3300921
R910bb968e,3,kataoka,watanabe,10.1145/2858036.2858226,Haptic Retargeting,10.1145/2858036.2858226
R51978c8dd,1,author,kataoka,10.1145/2984511.2984526,NormalTouch and TextureTouch,10.1145/2984511.2984526
R5ea4e2375,3,kataoka,watanabe,10.1145/3290605.3300301,TORC,10.1145/3290605.3300301
Red036eb86,2,author,watanabe,10.1145/3313831.3376796,Virtual Field Studies,10.1145/3313831.3376796
R1b5433323,1,author,kataoka,10.1145/3290605.3300441,Drag:on,10.1145/3290605.3300441
R3683c0520,3,kataoka,watanabe,10.1145/3173574.3173660,Haptic Revolver,10.1145/3173574.3173660
R6541ce9f6,2,author,watanabe,10.1145/3173574.3173917,Are You Dreaming?,10.1145/3173574.3173917
Re0fdfe1be,3,kataoka,watanabe,10.1145/3173574.3174228,CLAW,10.1145/3173574.3174228
R3bc717aba,3,kataoka,watanabe,10.1145/2856767.2856796,RelaWorld,10.1145/2856767.2856796
R115985ef4,1,author,kataoka,10.1145/3313831.3376601,Closer Object Looks Smaller,10.1145/3313831.3376601
R53115c0e7,2,author,watanabe,10.1145/2702123.2702253,Level-Ups,10.1145/2702123.2702253
R1ef514029,1,author,kataoka,10.1145/3568162.3576972,Crossing Reality: Comparing Physical and Virtual Robot Deixis,10.1145/3568162.3576972
Rd72cd0e05,3,kataoka,watanabe,10.1145/3313831.3376606,"""How do I make this thing smile?""",10.1145/3313831.3376606
Rc388d3a76,2,author,watanabe,10.1145/3332165.3347919,Mise-Unseen,10.1145/3332165.3347919
Rf64e68ea2,3,kataoka,watanabe,10.1145/2807442.2807463,TurkDeck,10.1145/2807442.2807463
R52d6898ac,2,author,watanabe,10.1145/3290605.3300371,Virtual Showdown,10.1145/3290605.3300371
R07a1f1df7,3,kataoka,watanabe,10.1145/2507924.2507925,APDV,10.1145/2507924.2507925
R9953ff765,3,kataoka,watanabe,10.1145/3126594.3126599,Grabity,10.1145/3126594.3126599
R7445474de,1,author,kataoka,10.1145/2068897.2068925,GDE,10.1145/2068897.2068925
R84fb9b17a,1,author,kataoka,10.1145/3290605.3300589,Beyond The Force,10.1145/3290605.3300589
R1458c7600,2,author,watanabe,10.1145/3209978.3210179,Minority Report by Lemur,10.1145/3209978.3210179
R2bf697b33,1,author,kataoka,10.1145/3636534.3697438,Multi-Client Searchable Encryption with Granular Access Control for Cloud-Assisted IoT,10.1145/3636534.3697438
Rfac7c7373,1,author,kataoka,10.1145/166117.166133,The nanomanipulator,10.1145/166117.166133
Rf2628a7d3,2,author,watanabe,10.1145/3242587.3242627,RollingStone,10.1145/3242587.3242627
R5019fc88f,1,author,kataoka,10.1145/3266037.3271642,The Immersive Bubble Chart,10.1145/3266037.3271642
Rae5da6404,2,author,watanabe,10.1145/3290605.3300903,Does It Feel Real?,10.1145/3290605.3300903
Rd05bcd724,1,author,kataoka,10.1145/3117811.3117815,Furion,10.1145/3117811.3117815
R8508bcbed,2,author,watanabe,10.1145/3304109.3323831,Exploring New York in 8K,10.1145/3304109.3323831
R911cfd946,3,kataoka,watanabe,10.1145/3290605.3300406,Mobi3DSketch,10.1145/3290605.3300406
R095d301f5,3,kataoka,watanabe,10.1145/3554731,Versatile Control of Fluid-directed Solid Objects Using Multi-task Reinforcement Learning,10.1145/3554731
R76ad729c1,2,author,watanabe,10.1145/3373625.3416998,“I just went into it assuming that I wouldn't be able to have the full experience”,10.1145/3373625.3416998
R6a64dcae5,2,author,watanabe,10.1145/3613904.3642536,AirPush: A Pneumatic Wearable Haptic Device Providing Multi-Dimensional Force Feedback on a Fingertip,10.1145/3613904.3642536
Ree6e9d259,3,kataoka,watanabe,10.1145/3290605.3300458,On the Shoulder of the Giant,10.1145/3290605.3300458
Rfff035478,3,kataoka,watanabe,10.1145/2387238.2387269,RVIP,10.1145/2387238.2387269
Rf4398083c,1,author,kataoka,10.1145/3266037.3271637,HoloRoyale,10.1145/3266037.3271637
Re9f362717,2,author,watanabe,10.1145/3025453.3025581,The Geometry of Storytelling,10.1145/3025453.3025581
Ra3f4bf332,1,author,kataoka,10.1145/3173574.3174151,Season Traveller,10.1145/3173574.3174151
R1c9f988dc,1,author,kataoka,10.1145/3064663.3064675,TASC,10.1145/3064663.3064675
R6312e70d1,3,kataoka,watanabe,10.1145/3025453.3025684,HapticHead,10.1145/3025453.3025684
R00a89fade,2,author,watanabe,10.1145/3706598.3714179,HaloTouch: Using IR Multi-Path Interference to Support Touch Interactions with General Surfaces,10.1145/3706598.3714179
R7da14d6ab,3,kataoka,watanabe,10.1145/3290605.3300464,"""What's Happening at that Hip?""",10.1145/3290605.3300464
Rdf9091641,2,author,watanabe,10.1145/3173574.3173902,Vanishing Importance,10.1145/3173574.3173902
R2f274c281,1,author,kataoka,10.1145/3706598.3714214,HeadTurner: Enhancing Viewing Range and Comfort of using Virtual and Mixed-Reality Headsets while Lying Down via Assisted Shoulder and Head Actuation,10.1145/3706598.3714214
R57656731d,3,kataoka,watanabe,10.1145/3332165.3347958,TilePoP,10.1145/3332165.3347958
Ra6e77c33a,3,kataoka,watanabe,10.1145/3414832,From Immersion’s Bleeding Edge to the Augmented Telegrapher,10.1145/3414832
Raf519d4c8,3,kataoka,watanabe,10.1145/3242587.3242628,PuPoP,10.1145/3242587.3242628
R6b48bba60,2,author,watanabe,10.1145/3772318.3791682,Leveraging biometric-rich hand gestures for head-mounted display authentication,10.1145/3772318.3791682
Rf45609dce,3,kataoka,watanabe,10.1145/3772318.3790362,“Capture your experience at this moment”: Collecting concurrent user experience data in immersive virtual environment,10.1145/3772318.3790362
Rfce562261,1,author,kataoka,10.1145/3772318.3790629,Out of control: Effects of multimodal self-similarity on embodiment during autonomous avatar demonstrations in virtual reality,10.1145/3772318.3790629
Rb99661984,1,author,kataoka,10.1145/3820491,Integrating embodied artificial intelligence with virtual reality: Enhancing user experience through trustworthy intelligent avatars,10.1145/3820491
R5c6954aef,1,author,kataoka,10.1145/3772318.3791367,Effects of embodied self-distancing in virtual environments on group decision-making,10.1145/3772318.3791367
R627c3eafa,1,author,kataoka,10.1145/3772318.3791423,"Virtual selves, real emotions: The impact of photorealistic avatar personalization on emotion in virtual reality",10.1145/3772318.3791423
R1bda4ab9f,3,kataoka,watanabe,10.1145/3772318.3791728,Harassment in virtual reality: a systematic review,10.1145/3772318.3791728
Rca217d7cc,1,author,kataoka,10.1145/3772318.3791456,Bodyfulness VR: Exploring virtual reality as a medium for somatic meditative practices,10.1145/3772318.3791456
R69162f3cb,1,author,kataoka,10.1145/3772318.3790557,Finger tendon vibration: Finger movement illusions for immersive virtual object interaction,10.1145/3772318.3790557
R0e90f70d3,3,kataoka,watanabe,10.1145/3772318.3790486,Reflective motion and a physical canvas: Exploring embodied journaling in virtual reality,10.1145/3772318.3790486
R8498adb3a,1,author,kataoka,10.1145/3772318.3790333,Show me how to play: Exploring self-modeling for onboarding in virtual reality exergames,10.1145/3772318.3790333
R7edc5c4ec,2,author,watanabe,10.1145/3787850,Coding in virtual reality: How space and movement can support embodied learning,10.1145/3787850
Ra3fe11d7d,1,author,kataoka,10.1145/3772318.3790511,JourneyVR: Designing for continuous workflow experience in virtual reality,10.1145/3772318.3790511
Rb58bb7565,2,author,watanabe,10.1145/3772318.3791933,VR for design: Exploring long-term experiences and workflows of 3D designing in virtual reality,10.1145/3772318.3791933
Re5580088f,1,author,kataoka,10.1145/3772318.3791587,Effects of virtual reality system fidelity on presence using the fidelity-based presence scale,10.1145/3772318.3791587
R748222083,3,kataoka,watanabe,10.1145/3772318.3790282,A tree’s perspective: Enhancing nature connectedness through transitional and multisensory virtual reality experiences,10.1145/3772318.3790282
R11dba7f9c,1,author,kataoka,10.1145/3772318.3790609,Capability at a glance: Design guidelines for intuitive avatars communicating augmented actions in virtual reality,10.1145/3772318.3790609
R27b1e9546,1,author,kataoka,10.1145/3772318.3790491,GestuProp: 3D virtual reality prop generation with co-speech gestures,10.1145/3772318.3790491
R149510292,2,author,watanabe,10.1145/3772318.3790767,Connected material experiences using bimanual vibrotactile crosstalk in virtual reality,10.1145/3772318.3790767
R1f1639630,2,author,watanabe,10.1145/3772318.3790483,When hands meet physics in virtual reality: Effects of interaction fidelity on user experience,10.1145/3772318.3790483
R39ac21b91,3,kataoka,watanabe,10.1145/3772318.3790389,CoEmpaTeam: Enhancing cognitive empathy using LLM-based avatars and dynamic role play in virtual reality,10.1145/3772318.3790389
Raa2d95a0d,2,author,watanabe,10.1145/3742413.3789145,Semantic see-through goggles: Wearing linguistic virtual reality in (artificial) intelligence,10.1145/3742413.3789145
Rb7a70c425,2,author,watanabe,10.1145/3772318.3791856,Mapping design dimensions for collaborative learning in virtual reality: a scoping review,10.1145/3772318.3791856
Rf8feb9f20,1,author,kataoka,10.1145/3772318.3791912,From one world to another: Interfaces for efficiently transitioning between virtual environments,10.1145/3772318.3791912
R54fd0e492,2,author,watanabe,10.1145/3772318.3790947,Quantifying latencies: a conversation analysis approach to human-agent interactions in virtual reality,10.1145/3772318.3790947
Re3b4ed338,2,author,watanabe,10.1145/3772318.3791616,RAVEN: Realtime accessibility in virtual environments for blind and low-vision people,10.1145/3772318.3791616
R697a87436,2,author,watanabe,10.1145/3772318.3790399,VoiceRay: 3D object selection technique for occluded and dense environments in virtual reality,10.1145/3772318.3790399
Rdbbd06b86,1,author,kataoka,10.1145/3772318.3790886,The timing of breaks for resilience: Collective recovery in multi-user virtual reality,10.1145/3772318.3790886
R5a6923fa9,2,author,watanabe,10.1145/3757279.3785622,PEHRCIVE: Platform for evaluating human-robot collaboration and interaction in virtual environments,10.1145/3757279.3785622
Rf8f3c6f24,2,author,watanabe,10.1145/3772318.3790999,AnkleType: a hands- and eyes-free foot-based text entry technique in virtual reality,10.1145/3772318.3790999
R885a74721,2,author,watanabe,10.1145/3772318.3791058,Virtual perspectives: Effects of spatial presence and agency on affective and cognitive virtual reality perspective-taking,10.1145/3772318.3791058
R35989e7b8,1,author,kataoka,10.1145/3772318.3791783,When the world opens up: Journeys of people with intellectual disabilities in social virtual reality,10.1145/3772318.3791783
R443f64d74,1,author,kataoka,10.1145/3772318.3791114,The eye–head mover spectrum: Modelling individual and population head movement tendencies in virtual reality,10.1145/3772318.3791114
R65d4567a4,1,author,kataoka,10.1145/3772318.3790581,"Usage matters: The role of frequency, duration, and experience in presence formation in social virtual reality",10.1145/3772318.3790581
R2ab264b58,2,author,watanabe,10.1145/3772318.3790864,"Which is warmer, the cake or the oven? Unlocking thermal conductivity for virtual reality interaction",10.1145/3772318.3790864
R99c1b85cd,1,author,kataoka,10.1145/3772318.3791143,Understanding the use of a large language model-powered guide to make virtual reality accessible for blind and low vision people,10.1145/3772318.3791143
Rf23acfd56,1,author,kataoka,10.1145/3811349,ProXeek: Seeking and leveraging real-world objects and environments as haptic proxies for virtual reality through multimodal reasoning,10.1145/3811349
R6b672e5f5,1,author,kataoka,10.1145/3797552.3797578,Research on a bridge construction simulation teaching system based on virtual reality and artificial intelligence,10.1145/3797552.3797578
Rd055ddf93,1,author,kataoka,10.1145/3772318.3790858,"Stories for I, they and you: Exploring in-situ virtual camera setups for live streaming in virtual reality",10.1145/3772318.3790858
Rb5bc11da0,3,kataoka,watanabe,10.1145/3772318.3790502,Feel the sync: The effects of shared haptic feedback on short-cycle repetitive turn-taking collaboration of remote users in virtual reality,10.1145/3772318.3790502
Raf5f08480,1,author,kataoka,10.1145/3774911,The virtual reconstruction of a statue of isis unearthed at the roman city of clunia (spain): a 3D model for interactive virtual reality experiences,10.1145/3774911
Rb9bde767d,2,author,watanabe,10.1145/3772318.3790543,A faster VR body to speed up choices,10.1145/3772318.3790543
R8fca37cfe,2,author,watanabe,10.1145/3772318.3791235,Escape from human: An interview study of social VR players practicing self-expression through avatars that self-identify as “non-human”,10.1145/3772318.3791235
Rbbbd2d63a,2,author,watanabe,10.1145/3772318.3791433,"One body, two minds: Alternating VR perspective during remote teleoperation of supernumerary limbs",10.1145/3772318.3791433
R21331d1af,3,kataoka,watanabe,10.1145/3772318.3790833,"""Similar-self"" vs. ""alt-self"": How avatar customization impacts trust formation in social VR and its transfer to face-to-face between unacquainted individuals",10.1145/3772318.3790833
R0cace858f,1,author,kataoka,10.1145/3772318.3791767,Anticipating physical processes in VR: Environment type and scale alter temporal expectations,10.1145/3772318.3791767
R054a37f7c,2,author,watanabe,10.1145/3772318.3790447,"Wearing many avatars: How users express, shift and perceive identity across contexts in social VR",10.1145/3772318.3790447
R59f2ecccf,2,author,watanabe,10.1145/3772318.3790746,Hitchhiking hands: Enabling “virtually direct” VR manipulation by switching multiple hand avatars with gaze,10.1145/3772318.3790746
R6d8b5ae85,1,author,kataoka,10.1145/3772318.3791751,MomentumTouch: How consistent haptic feedback empowers VR embodied learning through cognitive resource reconstruction,10.1145/3772318.3791751
Rcd6382edc,2,author,watanabe,10.1145/3772318.3791068,LLM-based embodied conversational agent for reducing foreign language speaking anxiety in social VR,10.1145/3772318.3791068
Rf69e94a8c,1,author,kataoka,10.1145/3772318.3790443,The wetland quest: Fostering empathy and literacy for urban herpetofauna through VR wetland exploration,10.1145/3772318.3790443
Ra64263a25,2,author,watanabe,10.1145/3772318.3790548,VR calm plus: Coupling a squeezable tangible interaction with immersive VR for stress regulation,10.1145/3772318.3790548
Rcbc913b5c,3,kataoka,watanabe,10.1145/3793853.3799815,MultiSenseVR: An open multimodal dataset for human pose estimation and perception in interactive VR,10.1145/3793853.3799815
Rb017eda9a,3,kataoka,watanabe,10.1145/3772318.3791897,From barriers to blueprints: a critical systematic review of older adults and social VR,10.1145/3772318.3791897
R6a38cf15b,1,author,kataoka,10.1145/3772318.3790507,From disruption to immersion: Reimagining vehicle motion as environmental feedback through force mappings in in-car VR,10.1145/3772318.3790507
R2b305271b,3,kataoka,watanabe,10.1145/3832771,"A systematic review and taxonomy of VR usability heuristics: Trends, challenges, and directions",10.1145/3832771
R1f460c494,1,author,kataoka,10.1145/3772318.3790591,HieraVisVR: Hierarchical visual analytics for motion-centric VR playtesting,10.1145/3772318.3790591
Re54bd920b,3,kataoka,watanabe,10.1145/3772318.3791721,Continuous measurement methods for transient physiological discomfort in VR locomotion,10.1145/3772318.3791721
R23cc58c02,1,author,kataoka,10.1145/3772318.3791497,"Looking inside the VR music scene: Mapping platforms, events and people",10.1145/3772318.3791497
R44b57b8d3,1,author,kataoka,10.1145/3772318.3790397,HumanoidTurk: Expanding VR haptics with humanoids for driving simulations,10.1145/3772318.3790397
R949c1288e,1,author,kataoka,10.1145/3772318.3790499,Reclaiming VR design authority: Deaf signers shaping immersive classrooms,10.1145/3772318.3790499
R7bc3a20ad,2,author,watanabe,10.1145/3772318.3791437,Skill-adaptive ghost instructors: Enhancing retention and reducing over-reliance in VR piano learning,10.1145/3772318.3791437
Rc6d7da340,1,author,kataoka,10.1145/3772318.3791360,BernO: a breath-driven odor display for spatial olfactory interaction in VR,10.1145/3772318.3791360
R61b073425,3,kataoka,watanabe,10.1145/3772318.3791512,Redirected pinch: Efficient and comfortable bare-hand interaction for 2D windows in VR,10.1145/3772318.3791512
R0ea676327,2,author,watanabe,10.1145/3772318.3790371,ConCon: a wrist-worn clutch-coupled force-feedback device for VR controller,10.1145/3772318.3790371
Ra5d4cb0cd,2,author,watanabe,10.1145/3772318.3791096,CoBreath: Designing a VR-based dyadic biofeedback system to support breathing exercise for breast cancer survivors,10.1145/3772318.3791096
Rcc228c8dc,2,author,watanabe,10.1145/3772318.3790299,"Social, spatial, and self-presence as predictors of basic psychological need satisfaction in social VR",10.1145/3772318.3790299
Ra4851a6c6,1,author,kataoka,10.1145/3772318.3790313,Understanding the effects of interaction on emotional experiences in VR,10.1145/3772318.3790313
R30b631cb9,2,author,watanabe,10.1145/3757279.3788806,Quest2ROS2: a ROS 2 framework for bi-manual VR teleoperation,10.1145/3757279.3788806
R2b416e307,3,kataoka,watanabe,10.1145/3772318.3791145,Designing for wayfinding in VR: Linking navigation interfaces to spatial learning and cognitive mapping,10.1145/3772318.3791145
R8e1f1b271,1,author,kataoka,10.1145/3772318.3791539,The dominance effect: How verbal and nonverbal cues of virtual agents influence decision-making in VR,10.1145/3772318.3791539
R644cae77d,2,author,watanabe,10.1145/3772318.3791596,SensoryBlox: Plug-and-feel modular multi-sensory user interface for immersive cardboard VR,10.1145/3772318.3791596
Reaa5a9c8a,1,author,kataoka,10.1145/3757279.3785584,"Can VR robots stand in for the real thing? Comparing a physical cobot and its virtual twin for user perceptions, experimental effects, and study costs",10.1145/3757279.3785584
R473e53aa4,1,author,kataoka,10.1145/3772318.3790683,From movement adaptation to de novo learning: a design space of VR interaction techniques,10.1145/3772318.3790683
Rf1926ee74,2,author,watanabe,10.1145/3772318.3790571,ASafePlace: User-led personalization of VR relaxation via an art therapy activity,10.1145/3772318.3790571
Rc75109e99,1,author,kataoka,10.1145/3772318.3790465,NatureCapture: Transforming real-world nature into shared VR experiences for deepened human-nature connection,10.1145/3772318.3790465
Ra1594e9fa,3,kataoka,watanabe,10.1145/3795531,Considerations for VR integration into human-centered computing education,10.1145/3795531
R4ab0a92dc,3,kataoka,watanabe,10.1145/3772318.3791641,Understanding gaze-based identification in VR through preattentive processing and binocular rivalry,10.1145/3772318.3791641
R94688ee7c,2,author,watanabe,10.1145/3772318.3793333,User-reconfigured haptics: Combining user-reconfiguration and visual manipulations to enhance dynamic passive haptic experiences for VR,10.1145/3772318.3793333
R30e2d1f78,1,author,kataoka,10.1145/3772318.3791936,"""It feels like I am invited to communicate"": Mediating ad-hoc bystander-VR user interruptions through proactive proxies",10.1145/3772318.3791936
Rfb9b47191,1,author,kataoka,10.1145/3742413.3789067,From prompt to presence: Co-creating personalised emotional sanctuaries in VR with generative AI,10.1145/3742413.3789067
R80a597983,1,author,kataoka,10.1145/3772318.3790728,AV-play: Co-designing VR games to study audiovisual integration in children with ADHD,10.1145/3772318.3790728
R9545c366b,3,kataoka,watanabe,10.1145/3772318.3791328,"The ocular command center: How eye responses to luminance, color, tunneling, and visual suppression mediate users' physiological states in VR",10.1145/3772318.3791328
R77fc33fd3,1,author,kataoka,10.1145/3772318.3790823,HOICraft: In-situ VLM-based authoring tool for part-level hand-object interaction design in VR,10.1145/3772318.3790823
R27d53c7f1,2,author,watanabe,10.1145/3772318.3790470,When seconds count: Designing real-time VR interventions for stress inoculation training in novice physicians,10.1145/3772318.3790470
R306330429,2,author,watanabe,10.1145/3793853.3798180,"Fidelity as forgetting: Rethinking reconstruction in neural volumetric media: a VR artwork on stereotyped images, situated viewpoints, and contemporary history",10.1145/3793853.3798180
Rb28c4370c,1,author,kataoka,10.1145/3706598.3714303,Immersive biography: Supporting intercultural empathy and understanding for displaced cultural objects in virtual reality,10.1145/3706598.3714303
R49a914ca9,2,author,watanabe,10.1145/3663547.3759725,Demo of RAVEN: Realtime accessibility in virtual environments for blind and low-vision people,10.1145/3663547.3759725
R8b5df9f2c,2,author,watanabe,T:kneading motion based tactile feedback for personalized robotic massage using vr avatars,Kneading-motion-based tactile feedback for personalized robotic massage using VR avatars,
R6df3ae2fc,1,author,kataoka,10.1145/3706598.3713766,Exploring joint effects of locomotion continuity and wayfinding assistance in non-embodied VR game navigation,10.1145/3706598.3713766
R062133bae,3,kataoka,watanabe,10.1145/3706598.3713561,"""Grab the chat and stick it to my wall"": Understanding how social VR streamers bridge immersive VR experiences with streaming audiences outside VR",10.1145/3706598.3713561
R9e2afab44,2,author,watanabe,10.1145/3706598.3713927,Understanding VR accessibility practices of VR professionals,10.1145/3706598.3713927
R8d1356d3e,3,kataoka,watanabe,10.1145/3706598.3714170,"""Closer than real"": How social VR platform features influence friendship dynamics",10.1145/3706598.3714170
Rf43750b94,3,kataoka,watanabe,10.1145/3706598.3713313,RedirectedStepper: Exploring walking-in-place locomotion in VR using a mini stepper for ascents,10.1145/3706598.3713313
Rd59546757,3,kataoka,watanabe,10.1145/3761816,Elevating mesh saliency in VR: Introducing a novel prediction network and dataset,10.1145/3761816
R9efe9d38a,2,author,watanabe,10.1145/3746059.3747607,Subthreshold jitter in VR can induce visual discomfort,10.1145/3746059.3747607
R5316d38f7,1,author,kataoka,10.1145/3706598.3714078,Since U been gone: Augmenting context-aware transcriptions for re-engaging in immersive VR meetings,10.1145/3706598.3714078
Ra19615dd4,2,author,watanabe,10.1145/3746059.3747735,TwinSpin: a virtual ball in a VR controller enabling in-hand 3DoF rotation,10.1145/3746059.3747735
Ra738ece58,2,author,watanabe,10.1145/3746059.3747718,Extendlibur: Dynamic haptic retargeting for length-mismatched proxies in co-located VR,10.1145/3746059.3747718
R8f3ca6392,2,author,watanabe,10.1145/3746058.3759017,Gesture2Prop: Conditional VR prop generation from hand gestures and speech,10.1145/3746058.3759017
R16e4c45aa,1,author,kataoka,10.1145/3746059.3747642,"AttraCar: Multisensory in-car VR with thermal, airflow, and motion feedback through built-in vehicle systems",10.1145/3746059.3747642
Re448c564c,2,author,watanabe,10.1145/3746058.3758358,Investigating vection-based directional guidance during snowboarding using a VR simulator,10.1145/3746058.3758358
R49a09a58a,3,kataoka,watanabe,10.1145/3663547.3759712,"""A double-edged sword"": Practitioners’ perspectives on social VR for ADHD",10.1145/3663547.3759712
R9f895a5fd,2,author,watanabe,10.1145/3663547.3746350,Designing for attention: Evaluating an affordable immersive VR platform for neurodiverse children,10.1145/3663547.3746350
Rf37e3d56c,2,author,watanabe,10.1145/3680551,Adaptive cloud VR gaming optimized by gamer QoE models,10.1145/3680551
Rf1f56fd7e,1,author,kataoka,10.1145/3706598.3713374,Designing and evaluating a VR boxing experience with blind people,10.1145/3706598.3713374
R59e83d97c,2,author,watanabe,10.1145/3706598.3714201,RemapVR: An immersive authoring tool for rapid prototyping of remapped interaction in VR,10.1145/3706598.3714201
R080413d09,1,author,kataoka,10.1145/3706598.3714186,VRCaptions: Design captions for DHH users in multiplayer communication in VR,10.1145/3706598.3714186
R21405afc0,3,kataoka,watanabe,10.1145/3663547.3759752,aVRness: Leveraging augmented virtuality to increase real-world awareness in VR for people with physical disabilities,10.1145/3663547.3759752
R2dcdb84d0,3,kataoka,watanabe,10.1145/3663547.3762152,An initial exploration of low-cost VR for people with mobility disability,10.1145/3663547.3762152
R488af3387,3,kataoka,watanabe,10.1145/3706598.3714279,"A concept at work: a review of motivations, operationalizations, and conclusions in VR research about presence",10.1145/3706598.3714279
R4299dd49c,2,author,watanabe,10.1145/3746058.3758424,Noetic dream: a personalized VR and meditation system for lucid dream training,10.1145/3746058.3758424
R23c949245,2,author,watanabe,10.1145/3706598.3714217,VAction: a lightweight and integrated VR training system for authentic film-shooting experience,10.1145/3706598.3714217
Rc0d3f7d5b,2,author,watanabe,T:viewvr visual feedback modes to achieve quality of vr based telemanipulation,ViewVR: Visual feedback modes to achieve quality of VR-based telemanipulation,
R673a27bc5,3,kataoka,watanabe,10.1145/3746058.3758343,Evaluating usability challenges in VR games for older adults: a comparison with and without AI assistance,10.1145/3746058.3758343
Raf2e72c96,1,author,kataoka,10.1145/3706598.3714275,SandTouch: Empowering virtual sand art in VR with AI guidance and emotional relief,10.1145/3706598.3714275
R71aa8fe22,1,author,kataoka,10.1145/3746058.3759015,Demonstrating TwinSpin: a virtual ball in a VR controller enabling in-hand 3DoF rotation,10.1145/3746058.3759015
R1b708b6fe,3,kataoka,watanabe,10.1145/3737463,Immersed in the mind of a music composer: a VR memoryscape for exploring archival material,10.1145/3737463
R426dd9fc3,2,author,watanabe,10.1145/3706598.3713455,The spin doctor: Leveraging insensitivity to passive rotational &amp; translational gain for unbounded motion-based VR experiences,10.1145/3706598.3713455
R03e8396a0,1,author,kataoka,10.1145/3746059.3747673,Can you move these over there? Exploring an LLM-based VR mover to support natural multi-object manipulation,10.1145/3746059.3747673
R9f0fe268e,3,kataoka,watanabe,10.1145/3706598.3713095,"Intriguing, concerning, and questioning the impact on immersion: An exploration of VR users' advertising experiences and attitudes",10.1145/3706598.3713095
Rd7b6b95ff,1,author,kataoka,10.1145/3706598.3714291,iGripper: a semi-active handheld haptic VR controller based on variable stiffness mechanism,10.1145/3706598.3714291
Rd85f00463,3,kataoka,watanabe,10.1145/3706598.3713373,I want to break free: Enabling user-applied active locomotion in in-car VR through contextual cues,10.1145/3706598.3713373
R668cec37d,1,author,kataoka,10.1145/3706598.3713473,"""Comforting and small like a house cat, big and intimidating like a bodyguard"": How women perceive and envision AI companions as a new harassment mitigation approach in social VR",10.1145/3706598.3713473
R1ca741b8f,3,kataoka,watanabe,10.1145/3706598.3713970,Long-term effects of user expertise and application design on collision anxiety in VR games,10.1145/3706598.3713970
R872fcf5d6,1,author,kataoka,10.1145/3706598.3713345,Exploring the effects of social VR coupling modes on engagement and task performance for older adults,10.1145/3706598.3713345
Rca3061537,2,author,watanabe,10.1145/3722222,FoANet: Focus of attention prediction for foveated pre-rendering to enable high-quality edge VR,10.1145/3722222
R183f3bc26,3,kataoka,watanabe,T:a technical user study on an authoring tool for simplifying vr study setups in hri research,A technical user study on an authoring tool for simplifying VR study setups in HRI research,
R2931740bd,3,kataoka,watanabe,10.1145/3654777.3676440,JetUnit: Rendering diverse force feedback in virtual reality using water jets,10.1145/3654777.3676440
Rc264752b0,2,author,watanabe,10.1145/3613904.3642491,Unlocking understanding: An investigation of multimodal communication in virtual reality collaboration,10.1145/3613904.3642491
R5396803f7,2,author,watanabe,10.1145/3613904.3642192,Rowing beyond: Investigating steering methods for rowing-based locomotion in virtual environments,10.1145/3613904.3642192
R70bedb4c3,1,author,kataoka,10.1145/3613904.3642932,Evaluating navigation and comparison performance of computational notebooks on desktop and in virtual reality,10.1145/3613904.3642932
Rca3c759a0,2,author,watanabe,10.1145/3613904.3642187,LightSword: a customized virtual reality exergame for long-term cognitive inhibition training in older adults,10.1145/3613904.3642187
R09729aa6c,2,author,watanabe,10.1145/3613904.3641992,Was it real or virtual? Confirming the occurrence and explaining causes of memory source confusion between reality and virtual reality,10.1145/3613904.3641992
R985a9f92a,3,kataoka,watanabe,10.1145/3613904.3642328,Virtual body swapping: a VR-based approach to embodied third-person self-processing in mind-body therapy,10.1145/3613904.3642328
R049641389,1,author,kataoka,10.1145/3663548.3675620,“I try to represent myself as I am”: Self-presentation preferences of people with invisible disabilities through embodied social VR avatars,10.1145/3663548.3675620
R799975489,1,author,kataoka,10.1145/3613904.3642146,A change of scenery: Transformative insights from retrospective VR embodied perspective-taking of conflict with a close other,10.1145/3613904.3642146
Rd78e8b234,3,kataoka,watanabe,10.1145/3613904.3642884,Designing upper-body gesture interaction with and for people with spinal muscular atrophy in VR,10.1145/3613904.3642884
R4069566bb,1,author,kataoka,10.1145/3613904.3641923,LegacySphere: Facilitating intergenerational communication through perspective-taking and storytelling in embodied VR,10.1145/3613904.3641923
R3b9628028,2,author,watanabe,10.1145/3658234,Universal facial encoding of codec avatars from VR headsets,10.1145/3658234
Rf0056367a,1,author,kataoka,10.1145/3663548.3675663,Accessible nonverbal cues to support conversations in VR for blind and low vision people,10.1145/3663548.3675663
R0cd49be3e,3,kataoka,watanabe,10.1145/3687974,VOODOO XP: Expressive one-shot head reenactment for VR telepresence,10.1145/3687974
R38d9e52a7,2,author,watanabe,10.1145/3613904.3642550,Watch this! Observational learning in VR promotes better far transfer than active learning for a fine psychomotor task,10.1145/3613904.3642550
R92de909eb,3,kataoka,watanabe,10.1145/3654777.3676452,SIM2VR: Towards automated biomechanical testing in VR,10.1145/3654777.3676452
Rca74c2ce3,2,author,watanabe,10.1145/3613904.3642145,WAVE: Anticipatory movement visualization for VR dancing,10.1145/3613904.3642145
R598ca614f,3,kataoka,watanabe,10.1145/3613904.3642064,"VeeR: Exploring the feasibility of deliberately designing VR motion that diverges from mundane, everyday physical motion to create more entertaining VR experiences",10.1145/3613904.3642064
Rb4327489e,3,kataoka,watanabe,10.1145/3706417,"Object selection and manipulation in VR headsets: Research challenges, solutions, and success measurements",10.1145/3706417
R3cd79b86f,3,kataoka,watanabe,10.1145/3672539.3686330,HoloClass: Enhancing VR classroom with live volumetric video streaming,10.1145/3672539.3686330
R43165ef24,3,kataoka,watanabe,10.1145/3654777.3676439,Exploring the effects of sensory conflicts on cognitive fatigue in VR remappings,10.1145/3654777.3676439
R2a7cbd7f9,3,kataoka,watanabe,10.1145/3649897,Exploring the facets of the multiplayer VR gaming experience,10.1145/3649897
R21f0c00bb,1,author,kataoka,10.1145/3613904.3642408,Development and validation of the collision anxiety questionnaire for VR applications,10.1145/3613904.3642408
R171f4834c,3,kataoka,watanabe,10.1145/3613904.3642707,"""I shot the interviewer!"": The effects of in-VR interviews on participant feedback and rapport",10.1145/3613904.3642707
Rfb7e0f231,2,author,watanabe,10.1145/3654777.3676451,VRCopilot: Authoring 3D layouts with generative AI models in VR,10.1145/3654777.3676451
Rd87f85f76,2,author,watanabe,10.1145/3613904.3642047,WieldingCanvas: Interactive sketch canvases for freehand drawing in VR,10.1145/3613904.3642047
Raf8b742c8,3,kataoka,watanabe,10.1145/3613904.3642948,Designing a multisensory VR game prototype for older adults - the acceptability and design implications,10.1145/3613904.3642948
Re685ba77a,3,kataoka,watanabe,10.1145/3613904.3641986,Stairway to heaven: a gamified VR journey for breath awareness,10.1145/3613904.3641986
R46c18bd34,2,author,watanabe,10.1145/3613904.3641919,The effect of spatial audio on curvature gains in VR redirected walking,10.1145/3613904.3641919
Rbb3a83833,1,author,kataoka,10.1145/3613904.3642358,SwitchSpace: Understanding context-aware peeking between VR and desktop interfaces,10.1145/3613904.3642358
Rbc54401ab,3,kataoka,watanabe,10.1145/3613904.3641975,Exploring experience gaps between active and passive users during multi-user locomotion in VR,10.1145/3613904.3641975
R6c32c0b9e,1,author,kataoka,10.1145/3627043.3659551,GEARS: Generalizable multi-purpose embeddings for gaze and hand data in VR interactions,10.1145/3627043.3659551
Re9a881038,2,author,watanabe,10.1145/3613904.3642360,Towards building condition-based cross-modality intention-aware human-AI cooperation under VR environment,10.1145/3613904.3642360
R14c35a547,1,author,kataoka,10.1145/3613904.3643021,Examining the use of VR as a study aid for university students with ADHD,10.1145/3613904.3643021
R29260f6be,3,kataoka,watanabe,10.1145/3654777.3676324,Pro-tact: Hierarchical synthesis of proprioception and tactile exploration for eyes-free ray pointing on out-of-view VR menus,10.1145/3654777.3676324
Rda8f8f1cf,3,kataoka,watanabe,10.1145/3613904.3642298,From slow-mo to ludicrous speed: Comfortably manipulating the perception of linear in-car VR motion through vehicular translational gain and attenuation,10.1145/3613904.3642298
Rf07bec355,1,author,kataoka,10.1145/3663548.3688526,Playing without barriers: Crafting playful and accessible VR table-tennis with and for blind and low-vision individuals,10.1145/3663548.3688526
R611084d0f,1,author,kataoka,10.1145/3613904.3642486,Effects of device environment and information layout on spatial memory and performance in VR selection tasks,10.1145/3613904.3642486
R7a3637fdb,3,kataoka,watanabe,10.1145/3625468.3647612,FovOptix: Human vision-compatible video encoding and adaptive streaming in VR cloud gaming,10.1145/3625468.3647612
Rbe104b420,2,author,watanabe,10.1145/3625468.3652187,Questset: a VR dataset for network and quality of experience studies,10.1145/3625468.3652187
Rcb43e663f,3,kataoka,watanabe,10.1145/3607199.3607209,SigA: rPPG-based authentication for virtual reality head-mounted display,10.1145/3607199.3607209
R50f1b1af9,2,author,watanabe,10.1145/3544548.3581211,User onboarding in virtual reality: An investigation of current practices,10.1145/3544548.3581211
R342aa4684,2,author,watanabe,10.1145/3618320,Commonsense knowledge-driven joint reasoning approach for object retrieval in virtual reality,10.1145/3618320
Red3bb3736,3,kataoka,watanabe,10.1145/3533377,Systematic review of comparative studies of the impact of realism in immersive virtual experiences,10.1145/3533377
R0ce397d9b,2,author,watanabe,10.1145/3491102.3517728,The dark side of perceptual manipulations in virtual reality,10.1145/3491102.3517728
Ra9bdceb21,2,author,watanabe,10.1145/3491102.3501983,SkyPort: Investigating 3D teleportation methods in virtual environments,10.1145/3491102.3501983
R3890fd848,3,kataoka,watanabe,10.1145/3544548.3580751,Playful reflection: Impact of gamification on a virtual reality simulation of breastfeeding,10.1145/3544548.3580751
R6c46fce47,2,author,watanabe,10.1145/3491102.3501861,Mood worlds: a virtual environment for autonomous emotional expression,10.1145/3491102.3501861
Rbcba1605e,2,author,watanabe,T:reducing racial bias by interacting with virtual agents an intervention in virtual reality,Reducing racial bias by interacting with virtual agents: An intervention in virtual reality,
Rc7b3a771a,3,kataoka,watanabe,10.1145/3491102.3517594,Digital proxemics: Designing social and collaborative interaction in virtual environments,10.1145/3491102.3517594
R47b24451c,1,author,kataoka,10.1145/3491102.3517706,Beyond being real: a sensorimotor control perspective on interactions in virtual reality,10.1145/3491102.3517706
R913ab2d70,1,author,kataoka,10.1145/3491102.3517447,There is no first- or third-person view in virtual reality: Understanding the perspective continuum,10.1145/3491102.3517447
Rc26543210,2,author,watanabe,T:interacting with a conveyor belt in virtual reality using pointing gestures,Interacting with a conveyor belt in virtual reality using pointing gestures,
R82e7e1bce,2,author,watanabe,10.1145/3544548.3581262,Designing virtual environments for social engagement in older adults: a qualitative multi-site study,10.1145/3544548.3581262
Rc89c24e1a,3,kataoka,watanabe,10.1145/3491102.3502090,AirRes mask: a precise and robust virtual reality breathing interface utilizing breathing resistance as output modality,10.1145/3491102.3502090
R13ba80d2a,2,author,watanabe,10.1145/3533818,Single and multi-objective test cases prioritization for self-driving cars in virtual environments,10.1145/3533818
Rbb7167b61,3,kataoka,watanabe,10.1145/3524273.3533930,AI-assisted affective computing and spatial audio for interactive multimodal virtual environments: research proposal,10.1145/3524273.3533930
R3bf63ae99,3,kataoka,watanabe,10.1145/3526114.3558703,Thumble: One-handed 3D object manipulation using a thimble-shaped wearable device in virtual reality,10.1145/3526114.3558703
R9f7259823,3,kataoka,watanabe,10.1145/3526114.3558669,Hands-on: Using gestures to control descriptions of a virtual environment for people with visual impairments,10.1145/3526114.3558669
Rcbd2366c5,2,author,watanabe,10.1145/3491102.3501885,Visual delegate generalization frame – evaluating impact of visual effects and elements on player and user experiences in video games and interactive virtual environments,10.1145/3491102.3501885
R907e48397,2,author,watanabe,10.1145/3550454.3555522,The continuity of locomotion: Rethinking conventions for locomotion and its visualization in shared virtual reality spaces,10.1145/3550454.3555522
R6257eb31b,2,author,watanabe,T:dreyevr democratizing virtual reality driving simulation for behavioural amp interaction research,DReyeVR: Democratizing virtual reality driving simulation for behavioural &amp; interaction research,
R7b05c9024,3,kataoka,watanabe,10.1145/3524273.3528180,3DeformR: freehand 3D model editing in virtual environments considering head movements on mobile headsets,10.1145/3524273.3528180
R8c40c274d,1,author,kataoka,10.1145/3526114.3558691,Towards using involuntary body gestures for measuring the user engagement in VR gaming,10.1145/3526114.3558691
R61add3b6f,1,author,kataoka,10.1145/3491102.3502045,HybridTrak: Adding full-body tracking to VR using an off-the-shelf webcam,10.1145/3491102.3502045
Rf28ec4ff3,3,kataoka,watanabe,10.1145/3587819.3593939,Remote expert assistance system for mixed-HMD clients over 5G infrastructure,10.1145/3587819.3593939
R56b2a2d4e,3,kataoka,watanabe,10.1145/3586183.3606743,VRoxy: Wide-area collaboration from an office using a VR-driven robotic proxy,10.1145/3586183.3606743
R381335859,3,kataoka,watanabe,10.1145/3508361,Multimodality in VR: a survey,10.1145/3508361
Rd1ff9abac,3,kataoka,watanabe,10.1145/3491102.3517542,How will VR enter university classrooms? Multi-stakeholders investigation of VR in higher education,10.1145/3491102.3517542
Rd3c57d49b,2,author,watanabe,10.1145/3544548.3581395,Collaborative online learning with VR video: Roles of collaborative tools and shared video control,10.1145/3544548.3581395
R3eca8d50a,3,kataoka,watanabe,10.1145/3586183.3606714,Exploring locomotion methods with upright redirected views for VR users in reclining &amp; lying positions,10.1145/3586183.3606714
R524bca15f,1,author,kataoka,10.1145/3526113.3545679,RemoteLab: a VR remote study toolkit,10.1145/3526113.3545679
Rcd54c0395,1,author,kataoka,10.1145/3586183.3606754,Going incognito in the metaverse: Achieving theoretically optimal privacy-usability tradeoffs in VR,10.1145/3586183.3606754
R5ebc7bb81,2,author,watanabe,10.1145/3586183.3606736,GestureCanvas: a programming by demonstration system for prototyping compound freehand interaction in VR,10.1145/3586183.3606736
R6320ec701,1,author,kataoka,10.1145/3544548.3581018,Re-evaluating VR user awareness needs during bystander interactions,10.1145/3544548.3581018
R55da8d47f,2,author,watanabe,10.1145/3544548.3581362,DreamVR: Curating an interactive exhibition in social VR through an autobiographical design study,10.1145/3544548.3581362
R477503d62,1,author,kataoka,10.1145/3549529,The statistics of eye movements and binocular disparities during VR gaming: Implications for headset design,10.1145/3549529
Ra9400c12b,1,author,kataoka,10.1145/3511808.3557487,User recommendation in social metaverse with VR,10.1145/3511808.3557487
R365ced9f3,1,author,kataoka,10.1145/3526113.3545692,Exploring sensory conflict effect due to upright redirection while using VR in reclining &amp; lying positions,10.1145/3526113.3545692
R25625b61b,3,kataoka,watanabe,10.1145/3491102.3501960,Mouth haptics in VR using a headset ultrasound phased array,10.1145/3491102.3501960
R33c1eaeb7,3,kataoka,watanabe,10.1145/3491102.3517508,DreamStream: Immersive and interactive spectating in VR,10.1145/3491102.3517508
Ra9a7220e9,2,author,watanabe,10.1145/3544548.3580763,SelVReflect: a guided VR experience fostering reflection on personal challenges,10.1145/3544548.3580763
R0b20d9427,2,author,watanabe,10.1145/3491102.3501873,OVRlap: Perceiving multiple locations simultaneously to improve interaction in VR,10.1145/3491102.3501873
Rd78033408,1,author,kataoka,10.1145/3491102.3501975,Understanding user experiences across VR walking-in-place locomotion methods,10.1145/3491102.3501975
R791110175,1,author,kataoka,10.1145/3544494,Millimeter wave and free-space-optics for future dual-connectivity 6DOF mobile multi-user VR streaming,10.1145/3544494
Rcd8b16521,3,kataoka,watanabe,10.1145/3526114.3561350,UltraBots: Large-area mid-air haptics for VR with robotically actuated ultrasound transducers,10.1145/3526114.3561350
Rd7f80e2fb,2,author,watanabe,10.1145/3544548.3581448,Realism and field of view affect presence in VR but not the way you think,10.1145/3544548.3581448
R451fd0dc8,2,author,watanabe,10.1145/3587819.3592557,A 6DoF VR dataset of 3D virtualWorld for privacy-preserving approach and utility-privacy tradeoff,10.1145/3587819.3592557
R95befc80f,3,kataoka,watanabe,10.1145/3544548.3580894,"Grab it, while you can: a VR gesture evaluation of a co-designed traditional narrative by indigenous people",10.1145/3544548.3580894
R5e5656b72,3,kataoka,watanabe,10.1145/3511047.3536406,Optimizing the user experience in VR-based anti-bullying education,10.1145/3511047.3536406
R66d74e287,3,kataoka,watanabe,10.1145/3526113.3545635,Prolonging VR haptic experiences by harvesting kinetic energy from the user,10.1145/3526113.3545635
R255d7f95a,3,kataoka,watanabe,10.1145/3491102.3502008,"Something personal from the metaverse: Goals, topics, and contextual factors of self-disclosure in commercial social VR",10.1145/3491102.3502008
Rccd727fc6,3,kataoka,watanabe,10.1145/3594315.3594379,SE-CNN attention structure for quantitative EEG-based assessment of VR motion sickness,10.1145/3594315.3594379
R1c75559ad,1,author,kataoka,10.1145/3491102.3501890,HeadWind: Enhancing teleportation experience in VR by simulating air drag during rapid motion,10.1145/3491102.3501890
R01eef268b,2,author,watanabe,10.1145/3491102.3502100,Improving finger stroke recognition rate for eyes-free mid-air typing in VR,10.1145/3491102.3502100
R2f9d1b486,1,author,kataoka,10.1145/3491102.3517724,SpinOcchio: Understanding haptic-visual congruency of skin-slip in VR with a dynamic grip controller,10.1145/3491102.3517724
R3a2763b23,1,author,kataoka,10.1145/3544548.3580966,"You spin me right round, baby, right round: Examining the impact of multi-sensory self-motion cues on motion sickness during a VR reading task",10.1145/3544548.3580966
R9545b8144,3,kataoka,watanabe,T:the influence of gaming experience gender and other individual factors on robot teleoperations in vr,"The influence of gaming experience, gender and other individual factors on robot teleoperations in VR",
R08695e77d,1,author,kataoka,10.1145/3472749.3474738,ModularHMD: a reconfigurable mobile head-mounted display enabling ad-hoc peripheral interactions with the real world,10.1145/3472749.3474738
Refd9f928e,2,author,watanabe,10.1145/3404835.3462787,Interacting with information in immersive virtual environments,10.1145/3404835.3462787
Red9bcedfe,3,kataoka,watanabe,10.1145/3447490.3447503,Development of a low-cost immersive virtual reality solution for STEM classroom instruction: A case in Engineering Statics,10.1145/3447490.3447503
Re387aa87c,2,author,watanabe,10.1145/3466817,Measuring presence in virtual environments: a survey,10.1145/3466817
R2e07a3980,3,kataoka,watanabe,10.1145/3313831.3376626,Podoportation: Foot-based locomotion in virtual reality,10.1145/3313831.3376626
R639cd90de,3,kataoka,watanabe,10.1145/3460120.3485345,POSTER: ReAvatar: Virtual reality de-anonymization attack through correlating movement signatures,10.1145/3460120.3485345
R93b501e0d,2,author,watanabe,10.1145/3459090,Mid-air drawing of curves on 3D surfaces in virtual reality,10.1145/3459090
R5e5571196,2,author,watanabe,10.1145/3313831.3376642,"Again, together: Socially reliving virtual reality experiences when separated",10.1145/3313831.3376642
Rc0c3e4b55,3,kataoka,watanabe,10.1145/3313831.3376762,Investigating roleplaying and identity transformation in a virtual reality narrative experience,10.1145/3313831.3376762
R481d1ee7c,1,author,kataoka,T:comparing human robot proxemics between virtual reality and the real world,Comparing human-robot proxemics between virtual reality and the real world,
R7c0034581,2,author,watanabe,10.1145/3429441,Multi-tier CloudVR: Leveraging edge computing in remote rendered virtual reality,10.1145/3429441
Rf89234dc6,3,kataoka,watanabe,10.1145/3411764.3445701,You’re making me sick: a systematic review of how virtual reality research considers gender &amp; cybersickness,10.1145/3411764.3445701
Rd7f3fa570,2,author,watanabe,10.1145/3379337.3415847,HMD light: Sharing in-VR experience via head-mounted projector for asymmetric interaction,10.1145/3379337.3415847
R8ea02eefc,2,author,watanabe,10.1145/3411764.3445685,Poros: Configurable proxies for distant interactions in VR,10.1145/3411764.3445685
R73d070ac1,1,author,kataoka,10.1145/3379337.3415868,Slice of light: Transparent and integrative transition among realities in a multi-HMD-user environment,10.1145/3379337.3415868
Re85d1fb8f,3,kataoka,watanabe,10.1145/3411764.3445759,Ninja hands: Using many hands to improve target selection in VR,10.1145/3411764.3445759
Reaf45343d,2,author,watanabe,10.1145/3472749.3474821,HapticBots: Distributed encountered-type haptics for VR with multiple shape-changing mobile robots,10.1145/3472749.3474821
R19ef30908,1,author,kataoka,10.1145/3472749.3474810,Retargeted self-haptics for increased immersion in VR without instrumentation,10.1145/3472749.3474810
R961c69147,3,kataoka,watanabe,10.1145/3411764.3445319,Locomotion vault: the extra mile in analyzing VR locomotion techniques,10.1145/3411764.3445319
R036515537,2,author,watanabe,10.1145/3313831.3376661,Me vs. super(wo)man: Effects of customization and identification in a VR exergame,10.1145/3313831.3376661
R84b87f084,3,kataoka,watanabe,10.1145/3478513.3480481,VR social copresence with light field displays,10.1145/3478513.3480481
R9436bd844,1,author,kataoka,10.1145/3472749.3474756,ScaffoldSketch: Accurate industrial design drawing in VR,10.1145/3472749.3474756
R49173002d,1,author,kataoka,10.1145/3411764.3445760,Pedagogical agents in educational VR: An in the wild study,10.1145/3411764.3445760
Radc4f0feb,2,author,watanabe,10.1145/3313831.3376582,Reflexive VR storytelling design beyond immersion: Facilitating self-reflection on death and loneliness,10.1145/3313831.3376582
R2dd7ed630,1,author,kataoka,10.1145/3411764.3445515,Streaming VR games to the broad audience: a comparison of the first-person and third-person perspectives,10.1145/3411764.3445515
R17a54cdfb,3,kataoka,watanabe,10.1145/3411764.3445492,Feels like team spirit: Biometric and strategic interdependence in asymmetric multiplayer VR games,10.1145/3411764.3445492
Rc0bc7770d,2,author,watanabe,10.1145/3411764.3445193,How to evaluate object selection and manipulation in VR? Guidelines from 20 years of studies,10.1145/3411764.3445193
R091a5b468,3,kataoka,watanabe,10.1145/3411764.3445606,Reading in VR: The effect of text presentation type and location,10.1145/3411764.3445606
Rc8405b779,2,author,watanabe,10.1145/3441852.3471230,Nearmi: a framework for designing point of interest techniques for VR users with limited mobility,10.1145/3441852.3471230
Ra0825a57c,2,author,watanabe,10.1145/3411764.3445435,"Bad breakdowns, useful seams, and face slapping: Analysis of VR fails on YouTube",10.1145/3411764.3445435
Re5dc81e23,1,author,kataoka,10.1145/3313831.3376138,Mouillé: Exploring wetness illusion on fingertips to enhance immersive experience in VR,10.1145/3313831.3376138
R2ea4d728d,3,kataoka,watanabe,10.1145/3425605,360-degree VR video watermarking based on spherical wavelet transform,10.1145/3425605
R8a63da5db,2,author,watanabe,10.1145/3411764.3445442,AtaTouch: Robust finger pinch detection for a VR controller using RF return loss,10.1145/3411764.3445442
R35d958bc8,2,author,watanabe,10.1145/3313831.3376596,Affect recognition using psychophysiological correlates in high intensity VR exergaming,10.1145/3313831.3376596
R786df5793,2,author,watanabe,10.1145/3313831.3376260,Examining design choices of questionnaires in VR user studies,10.1145/3313831.3376260
R0fd8cc33c,2,author,watanabe,10.1145/3313831.3376256,"Race yourselves: a longitudinal exploration of self-competition between past, present, and future performances in a VR exergame",10.1145/3313831.3376256
Reb7ecb226,2,author,watanabe,10.1145/3313831.3376649,Isness: Using multi-person VR to design peak mystical type experiences comparable to psychedelics,10.1145/3313831.3376649
R242598220,2,author,watanabe,10.1145/3411764.3445727,GamesBond: Bimanual haptic illusion of physically connected objects for immersive VR using grip deformation,10.1145/3411764.3445727
R8b4c9d747,3,kataoka,watanabe,10.1145/3313831.3376872,Investigating representation of text and audio in educational VR using learning outcomes and EEG,10.1145/3313831.3376872
Rdbcba1694,1,author,kataoka,10.1145/3313831.3376144,Breaking the experience: Effects of questionnaires in VR user studies,10.1145/3313831.3376144
R75b389456,2,author,watanabe,10.1145/3313831.3376489,Head-coupled kinematic template matching: a prediction model for ray pointing in VR,10.1145/3313831.3376489
Re1d64687f,2,author,watanabe,10.1145/3379337.3415836,ElastiLinks: Force feedback between VR controllers with dynamic points of application of force,10.1145/3379337.3415836
Rdd3cb8ea5,1,author,kataoka,10.14778/3389133.3389143,Optimizing item and subgroup configurations for social-aware VR shopping,10.14778/3389133.3389143
Rb09191905,2,author,watanabe,10.1145/3313831.3376371,"Embedding a VR game studio in a sedentary workplace: Use, experience and exercise benefits",10.1145/3313831.3376371
Re7fe26cc8,2,author,watanabe,10.1145/3411764.3445361,A critical assessment of the use of SSQ as a measure of general discomfort in VR head-mounted displays,10.1145/3411764.3445361
R8eef75949,3,kataoka,watanabe,10.1145/3411764.3445487,"RCEA-360VR: Real-time, continuous emotion annotation in 360° VR videos for collecting precise viewport-dependent ground truth labels",10.1145/3411764.3445487
R1a42fa0c2,3,kataoka,watanabe,10.1145/3352933,"The effects of VR environments on the acceptance, experience, and expectations of cultural heritage learning",10.1145/3352933
Racac0568b,2,author,watanabe,T:robot competition to evaluate guidance skill for general users in vr environment,Robot competition to evaluate guidance skill for general users in VR environment,
Rce1407c25,3,kataoka,watanabe,10.1145/3379337.3415854,Haptic PIVOT: On-demand handhelds in VR,10.1145/3379337.3415854
R8132c72c2,2,author,watanabe,10.1145/3414685.3417770,OmniPhotos: casual 360° VR photography,10.1145/3414685.3417770
R1e506fbbf,3,kataoka,watanabe,10.1145/3379337.3415870,REACH+: Extending the reachability of encountered-type haptics devices through dynamic redirection in VR,10.1145/3379337.3415870
Rbc40b19de,2,author,watanabe,10.1145/3478513.3480511,AdaptiBrush: adaptive general and predictable VR ribbon brush,10.1145/3478513.3480511
R9131d3100,1,author,kataoka,10.1145/3379337.3415827,TransceiVR: Bridging asymmetrical communication between VR users and external collaborators,10.1145/3379337.3415827
R2e60e0e4b,3,kataoka,watanabe,10.1145/3373376.3378516,Coterie: Exploiting frame similarity to enable high-quality multiplayer VR on commodity mobile devices,10.1145/3373376.3378516
R986338f0c,2,author,watanabe,10.1145/3379350.3416166,Shifting &amp; warping: a case for the combined use of dynamic passive haptics and haptic retargeting in VR,10.1145/3379350.3416166
R1c6fd1399,1,author,kataoka,10.1145/3266037.3271632,Transparent mask: Face-capturing head-mounted display with IR pass filters,10.1145/3266037.3271632
R297e595f8,1,author,kataoka,10.1145/3266037.3271634,Haptopus: Haptic VR experience using suction mechanism embedded in head-mounted display,10.1145/3266037.3271634
R81330837e,2,author,watanabe,10.1145/3266037.3271631,Face/on: Actuating the facial contact area of a head-mounted display for increased immersion,10.1145/3266037.3271631
Rbdf1c98c9,1,author,kataoka,10.1145/3242587.3242630,ShareSpace: Facilitating shared use of the physical space by both VR head-mounted display and external users,10.1145/3242587.3242630
R0c292f475,3,kataoka,watanabe,10.1145/3290605.3300644,Exploring interaction fidelity in virtual reality: Object manipulation and whole-body movements,10.1145/3290605.3300644
R6fd47a167,3,kataoka,watanabe,10.1145/3126594.3126605,Erg-o: Ergonomic optimization of immersive virtual environments,10.1145/3126594.3126605
Rb6da8e5cf,2,author,watanabe,10.1145/3173574.3173975,Exploring the weak association between flow experience and performance in virtual environments,10.1145/3173574.3173975
R1a833bcaf,3,kataoka,watanabe,10.1145/3173574.3174206,Flotation simulation in a cable-driven virtual environment – a study with parasailing,10.1145/3173574.3174206
R39a3e42db,3,kataoka,watanabe,10.1145/3173574.3174227,The effect of offset correction and cursor on mid-air pointing in real and virtual environments,10.1145/3173574.3174227
Rc76b659f9,1,author,kataoka,10.1145/3173574.3174118,"A functional optimization based approach for continuous 3D retargeted touch of arbitrary, complex boundaries&nbsp;in&nbsp;haptic&nbsp;virtual reality",10.1145/3173574.3174118
R5332e2331,2,author,watanabe,10.1145/3290605.3300752,I'm a giant: Walking in large virtual environments at high speed gains,10.1145/3290605.3300752
R89e8b42f9,3,kataoka,watanabe,10.1145/3290605.3300577,RealityCheck: Blending virtual environments with situated physical reality,10.1145/3290605.3300577
R5b83b3644,1,author,kataoka,10.1145/3105577,Pithos: Distributed storage for massive multi-user virtual environments,10.1145/3105577
Rc3c25109b,2,author,watanabe,10.1145/3290605.3300736,"Behind the curtain of the ""ultimate empathy machine"": On the composition of virtual reality nonfiction experiences",10.1145/3290605.3300736
Rb17e8b8f6,1,author,kataoka,10.1145/3290605.3300923,HapTwist: Creating interactive haptic proxies in virtual reality using low-cost twistable artefacts,10.1145/3290605.3300923
R53a3cfa78,3,kataoka,watanabe,10.1145/3290605.3300856,The heat is on: Exploring user behaviour in a multisensory virtual environment for fire evacuation,10.1145/3290605.3300856
R29287d7bd,2,author,watanabe,10.1145/3290605.3300241,Transcalibur: a weight shifting virtual reality controller for 2D shape rendering based on computational perception model,10.1145/3290605.3300241
R90df917ea,3,kataoka,watanabe,10.1145/3290605.3300341,SeeingVR: a set of tools to make virtual reality more accessible to people with low vision,10.1145/3290605.3300341
R484d0b017,1,author,kataoka,10.1145/3025453.3025753,Sparse haptic proxy: Touch feedback in virtual environments using a general passive prop,10.1145/3025453.3025753
R12b71b9d8,2,author,watanabe,10.1145/3025453.3025723,Ambiotherm: Enhancing sense of presence in virtual reality by simulating real-world environmental conditions,10.1145/3025453.3025723
R6cda28ebd,2,author,watanabe,10.1145/3178876.3186034,Web-based VR experiments powered by the crowd,10.1145/3178876.3186034
R604ac5688,2,author,watanabe,10.1145/3332165.3347939,Resized grasping in VR: Estimating thresholds for object discrimination,10.1145/3332165.3347939
R695518f35,2,author,watanabe,10.1145/3306346.3323030,VR facial animation via multiview image translation,10.1145/3306346.3323030
R84111befe,2,author,watanabe,10.1145/3290605.3300413,The role of physical props in VR climbing environments,10.1145/3290605.3300413
R46565cd98,3,kataoka,watanabe,10.1145/3290605.3300794,Shaping pro-social interaction in VR: An emerging design framework,10.1145/3290605.3300794
R3a3ff6df3,1,author,kataoka,10.1145/3357384.3357957,On VR spatial query for dual entangled worlds,10.1145/3357384.3357957
R0c3eee590,3,kataoka,watanabe,10.1145/3242587.3242643,VR grabbers: Ungrounded haptic retargeting for precision grabbing tools,10.1145/3242587.3242643
Rb37d1f922,3,kataoka,watanabe,10.1145/3359989.3365413,Analyzing viewport prediction under different VR interactions,10.1145/3359989.3365413
R537c76b09,1,author,kataoka,10.1145/3357384.3357952,Social-aware VR configuration recommendation via multi-feedback coupled tensor factorization,10.1145/3357384.3357952
Rf4ecbbc77,3,kataoka,watanabe,10.1145/3242587.3242601,Increasing walking in VR using redirected teleportation,10.1145/3242587.3242601
Rb884c363a,1,author,kataoka,10.1145/3308561.3356110,Insights for more usable VR for people with amblyopia,10.1145/3308561.3356110
R91fdac91e,3,kataoka,watanabe,10.1145/3290605.3300405,Usability of gamified knowledge learning in VR and desktop-3D,10.1145/3290605.3300405
R1834393cd,3,kataoka,watanabe,10.1145/3266037.3266126,Comfortable and efficient travel techniques in VR,10.1145/3266037.3266126
R2822b0444,1,author,kataoka,10.1145/3266037.3266115,"Investigation into natural gestures using EMG for ""SuperNatural"" interaction in VR",10.1145/3266037.3266115
Rd96d4a92c,2,author,watanabe,10.1145/3025453.3025521,Handsfree omnidirectional VR navigation using head tilt,10.1145/3025453.3025521
R3adb37cd3,2,author,watanabe,10.1145/3172944.3172991,Bio-adaptive social VR to evoke affective interdependence: DYNECOM,10.1145/3172944.3172991
R491766926,3,kataoka,watanabe,10.1145/3225150,An omnistereoscopic video pipeline for capture and display of real-world VR,10.1145/3225150
Rd4884717e,1,author,kataoka,10.1145/3173574.3173982,Interactive feedforward for improving performance and maintaining intrinsic motivation in VR exergaming,10.1145/3173574.3173982
R0feee6b7d,2,author,watanabe,10.1145/3025453.3025474,Experimental evaluation of sketching on surfaces in VR,10.1145/3025453.3025474
R5b93b8ad6,1,author,kataoka,10.1145/3131785.3131825,A thermally enhanced weather checking system in VR,10.1145/3131785.3131825
Rc3e4165d4,3,kataoka,watanabe,10.1145/3290605.3300584,The effect of field-of-view restriction on sex bias in VR sickness and spatial navigation performance,10.1145/3290605.3300584
R2f8904aac,3,kataoka,watanabe,10.1145/3126594.3126645,NaviFields: Relevance fields for adaptive VR navigation,10.1145/3126594.3126645
R443dbee85,3,kataoka,watanabe,10.1145/3290605.3300286,"VirtualBricks: Exploring a scalable, modular toolkit for enabling physical manipulation in VR",10.1145/3290605.3300286
R303b3ab64,2,author,watanabe,10.1145/3332165.3347891,CapstanCrunch: a haptic VR controller with user-supplied force feedback,10.1145/3332165.3347891
Rbd479337b,3,kataoka,watanabe,10.1145/3204949.3208134,AVtrack360: an open dataset and software recording people's head rotations watching 360° videos on an HMD,10.1145/3204949.3208134
R607a6bee1,3,kataoka,watanabe,10.1145/3290605.3300362,I'm sensing in the rain: Spatial incongruity in visual-tactile mid-air stimulation can elicit ownership in VR users,10.1145/3290605.3300362
R787e2a6c5,3,kataoka,watanabe,10.1145/3290605.3300776,VRsneaky: Increasing presence in VR through gait-aware auditory feedback,10.1145/3290605.3300776
R6f16dda25,3,kataoka,watanabe,10.1145/3173574.3174057,The dream is collapsing: The experience of exiting VR,10.1145/3173574.3174057
R406cc1457,3,kataoka,watanabe,10.1145/3173574.3173778,vrSocial: Toward immersive therapeutic VR systems for children with autism,10.1145/3173574.3173778
R163340a89,1,author,kataoka,10.1145/3290605.3300450,ElasticVR: Providing multilevel continuously-changing resistive force and instant impact using elasticity for VR,10.1145/3290605.3300450
R1a5d02fc1,1,author,kataoka,10.1145/3332165.3347942,MagicalHands: Mid-air hand gestures for animating in VR,10.1145/3332165.3347942
R3e274b8e7,1,author,kataoka,10.1145/3290605.3300578,Lost in style: Gaze-driven adaptive aid for VR navigation,10.1145/3290605.3300578
R244b43de5,2,author,watanabe,10.1145/3126594.3126659,CollaVR: Collaborative in-headset review for VR video,10.1145/3126594.3126659
R2f16895be,2,author,watanabe,10.1145/3131785.3131794,Multiplanes: Assisted freehand VR drawing,10.1145/3131785.3131794
R3341c2490,1,author,kataoka,10.1145/3266037.3271645,A demonstration of vrspinning: Exploring the design space of a 1D rotation platform to increase the perception of self-motion in VR,10.1145/3266037.3271645
R9b7403c78,1,author,kataoka,10.1145/3204949.3204962,Film editing: new levers to improve VR streaming,10.1145/3204949.3204962
R9d4281d93,2,author,watanabe,10.1145/3242587.3242657,DextrES: Wearable haptic feedback for grasping in VR via a thin form-factor electrostatic brake,10.1145/3242587.3242657
R092e5b23c,3,kataoka,watanabe,10.1145/3025453.3026046,I am the passenger: How visual motion cues can influence sickness for in-car VR,10.1145/3025453.3026046
Rf12dccab7,2,author,watanabe,10.1145/3025453.3025964,"Tap, dwell or gesture? Exploring head-based text entry techniques for hmds",10.1145/3025453.3025964
Rec4e4d835,2,author,watanabe,10.1145/2766939,Facial performance sensing head-mounted display,10.1145/2766939
R8a4d98a91,1,author,kataoka,10.1145/2702123.2702143,Accuracy of pedometry on a head-mounted display,10.1145/2702123.2702143
Rbc16604ed,3,kataoka,watanabe,10.1145/2984751.2985714,Facial expression mapping inside head mounted display by embedded optical sensors,10.1145/2984751.2985714
R57e122318,3,kataoka,watanabe,10.1145/2702123.2702188,"Personalized, wearable control of a head-mounted display for users with upper body motor impairments",10.1145/2702123.2702188
R35ba93e77,3,kataoka,watanabe,10.1145/2702123.2702393,Head-mounted display visualizations to support sound awareness for the deaf and hard of hearing,10.1145/2702123.2702393
Rc30f9d688,3,kataoka,watanabe,10.1145/2858036.2858130,The at effect: How disability affects the perceived social acceptability of head-mounted display use,10.1145/2858036.2858130
R08554f5f5,2,author,watanabe,10.1145/2307723.2307725,Annotating traditional Chinese paintings for immersive virtual exhibition,10.1145/2307723.2307725
R896cb8903,2,author,watanabe,10.1145/2543581.2543590,The perception of egocentric distances in virtual environments - A review,10.1145/2543581.2543590
R07c897aaa,1,author,kataoka,10.1145/2535417,Interest management for distributed virtual environments: A survey,10.1145/2535417
Rc80d20baf,2,author,watanabe,10.1145/2145204.2145302,Ubiquitous collaborative activity virtual environments,10.1145/2145204.2145302
Ra54cdd669,3,kataoka,watanabe,10.1145/1778765.1778829,Simulating virtual environments within virtual environments as the basis for a psychophysics of presence,10.1145/1778765.1778829
Ra49b47560,1,author,kataoka,10.1145/2540991,A quality of experience model for haptic virtual environments,10.1145/2540991
R1bbd526be,2,author,watanabe,10.1145/2499906,Dynamic load balancing in distributed virtual environments using heat diffusion,10.1145/2499906
R8128f1cbc,3,kataoka,watanabe,10.1145/2240136.2240140,An information-based dynamic extrapolation model for networked virtual environments,10.1145/2240136.2240140
R3bfb55259,2,author,watanabe,10.1145/2700648.2811324,"Sensory substitution training for users who are blind with dynamic stimuli, games and virtual environments",10.1145/2700648.2811324
R797360210,2,author,watanabe,10.1145/2856767.2856768,Enhancing audience engagement in performing arts through an adaptive virtual environment with a brain-computer interface,10.1145/2856767.2856768
Rb54310a21,1,author,kataoka,10.1145/1943403.1943463,Gesture variants and cognitive constraints for interactive virtual reality training systems,10.1145/1943403.1943463
Ra8cf918c2,1,author,kataoka,10.1145/2735951,An approach to ballet dance training through MS kinect and visualization in a CAVE virtual reality environment,10.1145/2735951
R12a089c0c,2,author,watanabe,10.1145/1878803.1878849,Audio and haptic based virtual environments for orientation and mobility in people who are blind,10.1145/1878803.1878849
Rbd2703bdb,2,author,watanabe,10.1145/2984511.2984576,FaceTouch: Enabling touch interaction in display fixed uis for mobile virtual reality,10.1145/2984511.2984576
R670b4ba5e,1,author,kataoka,10.1145/2702123.2702389,Substitutional reality: Using the physical environment to design virtual reality experiences,10.1145/2702123.2702389
Re0bba92b9,1,author,kataoka,10.1145/2980179.2980252,High-fidelity facial and speech animation for VR HMDs,10.1145/2980179.2980252
Rf92aae91e,1,author,kataoka,10.1145/2984751.2984779,Resolving spatial variation and allowing spectator participation in multiplayer VR,10.1145/2984751.2984779
Rcae741ac3,2,author,watanabe,10.1145/2665072,Visualizing and assessing hypotheses for marine archaeology in a VR CAVE environment,10.1145/2665072
Red826211a,3,kataoka,watanabe,10.1145/2702123.2702382,A dose of reality: Overcoming usability challenges in VR head-mounted displays,10.1145/2702123.2702382
R6d4995d75,3,kataoka,watanabe,10.1145/2858036.2858487,Dexmo: An inexpensive and lightweight mechanical exoskeleton for motion capture and force feedback in VR,10.1145/2858036.2858487
Rf8fdb51af,1,author,kataoka,10.1109/ismar.2005.52,"Simulation-based design and rapid prototyping of a parallax-free, orthoscopic video see-through head-mounted display",10.1109/ismar.2005.52
Ra871493ec,3,kataoka,watanabe,10.1145/1314303.1314311,An assessment of eye-gaze potential within immersive virtual environments,10.1145/1314303.1314311
R5ee17c7e3,3,kataoka,watanabe,10.1145/792704.792728,Making virtual environments compelling,10.1145/792704.792728
Ra47993f84,3,kataoka,watanabe,10.1145/379300.379322,Collaborative virtual environments,10.1145/379300.379322
R6fece12d8,2,author,watanabe,10.1145/964442.964453,Narrative event adaptation in virtual environments,10.1145/964442.964453
R6921a0fb1,1,author,kataoka,10.1145/1236471.1236474,Critical causal order of events in distributed virtual environments,10.1145/1236471.1236474
R0f0e4a68b,2,author,watanabe,10.1145/566570.566630,Physiological measures of presence in stressful virtual environments,10.1145/566570.566630
R22041dab6,2,author,watanabe,10.1145/1082473.1082476,The use of emotions to create believable agents in a virtual environment,10.1145/1082473.1082476
R4f1887231,3,kataoka,watanabe,10.1145/383259.383323,Modeling acoustics in virtual environments using the uniform theory of diffraction,10.1145/383259.383323
Rb2a4adb0b,2,author,watanabe,10.1145/1031607.1031666,CSCW at play: 'there' as a collaborative virtual environment,10.1145/1031607.1031666
Red8d05b87,3,kataoka,watanabe,T:an adaptive and customizable feedback system for vr based training simulators,An adaptive and customizable feedback system for VR-based training simulators,
R38a2c6f51,3,kataoka,watanabe,10.1145/276609.276620,The virtual reality modeling language and Java,10.1145/276609.276620
R4c85e06c2,1,author,kataoka,10.1145/280814.280933,Techniques for handling video in virtual environments,10.1145/280814.280933
R69d1ff33c,2,author,watanabe,10.1145/237170.237294,Global multi-user virtual environments (panel),10.1145/237170.237294
R66ac6b17d,3,kataoka,watanabe,10.1145/311535.311590,Real-time acoustic modeling for distributed virtual environments,10.1145/311535.311590
Rf5bb3e18b,1,author,kataoka,10.1145/311535.311589,"Walking &gt; walking-in-place &gt; flying, in virtual environments",10.1145/311535.311589
R2dfd09921,3,kataoka,watanabe,10.1145/311535.311591,Creating a live broadcast from a virtual environment,10.1145/311535.311591
R0e1674f51,3,kataoka,watanabe,10.1145/268411.268415,Software process modeling and execution within virtual environments,10.1145/268411.268415
Rad153e786,2,author,watanabe,10.1145/263407.263504,Worldlets—3D thumbnails for wayfinding in virtual environments,10.1145/263407.263504
Rfeab737b9,3,kataoka,watanabe,10.1145/166117.166124,Autocalibration for virtual environments tracking hardware,10.1145/166117.166124
R099bfe82b,2,author,watanabe,10.1145/323216.323227,Creation and performance analysis of user representations in collaborative virtual environments,10.1145/323216.323227
R059903685,3,kataoka,watanabe,10.1145/229459.229465,A geometric modeling and animation system for virtual reality,10.1145/229459.229465
R6d9ee3d4c,3,kataoka,watanabe,10.1145/168642.168658,A toolset for navigation in virtual environments,10.1145/168642.168658
R8a61cdab4,3,kataoka,watanabe,10.1145/218380.218526,Aesthetics &amp; tools in the virtual environment (panel session),10.1145/218380.218526
R009810b7c,2,author,watanabe,10.1145/280814.280818,A beam tracing approach to acoustic modeling for interactive virtual environments,10.1145/280814.280818
Rdebb15a7d,2,author,watanabe,10.1145/218380.218405,Multi-level direction of autonomous creatures for real-time virtual environments,10.1145/218380.218405
R91dcb4455,3,kataoka,watanabe,10.1145/142621.142624,A testbed for characterizing dynamic response of virtual environment spatial sensors,10.1145/142621.142624
R2fd107fb8,2,author,watanabe,10.1145/289444.289496,Fragmented interaction: establishing mutual orientation in virtual environments,10.1145/289444.289496
Ra2c4ac519,2,author,watanabe,10.1145/240080.240349,Practically accomplishing immersion: cooperation in and for virtual environments,10.1145/240080.240349
R31f43832b,3,kataoka,watanabe,10.1145/258734.258747,Moving objects in space: exploiting proprioception in virtual-environment interaction,10.1145/258734.258747
Rdfdfbb255,3,kataoka,watanabe,10.1145/229459.229466,The HoloSketch VR sketching system,10.1145/229459.229466
R5f3968b4f,2,author,watanabe,10.1145/289444.289513,Representing fieldwork and articulating requirements through VR,10.1145/289444.289513
Raa59596fd,1,author,kataoka,10.1145/257874.257882,Health and safety issues for VR,10.1145/257874.257882
Re4ebe55d3,1,author,kataoka,10.1145/3772318.3791522,Breaking rotational symmetry: Minimal landmarks stabilize orientation in screen-based 3D games,10.1145/3772318.3791522
R4dd6fbc9a,1,author,kataoka,10.1145/3742413.3789084,"""Pathways to the metaverse"": Exploring the user experience mechanisms driving technology acceptance in virtual lab visits with an LLM-powered avatar",10.1145/3742413.3789084
R480c3ec58,1,author,kataoka,10.1145/3757279.3785614,Immersive social teleoperation interface with semi-automatic ingroup navigation for intuitive communication,10.1145/3757279.3785614
R2425371be,2,author,watanabe,10.1145/3833413,EAST: Environment-aware stylized transition along the reality-virtuality continuum,10.1145/3833413
Rc3a805d85,3,kataoka,watanabe,10.1145/3772318.3790426,"A design space of virtual bodies: Their types, effects, and theoretical foundations",10.1145/3772318.3790426
R75c5da111,3,kataoka,watanabe,10.1145/3770086,GAT-NeRF: Geometry-aware-transformer-enhanced neural radiance fields for high-fidelity 4D facial avatars,10.1145/3770086
Re0780071d,1,author,kataoka,10.1145/3772318.3790931,Somatic drawing tool: 3D body sheet as material for articulating synaesthetic experiences,10.1145/3772318.3790931
Rdf92970bc,2,author,watanabe,10.1145/3772318.3790982,Less is more! Visual suppression for bottom-up and top-down attention in dynamic environments,10.1145/3772318.3790982
R691d74f2e,2,author,watanabe,10.1145/3772318.3791140,Modelling visuo-haptic perception change in size estimation tasks,10.1145/3772318.3791140
Rf725cbfbd,3,kataoka,watanabe,10.1145/3772318.3791877,ProVoice: Designing proactive functionality for in-vehicle conversational assistants using multi-objective bayesian optimization to enhance driver experience,10.1145/3772318.3791877
R2ba8ab474,2,author,watanabe,10.1145/3772318.3790667,AttentiveLearn: Personalized post-lecture support for gaze-aware immersive learning,10.1145/3772318.3790667
R0ba4a9185,2,author,watanabe,10.1145/3772318.3790724,How do we evaluate experiences in immersive environments?,10.1145/3772318.3790724
R117670447,3,kataoka,watanabe,10.1145/3772318.3790277,On the intelligence and knowledgeability of virtual agents,10.1145/3772318.3790277
Rc89efe24d,2,author,watanabe,10.1145/3772318.3790688,EyeXRciser: Guiding eye exercises without task interruption in virtual workspaces,10.1145/3772318.3790688
R7aa11391e,1,author,kataoka,10.1145/3772318.3790818,Touching a cat without touch: Does mid-air ultrasound haptic feedback promote relaxation in virtual cat interaction?,10.1145/3772318.3790818
Ra532a940e,2,author,watanabe,10.1145/3757279.3788661,(Em)powering the end of power: HRI for safe nuclear decommissioning,10.1145/3757279.3788661
R1c162841b,1,author,kataoka,10.1145/3772318.3790913,Digital majlis: Fostering conversations on intimate health among arab muslim women,10.1145/3772318.3790913
R5a4ba36b6,1,author,kataoka,10.65109/pdpf4024,VEsNA-pro: Exploiting BDI agents with propensities for emergent narrative,10.65109/pdpf4024
R043a56a34,1,author,kataoka,10.1145/3774935.3806188,User modelling and adaptation in immersive preventive health interventions: a systematic review and evidence map,10.1145/3774935.3806188
R5b3f99331,2,author,watanabe,10.1145/3774935.3806152,Participatory elicitation of user model dimensions for active ageing: The EMERGE methodology,10.1145/3774935.3806152
R29e43e43d,1,author,kataoka,10.1145/3772318.3790512,Digital proxemics as measures of social interaction in hybrid XR,10.1145/3772318.3790512
Ra2079c3a9,2,author,watanabe,10.1145/3772318.3791699,TactDeform: Finger pad deformation inspired spatial tactile feedback for virtual geometry exploration,10.1145/3772318.3791699
R0d9bae035,1,author,kataoka,10.1145/3772318.3791557,"Exploring the impacts of background noise on auditory stimuli of audio-visual eHMIs for hearing, deaf, and hard-of-hearing people",10.1145/3772318.3791557
R7dce0029e,3,kataoka,watanabe,10.1145/3772318.3791175,CoMap: a collaborative 3D sketch mapping game to engage spatial communication in search and rescue,10.1145/3772318.3791175
R86fc35794,2,author,watanabe,10.1145/3772318.3790585,"eHMI for all - investigating the effect of external communication of automated vehicles on pedestrians, manual drivers, and cyclists",10.1145/3772318.3790585
R58b102a8a,3,kataoka,watanabe,10.1145/3772318.3793424,Preshaping hand behaviour for direct and indirect manipulation of 3D objects,10.1145/3772318.3793424
Rbf7855890,1,author,kataoka,10.1145/3793853.3798192,NAVIS: Web-native interactive visualization of dynamic point-cloud video,10.1145/3793853.3798192
R24e7a9182,3,kataoka,watanabe,10.1145/3772318.3790738,Towards inclusive external human-machine interface: Exploring the effects of visual and auditory eHMI for deaf and hard-of-hearing people,10.1145/3772318.3790738
R7e9b7147b,1,author,kataoka,10.1145/3811288,Pixels2Peaks: Converting terrain images to heightmaps,10.1145/3811288
Raf99c7cb0,2,author,watanabe,10.1145/3772318.3791974,ShakeSense: An electrotactile system to simulate shaking a container with fluid contents,10.1145/3772318.3791974
R6fef5e206,2,author,watanabe,10.1145/3772318.3791755,When fingers become tools: Rendering virtual tool inertia with a finger-mounted extending rod,10.1145/3772318.3791755
R0ecf4177e,1,author,kataoka,10.1145/3772318.3791027,Haptixel: Encoding data through cutaneous force-based encountered-type fingertip haptics,10.1145/3772318.3791027
R665977a4d,1,author,kataoka,10.1145/3772318.3791926,"Virtual minds, real work: LLM-powered preference-based planning through spatial multi-agent-human collaboration",10.1145/3772318.3791926
Rfa07dc8e4,2,author,watanabe,10.1145/3772318.3790749,GazeZoom: Exploration of gaze-assisted multimodal techniques for panning and zooming,10.1145/3772318.3790749
R510a57e1a,1,author,kataoka,10.1145/3772318.3791603,Moisture transfer: a perceptual wetness illusion through thermal and wet integration,10.1145/3772318.3791603
Rb0de1058a,1,author,kataoka,10.1145/3772318.3791432,Lost in corridors: Modeling and mitigating spatial disorientation by sensing environmental characteristics and user behavior,10.1145/3772318.3791432
R53755082d,2,author,watanabe,10.1145/3772318.3791389,Overcoming translation delays: Towards better subtitle design for foreign language conversations in extended reality,10.1145/3772318.3791389
Rf8404ef11,2,author,watanabe,10.1145/3811335,A two-millisecond passthrough headset for perceptual studies,10.1145/3811335
R75a2d0dc4,2,author,watanabe,10.1145/3772318.3790593,“Too crowded for a robot?”: Modeling human acceptance criteria for elevator-riding robots,10.1145/3772318.3790593
R62ceb72cf,1,author,kataoka,10.1145/3772318.3791976,Efficient human-in-the-loop optimization via priors learned from user models,10.1145/3772318.3791976
R7f1ce4d73,1,author,kataoka,10.1145/3772318.3790453,To slide or not to slide: Exploring techniques for comparing immersive videos,10.1145/3772318.3790453
R7e33a8b5a,2,author,watanabe,10.1145/3772318.3790860,SYNAPSE: a sociotechnical taxonomy of bioadaptive media,10.1145/3772318.3790860
Rf63ae755f,2,author,watanabe,10.1145/3772318.3793808,A tale of many futures: Children in finland and india envision the future of education,10.1145/3772318.3793808
Rb7109f93d,1,author,kataoka,10.1145/3772318.3791663,HaRing: a haptic ring interface for one-handed interaction with high-dimensional spatial information,10.1145/3772318.3791663
Rc2d51beb6,3,kataoka,watanabe,10.1145/3706598.3713659,SeeThroughBody: Mitigating occlusion through body transparency to enhance foot-floor touch interaction,10.1145/3706598.3713659
R44f5cdfa4,1,author,kataoka,10.1145/3706598.3713403,Light up fireflies: Exploring the design of interpersonal bodily intertwinement in social body games,10.1145/3706598.3713403
R55d9ddbea,2,author,watanabe,10.1145/3746058.3758438,Controlling avatar locomotion with minimal wrist and finger gestures,10.1145/3746058.3758438
Rc175f30bc,1,author,kataoka,10.1145/3706598.3713110,Prompting an embodied AI agent: How embodiment and multimodal signaling affects prompting behaviour,10.1145/3706598.3713110
Rbf06c4fab,1,author,kataoka,10.1145/3706598.3714110,DobbyEar: Inducing body illusion of ear deformation with haptic retargeting,10.1145/3706598.3714110
R8a44a0dec,1,author,kataoka,10.1145/3706598.3713566,The fidelity-based presence scale (FPS): Modeling the effects of fidelity on sense of presence,10.1145/3706598.3713566
R52880b85e,1,author,kataoka,10.1145/3706598.3713428,From alien to ally: Exploring non-verbal communication with non-anthropomorphic avatars in a collaborative escape-room,10.1145/3706598.3713428
R4f7b41cd7,3,kataoka,watanabe,10.1145/3706598.3713361,Slip-grip: An electrotactile method to simulate weight,10.1145/3706598.3713361
Rf4151e203,1,author,kataoka,10.1145/3746058.3758459,Exploring on-body haptic systems through HCI methods: From perception to hardware and application innovation,10.1145/3746058.3758459
Ra4f34ac76,2,author,watanabe,10.1145/3746058.3758984,Demonstrating NeuroFlux: a non-invasive peripheral magnetic stimulation device for multimodal haptic feedback,10.1145/3746058.3758984
R84ad90d1b,1,author,kataoka,10.1145/3757733,A comprehensive review of real-time multi-view multi-person markerless motion capture,10.1145/3757733
Rc9d3f6b9a,1,author,kataoka,10.1145/3746059.3747738,"Texergy: Textile-based harvesting, storing, and releasing of mechanical energy for passive on-body actuation",10.1145/3746059.3747738
Rd7f420532,3,kataoka,watanabe,10.1145/3706598.3714273,VibraForge: a scalable prototyping toolkit for creating spatialized vibrotactile feedback systems,10.1145/3706598.3714273
R54cc011ca,1,author,kataoka,10.1145/3746059.3747619,HeatFlow: a thermal-tactile display for dynamic 2D thermal movements,10.1145/3746059.3747619
R32b428b4d,3,kataoka,watanabe,10.1145/3726873,Transformation in the digital age: Factors influencing visitor engagement in virtual museums,10.1145/3726873
Rb2b5e1950,3,kataoka,watanabe,10.1145/3706598.3713595,Understanding break-ability through screen-based affordances,10.1145/3706598.3713595
Ra0bebe208,3,kataoka,watanabe,10.1145/3706598.3713629,ReachPad: Interacting with multiple virtual screens using a single physical pad through haptic retargeting,10.1145/3706598.3713629
Rfd7ff84aa,3,kataoka,watanabe,10.1145/3706598.3714157,Reviving mural art through generative AI: a comparative study of AI-generated and hand-crafted recreations,10.1145/3706598.3714157
Rfc85c3eb2,3,kataoka,watanabe,10.1145/3706598.3713700,"The triangle of misunderstanding in interactive virtual narratives: Gulfs between system, designers and players",10.1145/3706598.3713700
Ra39a5cf26,1,author,kataoka,10.1145/3736225,Exploring the social heritage metaverse for virtual heritage communication from multi end-user centered experiences,10.1145/3736225
R160142457,3,kataoka,watanabe,10.1145/3706598.3713132,Strollytelling: Coupling animation with physical locomotion to explore immersive data stories,10.1145/3706598.3713132
R672b25158,1,author,kataoka,10.1145/3706598.3713794,Bridging simulation and reality: Augmented virtuality for mass casualty triage training - from landscape analysis to empirical insights,10.1145/3706598.3713794
Rdafeb0d86,1,author,kataoka,10.1145/3706598.3714182,Virtual voyages: Evaluating the role of real-time and narrated virtual tours in shaping user experience and memories,10.1145/3706598.3714182
R708b5eeab,2,author,watanabe,10.1145/3706598.3713807,"""But I won't say that it was bad seeing a real vagina"": Understanding perspectives toward learning sensitive-critical health topic",10.1145/3706598.3713807
Rc5d05e7ab,3,kataoka,watanabe,10.1145/3706598.3714285,Exploring the remapping impact of spatial head-hand relations in immersive telesurgery,10.1145/3706598.3714285
R7504f5f81,3,kataoka,watanabe,10.1145/3716386,CPNet: Real-time cybersickness prediction without physiological sensors for cybersickness mitigation,10.1145/3716386
Rb83385f31,1,author,kataoka,10.1145/3746059.3747684,Squiggle: Multimodal lasso selection in the real world,10.1145/3746059.3747684
Rf4bd7b6c9,1,author,kataoka,10.1145/3706598.3713775,RadEye: Tracking eye motion using FMCW radar,10.1145/3706598.3713775
R77dc3c6b2,2,author,watanabe,10.1145/3712676.3719673,3D gaussian-based immersive media streaming in networked extended reality,10.1145/3712676.3719673
Rbd7ca4d3b,3,kataoka,watanabe,10.1145/3720535,The cyberpsychology influence on modern computing,10.1145/3720535
Rfaf404f2a,3,kataoka,watanabe,10.1145/3712011,Generating high-fidelity clothed human dynamics with temporal diffusion,10.1145/3712011
R86867f1e4,1,author,kataoka,10.1145/3706598.3714083,Spatial haptics: a sensory substitution method for distal object detection using tactile cues,10.1145/3706598.3714083
R6d92b5e4a,1,author,kataoka,10.1145/3706598.3713603,Continual human-in-the-loop optimization,10.1145/3706598.3713603
R0a4b67f13,3,kataoka,watanabe,10.1145/3763351,Ultrafast and controllable online motion retargeting for game scenarios,10.1145/3763351
Ra1a3a457c,2,author,watanabe,10.1145/3706598.3713371,Realism drives interpersonal reciprocity but yields to AI-assisted egocentrism in a coordination experiment,10.1145/3706598.3713371
Ra09e9ed56,1,author,kataoka,10.1145/3722221,A quality-aware data collection scheme with privacy for cyber-physical immersive networking systems,10.1145/3722221
R197b9d999,1,author,kataoka,10.1145/3706598.3713288,Fly away: Evaluating the impact of motion fidelity on optimized user interface design via bayesian optimization in automated urban air mobility simulations,10.1145/3706598.3713288
R312687e51,3,kataoka,watanabe,10.1145/3708319.3733665,vNAO: Virtual NAO as a cognitive companion for the elderly,10.1145/3708319.3733665
R6ddaa98e7,2,author,watanabe,10.1145/3706598.3714269,Looking but not focusing: Defining gaze-based indices of attention lapses and classifying attentional states,10.1145/3706598.3714269
Rcd3053fd0,1,author,kataoka,10.1145/3746059.3747791,Branch explorer: Leveraging branching narratives to support interactive 360° video viewing for blind and low vision users,10.1145/3746059.3747791
R9cae14ca6,3,kataoka,watanabe,10.1145/3721292,Immersive multimedia communication: State-of-the-art on extended reality streaming,10.1145/3721292
R9d5b4703d,1,author,kataoka,10.1145/3748636.3760460,Human-as-a-sensor: Harnessing brain signals for intelligent multimodal sensing in spatially-aware systems,10.1145/3748636.3760460
Rb4fc2751b,1,author,kataoka,10.1145/3763278,Fovea stacking: Imaging with dynamic localized aberration correction,10.1145/3763278
R3f16ca436,3,kataoka,watanabe,10.1145/3706598.3713424,Spatial hand actions: Exploring the hand actions used to represent spatial thinking for 3D assembling tasks,10.1145/3706598.3713424
R5dc2fcca1,2,author,watanabe,10.1145/3706598.3713945,Unlocking the power of speech: Game-based accent and oral communication training for immigrant english language learners via large language models,10.1145/3706598.3713945
R476a95636,2,author,watanabe,10.1145/3718089,Engaging youth in moorish architectural heritage through virtual 3D experience of the bardo palace of algiers,10.1145/3718089
R3527d6838,1,author,kataoka,T:the many challenges of human like agents in virtual game environments,The many challenges of human-like agents in virtual game environments,
R899ce116b,1,author,kataoka,10.1145/3712676.3718344,AMIS: An audiovisual dataset for multimodal XR research,10.1145/3712676.3718344
Rcc698505f,1,author,kataoka,10.1145/3746059.3747776,Vestibular stimulation enhances hand redirection,10.1145/3746059.3747776
R9f23a7819,2,author,watanabe,10.1145/3746059.3747802,FiberCircuits: a miniaturization framework to manufacture fibers that embed integrated circuits,10.1145/3746059.3747802
Rbec177609,1,author,kataoka,10.1145/3731599.3767368,ASCRIBE-XR: Extended reality for visualization of scientific images,10.1145/3731599.3767368
R4f0ca6260,2,author,watanabe,10.1145/3746059.3747634,Primed action: Preserving agency while accelerating reaction time via subthreshold brain stimulation,10.1145/3746059.3747634
R440ee39e0,2,author,watanabe,10.1145/3706598.3713461,Online-EYE: Multimodal implicit eye tracking calibration for XR,10.1145/3706598.3713461
R88a4b59cf,3,kataoka,watanabe,10.1145/3706598.3713849,Ego vs. exo and active vs. passive: Investigating the individual and combined effects of viewpoint and navigation on spatial immersion and understanding in immersive storytelling,10.1145/3706598.3713849
R2204f5474,1,author,kataoka,10.1145/3708359.3712097,To guide or to disturb - how to teach dexterous skills using AI?,10.1145/3708359.3712097
Rf62aec8e9,3,kataoka,watanabe,10.1145/3746059.3747775,UltraEdit: In-situ design environment for ultrasound haptization,10.1145/3746059.3747775
R3d6efb8f3,2,author,watanabe,10.1145/3731212,Faraday cage estimation of normals for point clouds and ribbon sketches,10.1145/3731212
Rc82304517,2,author,watanabe,10.1145/3746059.3747671,EI-lite: Electrical impedance sensing for micro-gesture recognition and pinch force estimation,10.1145/3746059.3747671
R71c8933ce,1,author,kataoka,10.1145/3706598.3713959,Heartbeat resonance: Inducing non-contact heartbeat sensations in the chest,10.1145/3706598.3713959
R151a45878,3,kataoka,watanabe,T:neuroengage a multimodal dataset integrating fmri for analyzing conversational engagement in human human and human robot interactions,NeuroEngage: a multimodal dataset integrating fMRI for analyzing conversational engagement in human-human and human-robot interactions,
Rbdedfe17f,1,author,kataoka,10.1145/3706598.3713982,Educator perceptions of xrauthor: An accessible tool for authoring learning content with different immersion levels,10.1145/3706598.3713982
Rf415b421f,2,author,watanabe,10.1145/3613904.3642915,Gaze on the go: Effect of spatial reference frame on visual target acquisition during physical locomotion in extended reality,10.1145/3613904.3642915
R815e55f69,3,kataoka,watanabe,10.1145/3613904.3642870,Swarm body: Embodied swarm robots,10.1145/3613904.3642870
Rcb071b01c,1,author,kataoka,10.1145/3672539.3686355,Exploring the effects of fantasy level of avatars on user perception and behavior,10.1145/3672539.3686355
R100a813e0,3,kataoka,watanabe,10.1145/3658209,Categorical codebook matching for embodied character controllers,10.1145/3658209
R76c531efb,2,author,watanabe,10.1145/3613904.3642254,"Big or small, it’s all in your head: Visuo-haptic illusion of size-change using finger-repositioning",10.1145/3613904.3642254
R568ab95cc,1,author,kataoka,10.1145/3672539.3686773,Demonstrating augmented breathing via thermal feedback in the nose,10.1145/3672539.3686773
Re32dd9c84,3,kataoka,watanabe,10.1145/3678177,A polyvocal approach to virtual heritage: An immersive case study,10.1145/3678177
Rf501d6338,1,author,kataoka,10.1145/3654777.3676361,SpaceBlender: Creating context-rich collaborative spaces through generative 3D scene blending,10.1145/3654777.3676361
R1ca17b9ae,2,author,watanabe,10.1145/3663548.3688547,Echolocation as an accessible navigation tool in a virtual 3D environment,10.1145/3663548.3688547
R08a258c06,3,kataoka,watanabe,10.1145/3688569,A survey on deep learning for design and generation of virtual architecture,10.1145/3688569
R78d6236ad,1,author,kataoka,10.1145/3663548.3675638,WheelPoser: Sparse-IMU based body pose estimation for wheelchair users,10.1145/3663548.3675638
R3b8ba0b13,1,author,kataoka,10.1145/3613904.3642483,Haptic source-effector: Full-body haptics via non-invasive brain stimulation,10.1145/3613904.3642483
Racf965f9c,3,kataoka,watanabe,10.1145/3625468.3647626,How do users experience asynchrony between visual and haptic information?,10.1145/3625468.3647626
R77cea591c,3,kataoka,watanabe,10.1145/3703154,A survey on emerging trends and applications of 5G and 6G to healthcare environments,10.1145/3703154
Re3dfd3cf7,2,author,watanabe,10.1145/3654777.3676460,Thermal in motion: Designing thermal flow illusions with tactile and thermal interaction,10.1145/3654777.3676460
Rcf6027119,1,author,kataoka,10.1145/3613904.3642364,Virtual unreality: Augmentation-oriented ideation through design cards,10.1145/3613904.3642364
Rf7cf45b3e,1,author,kataoka,10.1145/3613904.3642251,Augmenting perceived length of handheld controllers: Effects of object handle properties,10.1145/3613904.3642251
Rb0f72da0c,1,author,kataoka,10.1145/3613904.3642147,The RayHand navigation: a virtual navigation method with relative position between hand and gaze-ray,10.1145/3613904.3642147
R2acac72cb,1,author,kataoka,10.1145/3654777.3676453,Hydroptical thermal feedback: Spatial thermal feedback using visible lights and water,10.1145/3654777.3676453
R5467b4d56,1,author,kataoka,10.1145/3613904.3642859,Designing for human operations on the moon: Challenges and opportunities of navigational HUD interfaces,10.1145/3613904.3642859
Rf7a71c267,1,author,kataoka,10.1145/3687926,Robust dual gaussian splatting for immersive human-centric volumetric videos,10.1145/3687926
R0709b8465,2,author,watanabe,10.1145/3613904.3641947,EyeGuide &amp; EyeConGuide: Gaze-based visual guides to improve 3D sketching systems,10.1145/3613904.3641947
R9a49a699e,3,kataoka,watanabe,10.1145/3625468.3652917,Multiuser virtual experiences powered by holoportation technologies and multimodal human-computer interaction (HCI),10.1145/3625468.3652917
R1ea987afb,1,author,kataoka,10.1145/3703838,Demonstrative learning for human-agent knowledge transfer,10.1145/3703838
Rcdf400a27,1,author,kataoka,10.1145/3658644.3670291,Avara: a uniform evaluation system for perceptibility analysis against adversarial object evasion attacks,10.1145/3658644.3670291
R89fdb43e4,2,author,watanabe,10.1145/3659582,A quality-aware and obfuscation-based data collection scheme for cyber-physical metaverse systems,10.1145/3659582
R0713fb9a6,2,author,watanabe,10.1145/3613904.3642709,"Füpop: ""Real food"" flavor delivery via focused ultrasound",10.1145/3613904.3642709
R59dfa3b9b,2,author,watanabe,10.1145/3687980,360-degree human video generation with 4D diffusion transformer,10.1145/3687980
Re6773606f,2,author,watanabe,10.1145/3663548.3675637,Vision-based assistive technologies for people with cerebral visual impairment: a review and focus study,10.1145/3663548.3675637
Rdd6ab1e42,1,author,kataoka,10.1145/3613904.3642206,Stochastic machine witnesses at work: Today's critiques of taylorism are inadequate for workplace surveillance epistemologies of the future,10.1145/3613904.3642206
R86ac6086f,2,author,watanabe,10.1145/3613904.3642285,Exploring an extended reality floatation tank experience to reduce the fear of being in water,10.1145/3613904.3642285
Rc6347845d,2,author,watanabe,10.1145/3613904.3641907,Shaping compliance: Inducing haptic illusion of compliance in different shapes with electrotactile grains,10.1145/3613904.3641907
Ra9608649d,3,kataoka,watanabe,10.1145/3650208,A quality of experience and visual attention evaluation for 360° videos with non-spatial and spatial audio,10.1145/3650208
R23dc0544f,2,author,watanabe,10.1145/3658138,Cybersickness reduction via gaze-contingent image deformation,10.1145/3658138
R1eecdd768,1,author,kataoka,10.1145/3634737.3657015,A generative framework for low-cost result validation of machine learning-as-a-service inference,10.1145/3634737.3657015
Ra096b4905,1,author,kataoka,10.1145/3613904.3642156,Haptic permeability: Adding holes to tactile devices improves dexterity,10.1145/3613904.3642156
R44d5b67cd,3,kataoka,watanabe,10.1145/3658140,Interactive character control with auto-regressive motion diffusion models,10.1145/3658140
R20cba53d7,3,kataoka,watanabe,10.1145/3687985,Multi-resolution real-time deep pose-space deformation,10.1145/3687985
R8f90c56e5,2,author,watanabe,10.1145/3654777.3676393,An interactive system for supporting creative exploration of cinematic composition designs,10.1145/3654777.3676393
Rce9a8dfd7,3,kataoka,watanabe,10.1145/3654777.3676438,Augmented breathing via thermal feedback in the nose,10.1145/3654777.3676438
Rbe703e8ec,2,author,watanabe,10.1145/3658127,Mesh neural cellular automata,10.1145/3658127
Rd11b29747,2,author,watanabe,10.1145/3669754.3669756,WS-GCN: Integrating GCN with weak supervision for enhanced 3D human pose estimation,10.1145/3669754.3669756
R5906f93c2,3,kataoka,watanabe,10.1145/3613904.3642395,Seated-WIP: Enabling walking-in-place locomotion for stationary chairs in confined spaces,10.1145/3613904.3642395
R0636516aa,2,author,watanabe,10.1145/3613904.3642228,Stacked retargeting: Combining redirected walking and hand redirection to expand haptic retargeting's coverage,10.1145/3613904.3642228
Rf69f729fe,3,kataoka,watanabe,10.1145/3654777.3676457,Fiery hands: Designing thermal glove through thermal and tactile integration for virtual object manipulation,10.1145/3654777.3676457
Rb660f5938,1,author,kataoka,10.1145/3613904.3642029,"""It must be gesturing towards me"": Gesture-based interaction between autonomous vehicles and pedestrians",10.1145/3613904.3642029
Ra4d02fd8f,3,kataoka,watanabe,10.1145/3634737.3637634,The catcher in the eye: Recognizing users by their blinks,10.1145/3634737.3637634
R9521de208,2,author,watanabe,10.1145/3654777.3676433,"SpinShot: Optimizing both physical and perceived force feedback of flywheel-based, directional impact handheld devices",10.1145/3654777.3676433
R14a88b197,2,author,watanabe,10.1145/3613904.3642019,Light it up: Evaluating versatile autonomous vehicle-cyclist external human-machine interfaces,10.1145/3613904.3642019
Rab4b67ba6,3,kataoka,watanabe,10.1145/3613904.3641925,Towards an eye-brain-computer interface: Combining gaze with the stimulus-preceding negativity for target selections in XR,10.1145/3613904.3641925
R2ba52e7e3,3,kataoka,watanabe,10.1145/3544548.3581027,HandAvatar: Embodying non-humanoid virtual avatars through hands,10.1145/3544548.3581027
Rdf2685dd5,2,author,watanabe,10.1145/3544548.3581430,Not all spacings are created equal: The effect of text spacings in on-the-go reading using optical see-through head-mounted displays,10.1145/3544548.3581430
R9a5bb88c1,2,author,watanabe,10.1145/3544548.3580944,Dancing with the avatars: Minimal avatar customisation enhances learning in a psychomotor task,10.1145/3544548.3580944
R79f9a18c8,3,kataoka,watanabe,10.1145/3625264,SparsePoser: Real-time full-body motion reconstruction from sparse data,10.1145/3625264
Rb2f093f52,1,author,kataoka,10.1145/3587819.3590985,Performance and user experience studies of HILLES: Home-based immersive lower limb exergame system,10.1145/3587819.3590985
Rf09734948,3,kataoka,watanabe,10.1145/3586183.3606766,Parametric haptics: Versatile geometry-based tactile feedback devices,10.1145/3586183.3606766
Rac086c75a,1,author,kataoka,10.1145/3586183.3606728,Neighbor-environment observer: An intelligent agent for immersive working companionship,10.1145/3586183.3606728
R66ed5e4c8,1,author,kataoka,10.1145/3544548.3580727,Generating haptic motion effects for multiple articulated bodies for improved 4D experiences: a camera space approach,10.1145/3544548.3580727
Ra01b3b77f,2,author,watanabe,10.1145/3563359.3596667,SculptMate: Personalizing cultural heritage experience using fuzzy weights,10.1145/3563359.3596667
Rd906b92e3,1,author,kataoka,10.1145/3586183.3606773,CrossTalk: Intelligent substrates for language-oriented interaction in video-based communication and collaboration,10.1145/3586183.3606773
Rf8a6a0384,2,author,watanabe,10.1145/3544548.3580678,GestureExplorer: Immersive visualisation and exploration of gesture data,10.1145/3544548.3580678
Rb8aac2879,1,author,kataoka,10.1145/3544548.3580760,AutoVis: Enabling mixed-immersive analysis of automotive user interface interaction studies,10.1145/3544548.3580760
R1bc01ffca,3,kataoka,watanabe,10.1145/3586183.3606768,AirCharge: Amplifying ungrounded impact force by accumulating air propulsion momentum,10.1145/3586183.3606768
R0a243609f,3,kataoka,watanabe,10.1145/3544548.3581092,transPAF: Rendering omnidirectional impact feedback with dynamic point of application of force all round a controller,10.1145/3544548.3581092
R13793fe7f,1,author,kataoka,10.1145/3586183.3606818,Taste retargeting via chemical taste modulators,10.1145/3586183.3606818
R2f4a29152,1,author,kataoka,10.1145/3544548.3581468,HOOV: Hand out-of-view tracking for proprioceptive interaction using inertial sensing,10.1145/3544548.3581468
R298ba6dc8,1,author,kataoka,10.1145/3544548.3580724,Visuo-haptic crossmodal shape perception model for shape-changing handheld controllers bridged by inertial tensor,10.1145/3544548.3580724
R0173ff811,3,kataoka,watanabe,10.1145/3544548.3580723,Towards applied remapped physical-virtual interfaces: Synchronization methods for resolving control state conflicts,10.1145/3544548.3580723
R81b5aae70,3,kataoka,watanabe,10.1145/3498329,GDOM: An immersive experience of intangible heritage through spatial storytelling,10.1145/3498329
Rafbec97d6,1,author,kataoka,10.1145/3627106.3627108,A tagging solution to discover IoT devices in apartments,10.1145/3627106.3627108
Rc0f316263,3,kataoka,watanabe,10.1145/3524023,Rediscovering the traditional UNESCO world heritage hawamahal through 3D animation and immersive technology,10.1145/3524023
R27a89467d,3,kataoka,watanabe,10.1145/3544548.3581454,Reality rifts: Wonder-ful interfaces by disrupting perceptual causality,10.1145/3544548.3581454
R80dfbd0b5,2,author,watanabe,10.1145/3586183.3606782,HRTF estimation in the wild,10.1145/3586183.3606782
Rea2cf7ca1,3,kataoka,watanabe,10.1145/3563359.3596664,Virtual archaeology in a multi-platform and multi-lingual setting,10.1145/3563359.3596664
R1e6c381ed,3,kataoka,watanabe,10.1145/3604622,Mixed abilities and varied experiences: a group autoethnography of a virtual summer internship,10.1145/3604622
R3fc6df8f8,1,author,kataoka,10.1145/3544548.3581195,Seeking love and companionship through streaming: Unpacking livestreamer-moderated senior matchmaking in china,10.1145/3544548.3581195
Ra573e4f2d,2,author,watanabe,10.1145/3583780.3615099,Understanding user immersion in online short video interaction,10.1145/3583780.3615099
Rebdbdbdab,2,author,watanabe,10.1145/3544548.3580764,JumpMod: Haptic backpack that modifies users’ perceived jump,10.1145/3544548.3580764
Re402522ad,3,kataoka,watanabe,10.1145/3544548.3580748,FlexBoard: a flexible breadboard for interaction prototyping on curved and deformable surfaces,10.1145/3544548.3580748
Rab9a203b4,1,author,kataoka,10.1145/3544548.3581283,Speech-augmented cone-of-vision for exploratory data analysis,10.1145/3544548.3581283
Re68d7b6ba,3,kataoka,watanabe,10.1145/3586183.3606752,Reprogrammable digital metamaterials for interactive devices,10.1145/3586183.3606752
Reaaac31e4,3,kataoka,watanabe,10.1145/3586183.3606808,FeetThrough: Electrotactile foot interface that preserves real-world sensations,10.1145/3586183.3606808
R1b4563d90,3,kataoka,watanabe,10.1145/3586183.3606812,Interactive benefits from switching electrical to magnetic muscle stimulation,10.1145/3586183.3606812
Ra46f176dc,2,author,watanabe,10.1145/3544548.3580767,Sensorimotor simulation of redirected reaching using stochastic optimal feedback control,10.1145/3544548.3580767
R8c132f832,1,author,kataoka,10.1145/3544548.3581382,Full-hand electro-tactile feedback without obstructing palmar side of hand,10.1145/3544548.3581382
Rea3084d47,1,author,kataoka,10.1145/3544548.3580876,Tesseract: Querying spatial design recordings by manipulating worlds in miniature,10.1145/3544548.3580876
R58c8c8529,1,author,kataoka,10.1145/3544548.3580862,"Electrical, vibrational, and cooling stimuli-based redirected walking: Comparison of various vestibular stimulation-based redirected walking systems",10.1145/3544548.3580862
Rf46268bd2,2,author,watanabe,10.1145/3597638.3614510,A toolkit of approaches for digital mapping and correction of visual distortion,10.1145/3597638.3614510
R33ad45996,1,author,kataoka,10.1145/3524273.3528179,Spatial audio in 360° videos: does it influence visual attention?,10.1145/3524273.3528179
Rbb20de746,3,kataoka,watanabe,T:unwinding rotations improves user comfort with immersive telepresence robots,Unwinding rotations improves user comfort with immersive telepresence robots,
R105c9eb7a,3,kataoka,watanabe,10.1145/3526114.3558653,Silent subwoofer system using myoelectric stimulation to presents the acoustic deep bass experiences,10.1145/3526114.3558653
Rf07eac9ee,2,author,watanabe,10.1145/3528223.3530136,Dark stereo: improving depth perception under low luminance,10.1145/3528223.3530136
Ra8e7ce38b,3,kataoka,watanabe,10.1145/3526114.3558738,VLOGS: Virtual laboratory observation tool for monitoring a group of students,10.1145/3526114.3558738
Rf0f98d8b2,2,author,watanabe,10.1145/3526113.3545677,ELAXO : Rendering versatile resistive force feedback for fingers grasping and twisting,10.1145/3526113.3545677
R8d06a3eb9,3,kataoka,watanabe,10.1145/3524273.3528175,A questionnaire-based and physiology-inspired quality of experience evaluation of an immersive multisensory wheelchair simulator,10.1145/3524273.3528175
Rc0d702d06,1,author,kataoka,10.1145/3526113.3545650,MetamorphX: An ungrounded 3-DoF moment display that changes its physical properties through rotational impedance control,10.1145/3526113.3545650
R6f82fe955,1,author,kataoka,10.1145/3526113.3545657,"PassengXR: a low cost platform for any-car, multi-user, motion-based passenger XR experiences",10.1145/3526113.3545657
R7c88d5dca,1,author,kataoka,10.1145/3491102.3517571,"Effects of pedestrian behavior, time pressure, and repeated exposure on crossing decisions in front of automated vehicles equipped with external communication",10.1145/3491102.3517571
R3229c6a76,1,author,kataoka,10.1145/3532213.3532310,Accurate human mesh reconstruction from a video with transformer based encoder,10.1145/3532213.3532310
R25b6e2275,2,author,watanabe,10.1145/3488901,Continuous operator authentication for teleoperated systems using hidden markov models,10.1145/3488901
R7e3139d21,1,author,kataoka,10.1145/3524273.3532905,Continuous-time feedback device to enhance situation awareness during take-over requests in automated driving conditions,10.1145/3524273.3532905
Rd818c7ff8,3,kataoka,watanabe,10.1145/3491102.3517468,immersivePOV: Filming how-to videos with a head-mounted 360° action camera,10.1145/3491102.3517468
R400db1514,2,author,watanabe,10.1145/3484397,Transferring traditional crafts from the physical to the virtual world: An authoring and visualization method and platform,10.1145/3484397
R8950d3e00,3,kataoka,watanabe,10.1145/3471191,Optimizing immersive video coding configurations using deep learning: a case study on TMIV,10.1145/3471191
R67fb126a6,3,kataoka,watanabe,10.1145/3526114.3558728,Methods of gently notifying pedestrians of approaching objects when listening to music,10.1145/3526114.3558728
R4453b42c7,2,author,watanabe,10.1145/3503222.3507726,Taurus: a data plane architecture for per-packet ML,10.1145/3503222.3507726
R4fd59f3c5,2,author,watanabe,T:robot pass me the tool handle visibility facilitates task oriented handovers,"Robot, pass me the tool: Handle visibility facilitates task-oriented handovers",
Rb6702aac7,3,kataoka,watanabe,10.1145/3528223.3530113,Dynamic optimal space partitioning for redirected walking in multi-user environment,10.1145/3528223.3530113
R7c3e4b7a2,1,author,kataoka,10.1145/3487569,In-IDE code generation from natural language: Promise and challenges,10.1145/3487569
R25a24965e,1,author,kataoka,10.1145/3526113.3545674,Computational design of active kinesthetic garments,10.1145/3526113.3545674
R5b038e53b,3,kataoka,watanabe,10.1145/3526114.3558736,HapticLever: Kinematic force feedback using a 3D pantograph,10.1145/3526114.3558736
R831927803,2,author,watanabe,10.1145/3528223.3530055,Image features influence reaction time: a learned probabilistic perceptual model for saccade latency,10.1145/3528223.3530055
R46dd7b6ea,3,kataoka,watanabe,10.1145/3528366,Designing an augmented experience for a music archive: What does the audience need beyond the sense of hearing?,10.1145/3528366
Reb27a4005,2,author,watanabe,10.1145/3550454.3555447,Text2Light: Zero-shot text-driven HDR panorama generation,10.1145/3550454.3555447
Re1be245ed,1,author,kataoka,10.1145/3491102.3501849,Vibration-augmented buttons: Information transmission capacity and application to interaction design,10.1145/3491102.3501849
Ra64fc3be1,2,author,watanabe,10.1145/3491102.3501838,TapGazer: Text entry with finger tapping and gaze-directed word selection,10.1145/3491102.3501838
Rb207fb8b5,2,author,watanabe,10.1145/3463825,Modeling the user experience of watching 360° videos with head-mounted displays,10.1145/3463825
Rd0d2c282d,2,author,watanabe,10.1145/3491102.3502127,Paracentral and near-peripheral visualizations: Towards attention-maintaining secondary information presentation on OHMDs during in-person social interactions,10.1145/3491102.3502127
R5ba8b6f7b,1,author,kataoka,10.1145/3491102.3502113,FlexHaptics: a design method for passive haptic inputs using planar compliant structures,10.1145/3491102.3502113
Rc09c177c8,3,kataoka,watanabe,10.1145/3532213.3532223,Binaural sound source localization based on neural networks in mismatched HRTF condition,10.1145/3532213.3532223
R41db91799,2,author,watanabe,10.1145/3411764.3445183,From FOMO to JOMO: Examining the fear and joy of missing out and presence in a 360° video viewing experience,10.1145/3411764.3445183
Re0ca3f00d,1,author,kataoka,10.1145/3411764.3445369,Ungrounded vari-dimensional tactile fingertip feedback for virtual object interaction,10.1145/3411764.3445369
R26add2dcd,2,author,watanabe,10.1145/3411764.3445499,Dynamic field of view restriction in 360° video: Aligning optical flow and visual SLAM to mitigate VIMS,10.1145/3411764.3445499
Rff93f91f3,3,kataoka,watanabe,10.1145/3450626.3459850,Driving-signal aware full-body avatars,10.1145/3450626.3459850
Rd89f63cf2,1,author,kataoka,10.1145/3397481.3450678,Multi-modal multi-scale attention guidance in cyber-physical environments,10.1145/3397481.3450678
R1bfefbe8f,3,kataoka,watanabe,10.1145/3411764.3445464,Bringing the jury to the scene of the crime: Memory and decision-making in a simulated crime scene,10.1145/3411764.3445464
R6d8822cb2,2,author,watanabe,10.1145/3411764.3445161,Using intersectional representation &amp; embodied identification in standard video game play to reduce societal biases,10.1145/3411764.3445161
Rcbffab218,1,author,kataoka,10.1145/3411764.3445309,Covert embodied choice: Decision-making and the limits of privacy under biometric surveillance,10.1145/3411764.3445309
R396fc20bd,3,kataoka,watanabe,10.1109/taslp.2021.3061939,Mixed source sound field translation for virtual binaural application with perceptual validation,10.1109/taslp.2021.3061939
R1e7088d55,1,author,kataoka,10.1145/3472749.3474790,STRIVE: String-based force feedback for automotive engineering,10.1145/3472749.3474790
R5e6a699ae,1,author,kataoka,10.14778/3476311.3476319,Path advisor: a multi-functional campus map tool for shortest path,10.14778/3476311.3476319
R0d728535f,3,kataoka,watanabe,10.1145/3411764.3445697,Radi-eye: Hands-free radial interfaces for 3D interaction using gaze-activated head-crossing,10.1145/3411764.3445697
R0ad8e1d45,1,author,kataoka,10.1145/3424951,"Experiences of knowledge transfer on industrial heritage using games, storytelling, and new technologies: “a history of enterprises”",10.1145/3424951
R7266e315b,2,author,watanabe,10.1145/3411764.3445182,HulaMove: Using commodity IMU for waist interaction,10.1145/3411764.3445182
Rea7e0dbfb,1,author,kataoka,10.1145/3450626.3459826,Learning time-critical responses for interactive character control,10.1145/3450626.3459826
Rda9416dbc,3,kataoka,watanabe,10.1145/3431926,"HeGO, a social game as a tool for cultural heritage valorization: The case study of the atina historical center",10.1145/3431926
Rbfe691761,1,author,kataoka,10.1145/3459637.3482198,Talking face generation based on information bottleneck and complementary representations,10.1145/3459637.3482198
R019175ba4,3,kataoka,watanabe,10.1145/3433210.3453093,SoK: Enabling security analyses of embedded systems via rehosting,10.1145/3433210.3453093
R7eb31d2e1,1,author,kataoka,10.1145/3412381,Automated orchestration of online educational collaboration in cloud-based environments,10.1145/3412381
R9c19b95c8,3,kataoka,watanabe,10.1145/3472749.3474768,NavStick: Making video games blind-accessible via the ability to look around,10.1145/3472749.3474768
R59d3f21ff,2,author,watanabe,10.1145/3439862,We dare you: a lifecycle study of a substitutional reality installation in a museum space,10.1145/3439862
R42b3bfa91,2,author,watanabe,10.1145/3411764.3445454,Elevate: a walkable pin-array for large shape-changing terrains,10.1145/3411764.3445454
Re7e6212fb,1,author,kataoka,10.1145/3411764.3445159,Context-based interface prototyping: Understanding the effect of prototype representation on user feedback,10.1145/3411764.3445159
Rd28732c56,3,kataoka,watanabe,10.1145/3472749.3474800,Altering perceived softness of real rigid objects by restricting fingerpad deformation,10.1145/3472749.3474800
R0d3b7d23f,2,author,watanabe,10.1145/3472749.3474781,MotionRing: Creating illusory tactile motion around the head using 360°&nbsp; vibrotactile headbands,10.1145/3472749.3474781
R5a095e5f4,2,author,watanabe,10.1145/3450626.3459829,Deep relightable appearance models for animatable faces,10.1145/3450626.3459829
R2a0bbf60d,3,kataoka,watanabe,10.1145/3411764.3445549,JetController: High-speed ungrounded 3-DoF force feedback controllers using air propulsion jets,10.1145/3411764.3445549
R94acbb3c5,1,author,kataoka,10.1145/3472749.3474747,Chemical haptics: Rendering haptic sensations via topical stimulants,10.1145/3472749.3474747
Rdc4ff6a39,2,author,watanabe,10.1145/3411764.3445158,CASSIE: Curve and surface sketching in immersive environments,10.1145/3411764.3445158
R92e40b6dd,2,author,watanabe,10.1145/3411764.3445355,“Grip-that-there”: An investigation of explicit and implicit task allocation techniques for human-robot collaboration,10.1145/3411764.3445355
Rbbc9af0ed,2,author,watanabe,10.1145/3411764.3445067,PriView– exploring visualisations to support users’ privacy awareness,10.1145/3411764.3445067
R8343db8c2,3,kataoka,watanabe,10.1145/3411764.3445254,"HapticSeer: a multi-channel, black-box, platform-agnostic approach to detecting video game events for real-time haptic feedback",10.1145/3411764.3445254
Rc89ab0863,1,author,kataoka,10.1145/3242587.3242588,FacePush: Introducing normal force on face with head-mounted displays,10.1145/3242587.3242588
Rd00581412,3,kataoka,watanabe,10.1145/2984511.2984545,Optical marionette: Graphical manipulation of human's walking direction,10.1145/2984511.2984545
R36c21db13,1,author,kataoka,10.1145/3172944.3172963,Can a helmet-mounted display make motorcycling safer?,10.1145/3172944.3172963
R253b6f3e4,1,author,kataoka,10.1145/2858036.2858438,Can eye help you? Effects of visualizing eye fixations on remote collaboration scenarios for physical tasks,10.1145/2858036.2858438
R781247524,3,kataoka,watanabe,10.1145/2858036.2858196,HapThimble: a wearable haptic device towards usable virtual touch screen,10.1145/2858036.2858196
R170fc4776,1,author,kataoka,10.1145/2897824.2925981,Body talk: crowdshaping realistic 3D avatars with words,10.1145/2897824.2925981
R6b3d66b86,3,kataoka,watanabe,10.1145/3130800.3130893,Smooth assembled mappings for large-scale real walking,10.1145/3130800.3130893
Ra4e5a9d52,2,author,watanabe,10.1145/2897824.2925883,Mapping virtual and physical reality,10.1145/2897824.2925883
R89c161a76,1,author,kataoka,10.1145/3272127.3275087,Shading atlas streaming,10.1145/3272127.3275087
R68948bc09,3,kataoka,watanabe,10.1145/3173574.3173894,Force jacket: Pneumatically-actuated jacket for embodied haptic experiences,10.1145/3173574.3173894
R0604f5f4f,3,kataoka,watanabe,10.1145/2980179.2980235,EgoCap: egocentric marker-less motion capture with two fisheye cameras,10.1145/2980179.2980235
Rf8ef904de,1,author,kataoka,10.1145/3072959.3073663,Phase-functioned neural networks for character control,10.1145/3072959.3073663
Re399469c0,3,kataoka,watanabe,10.1145/3064663.3064763,The challenges of visual-kinaesthetic experience,10.1145/3064663.3064763
R7022ca6bb,2,author,watanabe,10.1145/3197517.3201394,Scanner: efficient video analysis at scale,10.1145/3197517.3201394
Ra4044403d,3,kataoka,watanabe,10.1145/3266037.3271633,Wearable haptic device that presents the haptics sensation corresponding to three fingers on the forearm,10.1145/3266037.3271633
Rf2db07a43,3,kataoka,watanabe,T:benchmark framework for virtual students behaviours,Benchmark framework for virtual students' behaviours,
R7f3cade38,1,author,kataoka,10.1145/3272127.3275075,paGAN: real-time avatars using dynamic textures,10.1145/3272127.3275075
R5103d9a81,1,author,kataoka,10.1145/3134301,A survey of presence and related concepts,10.1145/3134301
Rd7b1e9421,1,author,kataoka,10.1145/3173574.3173702,Breaking the tracking: Enabling weight perception using perceivable tracking offsets,10.1145/3173574.3173702
R4bb73b936,3,kataoka,watanabe,10.1145/3117801,A conceptual framework for designing virtual heritage environment for cultural learning,10.1145/3117801
R76b870bc5,3,kataoka,watanabe,10.1145/3197517.3201399,Online optical marker-based hand tracking with deep labels,10.1145/3197517.3201399
Raa68e8a95,3,kataoka,watanabe,10.1145/3173574.3173724,Visuo-haptic illusions for improving the perceived performance of shape displays,10.1145/3173574.3173724
R3abcc6914,3,kataoka,watanabe,10.1145/3242587.3242604,DualPanto: a haptic device that enables blind users to continuously interact with virtual worlds,10.1145/3242587.3242604
Rd2d65c95f,3,kataoka,watanabe,10.1145/3242587.3242653,Immersive trip reports,10.1145/3242587.3242653
R58d9d6a8e,3,kataoka,watanabe,10.1145/3173574.3174115,Beyond the libet clock: Modality variants for agency measurements,10.1145/3173574.3174115
Rce26ac11d,1,author,kataoka,10.1145/3025453.3026033,Looking coordinated: Bidirectional gaze mechanisms for collaborative interaction with virtual characters,10.1145/3025453.3026033
R834ec7199,3,kataoka,watanabe,10.1145/3173574.3173652,VirtualGrasp: Leveraging experience of interacting with physical objects to facilitate digital object retrieval,10.1145/3173574.3173652
R9466f20e0,2,author,watanabe,10.1145/3072959.3073658,Audio-driven facial animation by joint end-to-end learning of pose and emotion,10.1145/3072959.3073658
Rdc93d407e,2,author,watanabe,10.1145/3173574.3174099,Thor's hammer: An ungrounded force feedback device utilizing propeller-induced propulsive force,10.1145/3173574.3174099
R35b38e659,3,kataoka,watanabe,10.1145/3173574.3174173,Two kinds of novel multi-user immersive display systems,10.1145/3173574.3174173
R30a73e437,3,kataoka,watanabe,10.1145/3197517.3201339,Parametric directional coding for precomputed sound propagation,10.1145/3197517.3201339
R65050910c,2,author,watanabe,10.1145/3126594.3126667,Mutual human actuation,10.1145/3126594.3126667
R93ed2713a,3,kataoka,watanabe,10.1145/2897824.2925967,Motion graphs for unstructured textured meshes,10.1145/2897824.2925967
Rc953e1244,3,kataoka,watanabe,10.1145/2858036.2858125,Finexus: Tracking precise motions of multiple fingertips using magnetic sensing,10.1145/2858036.2858125
R565717860,3,kataoka,watanabe,10.1145/2858036.2858244,Modeling the impact of depth on pointing performance,10.1145/2858036.2858244
Ra176b4693,1,author,kataoka,10.1145/3272127.3275098,Appearance capture and modeling of human teeth,10.1145/3272127.3275098
Rd9375c526,3,kataoka,watanabe,10.1145/2897824.2925928,Computational imaging with multi-camera time-of-flight systems,10.1145/2897824.2925928
Rdb220997c,1,author,kataoka,10.1145/2897824.2925916,Pose-space subspace dynamics,10.1145/2897824.2925916
R822d594a9,2,author,watanabe,10.1145/3025453.3025863,"Mouse, tactile, and tangible input for 3D manipulation",10.1145/3025453.3025863
Raa6a9c9f9,3,kataoka,watanabe,10.1145/2858036.2858525,Framework for electroencephalography-based evaluation of user experience,10.1145/2858036.2858525
Rd823a2eb2,3,kataoka,watanabe,10.1145/2996462,Digital lollipop: Studying electrical stimulation on the human tongue to simulate taste sensations,10.1145/2996462
Rbf1a3e960,2,author,watanabe,10.1145/2858036.2858309,Steel-sense: Integrating machine elements with sensors by additive manufacturing,10.1145/2858036.2858309
Rf98e62f54,3,kataoka,watanabe,10.1145/3126594.3126608,You as a puppet: Evaluation of telepresence user interface for puppetry,10.1145/3126594.3126608
R60b53f971,1,author,kataoka,10.1145/3072959.3073645,Low-cost 360 stereo photography and video capture,10.1145/3072959.3073645
R00f252b62,1,author,kataoka,10.1145/3234695.3236362,Towards accessible conversations in a mobile context for people who are deaf and hard of hearing,10.1145/3234695.3236362
R7406d0f41,3,kataoka,watanabe,10.1145/3072959.3073590,Focal surface displays,10.1145/3072959.3073590
R2ab4998e8,3,kataoka,watanabe,10.1145/2702123.2702331,MultiFi: Multi fidelity interaction with displays on and around the body,10.1145/2702123.2702331
R9daf15e4d,1,author,kataoka,10.1145/2702123.2702314,Augmenting social interactions: Realtime behavioural feedback using social signal processing techniques,10.1145/2702123.2702314
R7b199089e,1,author,kataoka,10.1145/2661334.2661453,Headlock: a wearable navigation aid that helps blind cane users traverse large open spaces,10.1145/2661334.2661453
R4de87a77e,2,author,watanabe,10.1145/2145204.2145394,As if being there: mediated reality for crime scene investigation,10.1145/2145204.2145394
R6065a8863,1,author,kataoka,10.1145/2702123.2702464,Cyclops: Wearable and single-piece full-body gesture input devices,10.1145/2702123.2702464
R0c98b9d1e,3,kataoka,watanabe,10.1145/2807442.2807443,Impacto: Simulating physical impact by combining tactile stimulation with electrical muscle stimulation,10.1145/2807442.2807443
R2ad0f1f44,1,author,kataoka,10.1145/2145204.2145291,Communication channels and awareness cues in collocated collaborative time-critical gaming,10.1145/2145204.2145291
Rb513a485a,1,author,kataoka,10.1145/2642918.2647394,Individual variation in susceptibility to cybersickness,10.1145/2642918.2647394
Rad99c27de,1,author,kataoka,10.1145/2755566,Folk dance evaluation using laban movement analysis,10.1145/2755566
R04d4adf5f,2,author,watanabe,10.1145/2557642.2557655,SPEX: scalable spatial publish/subscribe for distributed virtual worlds without borders,10.1145/2557642.2557655
R9155d4073,3,kataoka,watanabe,10.1145/2617994,"Mulsemedia: State of the art, perspectives, and challenges",10.1145/2617994
R9d540af3b,2,author,watanabe,10.1145/2461912.2461958,Designing unreinforced masonry models,10.1145/2461912.2461958
R23ab69fcb,3,kataoka,watanabe,10.1145/2702123.2702552,"Robots, pancakes, and computer games: Designing serious games for robot imitation learning",10.1145/2702123.2702552
Rf928754f2,3,kataoka,watanabe,10.1145/2700297,3DTI amphitheater: Towards 3DTI broadcasting,10.1145/2700297
R8a6a2ab5e,3,kataoka,watanabe,10.1145/2508363.2508405,Urban pattern: layout design by hierarchical domain splitting,10.1145/2508363.2508405
R0ee68e661,3,kataoka,watanabe,10.1145/2766917,Nonlinear material design using principal stretches,10.1145/2766917
R772d1d3dc,1,author,kataoka,10.1145/2507157.2507200,Prior ratings: a new information source for recommender systems in e-commerce,10.1145/2507157.2507200
R64be95937,1,author,kataoka,10.1145/2557642.2557654,3DTI amphitheater: a manageable 3DTI environment with hierarchical stream prioritization,10.1145/2557642.2557654
Ra17b836c1,1,author,kataoka,10.1145/2723576.2723650,A case study to track teacher gestures and performance in a virtual learning environment,10.1145/2723576.2723650
R0f85fec68,3,kataoka,watanabe,10.1145/2168996.2168998,Comparison of predictive contract mechanisms from an information theory perspective,10.1145/2168996.2168998
Rf5ff0df79,2,author,watanabe,10.1145/2598510.2598597,Interactive personal storytelling: an ethnographic study and simulation of apartheid-era narratives,10.1145/2598510.2598597
Re5884ecbd,2,author,watanabe,10.1145/2330163.2330184,Evolving flexible joint morphologies,10.1145/2330163.2330184
Rb67314e71,2,author,watanabe,10.1145/2441776.2441820,Friends FTW! friendship and competition in halo: reach,10.1145/2441776.2441820
R97cc42dbc,3,kataoka,watanabe,10.1145/2483977.2483978,Energy-budget-compliant adaptive 3D texture streaming in mobile games,10.1145/2483977.2483978
R35a1e5b87,1,author,kataoka,10.1145/2816795.2818106,An interactive tool for designing quadrotor camera shots,10.1145/2816795.2818106
Ra2c82c73f,1,author,kataoka,10.1145/2541940.2541969,VSwapper: a memory swapper for virtualized environments,10.1145/2541940.2541969
Rd775b69cc,3,kataoka,watanabe,10.1145/2049536.2049562,Accessibility of 3D game environments for people with Aphasia: an exploratory study,10.1145/2049536.2049562
R817166c79,3,kataoka,watanabe,10.1145/2457450.2457457,APRICOD: An access-pattern-driven distributed caching middleware for fast content discovery of noncontinuous media access,10.1145/2457450.2457457
Reab65badd,2,author,watanabe,10.1145/2441776.2441863,Virtually dining together in time-shifted environment: KIZUNA design,10.1145/2441776.2441863
R55201be96,3,kataoka,watanabe,10.1145/2090116.2090137,Social and semantic network analysis of chat logs,10.1145/2090116.2090137
Rba553f1e3,2,author,watanabe,T:less is more restructuring decisions to improve agent search,Less is more: restructuring decisions to improve agent search,
R166636ce8,3,kataoka,watanabe,10.1145/2399180.2399185,A serious game model for cultural heritage,10.1145/2399180.2399185
Ree821bdd2,1,author,kataoka,10.1145/2501988.2502042,"Mime: compact, low power 3D gesture sensing for interaction with head mounted displays",10.1145/2501988.2502042
R248f5744b,2,author,watanabe,10.1145/2816795.2818082,Generalizing wave gestures from sparse examples for real-time character control,10.1145/2816795.2818082
R8b00ea151,2,author,watanabe,10.1145/2366145.2366208,Data-driven finger motion synthesis for gesturing characters,10.1145/2366145.2366208
R980f542f4,3,kataoka,watanabe,10.1145/2449396.2449443,Dynamic text management for see-through wearable and heads-up display systems,10.1145/2449396.2449443
R01b810c5f,3,kataoka,watanabe,10.1145/1618452.1618518,Real-time prosody-driven synthesis of body language,10.1145/1618452.1618518
Re6ee8a069,2,author,watanabe,10.1145/1082473.1082614,"Designing multiparty interaction support in Elva, an embodied tour guide",10.1145/1082473.1082614
Rdfa67ce70,3,kataoka,watanabe,10.1145/1090785.1090817,3D sound interactive environments for problem solving,10.1145/1090785.1090817
R0f5f007ff,3,kataoka,watanabe,T:social norm emergence in virtual agent societies,Social norm emergence in virtual agent societies,
R3bc5400a7,1,author,kataoka,T:autonomous virtual humans and lower animals from biomechanics to intelligence,Autonomous virtual humans and lower animals: from biomechanics to intelligence,
R7522a848a,2,author,watanabe,10.1145/1070838.1070840,Immersive authoring: What you eXperience is what you get (WYXIWYG),10.1145/1070838.1070840
R56f2fec9f,2,author,watanabe,T:politeness and alignment in dialogues with a virtual guide,Politeness and alignment in dialogues with a virtual guide,
Rc6050a4d8,3,kataoka,watanabe,10.1145/1082473.1082635,A cost minimization approach to human behavior recognition,10.1145/1082473.1082635
R807fd558e,3,kataoka,watanabe,T:simulation of individual spontaneous reactive behavior,Simulation of individual spontaneous reactive behavior,
R79414af4c,2,author,watanabe,10.1145/1330511.1330512,Synthesis and evaluation of linear motion transitions,10.1145/1330511.1330512
R1ad0b5e5f,2,author,watanabe,10.1145/1052934.1052937,Motion prediction for caching and prefetching in mouse-driven DVE navigation,10.1145/1052934.1052937
R2e5f7c3de,3,kataoka,watanabe,10.1145/1378773.1378789,Managing a document-based information space,10.1145/1378773.1378789
R36d60f2a7,1,author,kataoka,10.1145/1061347.1061352,Fast multi-level adaptation for interactive autonomous characters,10.1145/1061347.1061352
R183254dce,1,author,kataoka,10.1145/1160633.1160806,Learning empathy: a data-driven framework for modeling empathetic companion agents,10.1145/1160633.1160806
Rebf2de7e9,1,author,kataoka,10.1145/3332165.3347898,Masque: Exploring lateral skin stretch feedback on the face with head-mounted displays,10.1145/3332165.3347898
Rfb3361f0f,1,author,kataoka,10.1145/3332165.3347931,ElastImpact: 2.5D multilevel instant impact using elasticity on head-mounted displays,10.1145/3332165.3347931
R6bdabee62,3,kataoka,watanabe,10.1145/3313831.3376619,Body-penetrating tactile phantom sensations,10.1145/3313831.3376619
R9a032646c,3,kataoka,watanabe,10.1145/3313831.3376700,A skin-stroke display on the eye-ring through head-mounted displays,10.1145/3313831.3376700
Rb391842de,1,author,kataoka,10.1145/3355089.3356490,Reducing simulator sickness with perceptual camera control,10.1145/3355089.3356490
Rb60c64f56,3,kataoka,watanabe,10.1145/3379337.3415832,Iteratively adapting avatars using task-integrated optimisation,10.1145/3379337.3415832
Ra0e7c0aaa,3,kataoka,watanabe,10.1145/3386569.3392393,Exertion-aware path generation,10.1145/3386569.3392393
R8e8b23de2,2,author,watanabe,10.1145/3379337.3415862,ElaStick: a handheld variable stiffness display for rendering dynamic haptic response of flexible object,10.1145/3379337.3415862
Rc6ae0e6a5,2,author,watanabe,10.1145/3290605.3300555,Scaptics and highlight-planes: Immersive interaction techniques for finding occluded features in 3D scatterplots,10.1145/3290605.3300555
R1f6248ebc,1,author,kataoka,10.1145/3290605.3300838,Warping deixis: Distorting gestures to enhance collaboration,10.1145/3290605.3300838
R5690f5ed8,3,kataoka,watanabe,10.1145/3319502.3374835,What should robots feel like?,10.1145/3319502.3374835
R8fce8af85,3,kataoka,watanabe,10.1145/3410455,Learning a deep agent to predict head movement in 360-degree images,10.1145/3410455
R1e8f27ab3,2,author,watanabe,10.1145/3313831.3376819,Improving reliability of virtual collision responses: a cue integration technique,10.1145/3313831.3376819
Rff5c7da9d,2,author,watanabe,10.1145/3290605.3300550,Pseudo-haptic weight: Changing the perceived weight of virtual objects by manipulating control-display ratio,10.1145/3290605.3300550
R6b238f7af,3,kataoka,watanabe,10.1145/3290605.3300798,Tool extension in human-computer interaction,10.1145/3290605.3300798
Rbcf3b0a19,3,kataoka,watanabe,10.1145/3386569.3392493,The eyes have it: an integrated eye and face model for photorealistic facial animation,10.1145/3386569.3392493
R52640a793,1,author,kataoka,10.1145/3379337.3415875,HandMorph: a passive exoskeleton that miniaturizes grasp,10.1145/3379337.3415875
R69f40ad6d,3,kataoka,watanabe,T:remote supervision of an unmanned surface vessel a comparison of interfaces,Remote supervision of an unmanned surface vessel: a comparison of interfaces,
Rc54f4b668,1,author,kataoka,10.1145/3332165.3347871,Virtual muscle force: Communicating kinesthetic forces through pseudo-haptic feedback and muscle input,10.1145/3332165.3347871
R020e8b273,2,author,watanabe,10.1145/3290605.3300718,"Springlets: Expressive, flexible and silent on-skin tactile interfaces",10.1145/3290605.3300718
R3d4c0fac1,2,author,watanabe,10.1145/3313831.3376481,FaceHaptics: Robot arm based versatile facial haptics for immersive environments,10.1145/3313831.3376481
R7e5ee953a,3,kataoka,watanabe,10.1145/3313831.3376712,Evaluation of machine learning techniques for hand pose estimation on handheld device with proximity sensor,10.1145/3313831.3376712
R0ac5364f6,3,kataoka,watanabe,10.1145/3290605.3300681,Face and ecological validity in simulations: Lessons from search-and-rescue HRI,10.1145/3290605.3300681
R2b79722ad,3,kataoka,watanabe,10.1145/3313831.3376675,Assessing 2D and 3D heatmaps for comparative analysis: An empirical study,10.1145/3313831.3376675
R80e9e07da,1,author,kataoka,10.1145/3313831.3376812,Soma design and sensory misalignment,10.1145/3313831.3376812
R916e03647,3,kataoka,watanabe,10.1145/3332165.3347926,Aero-plane: a handheld force-feedback device that renders weight motion illusion on a virtual 2D plane,10.1145/3332165.3347926
R2942bd1e4,3,kataoka,watanabe,10.1145/3332165.3347868,Redirected jumping: Perceptual detection rates for curvature gains,10.1145/3332165.3347868
R25ef2269a,3,kataoka,watanabe,10.1145/3313831.3376472,Towards inclusive external communication of autonomous vehicles for pedestrians with vision impairments,10.1145/3313831.3376472
R09dbb7b3e,3,kataoka,watanabe,10.1145/3404555.3404619,Social contagion on the internet: Evidence from experiment of attitude towards online collective event,10.1145/3404555.3404619
Re4764cb8a,1,author,kataoka,10.1145/3332165.3347921,Eye&amp;head: Synergetic eye and head movement for gaze pointing and selection,10.1145/3332165.3347921
R7db5f3c5e,1,author,kataoka,10.1145/3339825.3393578,A pipeline for multiparty volumetric video conferencing: transmission of point clouds over low latency DASH,10.1145/3339825.3393578
R1d1e85fea,1,author,kataoka,10.1145/3414685.3417814,Deep relightable textures: volumetric performance capture with neural rendering,10.1145/3414685.3417814
Rdd66a53d2,3,kataoka,watanabe,10.1145/3313831.3376197,"The effects of explicit intention communication, conspicuous sensors, and pedestrian attitude in interactions with automated vehicles",10.1145/3313831.3376197
Rcb03909b2,2,author,watanabe,T:the benefits of immersive demonstrations for teaching robots,The benefits of immersive demonstrations for teaching robots,
R8c4b604c3,3,kataoka,watanabe,10.1145/3332165.3347916,"Plane, ray, and point: Enabling precise spatial manipulations with shape constraints",10.1145/3332165.3347916
R1b26e3d73,3,kataoka,watanabe,10.1145/3313831.3376427,Soundr: Head position and orientation prediction using a microphone array,10.1145/3313831.3376427
Ra85616db4,1,author,kataoka,10.1145/3290605.3300401,HaptiVec: Presenting haptic feedback vectors in handheld controllers using embedded tactile pin arrays,10.1145/3290605.3300401
R47a0ae937,1,author,kataoka,10.1145/3290605.3300331,RayCursor: a 3D pointing facilitation technique based on raycasting,10.1145/3290605.3300331
R8a2befb8e,2,author,watanabe,10.1145/3372224.3380900,Towards 3D human pose construction using wifi,10.1145/3372224.3380900
R985277486,2,author,watanabe,10.1145/3297717,The MUSETECH model: a comprehensive evaluation framework for museum technology,10.1145/3297717
R1b2a848f7,3,kataoka,watanabe,10.1145/3290605.3300844,"Understanding digitally-mediated empathy: An exploration of visual, narrative, and biosensory informational cues",10.1145/3290605.3300844
Ra5ec1281f,3,kataoka,watanabe,10.1145/3332167.3357102,Estimating focused object using smooth pursuit eye movements and interest points in the real world,10.1145/3332167.3357102
R836bcf3b3,1,author,kataoka,10.1145/3211889,Joint stabilization and direction of 360°&nbsp;videos,10.1145/3211889
Rf6cd8c5ce,2,author,watanabe,10.1145/3290605.3300784,Pose-guided level design,10.1145/3290605.3300784
Rd0da34887,2,author,watanabe,10.1145/3373625.3418003,TACTOPI: a playful approach to promote computational thinking for visually impaired children,10.1145/3373625.3418003
R450807edf,1,author,kataoka,10.1145/3332165.3347876,HairBrush for immersive data-driven hair modeling,10.1145/3332165.3347876
R20d5cdc88,2,author,watanabe,10.1145/3414685.3417846,Learned hardware-in-the-loop phase retrieval for holographic near-eye displays,10.1145/3414685.3417846
Rae376855e,1,author,kataoka,10.1145/3387920,Multi-view graph matching for 3D model retrieval,10.1145/3387920
Ra327747c9,1,author,kataoka,10.1145/3310012,"Digital heritage as a scholarly field—topics, researchers, and perspectives from a bibliometric point of view",10.1145/3310012
R122ce8684,2,author,watanabe,10.1145/3341570,Socially aware path planning for a flying robot in close proximity of humans,10.1145/3341570
Rd0eda1022,1,author,kataoka,10.1145/3386569.3392427,Example-driven virtual cinematography by learning camera behaviors,10.1145/3386569.3392427
R6fbc4a9fe,3,kataoka,watanabe,10.1145/3290605.3300721,Gaze-guided narratives: Adapting audio guide content to gaze in virtual and real environments,10.1145/3290605.3300721
R996a02913,3,kataoka,watanabe,10.1145/3414831,Culturally significant presence in single-player computer games,10.1145/3414831
R476c17439,3,kataoka,watanabe,10.1145/3355089.3356558,Biomimetic eye modeling &amp; deep neuromuscular oculomotor control,10.1145/3355089.3356558
R34667b116,3,kataoka,watanabe,10.1145/3386569.3392482,HeadBlaster: a wearable approach to simulating motion perception using head-mounted air propulsion jets,10.1145/3386569.3392482
R9556b59cd,1,author,kataoka,10.1145/3379337.3415812,HapLinkage: Prototyping haptic proxies for virtual hand tools using linkage mechanism,10.1145/3379337.3415812
R56314e25e,1,author,kataoka,10.1145/3290605.3300388,Virtual performance augmentation in an immersive jump &amp; run exergame,10.1145/3290605.3300388
Rc8f1e1d73,2,author,watanabe,10.1145/3313831.3376512,Chasm: a screw based expressive compact haptic actuator,10.1145/3313831.3376512
R952e9961b,1,author,kataoka,10.1145/3308561.3353809,Delivering sign language in a live planetarium show using head-mounted displays and infrared light,10.1145/3308561.3353809
Rb4ca32d2a,2,author,watanabe,10.1145/3290605.3300580,Engaging lived and virtual realities,10.1145/3290605.3300580
Rb7cb0a6a0,3,kataoka,watanabe,10.1145/3313831.3376491,Touch me gently: Recreating the perception of touch using a shape-memory alloy matrix,10.1145/3313831.3376491
R5be8756c9,2,author,watanabe,10.1145/3290605.3300707,Mind the tap: Assessing foot-taps for interacting with head-mounted displays,10.1145/3290605.3300707
Rdd5f1ff65,2,author,watanabe,10.1145/3083187.3084015,Navigable videos for presenting scientific data on affordable head-mounted displays,10.1145/3083187.3084015
R40557d483,3,kataoka,watanabe,10.1145/3272127.3275019,3D hair synthesis using volumetric variational autoencoders,10.1145/3272127.3275019
Rf21cbdff9,2,author,watanabe,10.1145/3173574.3173865,shapeShift: 2D spatial manipulation and self-actuation of tabletop shape displays for tangible and haptic interaction,10.1145/3173574.3173865
Rcc107eb34,1,author,kataoka,10.1145/3137572,Quantify resilience enhancement of UTS through exploiting connected community and internet of everything emerging technologies,10.1145/3137572
Rc46c8a9f3,1,author,kataoka,10.1145/3126594.3126627,Dwell+: Multi-level mode selection using vibrotactile cues,10.1145/3126594.3126627
Rba89a16a9,1,author,kataoka,10.1145/2984751.2985707,SoEs: Attachable augmented haptic on gaming controller for immersive interaction,10.1145/2984751.2985707
R9ff108542,3,kataoka,watanabe,10.1145/3290605.3300902,Aarnio: Passive kinesthetic force output for foreground interactions on an interactive chair,10.1145/3290605.3300902
Rc1dc09da7,1,author,kataoka,10.1145/3290605.3300811,Abstract machines: Overlaying virtual worlds on physical rides,10.1145/3290605.3300811
R556f02bb0,3,kataoka,watanabe,10.1145/3290605.3300713,VARI-SOUND: a varifocal lens for sound,10.1145/3290605.3300713
R02f531ebc,1,author,kataoka,10.1145/3290605.3300245,BeamBand: Hand gesture sensing with ultrasonic beamforming,10.1145/3290605.3300245
R37c26cc15,1,author,kataoka,10.1145/3306346.3322982,Direct delta mush skinning and variants,10.1145/3306346.3322982
R68514b09f,2,author,watanabe,10.1145/3303767,Virtual inpainting for dazu rock carvings based on a sample dataset,10.1145/3303767
R8b61f575f,1,author,kataoka,10.1109/ismar.2004.3,A head tracking method using bird's-eye view camera and gyroscope,10.1109/ismar.2004.3
Rafbcb51b1,1,author,kataoka,10.1145/604045.604109,Scripting embodied agents behaviour with CML: character markup language,10.1145/604045.604109
Rb896efdbf,1,author,kataoka,10.1145/566570.566607,Interactive control of avatars animated with human motion data,10.1145/566570.566607
Rdb3784fac,1,author,kataoka,10.1145/502716.502765,Camera agents in a theatre of work,10.1145/502716.502765
R306e7070a,3,kataoka,watanabe,10.1145/502716.502733,Annotating and sketching on 3D web models,10.1145/502716.502733
R11b5addd9,2,author,watanabe,10.1145/320719.322580,Supporting awareness and interaction through collaborative virtual interfaces,10.1145/320719.322580
R664e53ed8,1,author,kataoka,10.1145/359784.360320,A computational model and classification framework for social navigation,10.1145/359784.360320
R20fc8746b,2,author,watanabe,10.1145/514236.514264,Virtual humans for validating maintenance procedures,10.1145/514236.514264
R7df23b68d,2,author,watanabe,10.1145/383259.383288,Automating gait generation,10.1145/383259.383288
R0f2143b2a,2,author,watanabe,10.1145/882262.882309,Free-viewpoint video of human actors,10.1145/882262.882309
Rf803feb18,1,author,kataoka,10.1145/588272.588280,Continuous contact simulation for smooth surfaces,10.1145/588272.588280
R190d40bdb,1,author,kataoka,10.1145/964442.964508,Real world sensorization for observing human behavior and its application to behavior-to-speech,10.1145/964442.964508
R8c0c84bcf,3,kataoka,watanabe,10.1145/1015864.1015867,Toward the eco-grid: a harmoniously evolved interconnection environment,10.1145/1015864.1015867
Ra441b385d,1,author,kataoka,10.1145/571985.572001,"Boom chameleon: simultaneous capture of 3D viewpoint, voice and gesture annotations on a spatially-aware display",10.1145/571985.572001
R9cbf35736,2,author,watanabe,10.1145/382179.383015,An application developer's perspective on reliable multicast for distributed interactive media,10.1145/382179.383015
R71df80377,1,author,kataoka,10.1145/956863.956899,Managing IFC for civil engineering projects,10.1145/956863.956899
Rd19720f5c,2,author,watanabe,10.1145/236337.236386,Components on the internet (panel),10.1145/236337.236386
R00907945d,2,author,watanabe,10.1145/566570.566614,A lighting reproduction approach to live-action compositing,10.1145/566570.566614
R170641695,2,author,watanabe,10.1145/1028630.1028636,Memory enhancement through audio,10.1145/1028630.1028636
R800201043,2,author,watanabe,10.1145/359784.360314,"Heroes, villians, magicians, …: dramatis personae in a virtual story creation environment",10.1145/359784.360314
Rec253e807,3,kataoka,watanabe,10.1145/636886.636889,Planning biped locomotion using motion capture data and probabilistic roadmaps,10.1145/636886.636889
R56fd270ec,2,author,watanabe,10.1145/192161.192262,IRIS performer: a high performance multiprocessing toolkit for real-time 3D graphics,10.1145/192161.192262
R926148ba6,2,author,watanabe,10.1145/234535.234537,Image shading taking into account relativistic effects,10.1145/234535.234537
R11087325b,2,author,watanabe,10.1145/192426.192501,A survey of design issues in spatial input,10.1145/192426.192501
Ra730a2c3f,1,author,kataoka,T:evaluation of calibration procedures for optical see through head mounted displays,Evaluation of calibration procedures for optical see-through head-mounted displays,
R74f5229f8,3,kataoka,watanabe,10.1145/3340531.3411997,Learning to distract: a hierarchical multi-decoder network for automated generation of long distractors for multiple-choice questions for reading comprehension,10.1145/3340531.3411997
Rf065faf33,1,author,kataoka,10.1145/3424952,Optimising environmental educational narrative videogames: The case of ‘a night in the forum’,10.1145/3424952
R5ab5aa212,3,kataoka,watanabe,10.1145/3313831.3376852,Walk the line: Leveraging lateral shifts of the walking path as an input modality for head-mounted displays,10.1145/3313831.3376852
Rabeb0cd06,3,kataoka,watanabe,10.1145/3313831.3376348,Dear pictograph: Investigating the role of personalization and immersion for consuming and enjoying visualizations,10.1145/3313831.3376348
R3d9514eb1,2,author,watanabe,10.1145/3313831.3376806,Trigeminal-based temperature illusions,10.1145/3313831.3376806
Rb8717fcb6,3,kataoka,watanabe,10.1109/vr.2018.8446318,Object size perception in immersive virtual reality: Avatar realism affects the way we perceive,10.1109/vr.2018.8446318
R226c03515,2,author,watanabe,10.1109/vrw52623.2021.00239,Exploring body gestures for small object selection in dense environment in HMD VR for data visualization applications,10.1109/vrw52623.2021.00239
R9d10f2dcc,1,author,kataoka,10.1109/tvcg.2025.3549123,An embodied body morphology task for investigating self-avatar proportions perception in Virtual Reality,10.1109/tvcg.2025.3549123
Rd7aaf9873,1,author,kataoka,10.1109/vr59515.2025.00053,Observations on virtual reality avatar alignment with research participants’ skin tone and gender,10.1109/vr59515.2025.00053
Rd94c9acae,1,author,kataoka,10.1109/vr.2019.8798040,Virtual hand realism affects object size perception in body-based scaling,10.1109/vr.2019.8798040
R1e6ac24e6,1,author,kataoka,10.1109/vr50410.2021.00027,The embodiment of photorealistic avatars influences female body weight perception in virtual reality,10.1109/vr50410.2021.00027
R9357114e9,2,author,watanabe,10.1109/tvcg.2025.3549894,Does hand size matter? The effect of avatar hand size on non-verbal communication in virtual reality,10.1109/tvcg.2025.3549894
R61cafb0ec,1,author,kataoka,10.1109/vrw62533.2024.00225,Towards an altered body image through the exposure to a modulated self in virtual reality,10.1109/vrw62533.2024.00225
R0fa826645,3,kataoka,watanabe,10.1109/tvcg.2024.3456211,From avatars to agents: Self-related cues through embodiment and personalization affect body perception in virtual reality,10.1109/tvcg.2024.3456211
R660200c24,1,author,kataoka,10.1109/vr.2010.5444802,Avatar self-embodiment enhances distance perception accuracy in non-photorealistic immersive virtual environments,10.1109/vr.2010.5444802
Rd436edda7,2,author,watanabe,10.1109/vr.2010.5444805,The contribution of real-time mirror reflections of motor actions on virtual body ownership in an immersive virtual environment,10.1109/vr.2010.5444805
R6d7548bf1,1,author,kataoka,10.1109/vrw62533.2024.00163,Effects on size perception by changing dynamic invisible body size,10.1109/vrw62533.2024.00163
Rb397ec7ea,2,author,watanabe,10.1109/vr.2019.8798240,MDI: a multi-channel dynamic immersion headset for seamless switching between virtual and real world activities,10.1109/vr.2019.8798240
R13e2704b2,2,author,watanabe,10.1109/vr46266.2020.00063,Virtual big heads: Analysis of human perception and comfort of head scales in social virtual reality,10.1109/vr46266.2020.00063
R9bcaaabbd,2,author,watanabe,10.1109/vr.2018.8446617,Locomotion with virtual agents in the realm of social virtual reality,10.1109/vr.2018.8446617
Rcde535321,1,author,kataoka,10.1109/ismar50242.2020.00070,Studying the inter-relation between locomotion techniques and embodiment in virtual reality,10.1109/ismar50242.2020.00070
R22f4f50b0,3,kataoka,watanabe,10.1109/tvcg.2023.3247089,"The impact of avatar and environment congruence on plausibility, embodiment, presence, and the proteus effect in virtual reality",10.1109/tvcg.2023.3247089
Rde71d642e,3,kataoka,watanabe,10.1109/ismar-adjunct68609.2025.00112,Customizing stylized avatars for self-compassion: Design impacts in virtual reality therapy,10.1109/ismar-adjunct68609.2025.00112
Rf452f9e1c,3,kataoka,watanabe,10.1109/tvcg.2020.3023603,Construction of the virtual embodiment questionnaire (VEQ),10.1109/tvcg.2020.3023603
Ra09de4d60,2,author,watanabe,10.1109/vr.2019.8798190,Can we create better haptic illusions by reducing body information?,10.1109/vr.2019.8798190
R6c5d45ba3,1,author,kataoka,10.1109/vr.2019.8798182,Selection and manipulation whole-body gesture elicitation study in virtual reality,10.1109/vr.2019.8798182
R077ce3dfb,3,kataoka,watanabe,10.1109/vr51125.2022.00023,Visual fidelity effects on expressive self-avatar in virtual reality: First impressions matter,10.1109/vr51125.2022.00023
R615dd75d5,2,author,watanabe,10.1109/access.2025.3570166,"Immersive multiplayer VR: Unreal engine’s strengths, limitations, and future prospects",10.1109/access.2025.3570166
Rb3c541a72,3,kataoka,watanabe,10.1109/vr46266.2020.00073,Comparative evaluation of viewing and self-representation on passability affordances to a realistic sliding doorway in real and immersive virtual environments,10.1109/vr46266.2020.00073
Reb24ebdd1,3,kataoka,watanabe,10.1109/vrw52623.2021.00124,Personal space evaluation and protection in social VR,10.1109/vrw52623.2021.00124
R4ce2892e6,2,author,watanabe,10.1109/vr.2019.8798348,Individual differences in embodied distance estimation in virtual reality,10.1109/vr.2019.8798348
R7c36c8a6c,2,author,watanabe,10.1109/tvcg.2020.2973077,"Avatar and sense of embodiment: Studying the relative preference between appearance, control and point of view",10.1109/tvcg.2020.2973077
Rdf3e2d120,2,author,watanabe,10.1109/vr.2019.8797787,The effect of hand size and interaction modality on the virtual hand illusion,10.1109/vr.2019.8797787
Rf8a428c16,2,author,watanabe,10.1109/vr.2019.8798158,PhantomLegs: Reducing virtual reality sickness using head-worn haptic devices,10.1109/vr.2019.8798158
Rac3d456a4,1,author,kataoka,10.1109/vr.2018.8446495,Head-to-body-pose classification in no-pose VR tracking systems,10.1109/vr.2018.8446495
R3127e2df3,3,kataoka,watanabe,10.1109/vr.2019.8797989,Redirected jumping: Imperceptibly manipulating jump motions in virtual reality,10.1109/vr.2019.8797989
R546ea5308,2,author,watanabe,10.1109/tvcg.2022.3150483,The impact of embodiment and avatar sizing on personal space in immersive virtual environments,10.1109/tvcg.2022.3150483
R3e43cc2af,2,author,watanabe,10.1109/vr59515.2025.00057,Daddy long legs: a scale and speed up virtual reality locomotion technique for medium-scale scenarios,10.1109/vr59515.2025.00057
R56c06a11c,2,author,watanabe,10.1109/vr.2019.8798258,Optical and neural properties of vision as applied to virtual reality,10.1109/vr.2019.8798258
Rf02818109,1,author,kataoka,10.1109/vr.2019.8797843,"The effect of camera height, actor behavior, and viewer position on the user experience of 360° videos",10.1109/vr.2019.8797843
Rcd47e2900,3,kataoka,watanabe,10.1109/vrw50115.2020.00253,Accuracy of commodity finger tracking systems for virtual reality head-mounted displays,10.1109/vrw50115.2020.00253
Rdc2c7cf74,2,author,watanabe,10.1109/tvcg.2021.3083423,Did I hit the door? Effects of self-avatars and calibration in a person-plus-virtual-object system on perceived frontal passability in VR,10.1109/tvcg.2021.3083423
Rf35edd175,3,kataoka,watanabe,10.1109/vr50410.2021.00106,Revisiting distance perception with scaled embodied cues in social virtual reality,10.1109/vr50410.2021.00106
R354b15132,1,author,kataoka,10.1109/vrw66409.2025.00158,Exploring the effects of self-avatars on virtual reality-based reminiscence therapy for young adults,10.1109/vrw66409.2025.00158
R8cb283789,2,author,watanabe,10.1109/tvcg.2025.3549545,"Avatars, should we look at them directly or through a mirror?: Effects of avatar display method on sense of embodiment and gaze",10.1109/tvcg.2025.3549545
Ra108ffd44,1,author,kataoka,10.1109/vrw66409.2025.00043,Towards understanding harassment in social virtual reality: a study design on the impact of avatar self-similarity,10.1109/vrw66409.2025.00043
Rbdde469ac,1,author,kataoka,10.1109/tvcg.2020.3021342,Impact of information placement and user representations in VR on performance and embodiment,10.1109/tvcg.2020.3021342
R438f1a41a,3,kataoka,watanabe,10.1109/ismar62088.2024.00039,Big feet for little people: Scaling gap affordance judgments of children and adults with virtual feet,10.1109/ismar62088.2024.00039
Rf32e5c627,1,author,kataoka,10.1109/vr55154.2023.00046,Empirically evaluating the effects of eye height and self-avatars on dynamic passability affordances in virtual reality,10.1109/vr55154.2023.00046
Rd6ea37026,2,author,watanabe,10.1109/vr51125.2022.00092,Kicking in virtual reality: The influence of foot visibility on the shooting experience and accuracy,10.1109/vr51125.2022.00092
R8e7027329,3,kataoka,watanabe,10.1109/vrw55335.2022.00238,Interpersonal distance to a speaking avatar: Loudness matters irrespective of contents,10.1109/vrw55335.2022.00238
R6a5b5ce26,1,author,kataoka,10.1109/vr.2018.8446480,Social VR: How personal space is affected by virtual agents' emotions,10.1109/vr.2018.8446480
R0294e86a3,3,kataoka,watanabe,10.1109/vr51125.2022.00037,Within or between? Comparing experimental designs for virtual embodiment studies,10.1109/vr51125.2022.00037
Rea00bfc8d,2,author,watanabe,10.1109/tvcg.2019.2898748,The virtual caliper: Rapid creation of metrically accurate avatars from 3D measurements,10.1109/tvcg.2019.2898748
R089e9c3b5,1,author,kataoka,10.1109/vr51125.2022.00048,Virtual reality observations: Using virtual reality to augment lab-based shoulder surfing research,10.1109/vr51125.2022.00048
Rf6a2ab009,3,kataoka,watanabe,10.1109/vr.2018.8448292,WoaH: a virtual reality work-at-height simulator,10.1109/vr.2018.8448292
R56558ac02,2,author,watanabe,10.1109/vrw62533.2024.00122,Automatic recognition of gesture qualities in speech delivery in VR-work-in-progress,10.1109/vrw62533.2024.00122
R4feb28cc1,2,author,watanabe,10.1109/vr51125.2022.00106,Redirecting desktop interface input to animate cross-reality avatars,10.1109/vr51125.2022.00106
R281185ea2,1,author,kataoka,10.1109/ismar62088.2024.00066,VibroArm: Enhancing the sensation of forearm deformation in virtual reality using vibrotactile funneling illusion,10.1109/ismar62088.2024.00066
Rcfcc71286,3,kataoka,watanabe,10.1109/vr.2011.5759443,Comparing steering-based travel techniques for search tasks in a CAVE,10.1109/vr.2011.5759443
R870d0977e,3,kataoka,watanabe,10.1109/tvcg.2025.3616829,An empirical evaluation of how virtual hand visibility affects near-field size perception and reporting of tangible objects in virtual reality,10.1109/tvcg.2025.3616829
R5a06bae06,1,author,kataoka,10.1109/vr50410.2021.00063,Using virtual reality to support acting in motion capture with differently scaled characters,10.1109/vr50410.2021.00063
R0eb3b34b5,3,kataoka,watanabe,10.1109/vrw50115.2020.00217,Perception of walking self-body avatar enhances virtual-walking sensation,10.1109/vrw50115.2020.00217
R767febf10,3,kataoka,watanabe,10.1109/ismar67309.2025.00133,"Exploring the influence of crowd size across different tasks on user performance, experience and social presence in shared virtual environments",10.1109/ismar67309.2025.00133
R90408352a,1,author,kataoka,10.1109/tlt.2023.3349161,Virtual reality body swapping to improve self-assessment in job interview training,10.1109/tlt.2023.3349161
Ra4e6e1303,1,author,kataoka,10.1109/vr50410.2021.00096,Influence of interactivity and social environments on user experience and social acceptability in virtual reality,10.1109/vr50410.2021.00096
Rdf0b960d1,1,author,kataoka,10.1109/tvcg.2025.3549884,Influence of haptic feedback on perception of threat and peripersonal space in social VR,10.1109/tvcg.2025.3549884
R5a20e3902,1,author,kataoka,10.1109/tvcg.2022.3203099,Neurophysiological and subjective analysis of VR emotion induction paradigm,10.1109/tvcg.2022.3203099
R795c74111,2,author,watanabe,10.1109/tvcg.2024.3433498,Multiple self-avatar effect: Effects of using diverse self-avatars on memory acquisition and retention of sign-language gestures,10.1109/tvcg.2024.3433498
R47a28173a,2,author,watanabe,10.1109/ismar-adjunct68609.2025.00110,Reducing stress in annual performance reviews through AI-enabled avatar interaction,10.1109/ismar-adjunct68609.2025.00110
R892b8af49,1,author,kataoka,10.1109/ismar67309.2025.00084,Experience level influences user's criteria for avatar animation realism,10.1109/ismar67309.2025.00084
R79a600c2e,2,author,watanabe,10.1109/vr.2019.8798139,"Human, virtual human, bump! A preliminary study on haptic feedback",10.1109/vr.2019.8798139
R5330ee841,2,author,watanabe,10.1109/vr58804.2024.00054,VRMN-bD: a multi-modal natural behavior dataset of immersive human fear responses in VR stand-up interactive games,10.1109/vr58804.2024.00054
Rfc4b3fafa,3,kataoka,watanabe,T:the peculiarities of robot embodiment emcorp scale development validation and initial test of the embodiment and corporeality of artificial agents scale,"The peculiarities of robot embodiment (EmCorp-scale) : Development, validation and initial test of the embodiment and corporeality of artificial agents scale",
R7ea952169,1,author,kataoka,10.1109/vr51125.2022.00076,Temporal effects in motion behavior for virtual reality (VR) biometrics,10.1109/vr51125.2022.00076
R0a358a611,1,author,kataoka,10.1109/vrw62533.2024.00082,Exploring agent-user personality similarity and dissimilarity for virtual reality psychotherapy,10.1109/vrw62533.2024.00082
R26837e672,1,author,kataoka,10.1109/tvcg.2025.3549849,"The hidden face of the proteus effect: Deindividuation, embodiment and identification",10.1109/tvcg.2025.3549849
R553bc37b1,1,author,kataoka,10.1109/ismar59233.2023.00041,An exploration of the effects of head-centric rest frames on egocentric distance judgments in VR,10.1109/ismar59233.2023.00041
R4525cca6b,3,kataoka,watanabe,10.1109/vrw55335.2022.00019,Asymmetric normalization in social virtual reality studies,10.1109/vrw55335.2022.00019
R157aaa021,1,author,kataoka,10.1109/vr51125.2022.00039,Body warping versus change blindness remapping: a comparison of two approaches to repurposing haptic proxies for virtual reality,10.1109/vr51125.2022.00039
R091f34f46,3,kataoka,watanabe,10.1109/ismar67309.2025.00027,"Exploring gaze dynamics in vr film education: Gender, avatar, and the shift between male and female perspectives",10.1109/ismar67309.2025.00027
R591c097a6,3,kataoka,watanabe,10.1109/tcss.2024.3416208,User experience of different groups in social VR applications: An empirical study based on user reviews,10.1109/tcss.2024.3416208
Rdee8df532,2,author,watanabe,10.1109/vr.2019.8798132,Avatars for co-located collaborations in HMD-based virtual environments,10.1109/vr.2019.8798132
Ra238800d5,2,author,watanabe,10.1109/ismar62088.2024.00071,“I feel myself so small!”: Designing and evaluating VR awe experiences based on theories related to sublime,10.1109/ismar62088.2024.00071
R56e3a6cc2,2,author,watanabe,10.1109/vrw66409.2025.00143,Shape shifters: Does body shape change the perception of small-scale crowd motions?,10.1109/vrw66409.2025.00143
R38fe38285,3,kataoka,watanabe,10.1109/vrw62533.2024.00214,Autonomous avatar for customer service training VR system,10.1109/vrw62533.2024.00214
Rc9d8a0a04,3,kataoka,watanabe,10.1109/vrw50115.2020.00036,Walk this way: Evaluating the effect of perceived gender and attractiveness of motion on proximity in virtual reality,10.1109/vrw50115.2020.00036
R278cc675a,2,author,watanabe,10.1109/tvcg.2022.3169222,Effects of transfer functions and body parts on body-centric locomotion in virtual reality,10.1109/tvcg.2022.3169222
R9bcb08f3a,2,author,watanabe,10.1109/vr46266.2020.00017,Effects of locomotion style and body visibility of a telepresence avatar,10.1109/vr46266.2020.00017
R1e88c28ce,3,kataoka,watanabe,10.1109/vrw50115.2020.00200,Omnidirectional motion input: The basis of natural interaction in room-scale virtual reality,10.1109/vrw50115.2020.00200
R7806df02b,3,kataoka,watanabe,10.1109/vr.2018.8446068,Neurophysiology of visual-motor learning during a simulated marksmanship task in immersive virtual reality,10.1109/vr.2018.8446068
R3d30ad936,3,kataoka,watanabe,10.1109/ismar67309.2025.00092,The honest virtual self? Effects of avatar personalization and motor control on physiological responses to deceptive behaviours,10.1109/ismar67309.2025.00092
R648f4d6c4,1,author,kataoka,10.1109/ismar-adjunct.2019.00027,A user experience study of locomotion design in virtual reality between adult and minor users,10.1109/ismar-adjunct.2019.00027
R6dbe4bd4f,2,author,watanabe,10.1109/vrw62533.2024.00215,Enhancing virtual walking in lying position: Upright perception by changing self-avatar's posture,10.1109/vrw62533.2024.00215
R7c539cbc0,2,author,watanabe,10.1109/vr.2018.8446250,Effects of hand representations for typing in virtual reality,10.1109/vr.2018.8446250
R626d0ce6e,3,kataoka,watanabe,10.1109/ismar59233.2023.00055,Enhancing perception and immersion in pre-captured environments through learning-based eye height adaptation,10.1109/ismar59233.2023.00055
R91c321e7f,2,author,watanabe,10.1109/tvcg.2025.3614445,Strange familiars: Exploring the design of avatars and virtual environments for reconnecting dormant ties in virtual reality,10.1109/tvcg.2025.3614445
R028f0daa1,1,author,kataoka,10.1109/ismar-adjunct.2019.00042,Increasing self-compassion in young people through virtual reality,10.1109/ismar-adjunct.2019.00042
Re223ccc3f,2,author,watanabe,10.1109/vr51125.2022.00103,Tangiball: Foot-enabled embodied tangible interaction with a ball in virtual reality,10.1109/vr51125.2022.00103
R08c0516e5,2,author,watanabe,10.1109/vrw62533.2024.00043,Virtual reality-based donning and doffing simulator,10.1109/vrw62533.2024.00043
Rfb4b73910,3,kataoka,watanabe,10.1109/ismar-adjunct64951.2024.00136,Inner child: The role of VR child avatars in improving adult language learning,10.1109/ismar-adjunct64951.2024.00136
R5da997c31,3,kataoka,watanabe,10.1109/ismar62088.2024.00122,Exploring implicit and explicit stimuli of virtual agents with increased group size in VR,10.1109/ismar62088.2024.00122
Raf8d931f2,2,author,watanabe,10.1109/ismar-adjunct60411.2023.00042,A comparative study on optimizing virtual reality experience through user representations in industry,10.1109/ismar-adjunct60411.2023.00042
Rda381874c,2,author,watanabe,10.1109/tvcg.2022.3203091,Use virtual reality to enhance intercultural sensitivity: a randomised parallel longitudinal study,10.1109/tvcg.2022.3203091
Rc2d061f4f,2,author,watanabe,10.1109/ismar-adjunct54149.2021.00044,An evaluation of virtual reality for fear arousal safety training in the construction industry,10.1109/ismar-adjunct54149.2021.00044
R00997bcd2,1,author,kataoka,10.1109/iros60139.2025.11247610,VRobotix: a scalable and cost-effective virtual-reality-based robotic manipulation dataset generation framework,10.1109/iros60139.2025.11247610
R57660016f,3,kataoka,watanabe,10.1109/vr46266.2020.00060,Take a look around – the impact of decoupling gaze and travel-direction in seated and ground-based virtual reality utilizing torso-directed steering,10.1109/vr46266.2020.00060
R1b33200b0,3,kataoka,watanabe,10.1109/vr.2019.8798104,Walking experience under equivalent gravity condition on scale conversion telexistence,10.1109/vr.2019.8798104
R659a39337,2,author,watanabe,10.1109/access.2024.3404554,PIXGAN-drone: 3D avatar of human body reconstruction from multi-view 2D images,10.1109/access.2024.3404554
R23519a445,2,author,watanabe,10.1109/vrw66409.2025.00065,Sustaining the experience of pair natural walking in social virtual reality,10.1109/vrw66409.2025.00065
R2fee61f4a,1,author,kataoka,10.1109/vr55154.2023.00043,Providing 3D guidance and improving the music-listening experience in virtual reality shooting games using musical vibrotactile feedback,10.1109/vr55154.2023.00043
Raea86147c,3,kataoka,watanabe,10.1109/tvcg.2021.3067773,Floor-vibration VR: Mitigating cybersickness using whole-body tactile stimuli in highly realistic vehicle driving experiences,10.1109/tvcg.2021.3067773
R75b89f17e,1,author,kataoka,10.1109/tvcg.2023.3247067,Can I squeeze through? Effects of self-avatars and calibration in a person-plus-virtual-object system on perceived lateral passability in VR,10.1109/tvcg.2023.3247067
Rc4b638677,1,author,kataoka,10.1109/vr50410.2021.00057,Spherical world in miniature: Exploring the tiny planets metaphor for discrete locomotion in virtual reality,10.1109/vr50410.2021.00057
R8cc9dc4dd,3,kataoka,watanabe,10.1109/vr.2019.8798323,“Ready player one”: Enhancing omnidirectional treadmills for use in virtual environments,10.1109/vr.2019.8798323
Rd716a5d10,1,author,kataoka,10.1109/vr.2010.5444801,Can you help me concentrate room?,10.1109/vr.2010.5444801
Ra48f034ff,1,author,kataoka,10.1109/vr.2008.4480754,The two-user seating buck: Enabling face-to-face discussions of novel car interface concepts,10.1109/vr.2008.4480754
Rae5a91ea5,1,author,kataoka,10.1109/ismar-adjunct64951.2024.00069,Effects of customizable intelligent VR shopping assistant on shopping for stress relief,10.1109/ismar-adjunct64951.2024.00069
Rb1d62834a,3,kataoka,watanabe,10.1109/vrw66409.2025.00208,Integrating virtual reality and physiological measures to study restorative environments for mental well-being,10.1109/vrw66409.2025.00208
Rde4bcd469,2,author,watanabe,10.1109/vrw50115.2020.00069,Comparing motion-based versus controller-based pseudo-haptic weight sensations in VR,10.1109/vrw50115.2020.00069
R94e6fe8b9,3,kataoka,watanabe,10.1109/tvcg.2021.3085407,UNOC: Understanding occlusion for embodied presence in virtual reality,10.1109/tvcg.2021.3085407
R25710ea60,3,kataoka,watanabe,10.1109/vr.2019.8798074,"VRoamer: Generating on-the-fly VR experiences while walking inside large, unknown real-world building environments",10.1109/vr.2019.8798074
R5091421ff,1,author,kataoka,10.1109/ismar55827.2022.00093,Wormholes in VR: Teleporting hands for flexible passive haptics,10.1109/ismar55827.2022.00093
Ra2e494faf,3,kataoka,watanabe,10.1109/vrw66409.2025.00394,When faces are masked: Exploring emotional expression through body postures in virtual reality,10.1109/vrw66409.2025.00394
Rb01ca03bc,1,author,kataoka,10.1109/vrw52623.2021.00202,"Psychophysiology, eye-tracking and VR: exemplary study design",10.1109/vrw52623.2021.00202
R3c7194e99,2,author,watanabe,10.1109/tvcg.2025.3640239,Visual and somatosensory integration with higher sitting posture enhances the sense of standing and self-motion in seated VR,10.1109/tvcg.2025.3640239
R40106ef32,3,kataoka,watanabe,10.1109/vrw58643.2023.00136,Reducing foreign language anxiety with virtual reality,10.1109/vrw58643.2023.00136
R574bfd9d8,1,author,kataoka,10.1109/tvcg.2025.3550231,The impact of navigation on proxemics in an immersive virtual environment with conversational agents,10.1109/tvcg.2025.3550231
R83a6f1a3c,1,author,kataoka,10.1109/vrw62533.2024.00014,Meet me half way: Concerted physical and virtual world manipulations for effective haptic feedback in VR,10.1109/vrw62533.2024.00014
Rae4904d6e,3,kataoka,watanabe,10.1109/access.2025.3608481,The influence of robot descriptions and distraction on proxemics between humans and robots in virtual reality,10.1109/access.2025.3608481
Rc3d53fd85,3,kataoka,watanabe,10.1109/ismar-adjunct60411.2023.00159,GoGoHand+: Designing haptic feedback to enhance the GoGoHand interaction technique,10.1109/ismar-adjunct60411.2023.00159
R2e40c1848,1,author,kataoka,10.1109/vr.2018.8446153,The effect of haptic prediction accuracy on presence,10.1109/vr.2018.8446153
R61033f3e7,3,kataoka,watanabe,10.1109/tvcg.2019.2927477,Evaluating balance recovery techniques for users wearing head-mounted display in VR,10.1109/tvcg.2019.2927477
R84cfc8824,2,author,watanabe,10.1109/tvcg.2020.2973051,Teleporting through virtual environments: Effects of path scale and environment scale on spatial updating,10.1109/tvcg.2020.2973051
R815a4eec1,1,author,kataoka,10.1109/vrw62533.2024.00073,Exposing movement correlates of presence experience in virtual reality using parametric maps,10.1109/vrw62533.2024.00073
R28edcf3e5,1,author,kataoka,10.1109/tvcg.2022.3230746,Kine-appendage: Enhancing freehand VR interaction through transformations of virtual appendages,10.1109/tvcg.2022.3230746
R26d236b5a,1,author,kataoka,10.1109/hri61500.2025.10973859,Are robots social beings? Exploring embodiment and social presence in human-robot interactions,10.1109/hri61500.2025.10973859
R0192be977,3,kataoka,watanabe,10.1109/access.2025.3627557,Validation of gait parameters during turning obtained from consumer virtual reality devices,10.1109/access.2025.3627557
Rcf3da1b32,1,author,kataoka,10.1109/tvcg.2022.3150475,Remote research on locomotion interfaces for virtual reality: Replication of a lab-based study on teleporting interfaces,10.1109/tvcg.2022.3150475
R47c50908b,3,kataoka,watanabe,10.1109/vr.2018.8446539,Investigating the effects of anthropomorphic fidelity of self-avatars on near field depth perception in immersive virtual environments,10.1109/vr.2018.8446539
R232765c61,2,author,watanabe,10.1109/vr.2008.4480749,Using an eye-tracking system to improve camera motions and depth-of-field blur effects in virtual environments,10.1109/vr.2008.4480749
Rfe3e556c2,1,author,kataoka,10.1109/vr55154.2023.00025,An EEG-based experiment on VR sickness and postural instability while walking in virtual environments,10.1109/vr55154.2023.00025
Rf8d1060a3,3,kataoka,watanabe,10.1109/tvcg.2022.3216211,Strolling in room-scale VR: Hex-core-MK1 omnidirectional treadmill,10.1109/tvcg.2022.3216211
Rf73bf79d2,1,author,kataoka,10.1109/ismar-adjunct68609.2025.00246,Influence of tactile presence and body ownership on virtual stroking pleasantness,10.1109/ismar-adjunct68609.2025.00246
Ra83a336ec,3,kataoka,watanabe,10.1109/jiot.2021.3075578,Performance analysis of delay distribution and packet loss ratio for body-to-body networks,10.1109/jiot.2021.3075578
Rd03a6027c,1,author,kataoka,10.1109/vr46266.2020.00014,The plausibility paradox for scaled-down users in virtual environments,10.1109/vr46266.2020.00014
Rb011102c9,1,author,kataoka,10.1109/vr.2019.8798195,fARFEEL: Providing haptic sensation of touched objects using visuo-haptic feedback,10.1109/vr.2019.8798195
R6162d7f6d,3,kataoka,watanabe,10.1109/vr59515.2025.00074,Presenting tingling aftereffects using vibro-thermal feedback to enhance impact sensation in virtual reality,10.1109/vr59515.2025.00074
R9be7d714c,2,author,watanabe,10.1109/vr55154.2023.00056,A large-scale study of proxemics and gaze in groups,10.1109/vr55154.2023.00056
R4674d12c6,2,author,watanabe,10.1109/tvcg.2025.3549844,Don't they really hear us? A design space for private conversations in social virtual reality,10.1109/tvcg.2025.3549844
R8af879ba0,2,author,watanabe,10.1109/vr.2019.8797983,A general reactive algorithm for redirected walking using artificial potential functions,10.1109/vr.2019.8797983
R76b3205a9,3,kataoka,watanabe,10.1109/ismar55827.2022.00070,CardsVR: a two-person VR experience with passive haptic feedback from a deck of playing cards,10.1109/ismar55827.2022.00070
R51972b7c8,1,author,kataoka,10.1109/vr58804.2024.00063,The impact of avatar stylization on trust,10.1109/vr58804.2024.00063
R2aa535e84,3,kataoka,watanabe,10.1109/vr59515.2025.00082,Children’s calibration of reaching estimates in virtual reality,10.1109/vr59515.2025.00082
R86a3ca590,1,author,kataoka,10.1109/vrw62533.2024.00148,Evaluating user perception toward pose-changed avatar in remote dissimilar spaces,10.1109/vrw62533.2024.00148
R5ec6785be,3,kataoka,watanabe,10.1109/tvcg.2019.2899232,Interpersonal affordances and social dynamics in collaborative immersive virtual environments: Passing together through apertures,10.1109/tvcg.2019.2899232
R54ac4371c,1,author,kataoka,10.1109/tase.2024.3415151,Enhancing motion reconstruction from sparse tracking inputs with kinematic constraints,10.1109/tase.2024.3415151
R976dce7eb,1,author,kataoka,10.1109/ismar62088.2024.00028,Detectability of ETHD position and speed redirection for VR haptics,10.1109/ismar62088.2024.00028
Rc601ea44c,2,author,watanabe,10.1109/vr51125.2022.00088,Virtual workspace positioning techniques during teleportation for co-located collaboration in virtual reality using hmds,10.1109/vr51125.2022.00088
R6087e8ebd,3,kataoka,watanabe,10.1109/iros.2017.8202178,“Is this the real life? Is this just fantasy?”: Human proxemic preferences for recognizing robot gestures in physical reality and virtual reality,10.1109/iros.2017.8202178
Rbc4b16618,2,author,watanabe,10.1109/vr.2018.8446527,Realtime collision avoidance for mechanisms with complex geometries,10.1109/vr.2018.8446527
R78980b3ff,2,author,watanabe,10.1109/tii.2020.3016591,Learning to estimate the body shape under clothing from a single 3-D scan,10.1109/tii.2020.3016591
R11e073441,1,author,kataoka,10.1109/vr51125.2022.00053,An evaluation of native versus foreign communicative interactions on users’ behavioral reactions towards affective virtual crowds,10.1109/vr51125.2022.00053
Red7c2866c,2,author,watanabe,10.1109/thms.2022.3175407,Evaluating cybersickness of walking on an omnidirectional treadmill in virtual reality,10.1109/thms.2022.3175407
R60a3ed46f,1,author,kataoka,10.1109/tvcg.2025.3549566,Trust in virtual agents: Exploring the role of stylization and voice,10.1109/tvcg.2025.3549566
Rccd7691d0,2,author,watanabe,10.1109/ismar55827.2022.00046,Demographic and behavioral correlates of cybersickness: a large lab-in-the-field study of 837 participants,10.1109/ismar55827.2022.00046
Ref004d2f8,1,author,kataoka,10.1109/access.2018.2878237,Walking simulation for VR game character using remote sensoring device based on AHRS-motion recognition,10.1109/access.2018.2878237
R08e464e89,3,kataoka,watanabe,10.1109/ismar67309.2025.00029,Comparing hand and controller avatars with hand tracking and controller-based interaction,10.1109/ismar67309.2025.00029
R66a8553c8,1,author,kataoka,10.1162/jocn_a_01653,An important step toward understanding the role of body-based cues on human spatial memory for large-scale environments,10.1162/jocn_a_01653
R393b95ac8,2,author,watanabe,10.1109/ismar.2015.57,[POSTER] maintaining appropriate interpersonal distance using virtual body size,10.1109/ismar.2015.57
Rd9e7e9deb,3,kataoka,watanabe,10.1109/vrw55335.2022.00279,Creating 3D personal avatars with high quality facial expressions for telecommunication and telepresence,10.1109/vrw55335.2022.00279
R6e7e0f506,3,kataoka,watanabe,10.1109/vr46266.2020.00080,Dyadic acquisition of survey knowledge in a shared virtual environment,10.1109/vr46266.2020.00080
Rc81c81ff3,1,author,kataoka,10.1109/wacv57701.2024.00601,Intrinsic hand avatar: Illumination-aware hand appearance and shape reconstruction from monocular RGB video,10.1109/wacv57701.2024.00601
Rdf19c5eb5,3,kataoka,watanabe,10.1109/access.2024.3424930,Automated classification of virtual reality user motions using a motion atlas and machine learning approach,10.1109/access.2024.3424930
R40d03194d,1,author,kataoka,10.1109/ismar.2019.00030,Annotation vs. virtual tutor: Comparative analysis on the effectiveness of visual instructions in immersive virtual reality,10.1109/ismar.2019.00030
R6b91ff9f8,2,author,watanabe,10.1109/ojcoms.2024.3508717,Body area network channel measurement and modeling for extended-reality applications,10.1109/ojcoms.2024.3508717
R853563e54,3,kataoka,watanabe,10.1109/ismar50242.2020.00047,Haptic handshank – a handheld multimodal haptic feedback controller for virtual reality,10.1109/ismar50242.2020.00047
R0cded4a5f,2,author,watanabe,10.1109/lra.2023.3313922,A study of shared-control with bilateral feedback for obstacle avoidance in whole-body telelocomotion of a wheeled humanoid,10.1109/lra.2023.3313922
R10a967a52,3,kataoka,watanabe,10.1109/vrw62533.2024.00130,Extended realities and the future of knowledge work: Opportunities and challenges,10.1109/vrw62533.2024.00130
Rb61559a20,1,author,kataoka,10.1109/ismar62088.2024.00060,May the force be with you: Dexterous finger force-aware VR interface,10.1109/ismar62088.2024.00060
Rddf85184c,3,kataoka,watanabe,10.1109/vr.2019.8797985,Demonstration of perceptually based adaptive motion retargeting to animate real objects by light projection,10.1109/vr.2019.8797985
Re11c769f9,1,author,kataoka,10.1109/vr.2019.8797869,Feel the globe: Enhancing the perception of immersive spherical visualizations with tangible proxies,10.1109/vr.2019.8797869
R27293fd42,1,author,kataoka,10.1109/tvcg.2019.2898800,Inferring user intent using bayesian theory of mind in shared avatar-agent virtual environments,10.1109/tvcg.2019.2898800
R91f0075c4,3,kataoka,watanabe,10.1109/vrw52623.2021.00058,An interface for enhanced teacher awareness of student actions and attention in a VR classroom,10.1109/vrw52623.2021.00058
R9c3f9badd,3,kataoka,watanabe,10.1109/ismar59233.2023.00098,Edge-centric space rescaling with redirected walking for dissimilar physical-virtual space registration,10.1109/ismar59233.2023.00098
R3dc0bc9a7,3,kataoka,watanabe,10.1109/tlt.2023.3319628,"Collaborative virtual reality in higher education: Students' perceptions on presence, challenges, affordances, and potential",10.1109/tlt.2023.3319628
R2896c8d9a,2,author,watanabe,10.1109/access.2024.3450512,Effects of congruent multisensory feedback on the perception and performance of virtual reality hand-retargeted interaction,10.1109/access.2024.3450512
R86fb8628e,3,kataoka,watanabe,10.1109/tnsre.2019.2955804,The effect of optic flow speed on active participation during robot-assisted treadmill walking in healthy adults,10.1109/tnsre.2019.2955804
Rd7ecda066,2,author,watanabe,10.1109/ismar67309.2025.00016,Three techniques for enhancing emotional expression on embodied avatar face in VR,10.1109/ismar67309.2025.00016
Rd0c227f87,3,kataoka,watanabe,10.1109/vr55154.2023.00072,Exploring the social influence of virtual humans unintentionally conveying conflicting emotions,10.1109/vr55154.2023.00072
Rdc360006b,3,kataoka,watanabe,10.1109/vr50410.2021.00107,The effect of feedback on estimates of reaching ability in virtual reality,10.1109/vr50410.2021.00107
Rc72adc500,3,kataoka,watanabe,10.1109/vrw55335.2022.00063,Bot undercover: On the use of conversational agents to stimulate teacher-students interaction in remote learning,10.1109/vrw55335.2022.00063
R5e43e3445,1,author,kataoka,10.1109/ismar62088.2024.00126,I feel you: Impact of shared body sensations on social interactions in virtual reality,10.1109/ismar62088.2024.00126
R2589b32e9,2,author,watanabe,10.1109/vrw62533.2024.00219,Effects of nonverbal communication of virtual agents on social pressure and encouragement in VR,10.1109/vrw62533.2024.00219
Rc4b34f828,1,author,kataoka,10.1109/access.2020.2983608,Real-time recognition of facial expressions using facial electromyograms recorded around the eyes for social virtual reality applications,10.1109/access.2020.2983608
Ra83d77788,3,kataoka,watanabe,10.1109/vr.2019.8798070,User-centered extension of a locomotion typology: Movement-related sensory feedback and spatial learning,10.1109/vr.2019.8798070
R48f07dc0c,1,author,kataoka,10.1109/access.2022.3191644,Dense-Pose2SMPL: 3D human body shape estimation from a single and multiple images and its performance study,10.1109/access.2022.3191644
Rdfc661bdc,3,kataoka,watanabe,10.1109/vrw52623.2021.00057,In touch with everyday objects: Teleportation techniques in virtual environments supporting tangibility,10.1109/vrw52623.2021.00057
R693290980,3,kataoka,watanabe,10.1109/tnsre.2022.3181817,Coordinating clearance and postural reorientation when avoiding physical and virtual pedestrians,10.1109/tnsre.2022.3181817
R91f3f9ad0,3,kataoka,watanabe,10.1109/vrw52623.2021.00010,Collective intelligence of autonomous animals in VR hunting,10.1109/vrw52623.2021.00010
Rc7f7a3c6a,1,author,kataoka,10.1109/vr.2019.8797819,Localizing teleoperator gaze in 360° hosted telepresence,10.1109/vr.2019.8797819
Rc31eadf28,1,author,kataoka,10.1109/tcsvt.2025.3628119,NOFA++: Tuning-free NeRF-based one-shot facial avatar reconstruction,10.1109/tcsvt.2025.3628119
R9d67ba3fa,1,author,kataoka,T:what should robots feei like factors that influence the perception of robot skin,What should robots FeeI like? Factors that influence the perception of robot-skin,
R9cc76deb7,1,author,kataoka,10.1109/ojits.2021.3098932,The whole ship simulation training platform based on virtual reality,10.1109/ojits.2021.3098932
Ra33e47c3e,3,kataoka,watanabe,10.1109/access.2018.2832089,Visual appearance modulates prediction error in virtual reality,10.1109/access.2018.2832089
R483d106f9,3,kataoka,watanabe,10.1109/ismar-adjunct57072.2022.00157,A comparative study of the user experience of controller and hand-tracking interactions in a virtual environment,10.1109/ismar-adjunct57072.2022.00157
R0c3f3b02e,1,author,kataoka,10.1109/ismar-adjunct57072.2022.00123,Effects of rendering styles of a virtual character on avoidance movement behavior,10.1109/ismar-adjunct57072.2022.00123
R4b2c930da,3,kataoka,watanabe,10.1109/tvcg.2023.3247041,How virtual hand representations affect the perceptions of dynamic affordances in virtual reality,10.1109/tvcg.2023.3247041
Rc7892fa05,1,author,kataoka,10.1109/vr.2019.8797852,Perception of volumetric characters' eye-gaze direction in head-mounted displays,10.1109/vr.2019.8797852
R77705aea0,2,author,watanabe,10.1109/tvcg.2025.3616752,MetaRoundWorm: a virtual reality escape room game for learning the lifecycle and immune response to parasitic infections,10.1109/tvcg.2025.3616752
Rbcfb5b7de,3,kataoka,watanabe,10.1109/vr51125.2022.00080,TimeTables: Embodied exploration of immersive spatio-temporal data,10.1109/vr51125.2022.00080
R12624d2c7,1,author,kataoka,10.1109/vrw52623.2021.00114,Effects of virtual environments and self-representations on redirected jumping,10.1109/vrw52623.2021.00114
R2ae198ffa,2,author,watanabe,10.1109/ismar59233.2023.00119,Expansion of detection thresholds for hand redirection using noisy tendon electrical stimulation,10.1109/ismar59233.2023.00119
Rff4a72516,1,author,kataoka,10.1109/ismar62088.2024.00105,Efficient mid-air text input correction in virtual reality,10.1109/ismar62088.2024.00105
Reb4e5e08f,1,author,kataoka,10.1109/tvcg.2013.38,Personified and multistate camera motions for first-person navigation in desktop virtual reality,10.1109/tvcg.2013.38
Rf4e83dc55,2,author,watanabe,10.1109/ismar-adjunct57072.2022.00086,Modeling and optimizing the voice assistant behavior in Virtual Reality,10.1109/ismar-adjunct57072.2022.00086
R2397da84d,2,author,watanabe,10.1109/ismar.2012.6402577,Distance-based modeling and manipulation techniques using ultrasonic gloves,10.1109/ismar.2012.6402577
R0b7fa35b5,2,author,watanabe,10.1109/ismar59233.2023.00059,Comparing visualizations to help a teacher effectively monitor students in a VR classroom,10.1109/ismar59233.2023.00059
R5276b7708,3,kataoka,watanabe,10.1109/tvcg.2013.36,Perceptual calibration for immersive display environments,10.1109/tvcg.2013.36
Rff5ed709a,1,author,kataoka,10.1109/iros55552.2023.10342522,Attention-based VR facial animation with visual mouth camera guidance for immersive telepresence avatars,10.1109/iros55552.2023.10342522
Rf38f04a6e,2,author,watanabe,10.1109/ismar67309.2025.00049,Rhythmic interaction influences synchrony perception in VR,10.1109/ismar67309.2025.00049
R12f6824b9,2,author,watanabe,10.1109/vr51125.2022.00083,Shape aware haptic retargeting for accurate hand interactions,10.1109/vr51125.2022.00083
R533795cbd,3,kataoka,watanabe,10.1109/tmm.2003.808822,An omnidirectional stroll-based virtual reality interface and its application on overhead crane training,10.1109/tmm.2003.808822
R796c3ef09,3,kataoka,watanabe,10.1109/tvcg.2008.62,The impact of a character posture model on the communication of affect in an immersive virtual environment,10.1109/tvcg.2008.62
Rca1a7f292,3,kataoka,watanabe,10.1109/iros.2006.282361,Third-person interactive control of humanoid with real-time motion planning algorithm,10.1109/iros.2006.282361
R28f21fed4,2,author,watanabe,10.1109/tvcg.2021.3111729,Context-consistent generation of indoor virtual environments based on geometry constraints,10.1109/tvcg.2021.3111729
R93fc6c706,3,kataoka,watanabe,10.1109/tvcg.2024.3370551,Fluid inverse volumetric modeling and applications from surface motion,10.1109/tvcg.2024.3370551
R126f73017,1,author,kataoka,10.1109/access.2023.3285398,Emotion recognition for affective human digital twin by means of virtual reality enabling technologies,10.1109/access.2023.3285398
Ra138ebbfc,1,author,kataoka,10.1109/vrw50115.2020.00190,Attractiveness and confidence in walking style of male and female virtual characters,10.1109/vrw50115.2020.00190
Rfbc040e63,1,author,kataoka,10.1109/vr.2019.8798255,HapticSphere: Physical support to enable precision touch interaction in mobile mixed-reality,10.1109/vr.2019.8798255
Rb0c903968,2,author,watanabe,10.1109/tvcg.2024.3423426,Skinned motion retargeting with preservation of body part relationships,10.1109/tvcg.2024.3423426
Ra26e3d403,3,kataoka,watanabe,10.1109/tvcg.2023.3247083,When tangibles become deformable: Studying pseudo-stiffness perceptual thresholds in a VR grasping task,10.1109/tvcg.2023.3247083
R1da144202,2,author,watanabe,10.1109/vr46266.2020.00029,An optical design for avatar-user co-axial viewpoint telepresence,10.1109/vr46266.2020.00029
Rfcb2f2a9c,3,kataoka,watanabe,10.1109/access.2020.3020591,Key algorithm for human motion recognition in virtual reality video sequences based on hidden markov model,10.1109/access.2020.3020591
Re4de219d7,2,author,watanabe,10.1109/vrw66409.2025.00146,Evaluating CrowdSplat: Perceived level of detail for gaussian crowds,10.1109/vrw66409.2025.00146
R300856a2a,3,kataoka,watanabe,10.1109/cvpr52734.2025.01747,GazeGene: Large-scale synthetic gaze dataset with 3D eyeball annotations,10.1109/cvpr52734.2025.01747
Rfad319434,1,author,kataoka,10.1109/tvcg.2022.3159799,On rotation gains within and beyond perceptual limitations for seated VR,10.1109/tvcg.2022.3159799
Ra988732aa,2,author,watanabe,10.1109/vrw50115.2020.00151,Extended realities – how changing scale affects spatial learning,10.1109/vrw50115.2020.00151
R83538e8c3,2,author,watanabe,10.1109/icme.2004.1394703,Kansei retrieval method using visual pattern image coding for virtual reality space presentation,10.1109/icme.2004.1394703
R8edd9653f,2,author,watanabe,10.1109/iccv.2009.5459306,Efficient human pose estimation via parsing a tree structure based human model,10.1109/iccv.2009.5459306
Re9c547068,2,author,watanabe,10.1109/vrw66409.2025.00035,Generative artificial intelligence chatbot integration for virtual reality language learning,10.1109/vrw66409.2025.00035
R29626322c,3,kataoka,watanabe,10.1109/ismar-adjunct68609.2025.00173,Going and returning: Lakota travel verbs in virtual reality,10.1109/ismar-adjunct68609.2025.00173
R4bd5ab706,2,author,watanabe,10.1109/tvcg.2025.3616760,Investigating the effects of haptic illusions in collaborative virtual reality,10.1109/tvcg.2025.3616760
R87868e4b9,3,kataoka,watanabe,10.1109/tpami.2021.3102128,Detailed avatar recovery from single image,10.1109/tpami.2021.3102128
R13e02d4e8,1,author,kataoka,10.1109/lcomm.2019.2892738,DoA-based rigid body localization adopting single base station,10.1109/lcomm.2019.2892738
R9532d4000,2,author,watanabe,10.1109/ismar-adjunct.2017.28,[POSTER] social augmentations in multi-user virtual reality: a virtual museum experience,10.1109/ismar-adjunct.2017.28
R9b625582a,1,author,kataoka,10.1109/twc.2022.3229134,CoVRage: Millimeter-wave beamforming for mobile interactive virtual reality,10.1109/twc.2022.3229134
R00f87dc36,3,kataoka,watanabe,10.1109/ismar-adjunct68609.2025.00055,A holistic framework for promoting work life balance and well-being in the metaverse era,10.1109/ismar-adjunct68609.2025.00055
Rf02b8677b,3,kataoka,watanabe,10.1109/tvcg.2023.3272156,MPMNet: a data-driven MPM framework for dynamic fluid-solid interaction,10.1109/tvcg.2023.3272156
R97c81be34,1,author,kataoka,10.1109/ismar-adjunct68609.2025.00036,Differential physiological responses to proxemic and facial threats in virtual avatar interactions,10.1109/ismar-adjunct68609.2025.00036
R64273f4bc,3,kataoka,watanabe,10.1109/ismar-adjunct54149.2021.00109,Amplifying realities: Gradual and seamless scaling of visual and auditory stimuli in extended reality,10.1109/ismar-adjunct54149.2021.00109
Rc8eb394ca,1,author,kataoka,10.1109/ismar62088.2024.00018,Avoiding virtual characters: The effects of proximity and gesture,10.1109/ismar62088.2024.00018
R169be7cdf,1,author,kataoka,10.1109/access.2020.3023040,Effects of 3D virtual “try-on” on online sales and customers’ purchasing experiences,10.1109/access.2020.3023040
R4152ca7cd,3,kataoka,watanabe,10.1109/tvcg.2023.3295209,To stick or not to stick? Studying the impact of offset recovery techniques during mid-air interactions,10.1109/tvcg.2023.3295209
R37af740cc,1,author,kataoka,10.1109/vrw52623.2021.00072,Redirection using alignment,10.1109/vrw52623.2021.00072
Rc9f0497ee,2,author,watanabe,10.1109/hri61500.2025.10973814,"Impact of cultural differences and politeness on joining small groups of humans, robots, and virtual characters",10.1109/hri61500.2025.10973814
R6ece4120b,1,author,kataoka,10.1109/tvcg.2024.3456377,Touching the ground: Evaluating the effectiveness of data physicalizations for spatial data analysis tasks,10.1109/tvcg.2024.3456377
R30e555047,2,author,watanabe,10.1109/vr.2011.5759454,Velocity-dependent dynamic curvature gain for redirected walking,10.1109/vr.2011.5759454
R717c6a4b9,3,kataoka,watanabe,10.1109/access.2022.3222804,Mouth-in-the-door: The effect of a sound image of an avatar intruding on personal space that deviates in position from the visual image,10.1109/access.2022.3222804
Rffa21d85b,2,author,watanabe,10.1109/tvcg.2018.2865945,Joint action in a virtual environment: Crossing roads with risky vs. safe human and agent partners,10.1109/tvcg.2018.2865945
Rd30fd88b9,3,kataoka,watanabe,10.1109/ismar-adjunct68609.2025.00147,Lights-out factories – hands-on control: Haptic teleoperation of a robotic arm through virtual reality,10.1109/ismar-adjunct68609.2025.00147
Rac9377036,1,author,kataoka,10.1109/icra.2011.5979893,Comparative evaluation of virtual and real humanoid with robot-oriented psychology scale,10.1109/icra.2011.5979893
Ra795660f4,3,kataoka,watanabe,10.1109/tmi.2017.2679981,Automated anatomy-based tracking of systemic arteries in arbitrary field-of-view CTA scans,10.1109/tmi.2017.2679981
R934290b45,2,author,watanabe,10.1109/tvcg.2021.3105606,"Side-by-side comparison of human perception and performance using augmented, hybrid, and virtual reality",10.1109/tvcg.2021.3105606
Rad7a333b1,3,kataoka,watanabe,10.1109/access.2023.3312017,RGB-d-fusion: Image conditioned depth diffusion of humanoid subjects,10.1109/access.2023.3312017
R9b3785183,2,author,watanabe,10.1109/tvcg.2025.3624414,Move or push? Studying pseudo-haptic perceptions obtained with motion or force input,10.1109/tvcg.2025.3624414
R525ad0aca,1,author,kataoka,10.1109/tvcg.2022.3150507,The one-man-crowd: Single user generation of crowd motions using virtual reality,10.1109/tvcg.2022.3150507
Rb22f4d988,3,kataoka,watanabe,10.1109/vr46266.2020.00074,Reducing task load with an embodied intelligent virtual assistant for improved performance in collaborative decision making,10.1109/vr46266.2020.00074
R9a141098e,1,author,kataoka,10.1109/tpel.2009.2021608,Evaluation of self-driven schemes for a 12-V self-driven voltage regulator,10.1109/tpel.2009.2021608
R4d730cd25,3,kataoka,watanabe,10.1109/jproc.2013.2246131,Representations and algorithms for force-feedback display,10.1109/jproc.2013.2246131
R1b23e086e,1,author,kataoka,10.1109/tvcg.2023.3247060,CrowbarLimbs: a fatigue-reducing virtual reality text entry metaphor,10.1109/tvcg.2023.3247060
R1485cf218,2,author,watanabe,10.1109/ismar-adjunct60411.2023.00105,Focus on the motion: Designing adaptive subtitles for online fitness videos to support ubiquitous exercises,10.1109/ismar-adjunct60411.2023.00105
Rd403a395b,2,author,watanabe,10.1109/vrw66409.2025.00379,Hand redirection thresholds in a shooting game,10.1109/vrw66409.2025.00379
R46d3df8b3,3,kataoka,watanabe,10.1109/tie.2009.2031192,Integrated magnetic self-driven ZVS nonisolated full-bridge converter,10.1109/tie.2009.2031192
R3367ffb3d,3,kataoka,watanabe,10.1109/vr50410.2021.00108,A rate-based drone control with adaptive origin update in telexistence,10.1109/vr50410.2021.00108
R987946d3a,2,author,watanabe,10.1109/robot.2005.1570819,Fast implementation of lemke's algorithm for rigid body contact simulation,10.1109/robot.2005.1570819
R237cfecd5,3,kataoka,watanabe,10.1109/tsmc.2013.2280438,Human pose estimation and tracking via parsing a tree structure based human model,10.1109/tsmc.2013.2280438
R24c162820,3,kataoka,watanabe,10.1109/tvcg.2023.3247085,ConeSpeech: Exploring directional speech interaction for multi-person remote communication in virtual reality,10.1109/tvcg.2023.3247085
Rb357c18f1,2,author,watanabe,10.1109/tbiom.2022.3203149,Gait energy image-based human attribute recognition using two-branch deep convolutional neural network,10.1109/tbiom.2022.3203149
R7e16086e2,3,kataoka,watanabe,10.1109/vrw62533.2024.00355,Real-time seamless multi-projector displays on deformable surfaces,10.1109/vrw62533.2024.00355
Rf7ea0e83d,2,author,watanabe,10.1109/sp61157.2025.00049,BPSniff: Continuously surveilling private blood pressure information in the metaverse via unrestricted inbuilt motion sensors,10.1109/sp61157.2025.00049
Rdd6f1d239,2,author,watanabe,10.1109/tvcg.2014.18,Dynamic affordances in embodied interactive systems: The role of display and mode of locomotion,10.1109/tvcg.2014.18
R37467c40d,3,kataoka,watanabe,10.1109/tvcg.2024.3372121,The utilitarian virtual self – using embodied personalized avatars to investigate moral decision-making in semi-autonomous vehicle dilemmas,10.1109/tvcg.2024.3372121
Rcc5b4aa5c,1,author,kataoka,10.1109/vr46266.2020.00109,Multiple-scale simulation method for liquid with trapped air under particle-based framework,10.1109/vr46266.2020.00109
Rb9fa38618,1,author,kataoka,10.1109/tvcg.2022.3179269,Redirected walking for exploring immersive virtual spaces with HMD: a comprehensive review and recent advances,10.1109/tvcg.2022.3179269
R3a5140fe0,2,author,watanabe,10.1109/tvcg.2015.2440241,Morphable word clouds for time-varying text data visualization,10.1109/tvcg.2015.2440241
R0e41243f5,3,kataoka,watanabe,10.1109/mie.2012.2182832,Exploring the potential of MEMS gyroscopes: Successfully using sensors in typical industrial motion control applications,10.1109/mie.2012.2182832
Rafe95378c,2,author,watanabe,10.1109/ismar67309.2025.00067,ThumbShift: Modulating perceived object properties through dynamic thumb repositioning,10.1109/ismar67309.2025.00067
Rcca15d144,1,author,kataoka,10.1109/tcsvt.2023.3328371,Simultaneously recovering multi-person meshes and multi-view cameras with human semantics,10.1109/tcsvt.2023.3328371
R7cfe840a5,2,author,watanabe,10.1109/tvcg.2022.3224073,Transferable virtual-physical environmental alignment with redirected walking,10.1109/tvcg.2022.3224073
R819c5aff1,2,author,watanabe,10.1109/iros47612.2022.9982258,Towards robot avatars: Systems and methods for teleinteraction at avatar XPRIZE semi-finals,10.1109/iros47612.2022.9982258
R8da000183,3,kataoka,watanabe,10.1109/access.2025.3641607,Motion capture using GCN and multi-scale features in virtual human animation,10.1109/access.2025.3641607
Rb9d48b212,2,author,watanabe,10.1109/ismar55827.2022.00074,Leaning-based control of an immersive-telepresence robot,10.1109/ismar55827.2022.00074
R1d2417c78,2,author,watanabe,10.1109/icra57147.2024.10611618,Integrating open-world shared control in immersive avatars,10.1109/icra57147.2024.10611618
R9ea7dc1d2,2,author,watanabe,10.1109/jsen.2021.3111612,A medical liquid varifocal endoscope for abdominal cavity and its parallax estimation algorithm compatible with wbans,10.1109/jsen.2021.3111612
Ra5a5d6c99,2,author,watanabe,10.1109/tvcg.2025.3549171,The impact of avatar retargeting on pointing and conversational communication,10.1109/tvcg.2025.3549171
R550b19d4c,2,author,watanabe,10.1109/access.2020.3047377,"VR360 subtitling: Requirements, technology and user experience",10.1109/access.2020.3047377
Rdef7feb0b,1,author,kataoka,10.1109/tim.2013.2246907,A flexible concept for designing multiaxis force/torque sensors using force closure theorem,10.1109/tim.2013.2246907
R94688ed2d,2,author,watanabe,10.1109/icra48506.2021.9561007,Efficient haptic rendering of regolith,10.1109/icra48506.2021.9561007
R7e2557b07,2,author,watanabe,10.1109/icra.2012.6224701,Six-degree-of-freedom haptic simulation of organ deformation in dental operations,10.1109/icra.2012.6224701
R0c5235dc4,2,author,watanabe,10.1109/tvcg.2023.3320216,FineStyle: Semantic-aware fine-grained motion style transfer with dual interactive-flow fusion,10.1109/tvcg.2023.3320216
Ref87b5421,1,author,kataoka,10.1109/access.2020.3035850,Maximum likelihood estimators for three-dimensional rigid body localization in internet of things environments,10.1109/access.2020.3035850
R1be2c9256,2,author,watanabe,10.1109/vrw66409.2025.00163,Haptic augmentation by a wrist mounted device with laser speckle vibration sensing and hand projection,10.1109/vrw66409.2025.00163
R28188e20c,2,author,watanabe,10.1109/tmrb.2025.3550663,Toward lung ultrasound automation: Fully autonomous robotic longitudinal and transverse scans along intercostal spaces,10.1109/tmrb.2025.3550663
R7829bdbf3,3,kataoka,watanabe,10.1109/ismar59233.2023.00132,The effect of an exergame on the shadow play skill based on muscle memory for young female participants: The case of forehand drive in table tennis,10.1109/ismar59233.2023.00132
R8edde93b9,2,author,watanabe,10.1109/tmm.2023.3330532,Improving multi-person pose tracking with a confidence network,10.1109/tmm.2023.3330532
R7fc9273da,2,author,watanabe,10.1109/thms.2021.3106865,ArmSym: a virtual human–robot interaction laboratory for assistive robotics,10.1109/thms.2021.3106865
R11660372d,3,kataoka,watanabe,10.1109/tmm.2023.3324835,Joints-centered spatial-temporal features fused skeleton convolution network for action recognition,10.1109/tmm.2023.3324835
R58c640f16,1,author,kataoka,10.1109/iros45743.2020.9340843,Graph-based hierarchical knowledge representation for robot task transfer from virtual to physical world,10.1109/iros45743.2020.9340843
R32b3fe45b,2,author,watanabe,10.1109/tvcg.2021.3106429,AgentDress: Realtime clothing synthesis for virtual agents using plausible deformations,10.1109/tvcg.2021.3106429
Rcb3e43f3e,2,author,watanabe,10.1109/vrw62533.2024.00366,[DC] precise hand tracking using multiple optical sensors,10.1109/vrw62533.2024.00366
R669579a98,2,author,watanabe,10.1109/tlt.2024.3352743,Collaborative learning in the edu-metaverse era: An empirical study on the enabling technologies,10.1109/tlt.2024.3352743
R4ceb330a1,2,author,watanabe,10.1109/tlt.2025.3550714,Exploring the impact of the metaverse on promoting students’ access to quality education: a meta-analysis,10.1109/tlt.2025.3550714
Re8b09b050,3,kataoka,watanabe,10.1109/ismar-adjunct64951.2024.00031,Comparing control schemas in isometric balanced-based controllers,10.1109/ismar-adjunct64951.2024.00031
Rbe9fb5551,3,kataoka,watanabe,10.1109/tvlsi.2022.3178735,"A 0.3 nW, 0.093",10.1109/tvlsi.2022.3178735
R60c421a26,2,author,watanabe,10.1109/icra55743.2025.11127989,EgoMimic: Scaling imitation learning via egocentric video,10.1109/icra55743.2025.11127989
R0af1acdba,3,kataoka,watanabe,10.1109/robot.2009.5152523,6DOF haptic cooperation over large latency network with wave variables for virtual prototyping.,10.1109/robot.2009.5152523
R6051087d0,3,kataoka,watanabe,10.1109/ismar-adjunct51615.2020.00031,HuTrain: a framework for fast creation of real human pose datasets,10.1109/ismar-adjunct51615.2020.00031
R76217f6a5,3,kataoka,watanabe,10.1109/vrw55335.2022.00075,Local free-view neural 3D head synthesis for virtual group meetings,10.1109/vrw55335.2022.00075
R9260d19a1,1,author,kataoka,10.1109/ismar52148.2021.00030,Parametric model estimation for 3D clothed humans from point clouds,10.1109/ismar52148.2021.00030
R668e6d4f7,3,kataoka,watanabe,10.1109/tvcg.2019.2898721,Functional workspace optimization via learning personal preferences from virtual experiences,10.1109/tvcg.2019.2898721
R86fd1427d,1,author,kataoka,10.1109/mcom.001.2300746,Effects of small-scale user mobility on highly directional XR communications,10.1109/mcom.001.2300746
Rb8eedf064,3,kataoka,watanabe,10.1109/access.2024.3367601,Sound texture feedback for a projected extended hand interface,10.1109/access.2024.3367601
R755543d5b,2,author,watanabe,10.1109/tmm.2006.886326,Model-based power aware compression algorithms for MPEG-4 virtual human animation in mobile environments,10.1109/tmm.2006.886326
R90f67fb34,2,author,watanabe,10.1109/tvcg.2025.3569923,Interactive rendering of relightable and animatable gaussian avatars,10.1109/tvcg.2025.3569923
R2856d16e3,1,author,kataoka,10.1109/access.2024.3501394,AF-cpacnet: AnchorFree crowd parsing attention-based characteristic segmentation network,10.1109/access.2024.3501394
Ra7fe5e110,2,author,watanabe,10.1109/access.2020.3006440,Modifying texture perception with pseudo-haptic feedback for a projected virtual hand interface,10.1109/access.2020.3006440
R86dabb663,1,author,kataoka,10.1109/tvcg.2025.3549128,Perceptual alignment of spatial auditory and tactile stimuli for effective directional cueing,10.1109/tvcg.2025.3549128
R44ee3e9c9,3,kataoka,watanabe,10.1109/tsmca.2012.2216867,Supporting virtual collaboration in spatial design tasks: Are surrogate or natural gestures more effective?,10.1109/tsmca.2012.2216867
R7239bfa03,1,author,kataoka,10.1109/tcsi.2020.2991189,DT-CNN: An energy-efficient dilated and transposed convolutional neural network processor for region of interest based image segmentation,10.1109/tcsi.2020.2991189
Rb5ace0361,2,author,watanabe,10.1109/ismar50242.2020.00067,"Seamless, bi-directional transitions along the reality-virtuality continuum: a conceptualization and prototype exploration",10.1109/ismar50242.2020.00067
R8b11f22fe,3,kataoka,watanabe,10.1109/tmech.2016.2567453,Haptic interface for displaying softness at multiple fingers: Combining a side-faced-type multifingered haptic interface robot and improved softness-display devices,10.1109/tmech.2016.2567453
R2b15a4921,1,author,kataoka,10.1109/jsen.2021.3075151,Robust foot motion recognition using stride detection and weak supervision-based fast labeling,10.1109/jsen.2021.3075151
R5b8d3163c,3,kataoka,watanabe,10.1109/access.2024.3420724,A study of spatial perception in virtual space via display and the intervention effects of haptic feedback,10.1109/access.2024.3420724
R1fc05d6ce,3,kataoka,watanabe,10.1109/lra.2018.2856271,FlyCam: Multitouch gesture controlled drone gimbal photography,10.1109/lra.2018.2856271
R858571bb2,3,kataoka,watanabe,10.1109/iros.2010.5649502,A wearable system for the wireless experience of extended range telepresence,10.1109/iros.2010.5649502
R6476d0fd0,3,kataoka,watanabe,10.1109/tvcg.2006.37,Scanning scene tunnel for city traversing,10.1109/tvcg.2006.37
Rccc7682a0,3,kataoka,watanabe,10.1109/tpel.2005.850924,A self-driven soft-switching voltage regulator for future microprocessors,10.1109/tpel.2005.850924
R93987bbd9,3,kataoka,watanabe,10.1109/ismar67309.2025.00144,Bichronous collaboration: Using spatiotemporal cues to collaborate across time and space on physical tasks,10.1109/ismar67309.2025.00144
Rceea5cd57,1,author,kataoka,10.1109/cvpr46437.2021.01308,"S3: Neural shape, skeleton, and skinning fields for 3D human modeling",10.1109/cvpr46437.2021.01308
R04e084b8d,1,author,kataoka,10.1109/tmc.2020.3009561,WiHF: Gesture and user recognition with WiFi,10.1109/tmc.2020.3009561
R090500a1d,1,author,kataoka,10.1109/ismar.2010.5643566,Build your world and play in it: Interacting with surface particles on complex objects,10.1109/ismar.2010.5643566
R9b1870317,2,author,watanabe,10.1109/access.2024.3396729,Benefits of employing surface electromyography signals for power-assisted control from an agility perspective,10.1109/access.2024.3396729
R915374925,3,kataoka,watanabe,10.1109/cvpr52734.2025.00178,EnvPoser: Environment-aware realistic human motion estimation from sparse observations with uncertainty modeling,10.1109/cvpr52734.2025.00178
Re72f03d1a,3,kataoka,watanabe,10.1109/jsen.2019.2947612,Evaluation of hand-tracking systems in teleoperation and virtual dexterous manipulation,10.1109/jsen.2019.2947612
R17d828f5f,2,author,watanabe,10.1109/ismar-adjunct.2018.00114,"A low-latency, high-precision handheld perspective corrected display",10.1109/ismar-adjunct.2018.00114
R47ef64c6b,1,author,kataoka,10.1109/tvcg.2017.2718514,Collision avoidance behavior between walkers: Global and local motion cues,10.1109/tvcg.2017.2718514
Rcaf32fb1b,2,author,watanabe,10.1109/tvcg.2019.2898738,Perceptually based adaptive motion retargeting to animate real objects by light projection,10.1109/tvcg.2019.2898738
Re2e04bdc2,1,author,kataoka,10.1109/jsen.2023.3326880,Supervised machine learning-assisted driving stress monitoring MIMO radar system,10.1109/jsen.2023.3326880
R272920553,2,author,watanabe,10.1109/tii.2021.3090363,DTPAAL: Digital twinning pepper and ambient assisted living,10.1109/tii.2021.3090363
R60bb4db48,2,author,watanabe,10.1109/tie.2014.2375258,Two-step calibration methods for miniature inertial and magnetic sensor units,10.1109/tie.2014.2375258
R65702d882,3,kataoka,watanabe,10.1109/access.2021.3136361,"5G-enabled education 4.0: Enabling technologies, challenges, and solutions",10.1109/access.2021.3136361
R254699f7f,3,kataoka,watanabe,10.1109/70.850646,Extended-range hybrid tracker and applications to motion and camera tracking in manufacturing systems,10.1109/70.850646
R8499bd70e,1,author,kataoka,10.1109/mgrs.2018.2825990,A multioutcrop sharing and interpretation system: Exploring 3-D surface and subsurface data,10.1109/mgrs.2018.2825990
Rca600ff31,1,author,kataoka,10.1109/mwc.2002.1043850,"HotTown, enabling context-aware and extensible mobile interactive spaces",10.1109/mwc.2002.1043850
R5c60a4e4a,1,author,kataoka,10.1109/access.2025.3550880,Digital twin-assisted online monitoring of elevator abnormal vibration using improved ShuffleNetV2 and domain adaptation,10.1109/access.2025.3550880
R9407e2dea,2,author,watanabe,10.1109/jiot.2025.3553519,Joint quantum reinforcement learning and neural myerson auction for high-quality digital-twin services in multitier networks,10.1109/jiot.2025.3553519
Re6e187a21,2,author,watanabe,10.1109/tmech.2017.2748126,Multidegree-of-freedom motion platform based on spherical wheels,10.1109/tmech.2017.2748126
R3316aae01,1,author,kataoka,10.1109/tvcg.2024.3386923,Unified cross-structural motion retargeting for humanoid characters,10.1109/tvcg.2024.3386923
R324c39b23,1,author,kataoka,10.1109/jsen.2019.2898449,An algorithm for the automatic detection and quantification of athletes’ change of direction incidents using IMU sensor data,10.1109/jsen.2019.2898449
R2b82fbe8b,3,kataoka,watanabe,10.1109/mnet.2023.3337271,Digital twin-based cloud-native vehicular networks architecture for intelligent driving,10.1109/mnet.2023.3337271
R08470037c,1,author,kataoka,10.1109/jetcas.2021.3125399,A lego-based neural network design methodology with flexible NoC,10.1109/jetcas.2021.3125399
R46e92baf8,1,author,kataoka,10.1109/tip.2020.3040854,Mask-guided attention network and occlusion-sensitive hard example mining for occluded pedestrian detection,10.1109/tip.2020.3040854
R73c4a6620,2,author,watanabe,10.1109/tap.2017.2712792,Power density measurements at 15 ghz for RF EMF compliance assessments of 5G user equipment,10.1109/tap.2017.2712792
R8b0f046e8,1,author,kataoka,10.1109/lra.2022.3151614,Learn to predict how humans manipulate large-sized objects from interactive motions,10.1109/lra.2022.3151614
R76d34353b,1,author,kataoka,10.1109/eurosp51992.2021.00043,Nontransitive policies transpiled,10.1109/eurosp51992.2021.00043
Rde0f56e4e,1,author,kataoka,10.1109/tvcg.2012.46,Haptic palpation for medical simulation in virtual environments,10.1109/tvcg.2012.46
R3d1a388d0,1,author,kataoka,10.1109/jproc.2020.3028013,Variance-reduced methods for machine learning,10.1109/jproc.2020.3028013
Rad71b808f,1,author,kataoka,10.1109/cvpr52729.2023.00439,High-fidelity 3D face generation from natural language descriptions,10.1109/cvpr52729.2023.00439
R58dede048,2,author,watanabe,10.1109/jiot.2020.2985082,Deep-learning-enhanced human activity recognition for internet of healthcare things,10.1109/jiot.2020.2985082
R873c035c3,1,author,kataoka,10.1109/lra.2021.3068700,Hybrid actuation with unidirectional clutches for handheld haptic controllers,10.1109/lra.2021.3068700
Rac942fce2,3,kataoka,watanabe,10.1109/access.2024.3390042,Quantum reinforcement learning for spatio-temporal prioritization in metaverse,10.1109/access.2024.3390042
R0264e83aa,1,author,kataoka,10.1109/jetcas.2020.3022920,An overview of efficient interconnection networks for deep neural network accelerators,10.1109/jetcas.2020.3022920
R1837916c9,1,author,kataoka,10.1109/tip.2020.3029901,Hier r-CNN: Instance-level human parts detection and a new benchmark,10.1109/tip.2020.3029901
R07b33213e,3,kataoka,watanabe,10.1109/vr55154.2023.00013,Creating virtual AI beings,10.1109/vr55154.2023.00013
Raff04740c,3,kataoka,watanabe,10.1109/lsp.2026.3694693,Hierarchical diffusion for sparse-to-full human motion reconstruction,10.1109/lsp.2026.3694693
Rbc4f0a8ad,1,author,kataoka,10.1109/wacv61042.2026.00805,Mem-MLP: Real-time 3D human motion generation from sparse inputs,10.1109/wacv61042.2026.00805
R13a021efd,2,author,watanabe,10.1109/tvcg.2025.3631385,Quality assessment of 3D human animation: Subjective and objective evaluation,10.1109/tvcg.2025.3631385
R55d6a7352,1,author,kataoka,10.1109/tvcg.2025.3549869,PantographHaptics: a technique for large-surface passive haptic interactions using pantograph mechanisms,10.1109/tvcg.2025.3549869
Rf3d37629e,1,author,kataoka,10.1109/icme59968.2025.11210133,Fast and physically-based neural explicit surface for relightable human avatars,10.1109/icme59968.2025.11210133
R7615e7e59,1,author,kataoka,10.1109/vrw70859.2026.00092,"Zero-shot and foundation model performance on face emotion recognition for avatars in XR – challenges, limitations, and potentials",10.1109/vrw70859.2026.00092
R05452c964,1,author,kataoka,10.1109/vrw66409.2025.00141,Crack-free multi-resolution dynamic volume refinement for physics-based bone drilling and shaving in arthroscopic procedures,10.1109/vrw66409.2025.00141
R6cc51f8cf,3,kataoka,watanabe,10.1109/iccv51701.2025.01226,Align your rhythm: Generating highly aligned dance poses with gating-enhanced rhythm-aware feature representation,10.1109/iccv51701.2025.01226
R8f43c45bd,2,author,watanabe,10.1109/jsen.2025.3624143,Surface-aligned 3-D human shape estimation via gaussian curvature structure learning,10.1109/jsen.2025.3624143
Re55ac473b,1,author,kataoka,10.1109/tetci.2025.3607392,3DMM-GAN: Multi-modal alignment with adversarial learning for compositional 3D human image synthesis,10.1109/tetci.2025.3607392
Rff49c9add,3,kataoka,watanabe,10.1109/wacv61041.2025.00580,Social EgoMesh estimation,10.1109/wacv61041.2025.00580
Rd5224d7f3,1,author,kataoka,10.1109/iccv51701.2025.00886,Bring your rear cameras for egocentric 3D human pose estimation,10.1109/iccv51701.2025.00886
R5937165e9,3,kataoka,watanabe,10.1109/iccv51701.2025.01217,Capturing head avatar with hand contacts from a monocular video,10.1109/iccv51701.2025.01217
R01ecda72e,3,kataoka,watanabe,10.1109/tmm.2026.3655480,MGHead: Motion-aware animated gaussian head avatars with anchored skeletal structures,10.1109/tmm.2026.3655480
R332dbb655,1,author,kataoka,10.1109/iccv51701.2025.00948,Towards immersive human-x interaction: a real-time framework for physically plausible motion synthesis,10.1109/iccv51701.2025.00948
R8d07df5d9,1,author,kataoka,10.1109/vrw70859.2026.00139,Real-time dynamic digital twin generation using multiple first-person views,10.1109/vrw70859.2026.00139
R4bb71a7d6,3,kataoka,watanabe,10.1109/mic.2025.3649567,Toward smart and green energy stations: a cognitive digital twin framework for intelligent management,10.1109/mic.2025.3649567
R95e9cd69d,1,author,kataoka,10.1109/vr67842.2026.00024,Anchor-based haptics: Portable interfaces leveraging real surfaces to display grounded forces for 3D shape simulation in VR,10.1109/vr67842.2026.00024
Rb6d5ad485,1,author,kataoka,10.1109/tvcg.2026.3680710,LIVE-GS: LLM powers interactive VR experience with physics-aware gaussian splatting,10.1109/tvcg.2026.3680710
R12416cd36,2,author,watanabe,10.1109/tvcg.2026.3680686,Telling us what you experience: Effects of questionnaire interface design on subjective measurements in virtual reality,10.1109/tvcg.2026.3680686
R8b85bfd76,1,author,kataoka,10.1109/vrw70859.2026.00059,Demographic influences on balance-based locomotion in virtual reality,10.1109/vrw70859.2026.00059
Rd868c0bf8,2,author,watanabe,10.1109/iccvw69036.2025.00668,DNF-avatar: Distilling neural fields for real-time animatable avatar relighting,10.1109/iccvw69036.2025.00668
Rf56ba5430,1,author,kataoka,10.1109/tvcg.2026.3680706,What you see is what you wear: Crafting garments for diverse avatars with consistent wearing effects,10.1109/tvcg.2026.3680706
R4e0697c1a,3,kataoka,watanabe,10.1109/vrw70859.2026.00225,Symmetrical reality-based large-scale simulation of embodied agents for the evolutionary virtual world,10.1109/vrw70859.2026.00225
R42f9bb5fa,1,author,kataoka,10.1109/tnsre.2026.3708538,Effects of task-driven head orientations on gait and balance during walking in virtual reality,10.1109/tnsre.2026.3708538
Rc7aca8124,3,kataoka,watanabe,10.1109/tnsre.2026.3702775,Hybrid kinematic and muscular null space for simultaneous control of natural and extra degrees of freedom,10.1109/tnsre.2026.3702775
R3784f566f,1,author,kataoka,10.1109/tvcg.2026.3679892,U-NEXT: a user-centered new prototype for walking excavator simulator,10.1109/tvcg.2026.3679892
R40cbed0ec,3,kataoka,watanabe,10.1109/vrw70859.2026.00069,"I like to move it, move it - non-intrusive full body tracking for caves",10.1109/vrw70859.2026.00069
R1fa7a6838,3,kataoka,watanabe,10.1109/tvcg.2026.3679093,Toward multimodal privacy in XR: Design and evaluation of composite privatization methods for gaze and body tracking data,10.1109/tvcg.2026.3679093
Rf2e0eabf5,1,author,kataoka,10.1109/tvcg.2026.3680715,What makes a virtual celebrity agent trustworthy in VR? Exploring the role of stylization and voice,10.1109/tvcg.2026.3680715
Reddad7d05,3,kataoka,watanabe,10.1109/lra.2026.3710366,CWI: Composite humanoid whole-body imitation system for loco-manipulation,10.1109/lra.2026.3710366
Re67a71405,1,author,kataoka,10.1109/vrw70859.2026.00112,Acceptance of simulated body-proximate technologies in XR: a transhumanist perspective,10.1109/vrw70859.2026.00112
Rf0cd08070,2,author,watanabe,10.1109/iccv51701.2025.01091,SyncDiff: Synchronized motion diffusion for multi-body human-object interaction synthesis,10.1109/iccv51701.2025.01091
Rbfa8a9de5,2,author,watanabe,10.1109/vrw70859.2026.00103,Virtual prejudice in childhood: Impulsive avoidance toward racial out-group avatars,10.1109/vrw70859.2026.00103
R6d607949e,2,author,watanabe,10.1109/tvcg.2026.3651382,Generating distance-aware human-to-human interaction motions from text guidance,10.1109/tvcg.2026.3651382
R25fb13753,3,kataoka,watanabe,10.1109/jsen.2026.3657180,Assessing the 6-DoF accuracy and robustness of the HTC VIVE ultimate stand-alone inside-out motion tracker: a robot-driven evaluation,10.1109/jsen.2026.3657180
Ra4db28b47,1,author,kataoka,10.1109/vrw70859.2026.00133,Exploring proprioception and spatial awareness during auditory and visual feet guidance in bouldering,10.1109/vrw70859.2026.00133
R991b89637,3,kataoka,watanabe,10.1109/vrw70859.2026.00110,Multimodal integration of visual masking and phantom sensation for 3D object interaction in hand projection,10.1109/vrw70859.2026.00110
Ree0ec06e1,1,author,kataoka,10.1109/vr67842.2026.00059,AniXDim: Integrating cross-dimensional interaction into desktop character animation workflows,10.1109/vr67842.2026.00059
Re06bf4a0e,3,kataoka,watanabe,10.1109/tvcg.2026.3679092,Influence of avatar appearance and target distance on locomotion method selection in virtual reality,10.1109/tvcg.2026.3679092
Ra396c478c,1,author,kataoka,10.1109/tvcg.2026.3668931,"Characterizing device transitions and their impact on presence, embodiment and avatar identification in cross-platform virtual environments",10.1109/tvcg.2026.3668931
R591debedb,3,kataoka,watanabe,10.1109/tvcg.2026.3693261,I have a claw! Impact of embodying a biomimetic avatar on self-perception and task performance in virtual reality,10.1109/tvcg.2026.3693261
R3fa8f9720,1,author,kataoka,10.1109/tvcg.2026.3679904,Beyond the self: Avatar anthropomorphic fidelity and calibration effects on judging others' interpersonal horizontal reachability in VR,10.1109/tvcg.2026.3679904
Ra18f8a754,1,author,kataoka,10.1109/tlt.2026.3683471,The integration of interactive psychoeducation and agent embodiment in virtual reality training: An evaluation on breathing techniques,10.1109/tlt.2026.3683471
R97842a610,2,author,watanabe,10.1109/vrw70859.2026.00121,Advanced haptic directional awareness in virtual reality,10.1109/vrw70859.2026.00121
R2a7e2a15e,2,author,watanabe,10.1109/tvcg.2026.3679128,Letting go of your real body: Noisy electrical stimulation facilitates body schema transformation in virtual reality,10.1109/tvcg.2026.3679128
Rfdf476cfb,3,kataoka,watanabe,10.1109/tvcg.2026.3680600,The motion is the message: Evaluating motion tracking quality for VR avatars,10.1109/tvcg.2026.3680600
Ra0269c870,2,author,watanabe,10.1109/tvcg.2026.3680575,How harassment shapes self-perception and well-being in social VR: Evidence from a controlled lab study,10.1109/tvcg.2026.3680575
R9dadc7e35,1,author,kataoka,10.1109/tvcg.2026.3680618,EgoPoseVR: Spatiotemporal multi-modal reasoning for egocentric full-body pose in virtual reality,10.1109/tvcg.2026.3680618
Rb5d644df9,1,author,kataoka,10.1109/tnsre.2026.3664861,Data glove and controller utilized in a ball-catching task with virtual reality differentially modulate corticospinal excitability during combined action observation and motor imagery,10.1109/tnsre.2026.3664861
R6b4a59462,1,author,kataoka,10.1109/tvcg.2026.3680596,Interaction under whole-body user rotations in VR space,10.1109/tvcg.2026.3680596
Rc8f13044f,3,kataoka,watanabe,10.1109/tvcg.2026.3679873,Slightly stretching your arm's reach may improve VR interaction: The optimal interaction zone in a memory task,10.1109/tvcg.2026.3679873
R30e281391,1,author,kataoka,10.1109/tvcg.2026.3679112,"User-articulated associations in VR: a co-occurrence network map of presence, realism, agency, and time",10.1109/tvcg.2026.3679112
Rcd34ba138,1,author,kataoka,10.1109/vrw70859.2026.00017,HA-VTON: Prompt-guided human avatar generation with virtual try-on result from single human and garment images,10.1109/vrw70859.2026.00017
R6bfbdb45d,3,kataoka,watanabe,10.1109/vrw70859.2026.00154,Embodied miracle-question counseling in virtual reality,10.1109/vrw70859.2026.00154
Rb1b8efe29,2,author,watanabe,10.1109/vrw70859.2026.00324,Mapping action space via psychophysiological responses in virtual reality,10.1109/vrw70859.2026.00324
R3ad43eac8,1,author,kataoka,10.1109/tvcg.2026.3679062,TerraFirma: a low-cost and effective 360 VR extension for viewpoint translation and collaboration,10.1109/tvcg.2026.3679062
Rf28427c3c,1,author,kataoka,10.1109/tnsre.2022.3179327,Extended reality “x-reality” for prosthesis training of upper-limb amputees: a review on current and future clinical potential,10.1109/tnsre.2022.3179327
Ree9fad12a,3,kataoka,watanabe,10.1109/tpami.2020.3029700,SelfPose: 3D egocentric pose estimation from a headset mounted camera,10.1109/tpami.2020.3029700
Rda5bb73ca,2,author,watanabe,10.1109/access.2023.3316226,Proposal for a distraction technique using two-screen projection for stress relief in children with medical complexity,10.1109/access.2023.3316226
R8e8fbb17c,3,kataoka,watanabe,10.1109/vrw62533.2024.00112,Design and implementation of agent apis for large-scale social VR platforms,10.1109/vrw62533.2024.00112
Rc000383e0,1,author,kataoka,10.1162/jocn_a_01635,Current promises and limitations of combined virtual reality and functional magnetic resonance imaging research in humans: a commentary on huffman and ekstrom (2019),10.1162/jocn_a_01635
Rbd48e8de7,2,author,watanabe,10.1109/tvcg.2018.2794072,Locomotive recalibration and prism adaptation of children and teens in immersive virtual environments,10.1109/tvcg.2018.2794072
R7a776ad50,2,author,watanabe,10.1109/vrw50115.2020.00116,[DC] the modulation of peripersonal space boundaries in immersive virtual environments,10.1109/vrw50115.2020.00116
Rf341fd0bc,1,author,kataoka,10.1109/tdsc.2026.3667573,A mercurial-based secure authentication and reputation framework for the multi-context metaverse,10.1109/tdsc.2026.3667573
R52e593b2b,2,author,watanabe,10.1109/cvpr.2019.00462,Detailed human shape estimation from a single image by hierarchical mesh deformation,10.1109/cvpr.2019.00462
R86efc8afb,2,author,watanabe,10.3390/virtualworlds4040052,A Qualitative Study of Youth Mental Health Service Users’ Views on the Delivery of Psychological Interventions via Virtual Worlds,10.3390/virtualworlds4040052
R092c22176,1,author,kataoka,10.1016/j.cell.2025.11.030,Mapping cellular targets of covalent cancer drugs in the entire mammalian body,10.1016/j.cell.2025.11.030
Rdf44d92b2,3,kataoka,watanabe,10.1007/s10055-025-01138-9,Levitation experience in virtual reality,10.1007/s10055-025-01138-9
R050909f3d,3,kataoka,watanabe,10.1080/09638288.2025.2548412,Effects of focus of attention on gait parameters and balance performance in children with unilateral cerebral palsy: a randomized controlled trial,10.1080/09638288.2025.2548412
R4cafebd66,3,kataoka,watanabe,10.1038/s41598-025-31146-3,Embodying an avatar with a dissimilar appearance enhances insight problem solving,10.1038/s41598-025-31146-3
Rb1704d118,2,author,watanabe,10.1007/s42241-026-0010-4,Passive bio-inspired flow sensing for autonomous underwater vehicles: A digital twin framework for object detection and localisation,10.1007/s42241-026-0010-4
Rfa6460f42,2,author,watanabe,10.1152/ajpheart.00413.2025,One surface fits all: validating the venous return model across species and scales in circulatory equilibrium,10.1152/ajpheart.00413.2025
R105932875,1,author,kataoka,10.1057/s41599-025-06043-9,"Virtual Reality (VR) InducE Well-being (VIEW): a Scoping Review of VR Design, Mechanisms, and Well-being Outcomes",10.1057/s41599-025-06043-9
R0b7d4df79,2,author,watanabe,10.1523/eneuro.0587-24.2025,Distinct Roles of the Premotor and Occipitotemporal Cortices in the Full-Body Illusion,10.1523/eneuro.0587-24.2025
R0d713326b,1,author,kataoka,10.1016/j.inffus.2025.103613,CoCoGesture: Towards coherent co-speech 3D gesture generation in the wild,10.1016/j.inffus.2025.103613
R2bcb2bc88,2,author,watanabe,10.1249/mss.0000000000003666,Physical Work in Humid Heat Impairs Postural Balance during Simulated Construction Tasks at Height,10.1249/mss.0000000000003666
R76491ea3e,2,author,watanabe,10.1016/j.ijsolstr.2025.113567,Efficient virtual element modeling of the bending failure in BCC lattice sandwich panels manufactured by L-PBF,10.1016/j.ijsolstr.2025.113567
R4b0262f08,2,author,watanabe,10.1186/s12884-025-08265-w,Best maternal point of visual focusing for minimizing pain and anxiety during second trimester genetic amniocentesis: a randomized trial,10.1186/s12884-025-08265-w
Rc7b6d5787,2,author,watanabe,10.1145/3747858,Dress Anyone : Automatic Physically-Based Garment Pattern Refitting,10.1145/3747858
R215ad1e4c,2,author,watanabe,10.1371/journal.pone.0330443,Comparison of virtual reality and real environment effects on perception of height in healthy individuals,10.1371/journal.pone.0330443
R264653be2,3,kataoka,watanabe,10.1097/aud.0000000000001825,Motion-Steered Noise Management in Hearing Aids Reduces Listening Effort and Stress Indexed by Pupil Size and Heart Rate,10.1097/aud.0000000000001825
Rb11e4e5cb,2,author,watanabe,10.1016/j.jestch.2025.102026,Swarm intelligence driven inverse design of slot patterns for sub-6 GHz 5G MIMO antennas in virtual reality applications,10.1016/j.jestch.2025.102026
Rf3c383b89,3,kataoka,watanabe,10.1007/s11042-026-21340-4,Building and evaluating a realistic virtual world for large scale urban exploration from 360° videos,10.1007/s11042-026-21340-4
Rdc66cdea9,3,kataoka,watanabe,10.1016/j.robot.2025.105129,Unconventional grasping in multi-limb humanoid robot using fuzzy logic intelligence,10.1016/j.robot.2025.105129
R044248468,1,author,kataoka,10.1002/adfm.202513802,Self-Decoupled 3D Motion Sensors for Body-Posture Reconstruction,10.1002/adfm.202513802
Rcf557daf2,3,kataoka,watanabe,10.1016/j.ijnaoe.2025.100719,Anti-swing overhead crane control algorithm based on multi-body dynamics using reinforcement learning,10.1016/j.ijnaoe.2025.100719
R84def5576,3,kataoka,watanabe,10.1038/s41598-026-45811-8,It is a matter of size—manipulating body size with virtual reality modulates reward sensitivity,10.1038/s41598-026-45811-8
R674a674ce,1,author,kataoka,10.1038/s41598-025-94038-6,Age-related differences in the effect of mental fatigue on obstacle crossing in virtual reality,10.1038/s41598-025-94038-6
R7b8b2be63,2,author,watanabe,10.1371/journal.pone.0310475,Joint angle trajectories are Robust to segment length estimation methods in human reaching,10.1371/journal.pone.0310475
Rd8e9e51e5,2,author,watanabe,10.1007/s00404-025-08000-y,Virtual reality-based pain control in endometriosis: a questionnaire-based pilot study of applications for relaxation and physical activity,10.1007/s00404-025-08000-y
Raf7d8ac5a,2,author,watanabe,10.3390/children12060796,Movement Variability and Perceived Motor Competence in Children with High or Low Risk Willingness in a Virtual Playground,10.3390/children12060796
Re8005a565,2,author,watanabe,10.1371/journal.pone.0324941,"Design, development and pilot of a realistic virtual reality application to analyse quick directional change in sport: Avatar cutting scenario with alterable parameters",10.1371/journal.pone.0324941
R70d55f1f3,1,author,kataoka,10.1371/journal.pone.0319746,Real-world goal-directed behavior reveals aberrant functional brain connectivity in children with ADHD,10.1371/journal.pone.0319746
Rc40c1cbca,2,author,watanabe,10.1109/tmm.2026.3668541,MambaGesture2: Co-Speech Gesture Generation via Hierarchical Fusion and Spatiotemporal Aggregation,10.1109/tmm.2026.3668541
R749d7d7ee,1,author,kataoka,10.1371/journal.pgph.0004081,A mixed-method study of feasibility and acceptability of the Dapivirine vaginal ring among adolescent girls and young women (AGYW) in selected Zimbabwean districts,10.1371/journal.pgph.0004081
Rdc472d718,2,author,watanabe,10.1002/mar.22168,The Effects of Avatar Human-Likeness on Psychological Closeness in Virtual-Reality,10.1002/mar.22168
R7e5772278,1,author,kataoka,10.1371/journal.pone.0328538,"The YoungFitT project: Study protocol for a randomized mixed-methods trial of physical exercise and mind-body interventions, with or without virtual reality, in university students",10.1371/journal.pone.0328538
R91220df4c,3,kataoka,watanabe,10.1016/j.jpsychires.2025.11.024,Behavioral and neural effects of virtual embodiment in individuals with Body Integrity Dysphoria,10.1016/j.jpsychires.2025.11.024
Rbf00818c9,2,author,watanabe,10.1177/13548565251320727,Narrative virtual reality as a memory machine,10.1177/13548565251320727
R7a1d3aee5,3,kataoka,watanabe,10.2196/93060,Authors’ Reply: Enhancing Team-Based Learning in Virtual Environments: The Role of Avatar Agency and Immersive Social Presence,10.2196/93060
Rcb6a7ada2,2,author,watanabe,10.1016/j.afres.2025.101558,Mechanistic insight into the sensory acceptance of coconut water drinks fortified with α-tocopherol/tocotrienol in nanostructured lipid carriers (NLC) in an immersive beach-like setting,10.1016/j.afres.2025.101558
R607e98b5b,3,kataoka,watanabe,10.1007/s10055-026-01320-7,Blowing into immersion: the effect of wind stimulation on different body areas in a VR motorcycle game,10.1007/s10055-026-01320-7
R8c912eb06,2,author,watanabe,10.1016/j.schres.2025.11.004,Impact of avatar features and presence on treatment outcomes in virtual reality-assisted therapy for auditory hallucinations,10.1016/j.schres.2025.11.004
Ra8698b586,2,author,watanabe,10.3389/fnhum.2025.1706793,Brain neural mechanisms underlying VR enhanced aerobic exercise for mood enhancement in depressed adolescents,10.3389/fnhum.2025.1706793
Rd34884165,2,author,watanabe,10.1016/j.gaitpost.2025.08.072,The effects of cognitive demand on distributions of medial and lateral plantar loads while walking in anxiety-inducing virtual settings,10.1016/j.gaitpost.2025.08.072
Rb65b809fb,3,kataoka,watanabe,10.1016/j.rmed.2025.108362,"The effect of a 12-week tele-exercise using immersive virtual reality on functional capacity in adolescents with cystic fibrosis: A randomized controlled, single (assessor) - blind study",10.1016/j.rmed.2025.108362
Re72fa85ee,3,kataoka,watanabe,10.1002/rob.22524,Development of a Telerobotic Target-Specific Pesticide Applicator: An Intervention for Enhanced Safety and Efficiency,10.1002/rob.22524
R2bef6a4f7,3,kataoka,watanabe,10.1371/journal.pone.0343812,"Psychophysiological effects of traditional cycling, virtual reality-enhanced cycling, and passive virtual reality exposure in young adults: A controlled within-subject study",10.1371/journal.pone.0343812
R271c442a6,2,author,watanabe,10.1002/eat.24467,"Self-Disgust, Body-Related Attentional Bias and Body Dissatisfaction: A Virtual Reality and Eye-Tracking Exploration",10.1002/eat.24467
Rf62e900ad,2,author,watanabe,10.1038/s41562-025-02216-3,Five canonical findings from 30 years of psychological experimentation in virtual reality,10.1038/s41562-025-02216-3
R89c84162c,2,author,watanabe,10.1007/s10055-025-01122-3,"The affordances and constraints of mathematics tutoring in immersive, collaborative, and dynamic virtual reality environments",10.1007/s10055-025-01122-3
R8e7c2bc93,1,author,kataoka,10.1007/s42757-024-0232-z,A numerical study of the effects of exposure conditions and human movement on cough droplets transmission and deposition,10.1007/s42757-024-0232-z
R470e6426a,2,author,watanabe,10.1016/j.neubiorev.2026.106565,Your brain on nature: A scoping review of the neuroscience of nature exposure,10.1016/j.neubiorev.2026.106565
R337bed604,3,kataoka,watanabe,10.1016/j.jhazmat.2026.141354,Assessing and projecting the potential cumulative risks of heavy metal dispersion (PCR-HMD) from lead-zinc mines in China: Impacts of soil water erosion and climate change,10.1016/j.jhazmat.2026.141354
R88f1811d1,3,kataoka,watanabe,10.1016/j.actpsy.2026.106390,"Psychological benefits of aerobic, resistance, mind-body exercises, and HIIT for enhancing athlete well-being and performance",10.1016/j.actpsy.2026.106390
R27f28f449,1,author,kataoka,10.2196/79147,Automated Inference of Social Anxiety From Behavior in Social Virtual Reality: Cross-Sectional Observational Study,10.2196/79147
Rfbcf7ff2f,1,author,kataoka,10.1016/j.apergo.2025.104626,VR- or lecture-based training? The role of culture in safety training outcomes,10.1016/j.apergo.2025.104626
R4f02efce7,3,kataoka,watanabe,10.1016/j.chb.2025.108740,Does non-humanlike avatar more attractive? The impacts of avatar types on metaverse satisfaction and participation,10.1016/j.chb.2025.108740
Rea2b5d9b3,1,author,kataoka,10.3389/fpsyg.2025.1649698,"Examining the distinctiveness of body image and self-related constructs in eating disorders using virtual reality: the role of shape concerns, physical self-worth, and global self-worth",10.3389/fpsyg.2025.1649698
R436075cdc,3,kataoka,watanabe,10.1016/j.jvcir.2026.104784,SS3DFR : Semi-supervised 3D face reconstruction from single face image,10.1016/j.jvcir.2026.104784
R77582405b,2,author,watanabe,10.1111/dom.70318,Evaluating the use of virtual reality for weight management: A systematic review and meta-analysis,10.1111/dom.70318
R0c3393e7e,1,author,kataoka,10.1016/j.ajp.2025.104634,Therapeutic applications of 3D printing in psychiatry: Current status and future possibilities,10.1016/j.ajp.2025.104634
Radafb2744,1,author,kataoka,10.3758/s13414-026-03253-4,The influence of postural load and early aging on dynamic sound localization: Evidence for reduced cognitive-motor reserve,10.3758/s13414-026-03253-4
Re35244950,2,author,watanabe,10.1016/j.jretconser.2025.104426,When virtual influencers cause service failures: The impact of human likeness and beauty types on social psychological distance and consumer intentions,10.1016/j.jretconser.2025.104426
R89e526363,2,author,watanabe,10.1016/j.oceaneng.2025.122255,Virtual reality-based experimental investigation of evacuation characteristics in ship fire scenarios with limited visibility,10.1016/j.oceaneng.2025.122255
R74d511040,1,author,kataoka,10.1109/tvcg.2026.3679469,ExGes: Expressive Human Motion Retrieval and Modulation for Audio-Driven Gesture Synthesis,10.1109/tvcg.2026.3679469
R583ee0c61,3,kataoka,watanabe,10.3390/healthcare13233093,MetaAcuPoint: MetaHuman-Generated Synthetic Data for Hand Acupoint Localization,10.3390/healthcare13233093
R3b7338952,3,kataoka,watanabe,10.1016/j.cexr.2025.100117,Effects of school-based immersive virtual reality interventions on learning in the K-6 range: A systematic literature review,10.1016/j.cexr.2025.100117
R3dfed8d05,3,kataoka,watanabe,10.3390/children12121591,The Impact of Psyching-Up and Cognitive Challenges on Cognitive Performance and Well-Being in Adolescent Swimmers: A Randomized Controlled Trial,10.3390/children12121591
R8e27811c7,2,author,watanabe,10.1037/pag0000927,Age differences in spatial navigation stem from a preference for familiar routes rather than impaired landmark-dependent strategies,10.1037/pag0000927
R1a45aed66,3,kataoka,watanabe,10.1038/s41591-025-03757-w,Virtual reality sports to tackle pediatric obesity,10.1038/s41591-025-03757-w
R2e77e37e8,3,kataoka,watanabe,10.1080/09613218.2025.2544706,Technology integration in India’s real estate sector: measuring awareness of virtual reality and closed-loop marketing,10.1080/09613218.2025.2544706
R1fcd6b291,1,author,kataoka,10.1111/cgf.70025,Multi-Modal Instrument Performances (MMIP): A Musical Database,10.1111/cgf.70025
R08bef8b64,2,author,watanabe,10.1098/rsif.2024.0832,Behavioural risk models explain locomotor and balance changes when walking at virtual heights,10.1098/rsif.2024.0832
Rdf45841e9,1,author,kataoka,10.1016/j.ejro.2026.100733,"Impact of high-iodine concentration contrast material for dual-energy CT angiography on arterial visualization: A single-blind, randomized controlled trial",10.1016/j.ejro.2026.100733
Re43678c90,1,author,kataoka,10.3390/educsci15080959,Bridging Theory and Practice with Immersive Virtual Reality: A Study on Transfer Facilitation in VET,10.3390/educsci15080959
R352efcd2c,2,author,watanabe,10.1016/j.cortex.2026.03.003,From bodies to spaces: A neurocognitive/neuropsychological perspective on body–space interactions,10.1016/j.cortex.2026.03.003
Ra83aeb2bd,3,kataoka,watanabe,10.1177/14614448251411262,"Intergroup contact in virtual reality: The influence of avatar identity, social identity, and contact valence on prejudice",10.1177/14614448251411262
R3219ab0ae,1,author,kataoka,10.2196/92366,Enhancing Team-Based Learning in Virtual Environments: The Role of Avatar Agency and Immersive Social Presence,10.2196/92366
R51cabd000,2,author,watanabe,10.1038/s41598-025-22694-9,"The threat of an embodied virtual belly affects gastric feelings depending on somatic, interoceptive and alexithymic characteristics of healthy women",10.1038/s41598-025-22694-9
R996fd6ade,3,kataoka,watanabe,10.1136/bmjresp-2024-002722,Virtual reality in adults with respiratory diseases experiencing dyspnoea: a systematic review and meta-analysis,10.1136/bmjresp-2024-002722
R52aab4ce6,1,author,kataoka,10.1038/s41598-025-23230-5,The effect of gain adaptation on perception and posture,10.1038/s41598-025-23230-5
Ra699b8932,3,kataoka,watanabe,10.1109/tnsre.2025.3648325,Navigation in Virtual Reality Floor Mazes: Added Cognitive Demand and Its Effects on Gait and Balance in Parkinson’s Disease,10.1109/tnsre.2025.3648325
Re56076388,3,kataoka,watanabe,10.1186/s12939-025-02654-5,Stronger Together: a community-based intervention using Behaviour Change Wheel to promote healthier lifestyles among women with low socioeconomic status: a feasibility study,10.1186/s12939-025-02654-5
Ra24b9ebd1,3,kataoka,watanabe,10.1002/cae.70125,Metaverse-Enabled Learning Ecosystems in Higher Education: Cross-Regional Perspectives,10.1002/cae.70125
Rb596d54dd,3,kataoka,watanabe,10.1007/s00586-025-09140-0,"Visual dependence, postural stability during repeated unilateral standing tasks, and quality of life in adults with chronic low back pain",10.1007/s00586-025-09140-0
Ra828c6b72,1,author,kataoka,10.1017/ehs.2025.5,"Social comfort and attractiveness perception: impact of prosthetics, physical disability and comfort distance on interpersonal interactions",10.1017/ehs.2025.5
R0ebcab7de,2,author,watanabe,10.1038/s41746-026-02373-3,Context-dependent placebo hypoalgesia through observational learning: the role of empathy in immersive and non-immersive environments,10.1038/s41746-026-02373-3
Radf0c391e,3,kataoka,watanabe,10.1109/tnsre.2026.3681587,Tracking Neural Activity Underlying Postural Control Dysfunction in a VR-Induced System: Demonstration Using BioVRSea,10.1109/tnsre.2026.3681587
R2d7483565,2,author,watanabe,10.1186/s12984-025-01819-1,Lessons learned while exploring the impact of movement-tracking feedback on the experiences of children with neuromotor disorders taking part in interactive home exercise programs: a multi-case mixed methods study,10.1186/s12984-025-01819-1
Raa5700f8f,1,author,kataoka,10.1186/s13102-025-01096-4,The impact of exercise interventions on postural control in individuals with Down syndrome: a systematic review and meta-analysis,10.1186/s13102-025-01096-4
Rb47610fad,3,kataoka,watanabe,10.1016/j.jfludis.2026.106194,Speaking face-to-face with a virtual avatar to reduce anxiety in students who stutter: Tool development and pilot study results,10.1016/j.jfludis.2026.106194
R71e1c1fa9,3,kataoka,watanabe,10.1021/accountsmr.4c00207,Use of Materials Science to Understand Haptic Perception,10.1021/accountsmr.4c00207
Rdc8e0d552,2,author,watanabe,10.3389/frvir.2025.1718198,“Did she just tap me?“: qualifying multisensory feedback for social touch during human-agent interaction in virtual reality,10.3389/frvir.2025.1718198
Ra3f1e3e62,3,kataoka,watanabe,10.1016/j.edurev.2025.100730,A meta-analysis of Richard Mayer's multimedia learning research: Searching for boundary conditions of design principles across multiple media types,10.1016/j.edurev.2025.100730
Recc19bcee,1,author,kataoka,10.1016/j.jpsychires.2025.02.055,Feeling at home in a virtually amputated body; neural and phenomenological effects of illusory embodiment in body integrity dysphoria,10.1016/j.jpsychires.2025.02.055
Rf22190938,1,author,kataoka,10.1016/j.techsoc.2025.102978,Cybercrime and virtual laundering in video game marketplaces: A Bayesian P-inductive argument,10.1016/j.techsoc.2025.102978
Rc6029bf7d,1,author,kataoka,10.1063/5.0312288,Wind pressure characteristics and flow mechanisms of three-dimensional square cylinder considering fluid–structure interaction,10.1063/5.0312288
R2719e7447,3,kataoka,watanabe,10.3389/frvir.2025.1699143,Assessing and enhancing the ecological validity of human locomotion in virtual reality,10.3389/frvir.2025.1699143
R5ce353a59,2,author,watanabe,10.1016/j.actpsy.2026.106601,A systematic review of emerging technologies and their impact on adolescent well-being and religious identity,10.1016/j.actpsy.2026.106601
R36fcff3d9,3,kataoka,watanabe,10.1016/j.buildenv.2025.113764,A multi-scale simulation for heat transfer between human and heated clothing: Towards personalized and efficient thermal management,10.1016/j.buildenv.2025.113764
R0e3a33a8b,3,kataoka,watanabe,10.1061/jcemd4.coeng-16567,Drone Flights and Worker Visual Attention: A Quantitative Study of Distraction and Hazard Awareness,10.1061/jcemd4.coeng-16567
R17ee59059,1,author,kataoka,10.7717/peerj.20946,Effects of physical activity on fundamental motor skills and body composition in children and adolescents with intellectual and developmental disabilities: a systematic review and meta-analysis,10.7717/peerj.20946
R509f4132a,2,author,watanabe,10.1007/s44443-025-00262-5,D-NeuRA: customizable dynamic neural rendering for human avatars with disentangled pose and appearance,10.1007/s44443-025-00262-5
R43923f013,1,author,kataoka,10.1016/j.jcp.2025.114516,A local virtual body-fitted grid-based diffuse-interface immersed boundary method for three-dimensional incompressible flows,10.1016/j.jcp.2025.114516
R6b99fd687,2,author,watanabe,10.1007/s44212-025-00081-z,Sidewalk2Synth: generating synthetic embodied locomotion from real-world streetscapes,10.1007/s44212-025-00081-z
R04ad7a330,3,kataoka,watanabe,10.3390/buildings16020250,The Role of VR in Supporting Body-Centered Phenomenology in Interior Design Education,10.3390/buildings16020250
R977524289,1,author,kataoka,10.1371/journal.pone.0321799,Correction: Feeling connected but dissimilar to one's future self reduces the intention-behavior gap (PLoS ONE (2024) 19:7 (e0305815) DOI: 10.1371/journal.pone.0305815),10.1371/journal.pone.0321799
Rf80ff1a2f,1,author,kataoka,10.1007/s10055-025-01134-z,Virtual reality-enhanced interventions to improve weight control and body image in overweight and obese adults: a systematic review and meta-analysis,10.1007/s10055-025-01134-z
R20d267c3d,2,author,watanabe,10.1038/s41366-025-01776-8,Consumption of a diet high in fat and sugar is associated with worse spatial navigation ability in a virtual environment,10.1038/s41366-025-01776-8
R7ed1c3443,1,author,kataoka,10.1016/j.msard.2025.106796,"Therapeutic exercise in multiple sclerosis: Mechanisms of neuroprotection, modality-specific benefits, and technology-enhanced delivery frameworks",10.1016/j.msard.2025.106796
R6a9d70da3,1,author,kataoka,10.1016/j.dib.2025.111827,Multimodal cross-system virtual reality (VR) ball throwing dataset for VR biometrics,10.1016/j.dib.2025.111827
Re848de86e,3,kataoka,watanabe,10.1109/tnsre.2025.3630093,Turning Strategies While Walking on an Omnidirectional Treadmill With Virtual Reality,10.1109/tnsre.2025.3630093
R4f9698dbf,1,author,kataoka,10.1109/jsac.2023.3345389,Spatio-Temporal Identity Multi-Graph Convolutional Network for Traffic Prediction in the Metaverse,10.1109/jsac.2023.3345389
Rf7c19aec6,3,kataoka,watanabe,10.1177/21582440251357150,Promoting Thinking skills and Inventive Problem-Solving Skills Through Cybergogy Approach for TVET Learners,10.1177/21582440251357150
Rc2cb13faa,2,author,watanabe,10.1109/mnet.2025.3597127,"Large Model Empowered Metaverse: State-of-the-Art, Challenges and Opportunities",10.1109/mnet.2025.3597127
Rd0e67d918,1,author,kataoka,10.3389/frvir.2025.1469409,Fostering environmental responsibility with JellyBean: a Google Cardboard VR-based case study on cultivating awareness in middle and high school students about marine ecology and the impact of everyday pollutants,10.3389/frvir.2025.1469409
Rce4243d19,3,kataoka,watanabe,10.1109/tmc.2023.3343715,Distributionally Robust Cost Minimized Edge Semantic Intelligence in the Sustainable Metaverse,10.1109/tmc.2023.3343715
R70372c2f1,2,author,watanabe,10.1080/01441647.2025.2494021,Perceptual-motor skills in cycling: towards an affordance-based control approach,10.1080/01441647.2025.2494021
Rc06567c8f,2,author,watanabe,10.1109/tnnls.2025.3554826,Scale-Wise Semantic Alignment Enhanced Multigrained Adaptive Fusion for Virtual Try-On,10.1109/tnnls.2025.3554826
Rb59c3c889,2,author,watanabe,10.3389/fpsyt.2024.1455495,Borders of physical self in virtual reality: a systematic review of virtual hand position discrepancy detection,10.3389/fpsyt.2024.1455495
Rc9c2c9311,2,author,watanabe,10.1186/s12909-024-06029-2,Anatomage virtual dissection versus traditional human body dissection in anatomy pedagogy: insights from Ghanaian medical students,10.1186/s12909-024-06029-2
R77e699f0a,3,kataoka,watanabe,10.1093/humrep/deae212,Embryonic size and growth and adverse birth outcomes: the Rotterdam Periconception Cohort,10.1093/humrep/deae212
Rd9a824c45,1,author,kataoka,10.1093/pm/pnae043,Effects of motor imagery using virtual reality on pain sensitivity and affect in healthy individuals: a prospective randomized crossover study,10.1093/pm/pnae043
R3062b906e,2,author,watanabe,10.3390/rel15040487,How to Worship in the Metaverse: Religious Experience and the Affordances of a New Medium,10.3390/rel15040487
Rf36af0a9a,1,author,kataoka,10.57019/jmv.1698824,Not a One-Size-Fits-All Solution: How Different Goals (Re)Define Media Brands in the Metaverse,10.57019/jmv.1698824
R7db7051a5,3,kataoka,watanabe,10.1016/j.ymssp.2024.111793,Determinants of pedestrian mediolateral foot placement in walking on laterally-oscillating structures and their consequences for structural stability,10.1016/j.ymssp.2024.111793
R068313da9,3,kataoka,watanabe,10.1126/sciadv.adq3438,Multiscale crack trapping for programmable adhesives,10.1126/sciadv.adq3438
R3692b2d95,1,author,kataoka,10.1089/g4h.2022.0205,"Comparison of Nonimmersive Virtual Reality and Task-Oriented Circuit Training on Gait, Balance, and Cognition Among Elderly Population: A Single-Blind Randomized Control Trial",10.1089/g4h.2022.0205
R07d10325c,3,kataoka,watanabe,10.1007/978-3-031-75095-3_52,A Study of Entrepreneurial Opportunities in Metaverse: Navigating the Virtual Frontier,10.1007/978-3-031-75095-3_52
Rcfb22b4b1,1,author,kataoka,10.3390/children12010029,"Effects of Exergaming on Morphological Variables, Biochemical Parameters, and Blood Pressure in Children and Adolescents with Overweight/Obesity: A Systematic Review with Meta-Analysis of Randomized Controlled Trials",10.3390/children12010029
R628149ba1,1,author,kataoka,10.2196/75777,Effects of an Immersive Virtual Reality–Based Exercise Intervention on Psychological and Physiological Outcomes in College Students: Randomized Controlled Trial,10.2196/75777
Rb69b7471d,2,author,watanabe,10.1186/s12984-023-01299-1,Immediate application of low-intensity electrical noise reduced responses to visual perturbations during walking in individuals with cerebral palsy,10.1186/s12984-023-01299-1
R2bc2509b2,3,kataoka,watanabe,10.1016/j.actpsy.2024.104386,Gender differences in bodily experience: Insights from virtual reality body illusion,10.1016/j.actpsy.2024.104386
R256ef7590,2,author,watanabe,10.3389/fpsyg.2024.1390677,Psychophysiological insights and user perspectives: enhancing police de-escalation skills through full-body VR training,10.3389/fpsyg.2024.1390677
R309b0d3a8,3,kataoka,watanabe,10.1371/journal.pone.0307683,"Impact of virtual reality immersion on exercise performance and perceptions in young, middle-aged and older adults",10.1371/journal.pone.0307683
Rb602489d2,2,author,watanabe,10.2196/66593,Physical Activity and Enjoyment in Active Virtual Reality Games in Youth: Comparative Analysis of Gorilla Tag and Beat Saber,10.2196/66593
R23194e06b,2,author,watanabe,10.1016/j.compbiomed.2024.108778,A novel virtual robotic platform for controlling six degrees of freedom assistive devices with body-machine interfaces,10.1016/j.compbiomed.2024.108778
Ra2a5805dd,3,kataoka,watanabe,10.3390/biomedicines12112453,Cellular Characteristics and Protein Signatures of Human Adipose Tissues from Donors With or Without Advanced Coronary Artery Disease,10.3390/biomedicines12112453
Rc921032c6,3,kataoka,watanabe,10.1080/0144929x.2025.2581855,Does people's behaviour in virtual reality differ from that in real?,10.1080/0144929x.2025.2581855
Ra0df1df6d,2,author,watanabe,10.1038/s41598-024-61253-6,Developmental changes of bodily self-consciousness in adolescent girls,10.1038/s41598-024-61253-6
R270707850,1,author,kataoka,10.1109/tpami.2023.3332677,LayerNet: High-Resolution Semantic 3D Reconstruction of Clothed People,10.1109/tpami.2023.3332677
Rce302736c,2,author,watanabe,10.1016/j.imavis.2024.105144,GAN-BodyPose: Real-time 3D human body pose data key point detection and quality assessment assisted by generative adversarial network,10.1016/j.imavis.2024.105144
R29bbd4021,3,kataoka,watanabe,10.1109/tce.2025.3609538,Creative Design and Visual Effect Simulation of IoT Dynamic Interfaces by Fractal Algorithms and Artificial Intelligence,10.1109/tce.2025.3609538
Rab8ab6bc9,2,author,watanabe,10.1109/tvcg.2024.3392743,Proxy Importance Based Haptic Retargeting With Multiple Props in VR,10.1109/tvcg.2024.3392743
R4f0934072,3,kataoka,watanabe,10.3758/s13414-024-02983-7,Can the left hand benefit from being right? The influence of body side on perceived grasping ability,10.3758/s13414-024-02983-7
Ra6d6fda7c,3,kataoka,watanabe,10.3389/fnhum.2025.1668123,Editorial: Impact of virtual reality on sensory neuroscience: delving into body ownership and agency,10.3389/fnhum.2025.1668123
R506531408,1,author,kataoka,10.1016/j.joim.2024.06.003,"Effectiveness of craniosacral therapy, Bowen therapy, static touch and standard exercise program on sleep quality in fibromyalgia syndrome: A randomized controlled trial",10.1016/j.joim.2024.06.003
Rfed36b145,3,kataoka,watanabe,10.1097/hjh.0000000000003705,The role of preterm birth in stress-induced sodium excretion in young adults,10.1097/hjh.0000000000003705
R0a8bfdc0b,3,kataoka,watanabe,10.1080/0144929x.2024.2381603,User-Avatar discrepancy scale: a comparative measurement of self and avatar views,10.1080/0144929x.2024.2381603
R0877910b9,1,author,kataoka,10.1016/j.chb.2024.108376,Shaping health behaviors beyond reality: A full body illusion to experience the consequences of unhealthy snacking,10.1016/j.chb.2024.108376
R96bfc880e,3,kataoka,watanabe,10.1093/scan/nsaf020,The contribution of body perception to self-identity: an event-related potential study,10.1093/scan/nsaf020
Rbcd7e0737,2,author,watanabe,10.12688/f1000research.146583.2,"Efficacy of Treadmill Training on Balance and Fall Risks in the Elderly: A Systematic Review.""",10.12688/f1000research.146583.2
R21c6e1706,2,author,watanabe,10.1051/0004-6361/202450911,Assessing the robustness of the Galactic rotation curve inferred from the Jeans equations using Gaia DR3 and cosmological simulations,10.1051/0004-6361/202450911
R472491f11,1,author,kataoka,10.3389/fnhum.2025.1468947,Evidence of a hierarchical representation in bodily self-consciousness: the neural correlates of embodiment and presence in virtual worlds,10.3389/fnhum.2025.1468947
R939f0c472,1,author,kataoka,10.3389/fdgth.2025.1530131,Self-initiated humour protocol: a pilot study with an AI agent,10.3389/fdgth.2025.1530131
Rb14999905,3,kataoka,watanabe,10.1145/3672566,Deepfake Video Detection Using Facial Feature Points and Ch-Transformer,10.1145/3672566
Re39c06eb5,3,kataoka,watanabe,10.1002/ece3.10949,Predicting the current habitat refugia of Himalayan Musk deer (Moschus chrysogaster) across Nepal,10.1002/ece3.10949
Re507495ac,3,kataoka,watanabe,10.1111/cgf.15057,DivaTrack: Diverse Bodies and Motions from Acceleration-Enhanced Three-Point Trackers,10.1111/cgf.15057
Rc6cc8431c,2,author,watanabe,10.1016/j.comnet.2024.110792,Comparison of energy conservation strategies for 5G NR RedCap service in industrial environment,10.1016/j.comnet.2024.110792
Rd813b4b00,3,kataoka,watanabe,10.1007/s11042-024-19383-6,A residual semantic graph convolutional network with high-resolution representation for 3D human pose estimation in a virtual fashion show,10.1007/s11042-024-19383-6
R4728eca8e,3,kataoka,watanabe,10.1175/jas-d-23-0121.1,Toward Building a Virtual Laboratory to Investigate Rainfall Microphysics at Process Scales,10.1175/jas-d-23-0121.1
R082a333ea,2,author,watanabe,10.1177/16094069251350311,A Framework for Qualitative Analysis of Non-fiction Virtual Reality Storyworlds,10.1177/16094069251350311
Red8578f62,1,author,kataoka,10.1186/s12984-024-01352-7,Experimental evaluation of the impact of sEMG interfaces in enhancing embodiment of virtual myoelectric prostheses,10.1186/s12984-024-01352-7
R4f590e591,3,kataoka,watanabe,10.1038/s41526-024-00376-6,The effects of long-term exposure to microgravity and body orientation relative to gravity on perceived traveled distance,10.1038/s41526-024-00376-6
R4f230b7fb,1,author,kataoka,10.1080/10494820.2022.2146140,Virtual reality learning environments: using high-fidelity avatars to enhance distance learning experience,10.1080/10494820.2022.2146140
R102735db7,2,author,watanabe,10.1080/0144929x.2025.2457563,"You look so young, you look so cute. The relationship between physical appearance, age and mental abilities in social robots",10.1080/0144929x.2025.2457563
R430cccbb0,1,author,kataoka,10.1007/s12671-024-02373-y,Does Virtual Reality Training Increase Mindfulness in Aboriginal Out-of-Home Care Children?,10.1007/s12671-024-02373-y
Rec7c8ff7f,3,kataoka,watanabe,10.1016/j.jobe.2024.109199,Generating trajectory data without behavior modeling: An online virtual reality method in wayfinding performance evaluation for buildings,10.1016/j.jobe.2024.109199
R7603e24f2,2,author,watanabe,10.1186/s12984-024-01323-y,Characterizing the supraspinal sensorimotor control of walking using MRI-compatible system: a systematic review,10.1186/s12984-024-01323-y
R8d4747326,3,kataoka,watanabe,10.1016/j.artd.2024.101326,How to Estimate Femoral Stem Anteversion During Direct Anterior Approach Total Hip Arthroplasty,10.1016/j.artd.2024.101326
Rd8d4b42b7,1,author,kataoka,10.1002/casp.2879,The virtual cure for real-world prejudice? Secondary transfer effects of intergroup contact in virtual reality,10.1002/casp.2879
R247a1be9c,3,kataoka,watanabe,10.20668/adada.29.s1_29,Effects of Avatar Identity (AI or Human) and Conversation on Personal Space in Virtual Reality,10.20668/adada.29.s1_29
Reac1e9f54,2,author,watanabe,10.1126/scirobotics.adg1842,Cybernetic avatars: Teleoperation technologies from in-body monitoring to social interaction,10.1126/scirobotics.adg1842
R0c2b6c079,2,author,watanabe,10.1016/j.jobe.2024.111127,Evaluating Biophilic Design strategies in Immersive Virtual Indoor Environments: A systematic review on the implications for buildings occupants,10.1016/j.jobe.2024.111127
Rc4274e858,2,author,watanabe,10.1038/s41598-024-53239-1,Manipulating objects during learning shrinks the global scale of spatial representations in memory: a virtual reality study,10.1038/s41598-024-53239-1
Ra4ffdfa9c,3,kataoka,watanabe,10.1523/eneuro.0244-23.2024,Experiencing an Elongated Limb in Virtual Reality Modifies the Tactile Distance Perception of the Corresponding Real Limb,10.1523/eneuro.0244-23.2024
R69d094bc1,2,author,watanabe,10.3390/virtualworlds3040023,Virtual Reality Pursuit: Using Individual Predispositions towards VR to Understand Perceptions of a Virtualized Workplace Team Experience,10.3390/virtualworlds3040023
R3678b3b4e,3,kataoka,watanabe,10.1080/10447318.2024.2351719,VR-Grasp: A Human Grasp Taxonomy for Virtual Reality,10.1080/10447318.2024.2351719
R9ab16f035,3,kataoka,watanabe,10.1016/j.gaitpost.2024.03.009,"Effects of immersive virtual reality training on balance, gait and mobility in older adults: A systematic review and meta-analysis",10.1016/j.gaitpost.2024.03.009
R9f01b6a51,3,kataoka,watanabe,10.1007/s11524-024-00863-x,Actual and Virtual Parks Benefit Quality of Life and Physical Activity: A Cluster Trial,10.1007/s11524-024-00863-x
Rde59e9fcd,3,kataoka,watanabe,10.1080/01587919.2024.2351929,Enhancing distance learning with virtual reality: investigating learners’ engagement and outcomes,10.1080/01587919.2024.2351929
R992d7e16b,1,author,kataoka,10.1371/journal.pone.0311860,Workout at a virtual gym: Surrounding avatar’s motion speed and exercise intensity effect on the user’s time perception,10.1371/journal.pone.0311860
Red6a9ad5f,3,kataoka,watanabe,10.1111/eje.12910,"Impact of a virtual prosthetic case planning environment on perceived immersion, cognitive load, authenticity and learning motivation in dental students",10.1111/eje.12910
Rb753674d2,3,kataoka,watanabe,10.3389/frvir.2025.1655545,The impact of audience avatar movements on presence in virtual live events,10.3389/frvir.2025.1655545
R54352e438,2,author,watanabe,10.1038/s41746-024-01240-3,A randomized controlled trial investigating experiential virtual reality communication on prudent antibiotic use,10.1038/s41746-024-01240-3
Rfe3c9e4d0,1,author,kataoka,10.1016/j.bodyim.2024.101803,"Exposure to simulated nature promotes positive body image irrespective of the presentation modality: A comparison of images, 2-dimensional film, and 360° immersive film",10.1016/j.bodyim.2024.101803
R314127cbe,3,kataoka,watanabe,10.3389/frvir.2025.1519409,Reducing foreign language anxiety through repeated exposure to a customizable VR public speaking application,10.3389/frvir.2025.1519409
R0b7275dbb,2,author,watanabe,10.1080/02188791.2025.2596177,Is Metaverse accepted as Eduverse? Acceptance and use of Metaverse technologies in education sector,10.1080/02188791.2025.2596177
Rd7aadd900,1,author,kataoka,10.1038/s41598-024-61409-4,The proteus effect on human pain perception through avatar muscularity and gender factors,10.1038/s41598-024-61409-4
R053bf9ee2,1,author,kataoka,10.1371/journal.pone.0308843,"Syncing online: A methodological investigation into movement synchrony, proxemics, and self-other blurring in virtual spaces",10.1371/journal.pone.0308843
R55f538418,2,author,watanabe,10.1213/ane.0000000000006611,Teaching Airway Management Using Virtual Reality: A Scoping Review,10.1213/ane.0000000000006611
Rca8b4a29c,3,kataoka,watanabe,10.3389/fspor.2025.1520068,Effectiveness and acceptance of virtual reality vs. traditional exercise in obese adults: a pilot randomized trial,10.3389/fspor.2025.1520068
Ra88941a55,2,author,watanabe,10.1016/j.rbmo.2024.104351,Periconceptional maternal and paternal alcohol consumption and embryonic and fetal development: the Rotterdam periconception cohort,10.1016/j.rbmo.2024.104351
R042418337,1,author,kataoka,10.1002/fsn3.4042,Effect on blood lipids and body composition of a high-fat (MUFA) and high-fiber diet: A case–control study,10.1002/fsn3.4042
Rd3a79eca6,3,kataoka,watanabe,10.1016/j.cub.2024.11.024,"Memory-based predictions prime perceptual judgments across head turns in immersive, real-world scenes",10.1016/j.cub.2024.11.024
R4296155fc,1,author,kataoka,10.1038/s41598-024-70450-2,Examining the Proteus effect on misogynistic behavior induced by a sports mascot avatar in virtual reality,10.1038/s41598-024-70450-2
Rd43b4372b,1,author,kataoka,10.1109/te.2024.3378103,Impact of NEWTON Technology-Enhanced Learning Solutions on Knowledge Acquisition in Pilots Involving Students With Hearing Impairments,10.1109/te.2024.3378103
R8f6a95ef7,2,author,watanabe,10.1016/j.cma.2024.117394,Multiscale contact homogenisation: A novel perspective through the method of multiscale virtual power,10.1016/j.cma.2024.117394
R78cc0101c,2,author,watanabe,10.1080/15391523.2025.2520214,"Assessing high school students’ perceptions of virtual reality in independent learning: development, network analysis and validation of the Independent Learning and Cognitive Empowerment Scale in Virtual Reality (ILCE-VR Scale)",10.1080/15391523.2025.2520214
Re752a5381,3,kataoka,watanabe,10.1371/journal.pone.0311113,"Comparing college students’ mood states among immersive virtual reality, non-immersive virtual reality, and traditional biking exercise",10.1371/journal.pone.0311113
R106391eec,1,author,kataoka,10.1109/tnsre.2025.3588740,Cortical Adaptation Dynamics in Human-Exoskeleton Interaction Using Multi-Model AMICA,10.1109/tnsre.2025.3588740
R7e604e4d5,2,author,watanabe,10.1016/j.kint.2023.10.018,KDIGO 2024 Clinical Practice Guideline for the Evaluation and Management of Chronic Kidney Disease,10.1016/j.kint.2023.10.018
Rd6afedf91,2,author,watanabe,10.1177/13548565221129530,"Stretching immersion in virtual reality: How glitches reveal aspects of presence, interactivity and plausibility",10.1177/13548565221129530
R4c0653ee3,1,author,kataoka,10.3390/children11010130,An Effective and Playful Way of Practicing Online Motor Proficiency in Preschool Children,10.3390/children11010130
R3ef7752d3,1,author,kataoka,10.3389/frvir.2024.1445725,Height of the first-person perspective affects the out-of-body experience illusion,10.3389/frvir.2024.1445725
Rd3af92019,1,author,kataoka,10.3389/frvir.2024.1250618,The cat is out of the bag: the effect of virtual characters and scale cues on physics coherence,10.3389/frvir.2024.1250618
Rf088f9675,2,author,watanabe,10.1007/s10916-023-01930-7,Dropout Rate of Participants in Randomized Clinical Trials That Use Virtual Reality to Train Balance and Gait in Parkinson’s Disease. A Systematic Review With Meta-analysis and Meta-regression,10.1007/s10916-023-01930-7
R5ed0f26b7,3,kataoka,watanabe,10.1016/j.cexr.2023.100020,Virtual reality in education: The impact of high-fidelity nonverbal cues on the learning experience,10.1016/j.cexr.2023.100020
R1699781db,3,kataoka,watanabe,10.3390/ijerph20043180,Dismantling the Component-Specific Effects of Yogic Breathing: Feasibility of a Fully Remote Three-Arm RCT with Virtual Laboratory Visits and Wearable Physiology,10.3390/ijerph20043180
Ref981f4ad,3,kataoka,watanabe,10.1016/j.jenvp.2023.102106,Come in please: a virtual reality study on entrance design factors influencing the experience of hospitality,10.1016/j.jenvp.2023.102106
Rb9e835542,1,author,kataoka,10.1177/00336882231167610,“Whoa! Incredible!:” Language Learning Experiences in Virtual Reality,10.1177/00336882231167610
Rfb4a117fc,3,kataoka,watanabe,10.1016/j.apmr.2023.01.002,A Systematic Review and Meta-analysis of the Effect of Active Video Games on Postural Balance,10.1016/j.apmr.2023.01.002
R56fef9b64,3,kataoka,watanabe,10.1007/s11042-022-13379-w,An augmented virtuality system facilitating learning through nature walk,10.1007/s11042-022-13379-w
R183d1cde7,1,author,kataoka,10.1016/j.buildenv.2023.110833,Assessing a thermoelectric radiative cooling partition as a personalised comfort system using empirical experiments enhanced by digital shadow visualisation,10.1016/j.buildenv.2023.110833
R43b01d0cd,3,kataoka,watanabe,10.1145/3580500,A Multi-Level Consistency Network for High-Fidelity Virtual Try-On,10.1145/3580500
R3c39a876a,2,author,watanabe,10.1016/j.neunet.2023.08.034,A large-scale neurocomputational model of spatial cognition integrating memory with vision,10.1016/j.neunet.2023.08.034
R526151b55,3,kataoka,watanabe,10.1155/2024/7316063,Playing with Spatial Frames: Altering the Body Matrix Through Multisensory Egocentric and Allocentric Body Illusions,10.1155/2024/7316063
R08b9b778d,2,author,watanabe,10.1371/journal.pone.0270721,Breathlessness in a virtual world: An experimental paradigm testing how discrepancy between VR visual gradients and pedal resistance during stationary cycling affects breathlessness perception,10.1371/journal.pone.0270721
R69e84bb55,2,author,watanabe,10.1002/admt.202300242,Hydraulically Amplified Electrostatic Taxels (HAXELs) for Full Body Haptics,10.1002/admt.202300242
Rfc2d4ae72,2,author,watanabe,10.3389/fpsyt.2023.1196767,Association between anxiety and skin conductance according to the intensity of shaking of virtual reality images,10.3389/fpsyt.2023.1196767
R8d169d886,3,kataoka,watanabe,10.1002/nag.3497,Mesh-size independent rigid-body spring network for simulation of the dynamic fracture behavior of concrete,10.1002/nag.3497
Rc8531bbda,3,kataoka,watanabe,10.3389/fpsyg.2023.1195059,Effects of appearance and gender on pre-touch proxemics in virtual reality,10.3389/fpsyg.2023.1195059
R5b11af3b8,2,author,watanabe,10.1016/j.lithos.2023.107329,"Parent magma of the Cretaceous Northern Kyushu batholith and heat source of large-scale igneous activity: Petrological constraints on magmatism of the Northeastern Asian continental margin in the Cretaceous period, example for the Kita-Taku mafic complex in northern Kyushu, SW Japan",10.1016/j.lithos.2023.107329
Rda7354559,2,author,watanabe,10.1016/j.jenvp.2022.101944,Switching between body and environment: The selective effect of spatial misalignment,10.1016/j.jenvp.2022.101944
R0048b229a,1,author,kataoka,10.1007/s10055-022-00669-9,Construction and effect of relationships with agents in a virtual reality environment,10.1007/s10055-022-00669-9
R6ebe0d3c7,3,kataoka,watanabe,10.1007/s10916-023-01963-y,mHealth Impact on Gait and Dynamic Balance Outcomes in Neurorehabilitation: Systematic Review and Meta-analysis,10.1007/s10916-023-01963-y
Re35dd0b0a,1,author,kataoka,10.3389/fbinf.2023.1162723,The HRA Organ Gallery affords immersive superpowers for building and exploring the Human Reference Atlas with virtual reality,10.3389/fbinf.2023.1162723
R9a75693b9,3,kataoka,watanabe,10.1542/hpeds.2022-006990,Impact of a Remote Virtual Reality Curriculum Pilot on Clinician Conflict Communication Skills,10.1542/hpeds.2022-006990
R20c061b5f,1,author,kataoka,10.3389/fpsyg.2024.1442138,Influence of alexithymia severity in the healthy population on the susceptibility to false interoceptive feedback,10.3389/fpsyg.2024.1442138
R7fd6b8217,1,author,kataoka,10.3389/fnhum.2024.1495592,Baseline dependent differences in the perception of changes in visuomotor delay,10.3389/fnhum.2024.1495592
R1d8c3afda,1,author,kataoka,10.1093/mnras/stac3529,A measurement of the distance to the Galactic centre using the kinematics of bar stars,10.1093/mnras/stac3529
Re1d2ffe4d,3,kataoka,watanabe,10.1016/j.archger.2023.104924,"Effectiveness of virtual reality games in improving physical function, balance and reducing falls in balance-impaired older adults: A systematic review and meta-analysis",10.1016/j.archger.2023.104924
R8302e8ccb,2,author,watanabe,10.1016/j.neucom.2023.126388,Neuromorphic high-frequency 3D dancing pose estimation in dynamic environment,10.1016/j.neucom.2023.126388
R25f36cbbe,3,kataoka,watanabe,10.1093/jcmc/zmac031,"People, places, and time: a large-scale, longitudinal study of transformed avatars and environmental context in group interaction in the metaverse",10.1093/jcmc/zmac031
Rd18e2e209,3,kataoka,watanabe,10.1016/j.apergo.2023.104145,"Effects of virtual heights, dual-tasking, and training on static postural stability",10.1016/j.apergo.2023.104145
R5d8029a4b,1,author,kataoka,10.1007/s10846-023-01864-9,Analysis of Stability and Horizontal Motion of a Single Leg Hopping Robot,10.1007/s10846-023-01864-9
R58c765f00,3,kataoka,watanabe,10.1016/j.brat.2023.104321,Is physical pain causally related to suicidal behavior: An experimental test,10.1016/j.brat.2023.104321
R57603c219,3,kataoka,watanabe,10.4108/airo.v2i1.3392,Immersive Horizons: Exploring the Transformative Power of Virtual Reality Across Economic Sectors,10.4108/airo.v2i1.3392
Rcde7aa73c,2,author,watanabe,10.1093/mnras/stad2312,WALLABY pilot survey: The potential polar ring galaxies NGC 4632 and NGC 6156,10.1093/mnras/stad2312
R51368b860,1,author,kataoka,10.1093/cercor/bhad156,Early threat perception is independent of later cognitive and behavioral control. A virtual reality-EEG-ECG study,10.1093/cercor/bhad156
Rd0d8d5425,1,author,kataoka,10.1109/tnsre.2024.3439500,Designing and Analyzing In-Place Motor Tasks in Virtual Reality With Goal Functions,10.1109/tnsre.2024.3439500
Rac5e61b7e,1,author,kataoka,10.1016/j.concog.2023.103547,"Visual perspective, distance, and felt presence of others in dreams",10.1016/j.concog.2023.103547
Rf178776e9,2,author,watanabe,10.1177/00222437231154871,Virtual Fitting Room Effect: Moderating Role of Body Mass Index,10.1177/00222437231154871
R6248b30e7,1,author,kataoka,10.1016/j.chc.2022.08.014,"Complementary and Integrative Medicine and Eating Disorders in Youth: Traditional Yoga, Virtual Reality, Light Therapy, Neurofeedback, Acupuncture, Energy Psychology Techniques, Art Therapies, and Spirituality",10.1016/j.chc.2022.08.014
R9edd66b24,2,author,watanabe,10.1016/j.msard.2022.104455,Effect of immersive virtual reality training on hand-to-mouth task performance in people with Multiple Sclerosis: A quantitative kinematic study,10.1016/j.msard.2022.104455
R9e9dfaf6b,2,author,watanabe,10.1523/eneuro.0218-23.2023,Physical Body Orientation Impacts Virtual Navigation Experience and Performance,10.1523/eneuro.0218-23.2023
Re84277ecb,2,author,watanabe,10.3389/fpubh.2024.1250299,Effects of active exergames on physical performance in older people: an overview of systematic reviews and meta-analysis,10.3389/fpubh.2024.1250299
R0fad20044,3,kataoka,watanabe,10.1007/s10055-023-00786-z,Sensory reweighting: a common mechanism for subjective visual vertical and cybersickness susceptibility,10.1007/s10055-023-00786-z
Rce6789cbe,3,kataoka,watanabe,10.1109/tce.2024.3416835,HUMOD: High-Quality Human Modeling From Monocular Virtual Try-On Image,10.1109/tce.2024.3416835
Rb4682c803,1,author,kataoka,10.3389/fnhum.2023.1228195,Heterogeneities of the perceptual-motor style during locomotion at height,10.3389/fnhum.2023.1228195
R415cc360b,2,author,watanabe,10.3390/educsci13030228,Virtual Reality as the Catalyst for a Novel Partnership Model in Initial Teacher Education: ITE Subject Methods Tutors’ Perspectives on the Island of Ireland,10.3390/educsci13030228
R3c4ed4d69,2,author,watanabe,10.1109/jsen.2024.3430832,Simple Head Trajectory Measurement for Deep Gait Recognition,10.1109/jsen.2024.3430832
R2faee97dc,1,author,kataoka,10.2196/47617,Individualized Virtual Reality for Increasing Self-Compassion: Evaluation Study,10.2196/47617
Raed845754,1,author,kataoka,T:remote keylogging attacks in multi user vr applications,Remote Keylogging Attacks in Multi-user VR Applications,
R34c34d3a1,1,author,kataoka,10.3390/su15010147,"Multi-Objective Optimization Design of Geometric Parameters of Atrium in nZEB Based on Energy Consumption, Carbon Emission and Cost",10.3390/su15010147
R9e3016bc7,3,kataoka,watanabe,10.1007/s10055-023-00821-z,Fitted avatars: automatic skeleton adjustment for self-avatars in virtual reality,10.1007/s10055-023-00821-z
R106966b5a,2,author,watanabe,10.1016/j.scitotenv.2023.166725,Development of multi-generation lower respiratory tract model and insights into the transport and deposition characteristics of inhalable particles,10.1016/j.scitotenv.2023.166725
R6dc720196,3,kataoka,watanabe,10.1089/cyber.2022.0251,Feeling Small or Standing Tall? Height Manipulation Affects Speech Anxiety and Arousal in Virtual Reality,10.1089/cyber.2022.0251
R045e32edc,2,author,watanabe,10.3389/fped.2023.1238471,Development and feasibility of a virtual reality-based exergaming program to enhance cardiopulmonary fitness in children with developmental coordination disorder,10.3389/fped.2023.1238471
R2c381c867,2,author,watanabe,10.1016/j.ast.2023.108171,Numerical investigation on high-speed jet actuation for transient control of flow separation,10.1016/j.ast.2023.108171
R3eff0a6cc,2,author,watanabe,10.3389/fnhum.2023.1229484,Fear of heights shapes postural responses to vibration-induced balance perturbation at virtual height,10.3389/fnhum.2023.1229484
Re1ef3158f,1,author,kataoka,10.1007/s10055-022-00646-2,To social with social distance: a case study on a VR-enabled graduation celebration amidst the pandemic,10.1007/s10055-022-00646-2
Rf80d00fec,2,author,watanabe,10.3389/frvir.2024.1347102,Decoupling the role of verbal and non-verbal audience behavior on public speaking anxiety in virtual reality using behavioral and psychological measures,10.3389/frvir.2024.1347102
Rcf10e0ab5,3,kataoka,watanabe,10.4995/var.2024.19806,THINKING THROUGH THE TOOL: COLLABORATIVE ARCHAEOLOGICAL BODYWORK IN IMMERSIVE VIRTUAL REALITY; [PENSAR A TRAVÉS DE LA HERRAMIENTA: TRABAJO CORPORAL ARQUEOLÓGICO COLABORATIVO EN REALIDAD VIRTUAL INMERSIVA],10.4995/var.2024.19806
Rb53e09d5a,1,author,kataoka,10.1007/s10055-022-00677-9,Effects of physical walking on eyes-engaged target selection with ray-casting pointing in virtual reality,10.1007/s10055-022-00677-9
R5eac9f7c6,3,kataoka,watanabe,10.3390/nu15204443,Exploring Correlations of Food-Specific Disgust with Eating Disorder Psychopathology and Food Interaction: A Preliminary Study Using Virtual Reality,10.3390/nu15204443
Rb23e3d6b9,3,kataoka,watanabe,10.1016/j.jenvp.2023.102085,A meta-analysis of physiological stress responses to natural environments: Biophilia and Stress Recovery Theory perspectives,10.1016/j.jenvp.2023.102085
R56f54a62b,1,author,kataoka,10.1007/7854_2024_477,Integrating the Physical Environment Within a Population Neuroscience Perspective,10.1007/7854_2024_477
R56fd00ef9,3,kataoka,watanabe,10.1186/s12984-023-01150-7,Bimanual movements in children with cerebral palsy: a systematic review of instrumented assessments,10.1186/s12984-023-01150-7
Ra88d6b34f,2,author,watanabe,10.1038/s41598-023-47364-6,Simulated eye height impacts size perception differently depending on real-world posture,10.1038/s41598-023-47364-6
R85149823d,3,kataoka,watanabe,10.1038/s41598-024-52383-y,Reshaping the peripersonal space in virtual reality,10.1038/s41598-024-52383-y
Rdf482c8de,2,author,watanabe,10.1109/jiot.2024.3450686,Multimodal Deep Reinforcement Learning for Visual Security of Virtual Reality Applications,10.1109/jiot.2024.3450686
Rfd119dd92,2,author,watanabe,10.1093/gigascience/giae037,Unveiling vertebrate development dynamics in frog Xenopus laevis using micro-CT imaging,10.1093/gigascience/giae037
R9481e082d,2,author,watanabe,10.1111/sms.14250,A multi-scale analysis of basketball throw in virtual reality for tracking perceptual-motor expertise,10.1111/sms.14250
Rba11fdc9f,1,author,kataoka,10.1109/tce.2024.3410989,MuSAnet: Monocular-to-3-D Human Modeling via Multi-Scale Spatial Awareness,10.1109/tce.2024.3410989
Raba71d321,2,author,watanabe,10.7717/peerj.16095,What I see and what I feel: the influence of deceptive visual cues and interoceptive accuracy on affective valence and sense of effort during virtual reality cycling,10.7717/peerj.16095
R1884a275e,1,author,kataoka,10.1093/pm/pnad066,The use of immersive audiovisual distraction with virtual reality during pain procedures: A randomized controlled trial,10.1093/pm/pnad066
Rb95bd4ffb,1,author,kataoka,10.1016/j.appet.2023.107052,Portion size affects food selection in an immersive virtual reality buffet and is related to measured intake in laboratory meals varying in portion size,10.1016/j.appet.2023.107052
Rc00ad1392,3,kataoka,watanabe,10.3389/fpsyg.2022.1003250,Sizing up the crowd: Assessing spatial integration difficulties in body size judgements across eating disorder symptomatology,10.3389/fpsyg.2022.1003250
Rc9dd9d1ab,3,kataoka,watanabe,10.1016/j.ast.2023.108767,Perception-based noise assessment of a future blended wing body aircraft concept using synthesized flyovers in an acoustic VR environment—The ARTEM study,10.1016/j.ast.2023.108767
R8289be191,1,author,kataoka,10.1080/10941665.2024.2350401,Metaverse and regenerative tourism: the role of avatars in promoting sustainable practices,10.1080/10941665.2024.2350401
R44b231fee,2,author,watanabe,10.1007/s00213-023-06391-x,Choice between food and cocaine or fentanyl reinforcers under fixed and variable schedules in female and male rhesus monkeys,10.1007/s00213-023-06391-x
Ra8d6298c4,1,author,kataoka,10.1016/j.jbiomech.2023.111600,Enhancement of awareness through feedback does not lead to interlimb transfer of obstacle crossing in virtual reality,10.1016/j.jbiomech.2023.111600
Rbcbd5b142,2,author,watanabe,10.1098/rstb.2021.0453,Enhanced efficiency in visually guided online motor control for actions redirected towards the body midline,10.1098/rstb.2021.0453
Rf7ff6db45,1,author,kataoka,10.3758/s13423-022-02175-0,Implicit learning of regularities followed by realistic body movements in virtual reality,10.3758/s13423-022-02175-0
Rf107d1054,2,author,watanabe,10.1109/lra.2023.3328366,An Ergo-Interactive Framework for Human-Robot Collaboration Via Learning from Demonstration,10.1109/lra.2023.3328366
Rb57d0f3c7,3,kataoka,watanabe,10.1007/7854_2023_420,Launching Your VR Neuroscience Laboratory,10.1007/7854_2023_420
R01dabd541,3,kataoka,watanabe,10.2196/58411,Effect of elastic resistance on exercise intensity and user satisfaction while playing the active video game boxvr in immersive virtual reality: Empirical study,10.2196/58411
R1b67ef9ec,2,author,watanabe,10.1080/02699931.2023.2300748,Emotion in motion: perceiving fear in the behaviour of individuals from minimal motion capture displays,10.1080/02699931.2023.2300748
R76f7df8d3,3,kataoka,watanabe,10.3389/frvir.2024.1383957,Investigating body perception of multiple virtual hands in synchronized and asynchronized conditions,10.3389/frvir.2024.1383957
Re2276ac45,2,author,watanabe,10.1109/lra.2023.3318191,Workstation Suitability Maps: Generating Ergonomic Behaviors on a Population of Virtual Humans With Multi-Task Optimization,10.1109/lra.2023.3318191
R0036e9e04,3,kataoka,watanabe,10.1007/s11042-023-14924-x,Garment reconstruction from a single-view image based on pixel-aligned implicit function,10.1007/s11042-023-14924-x
R57cc704cb,3,kataoka,watanabe,10.1016/j.chb.2021.106948,Humans adjust virtual comfort-distance towards an artificial agent depending on their sexual orientation and implicit prejudice against gay men,10.1016/j.chb.2021.106948
R5bb9d1e38,2,author,watanabe,10.1016/j.ssci.2022.105919,An investigation of how context affects the response of pedestrians to the movement of others,10.1016/j.ssci.2022.105919
R254a0305e,2,author,watanabe,10.1089/g4h.2021.0036,"Physical activity intensity, perceived exertion, and enjoyment during head-mounted display virtual reality games",10.1089/g4h.2021.0036
R9244e981d,2,author,watanabe,10.3389/frvir.2022.989676,Identifying emotions toward an overweight avatar in Virtual Reality: The moderating effects of visuotactile stimulation and drive for thinness,10.3389/frvir.2022.989676
R9e7e5db02,2,author,watanabe,10.1016/j.neunet.2022.10.021,Stacked attention hourglass network based robust facial landmark detection,10.1016/j.neunet.2022.10.021
R6cf7c17a1,2,author,watanabe,10.1016/j.aei.2022.101718,Identifying uncertainty states during wayfinding in indoor environments: An EEG classification study,10.1016/j.aei.2022.101718
Re1b87dc99,2,author,watanabe,10.1016/j.ijbiomac.2022.09.046,Sequestration and toxicological assessment of emerging contaminants with polypyrrole modified carboxymethyl cellulose (CMC/PPY): Case of ibuprofen pharmaceutical drug,10.1016/j.ijbiomac.2022.09.046
R3b798f1ba,1,author,kataoka,10.1007/s10055-022-00651-5,Towards socialVR: evaluating a novel technology for watching videos together,10.1007/s10055-022-00651-5
R26a7ac9f6,3,kataoka,watanabe,10.1186/s11556-022-00299-9,The effects of interventions to enhance cognitive and physical functions in older people with cognitive frailty: a systematic review and meta-analysis,10.1186/s11556-022-00299-9
Rb5fb0dda4,2,author,watanabe,10.1038/s41598-022-21695-2,Ultrasound measurements for evaluation of changes in upper airway during anaesthesia induction and prediction difficult laryngoscopy: a prospective observational study,10.1038/s41598-022-21695-2
R9e6412ad4,2,author,watanabe,10.1519/jsc.0000000000004203,An Exemplar Frontal Plane Visual Kinematic Stimulus Elicits Sex-Specific Learned Behavior: An Exploratory Report,10.1519/jsc.0000000000004203
R9865af17c,1,author,kataoka,10.3389/frvir.2022.1031093,Does distance matter? Embodiment and perception of personalized avatars in relation to the self-observation distance in virtual reality,10.3389/frvir.2022.1031093
R0a430986c,3,kataoka,watanabe,10.1007/s00521-022-07173-w,Toward multi-category garments virtual try-on method by coarse to fine TPS deformation,10.1007/s00521-022-07173-w
R3fa2d010a,2,author,watanabe,10.4103/2452-2473.366484,Accuracy of airway ultrasound parameters to predict difficult airway using the LEMON criteria as a reference: A cross-sectional diagnostic accuracy study,10.4103/2452-2473.366484
Ra25fcb8cd,1,author,kataoka,10.1016/j.jecp.2022.105518,Alice in Wonderland: The effects of body size and movement on children's size perception and body representation in virtual reality,10.1016/j.jecp.2022.105518
R823f52a24,3,kataoka,watanabe,10.33271/mining16.02.064,Substantiation of mining systems for steeply dipping low-thickness ore bodies with controlled continuous stope extraction,10.33271/mining16.02.064
R837bf2f51,2,author,watanabe,10.1109/access.2023.3272890,MetaOmniCity: Toward Immersive Urban Metaverse Cyberspaces Using Smart City Digital Twins,10.1109/access.2023.3272890
R10f155514,3,kataoka,watanabe,10.1016/j.jad.2021.10.097,Exploring dissociation as a facilitator of suicide risk: A translational investigation using virtual reality,10.1016/j.jad.2021.10.097
Rc0168a750,3,kataoka,watanabe,10.7554/elife.70263,Multiple timescales of sensory-evidence accumulation across the dorsal cortex,10.7554/elife.70263
R19542eda6,2,author,watanabe,10.1016/j.robot.2022.104100,A nonlinear state estimation framework for humanoid robots,10.1016/j.robot.2022.104100
Rf650526b3,1,author,kataoka,10.1177/1941738120986803,"Effects of 8 Weeks of Balance Training, Virtual Reality Training, and Combined Exercise on Lower Limb Muscle Strength, Balance, and Functional Mobility Among Older Men: A Randomized Controlled Trial",10.1177/1941738120986803
Rc5e542f0c,2,author,watanabe,10.1177/1461444821993121,"Virtual reality perspective-taking at scale: Effect of avatar representation, choice, and head movement on prosocial behaviors",10.1177/1461444821993121
Rc515a9a67,3,kataoka,watanabe,10.1016/j.exger.2021.111498,Effects of virtual reality versus conventional balance training on balance of the elderly,10.1016/j.exger.2021.111498
R6c4d4249c,1,author,kataoka,10.1038/s41598-022-12637-z,Group VR experiences can produce ego attenuation and connectedness comparable to psychedelics,10.1038/s41598-022-12637-z
Ree907cafc,1,author,kataoka,10.3389/frvir.2022.764745,A Feasibility Test of a Brief Mobile Virtual Reality Meditation for Frontline Healthcare Workers in a Hospital Setting,10.3389/frvir.2022.764745
R5e56bddf7,1,author,kataoka,10.1016/j.gaitpost.2021.11.017,Perceptual distortion in virtual reality and its impact on dynamic postural control,10.1016/j.gaitpost.2021.11.017
R8ed3134bb,3,kataoka,watanabe,10.3969/j.issn.1001-7003.2023.01.014,Multi-layer modular deconstruction and computer implementation of women' s clothing in the Southern Song Dynasty; [南宋女装的多层次模块化解构与计算机设计],10.3969/j.issn.1001-7003.2023.01.014
Rccf12664a,1,author,kataoka,10.1016/j.aap.2021.106463,Motorcyclist injuries: Analysis of German in-depth crash data to identify priorities for injury assessment and prevention,10.1016/j.aap.2021.106463
Rb39252c97,1,author,kataoka,10.1016/j.appet.2022.106058,Virtual reality exergaming improves affect during physical activity and reduces subsequent food consumption in inactive adults,10.1016/j.appet.2022.106058
Rbbdb79c94,1,author,kataoka,10.1523/eneuro.0334-20.2021,Brain Dynamics of Action Monitoring in Higher-Order Motor Control Disorders: The Case of Apraxia,10.1523/eneuro.0334-20.2021
Ra2009f64f,1,author,kataoka,10.1016/j.compedu.2022.104503,Class size affects preservice teachers’ physiological and psychological stress reactions: An experiment in a virtual reality classroom,10.1016/j.compedu.2022.104503
Re2c50816d,2,author,watanabe,10.3390/ijerph19127237,"The Role of Personalization in the User Experience, Preferences and Engagement with Virtual Reality Environments for Relaxation",10.3390/ijerph19127237
R93502f2e8,1,author,kataoka,10.3389/fspor.2021.729729,A Novel Approach to Assessment of Perceptual-Motor Efficiency and Training-Induced Improvement in the Performance Capabilities of Elite Athletes,10.3389/fspor.2021.729729
R44ff5e26f,2,author,watanabe,10.1038/s41598-021-01397-x,Motion-in-depth effects on interceptive timing errors in an immersive environment,10.1038/s41598-021-01397-x
R89affc247,3,kataoka,watanabe,10.1016/j.heliyon.2022.e12117,Evaluation of expert skills in refinery patrol inspection: visual attention and head positioning behavior,10.1016/j.heliyon.2022.e12117
R5ee3ac83a,1,author,kataoka,T:a virtual reality prescription a future s of healthcare,A Virtual Reality Prescription: A Future(s) of Healthcare,
R525b9fa55,3,kataoka,watanabe,10.3389/frvir.2022.828553,"Embodied Gambling—Investigating the Influence of Level of Embodiment, Avatar Appearance, and Virtual Environment Design on an Online VR Slot Machine",10.3389/frvir.2022.828553
Rf75745fc2,1,author,kataoka,10.3389/frvir.2022.971502,A new psychometric task measuring spatial perspective taking in ambulatory virtual reality,10.3389/frvir.2022.971502
R63ab0b90e,2,author,watanabe,10.3389/fphar.2021.818115,AOPM: Application of Antioxidant Protein Classification Model in Predicting the Composition of Antioxidant Drugs,10.3389/fphar.2021.818115
Rcf570eb49,3,kataoka,watanabe,10.3389/frvir.2022.869603,The Body Scaling Effect and Its Impact on Physics Plausibility,10.3389/frvir.2022.869603
R9db22f3ff,3,kataoka,watanabe,10.1016/j.ecolind.2022.109615,Water View Imagery: Perception and evaluation of urban waterscapes worldwide,10.1016/j.ecolind.2022.109615
Re439db412,3,kataoka,watanabe,10.3389/frvir.2022.954587,First insights in perception of feet and lower-body stimuli for proximity and collision feedback in 3D user interfaces,10.3389/frvir.2022.954587
R50444e399,2,author,watanabe,10.1016/j.jep.2022.115065,The underlying rationality of Chinese medicine herb pair Coptis chinensis and Dolomiaea souliei: From the perspective of metabolomics and intestinal function,10.1016/j.jep.2022.115065
Ra92dd2a6e,1,author,kataoka,10.1371/journal.pone.0273007,An investigation into the relationship between multimedia lecture design and learners' engagement behaviours using web log analysis,10.1371/journal.pone.0273007
Raaf90d501,3,kataoka,watanabe,10.1016/j.oregeorev.2021.104645,"Different characteristics of barren and W–Mo–productive Cretaceous granites in the Hwanggangri mineralized district, South Korea",10.1016/j.oregeorev.2021.104645
R41be98931,2,author,watanabe,10.1016/j.ijinfomgt.2022.102542,"Metaverse beyond the hype: Multidisciplinary perspectives on emerging challenges, opportunities, and agenda for research, practice and policy",10.1016/j.ijinfomgt.2022.102542
Rf5064924d,3,kataoka,watanabe,10.1109/thms.2021.3108962,Influencing Human Escape Maneuvers with Perceptual Cues in the Presence of a Visual Task,10.1109/thms.2021.3108962
R50b41023e,3,kataoka,watanabe,10.1109/access.2023.3324659,Ergonomic Risk Prediction for Awkward Postures From 3D Keypoints Using Deep Learning,10.1109/access.2023.3324659
R7bb3ac87f,2,author,watanabe,10.1089/g4h.2020.0138,"Effects of videogaming on the physical, mental health, and cognitive function of people with intellectual disability: A systematic review of randomized controlled trials",10.1089/g4h.2020.0138
R566778397,1,author,kataoka,10.1016/j.clnu.2022.06.006,A high periconceptional maternal ultra-processed food consumption impairs embryonic growth: The Rotterdam periconceptional cohort,10.1016/j.clnu.2022.06.006
Rc0c6272ec,3,kataoka,watanabe,10.1186/s12984-022-01093-5,The effects of visual context on visual-vestibular mismatch revealed by electrodermal and postural response measures,10.1186/s12984-022-01093-5
Rdf22133ce,3,kataoka,watanabe,10.1109/iccv51070.2023.01354,Synthesizing Diverse Human Motions in 3D Indoor Scenes,10.1109/iccv51070.2023.01354
R082a7b803,3,kataoka,watanabe,10.1038/s41598-021-99578-1,Psychological and physiological evidence for an initial ‘Rough Sketch’ calculation of personal space,10.1038/s41598-021-99578-1
Raf7a25f4c,1,author,kataoka,10.1111/ijpo.12786,"BMI status and associations between affect, physical activity and anxiety among U.S. children during COVID-19",10.1111/ijpo.12786
R79081551d,3,kataoka,watanabe,10.1097/corr.0000000000001893,Is Anterior Rotation of the Acetabulum Necessary to Normalize Joint Contact Pressure in Periacetabular Osteotomy? A Finite-element Analysis Study,10.1097/corr.0000000000001893
R383e163ac,2,author,watanabe,10.3390/sports10110170,Effectiveness of Different Modalities of Remote Online Training in Young Healthy Males,10.3390/sports10110170
R814991ec5,3,kataoka,watanabe,10.1038/s41598-021-03373-x,Self-observation of a virtual body-double engaged in social interaction reduces persecutory thoughts,10.1038/s41598-021-03373-x
R61429b72e,2,author,watanabe,10.7717/peerj.14031,A novel virtual reality application for autonomous assessment of cervical range of motion: development and reliability study,10.7717/peerj.14031
R4bfad15c9,2,author,watanabe,10.3390/buildings12091461,Scale Estimation for Design Decisions in Virtual Environments: Understanding the Impact of User Characteristics on Spatial Perception in Immersive Virtual Reality Systems,10.3390/buildings12091461
R85c327975,3,kataoka,watanabe,10.1016/j.chbr.2022.100203,The effects of partial proxy embodiment on the awareness of linear distance in omnidirectional treadmill enabled immersive virtual environment,10.1016/j.chbr.2022.100203
Rff4fa30ef,2,author,watanabe,10.1051/0004-6361/202141836,Chemo-kinematics of the Milky Way spiral arms and bar resonances: Connection to ridges and moving groups in the solar vicinity,10.1051/0004-6361/202141836
Rdf2a36fef,3,kataoka,watanabe,10.6041/j.issn.1000-1298.2022.02.046,Design and Test of Transport Vehicle for Hillside Orchards Based on Center of Gravity Regulation; [基于重心自适应调控的山地果园运输车设计与试验],10.6041/j.issn.1000-1298.2022.02.046
R3cb99837e,1,author,kataoka,10.1038/s41598-022-10268-y,The effects of embodying wildlife in virtual reality on conservation behaviors,10.1038/s41598-022-10268-y
R004cec426,2,author,watanabe,10.1007/s10943-019-00937-0,Using Neurology Sciences to Investigate the Color Component and Its Effect on Promoting the Sense of Spirituality in the Interior Space of the Vakil Mosque of Shiraz (Using Quantitative Electroencephalography Wave Recording),10.1007/s10943-019-00937-0
Rf416ddcb4,2,author,watanabe,10.1007/s00415-022-11091-1,Interventions to improve gait in Parkinson’s disease: a systematic review of randomized controlled trials and network meta-analysis,10.1007/s00415-022-11091-1
R5f6bd5bb8,2,author,watanabe,10.3847/1538-3881/ac4bc9,Dynamical Implantation of Blue Binaries in the Cold Classical Kuiper Belt,10.3847/1538-3881/ac4bc9
R317e42dc4,2,author,watanabe,10.1016/j.apergo.2022.103819,Pseudo-haptics and self-haptics for freehand mid-air text entry in VR,10.1016/j.apergo.2022.103819
Rfe2567c59,3,kataoka,watanabe,10.1371/journal.pone.0258000,The effect of music on body sway when standing in a moving virtual environment,10.1371/journal.pone.0258000
R3b999fc6e,2,author,watanabe,10.1002/ase.2162,One year of anatomy teaching and learning in the outbreak: Has the Covid-19 pandemic marked the end of a century-old practice? A systematic review,10.1002/ase.2162
Ra67b9c4f9,2,author,watanabe,10.1177/23259671211056645,"Health Conditions, Substance Use, Physical Activity, and Quality of Life in Current and Former Baseball Players",10.1177/23259671211056645
R32ae66b01,3,kataoka,watanabe,10.3390/jpm11111167,Virtual reality-based therapy reduces the disabling impact of fibromyalgia syndrome in women: Systematic review with meta-analysis of randomized controlled trials,10.3390/jpm11111167
R6c5510843,2,author,watanabe,10.26830/symmetry_2023_1_107,GEOMETRY OF LIVING 1,10.26830/symmetry_2023_1_107
R678e5f5d0,2,author,watanabe,10.1080/0361073x.2021.1943793,The Embodiment of an Older Avatar in a Virtual Reality Setting Impacts the Social Motivation of Young Adults,10.1080/0361073x.2021.1943793
R25ea74ed0,1,author,kataoka,10.1111/cgf.14628,Combining Motion Matching and Orientation Prediction to Animate Avatars for Consumer-Grade VR Devices,10.1111/cgf.14628
Re0d3a0231,3,kataoka,watanabe,10.1016/j.pecs.2021.100930,Progress in CFD Simulations of Fluidized Beds for Chemical and Energy Process Engineering,10.1016/j.pecs.2021.100930
R017442e79,1,author,kataoka,10.1117/1.nph.10.1.015009,Imaging the brain in action: a motorized optical rotary joint for wide field fibroscopy in freely moving animals,10.1117/1.nph.10.1.015009
R68fd93386,1,author,kataoka,10.7717/peerj.12189,Bilateral back squat strength is increased during a 3-week undulating resistance training program with and without variable resistance in DIII collegiate football players,10.7717/peerj.12189
R50cf17504,3,kataoka,watanabe,10.1007/s10055-021-00562-x,Effects of first- and third-person perspectives created using a head-mounted display on dart-throwing accuracy,10.1007/s10055-021-00562-x
R761e1712f,1,author,kataoka,10.1016/j.gaitpost.2022.02.006,Quantifying fear of falling by utilizing objective body sway measures: A 360° virtual video study,10.1016/j.gaitpost.2022.02.006
R31b58d450,3,kataoka,watanabe,10.1016/j.chb.2022.107282,Learning with simulated virtual classmates: Effects of social-related configurations on students’ visual attention and learning experiences in an immersive virtual reality classroom,10.1016/j.chb.2022.107282
R636dcbe14,1,author,kataoka,10.3389/fnhum.2021.773091,The Effects of Virtual Height Exposure on Postural Control and Psychophysiological Stress Are Moderated by Individual Height Intolerance,10.3389/fnhum.2021.773091
R35a76322a,2,author,watanabe,10.1145/3472749.3474762,Per Garment Capture and Synthesis for Real-time Virtual Try-on,10.1145/3472749.3474762
Rdcd461721,3,kataoka,watanabe,10.1002/eat.23578,Feasibility of a virtually delivered eating disorder prevention program for young females with type 1 diabetes,10.1002/eat.23578
R4bee113e8,3,kataoka,watanabe,10.3389/fpsyg.2022.790960,Top-Down Influence Leads to a Reduced Sense of Body Ownership in Individuals With Depersonalization Tendencies: A Focus on Full Body Illusion,10.3389/fpsyg.2022.790960
R99046a018,2,author,watanabe,10.1080/17461391.2021.1975829,Analysis of sedentariness in women from a gender and equity perspective,10.1080/17461391.2021.1975829
Rc0057c06f,2,author,watanabe,10.3389/fnhum.2022.1038976,"Predicting postural control adaptation measuring EEG, EMG, and center of pressure changes: BioVRSea paradigm",10.3389/fnhum.2022.1038976
Rbadad76c1,3,kataoka,watanabe,10.1016/j.gaitpost.2021.12.013,Virtual reality doorway and hallway environments alter gait kinematics in people with Parkinson disease and freezing,10.1016/j.gaitpost.2021.12.013
R6c5dd2920,1,author,kataoka,10.1016/j.jbiomech.2022.111182,Clothing condition does not affect meaningful clinical interpretation in markerless motion capture,10.1016/j.jbiomech.2022.111182
R12151b7b3,1,author,kataoka,10.1016/j.ijpsycho.2022.03.006,Detecting and predicting visually induced motion sickness with physiological measures in combination with machine learning techniques,10.1016/j.ijpsycho.2022.03.006
Re276131dd,3,kataoka,watanabe,10.1186/s12984-022-00980-1,Cortical reorganization to improve dynamic balance control with error amplification feedback,10.1186/s12984-022-00980-1
Raee98aa5d,1,author,kataoka,10.1038/s41598-021-83988-2,Defensive functions provoke similar psychophysiological reactions in reaching and comfort spaces,10.1038/s41598-021-83988-2
R3513897fa,2,author,watanabe,10.1016/j.apmr.2021.01.078,"Dosage and Effectiveness of Aerobic Training on Cardiorespiratory Fitness, Functional Capacity, Balance, and Fatigue in People With Multiple Sclerosis: A Systematic Review and Meta-Analysis",10.1016/j.apmr.2021.01.078
R2976b7b1f,3,kataoka,watanabe,10.1016/j.cub.2021.06.001,Sharpening of peripersonal space during the COVID-19 pandemic,10.1016/j.cub.2021.06.001
R13747fcde,2,author,watanabe,10.1186/s12984-022-01060-0,Visual oscillation effects on dynamic balance control in people with multiple sclerosis,10.1186/s12984-022-01060-0
R271027fb1,3,kataoka,watanabe,10.1109/lra.2022.3144792,"TelePhysicalOperation: Remote Robot Control Based on a Virtual ""Marionette"" Type Interaction Interface",10.1109/lra.2022.3144792
Rb65a4bf20,2,author,watanabe,10.1016/j.cmpb.2022.107198,Human thermal sensation algorithm modelization via physiological thermoregulatory responses based on dynamic thermal environment tests on males,10.1016/j.cmpb.2022.107198
Rfd2773c9f,2,author,watanabe,10.3389/frvir.2022.976849,Action-control mappings of interfaces in virtual reality: A study of embodied interaction,10.3389/frvir.2022.976849
Rea48eff20,2,author,watanabe,10.3389/frvir.2022.910434,Reducing Motion Sickness When Reading With Head-Mounted Displays By Using See-Through Background Images,10.3389/frvir.2022.910434
Rb26c88a24,3,kataoka,watanabe,10.1371/journal.pdig.0000060,A pilot randomised trial of a brief virtual reality scenario in smokers unmotivated to quit: Assessing the feasibility of recruitment,10.1371/journal.pdig.0000060
Ra078f798c,2,author,watanabe,10.1080/14626268.2020.1783321,From immersion to collaborative embodiment: extending collective interactivity in built environments through human-scale audiovisual immersive technologies,10.1080/14626268.2020.1783321
R44d2f0090,2,author,watanabe,10.1371/journal.pone.0254653,Co-occurrence of pain and dyspnea in Veterans with COPD: Relationship to functional status and a pilot study of neural correlates using structural and functional magnetic resonance imaging,10.1371/journal.pone.0254653
Ra7319233e,2,author,watanabe,10.1186/s13717-019-0183-7,Variable retention forestry in European boreal forests in Russia,10.1186/s13717-019-0183-7
Ra7e5f5963,2,author,watanabe,10.1016/j.chb.2020.106431,What makes immersive virtual reality the ultimate empathy machine? Discerning the underlying mechanisms of change,10.1016/j.chb.2020.106431
R7cfc6cfb5,2,author,watanabe,10.3389/fpsyg.2020.510787,Exploring the Effect of Cooperation in Reducing Implicit Racial Bias and Its Relationship With Dispositional Empathy and Political Attitudes,10.3389/fpsyg.2020.510787
Rb46d9a7ec,2,author,watanabe,10.1177/2167702619869336,Interpersonal Distance Regulation and Approach-Avoidance Reactions Are Altered in Psychopathy,10.1177/2167702619869336
R488ffb4fb,2,author,watanabe,10.1016/j.bodyim.2020.03.007,Using immersive virtual reality to modify body image,10.1016/j.bodyim.2020.03.007
R4e6bdaa8b,1,author,kataoka,10.1038/s41598-019-47971-2,Aging and spatial cues influence the updating of navigational memories,10.1038/s41598-019-47971-2
R236e0ad37,1,author,kataoka,10.1016/j.dhjo.2019.100867,Promoting psychological health in women with SCI: Development of an online self-esteem intervention,10.1016/j.dhjo.2019.100867
R56390753f,3,kataoka,watanabe,10.1016/j.jbiomech.2021.110357,Obstacle avoidance training in virtual environments leads to limb-specific locomotor adaptations but not to interlimb transfer in healthy young adults,10.1016/j.jbiomech.2021.110357
R455aac960,1,author,kataoka,10.1098/rsos.200622,Gait coordination in overground walking with a virtual reality avatar: Gait coordination in virtual walking,10.1098/rsos.200622
R37b88494c,2,author,watanabe,10.1093/mnras/stz2343,Kinematics with GAIA DR2: The force of a dwarf,10.1093/mnras/stz2343
R0855f417b,2,author,watanabe,10.29140/jaltcall.v16n3.388,"Virtual reality in education: The promise, progress, and challenge",10.29140/jaltcall.v16n3.388
Rf79bb8988,3,kataoka,watanabe,10.1002/erv.2715,Body image avoidance affects interpersonal distance perception: A virtual environment experiment,10.1002/erv.2715
R7cfde345a,3,kataoka,watanabe,10.3390/ijerph18094651,Digital‐based healthy bra top design that promotes the physical activity of new senior women by applying an optimal pressure,10.3390/ijerph18094651
R45fca050a,1,author,kataoka,10.1016/j.ajo.2019.07.020,"Effects of Immersive Virtual Reality Headset Viewing on Young Children: Visuomotor Function, Postural Stability, and Motion Sickness",10.1016/j.ajo.2019.07.020
R8a363186a,1,author,kataoka,10.3389/fnhum.2020.622637,Neural Correlates of Knee Extension and Flexion Force Control: A Kinetically-Instrumented Neuroimaging Study,10.3389/fnhum.2020.622637
Ra134f70f3,3,kataoka,watanabe,10.1089/g4h.2019.0016,Effects of Exergaming on Balance of Healthy Older Adults: A Systematic Review and Meta-analysis of Randomized Controlled Trials,10.1089/g4h.2019.0016
R3ccb62a6a,2,author,watanabe,10.3389/frvir.2020.575943,Avatar Embodiment. A Standardized Questionnaire,10.3389/frvir.2020.575943
Rb0ace780a,3,kataoka,watanabe,10.1016/j.neuron.2019.08.012,A Modality-Independent Network Underlies the Retrieval of Large-Scale Spatial Environments in the Human Brain,10.1016/j.neuron.2019.08.012
R4bc20015d,3,kataoka,watanabe,10.1111/bjet.13023,Effectiveness of immersive virtual reality using head-mounted displays on learning performance: A meta-analysis,10.1111/bjet.13023
R218358960,1,author,kataoka,10.1016/j.autcon.2020.103271,Lift planning and optimization in construction: A thirty-year review,10.1016/j.autcon.2020.103271
Ra1d7fe1a1,2,author,watanabe,10.1016/j.autcon.2019.103012,On-demand monitoring of construction projects through a game-like hybrid application of BIM and machine learning,10.1016/j.autcon.2019.103012
R25b5bab30,2,author,watanabe,10.1089/cyber.2019.0136,Impact of Body Size Match to an Avatar on the Body Ownership Illusion and User's Subjective Experience,10.1089/cyber.2019.0136
Rdd9ff72c6,3,kataoka,watanabe,10.1093/mnras/stz2462,"The GALAH survey and Gaia DR2: Linking ridges, arches, and vertical waves in the kinematics of the Milky Way",10.1093/mnras/stz2462
Rc41cf0d9e,2,author,watanabe,10.5817/cp2021-3-10,Exercise in virtual reality with a muscular avatar influences performance on a weightlifting exercise,10.5817/cp2021-3-10
R72941dac3,3,kataoka,watanabe,10.1259/bjr.20200204,Diagnostic value and forensic relevance of a novel photorealistic 3D reconstruction technique in post-mortem CT,10.1259/bjr.20200204
R440356dd4,2,author,watanabe,10.2196/17972,Results and guidelines from a repeated-measures design experiment comparing standing and seated full-body gesture-based immersive virtual reality exergames: Within-subjects evaluation,10.2196/17972
Rff72093a0,3,kataoka,watanabe,10.3389/fpsyg.2021.675515,How Interpersonal Distance Between Avatar and Human Influences Facial Affect Recognition in Immersive Virtual Reality,10.3389/fpsyg.2021.675515
Rd2c6c9381,3,kataoka,watanabe,10.1109/tnsre.2020.3034876,Reliability and Validity of a Virtual Reality-Based System for Evaluating Postural Stability,10.1109/tnsre.2020.3034876
R5f60b345b,3,kataoka,watanabe,10.1038/s41598-019-47897-9,Caloric vestibular stimulation has no effect on perceived body size,10.1038/s41598-019-47897-9
R56cf7c27e,2,author,watanabe,10.1109/iccvw54120.2021.00163,DeepDraper: Fast and Accurate 3D Garment Draping over a 3D Human Body,10.1109/iccvw54120.2021.00163
R9ff9e4161,2,author,watanabe,10.1371/journal.pone.0243381,When gravity is not where it should be: How perceived orientation affects visual self-motion processing,10.1371/journal.pone.0243381
R854db284c,3,kataoka,watanabe,10.1093/jcde/qwab010,Predicting cybersickness based on user's gaze behaviors in HMD-based virtual reality,10.1093/jcde/qwab010
Rc17582724,2,author,watanabe,10.1016/j.jbiomech.2021.110314,Walking humans trade off different task goals to regulate lateral stepping,10.1016/j.jbiomech.2021.110314
Rfa2c18b62,3,kataoka,watanabe,10.3389/frvir.2021.648619,A Study of Class Meetings in VR: Student Experiences of Attending Lectures and of Giving a Project Presentation,10.3389/frvir.2021.648619
R744b8a459,1,author,kataoka,10.3389/frvir.2021.657638,Systematic Review and Meta-Analysis of Virtual Reality in Mental Healthcare: Effects of Full Body Illusions on Body Image Disturbance,10.3389/frvir.2021.657638
R4314c5af1,2,author,watanabe,10.1073/pnas.1917762116,Multiscale porous elastomer substrates for multifunctional on-skin electronics with passive-cooling capabilities,10.1073/pnas.1917762116
Re10c3f995,2,author,watanabe,10.1016/j.gaitpost.2021.05.033,Collision avoidance behaviours between older adult and young adult walkers,10.1016/j.gaitpost.2021.05.033
Re39ebf421,3,kataoka,watanabe,10.3389/fdgth.2020.576076,The Use of Immersive Environments for the Early Detection and Treatment of Neuropsychiatric Disorders,10.3389/fdgth.2020.576076
R370817928,2,author,watanabe,10.1016/j.exger.2020.111037,Balance training monitoring and individual response during unstable vs. stable balance Exergaming in elderly adults: Findings from a randomized controlled trial,10.1016/j.exger.2020.111037
R473244191,1,author,kataoka,10.1016/j.gaitpost.2020.01.006,The feasibility of using virtual reality to induce mobility-related anxiety during turning,10.1016/j.gaitpost.2020.01.006
R172a6a0f0,2,author,watanabe,10.1016/j.autcon.2020.103143,Neurophysiological testing for assessing construction workers' task performance at virtual height,10.1016/j.autcon.2020.103143
R5b5476443,2,author,watanabe,10.1177/2165079920934000,Impact of Virtual Reality–Generated Construction Environments at Different Heights on Postural Stability and Fall Risk,10.1177/2165079920934000
Ra14119ea0,1,author,kataoka,10.3389/frvir.2020.00013,Virtual Reality Body Image Training for Chronic Low Back Pain: A Single Case Report,10.3389/frvir.2020.00013
Rc4838b53f,2,author,watanabe,10.1016/j.jstrokecerebrovasdis.2019.104343,A Preliminary Study of Dual-Task Training Using Virtual Reality: Influence on Walking and Balance in Chronic Poststroke Survivors,10.1016/j.jstrokecerebrovasdis.2019.104343
R88d90e8ae,1,author,kataoka,10.3390/ijerph18041412,The effects of exergaming training on balance in healthy elderly women—a pilot study,10.3390/ijerph18041412
R96f010198,1,author,kataoka,10.1016/j.addbeh.2019.106085,Leveraging copresence to increase the effectiveness of gamified personalized normative feedback,10.1016/j.addbeh.2019.106085
R426458450,3,kataoka,watanabe,10.1007/s10055-020-00432-y,Revisiting affordance perception in contemporary virtual reality,10.1007/s10055-020-00432-y
Ra711ca52d,1,author,kataoka,10.7554/elife.52882,From behavior to circuit modeling of light-seeking navigation in zebrafish larvae,10.7554/elife.52882
R9a826a14d,2,author,watanabe,10.1016/j.trf.2020.01.014,Pedestrians’ road crossing behaviour in front of automated vehicles: Results from a pedestrian simulation experiment using agent-based modelling,10.1016/j.trf.2020.01.014
R5eea07d9d,1,author,kataoka,10.1016/j.apergo.2021.103400,User capabilities in eyes-free spatial target acquisition in immersive virtual reality environments,10.1016/j.apergo.2021.103400
Rcaa177f6f,2,author,watanabe,10.1002/cae.22243,A review of the uses of virtual reality in engineering education,10.1002/cae.22243
R004d88269,3,kataoka,watanabe,10.1089/g4h.2019.0045,Development of a Classifier to Determine Factors Causing Cybersickness in Virtual Reality Environments,10.1089/g4h.2019.0045
Refd2309f1,3,kataoka,watanabe,10.1016/j.genhosppsych.2019.12.001,Virtual mind-body treatment for geographically diverse youth with neurofibromatosis: A pilot randomized controlled trial,10.1016/j.genhosppsych.2019.12.001
Rdad205d95,1,author,kataoka,10.1016/j.autcon.2020.103136,How the completeness of spatial knowledge influences the evacuation behavior of passengers in metro stations: A VR-based experimental study,10.1016/j.autcon.2020.103136
Rcbff035aa,1,author,kataoka,10.1038/s41598-020-70734-3,"Micro-CT scan with virtual dissection of left ventricle is a non-destructive, reproducible alternative to dissection and weighing for left ventricular size",10.1038/s41598-020-70734-3
Rc90326019,2,author,watanabe,10.1172/jci.insight.139292,"COVID-19 in older adults: Clinical, psychosocial, and public health considerations",10.1172/jci.insight.139292
Rbea86134c,2,author,watanabe,10.1016/j.heliyon.2021.e07515,Changing your body changes your eating attitudes: embodiment of a slim virtual avatar induces avoidance of high-calorie food,10.1016/j.heliyon.2021.e07515
R203a774fa,3,kataoka,watanabe,10.2196/15635,Virtual reality games and the role of body involvement in enhancing positive emotions and decreasing anxiety: Within-subjects pilot study,10.2196/15635
Rf315e3d54,1,author,kataoka,10.1097/sih.0000000000000436,DebriefLive: A Pilot Study of a Virtual Faculty Development Tool for Debriefing,10.1097/sih.0000000000000436
R93ade90d6,2,author,watanabe,10.1080/00038628.2019.1669526,Virtual vs. actual body: applicability of anthropomorphic avatars to enhance exploratory creativity in architectural design education,10.1080/00038628.2019.1669526
R113dc035e,3,kataoka,watanabe,10.1002/erv.2730,Body-related attentional bias as mediator of the relationship between body mass index and body dissatisfaction,10.1002/erv.2730
R056104a03,3,kataoka,watanabe,10.1080/14794713.2020.1770531,"New ways of seeing, feeling, being: intimate encounters in virtual reality performance",10.1080/14794713.2020.1770531
R7156da041,1,author,kataoka,10.1002/cpp.2431,Subjective experience of paranoid ideation in a virtual reality social environment: A mixed methods cross-sectional study,10.1002/cpp.2431
Rc2316f570,3,kataoka,watanabe,10.1371/journal.pone.0239322,Measuring recognition of body changes over time: A human-computer interaction tool using dynamic morphing and body ownership illusion,10.1371/journal.pone.0239322
R564e72af1,3,kataoka,watanabe,10.1016/j.apergo.2019.103010,"The effects of target location on musculoskeletal load, task performance, and subjective discomfort during virtual reality interactions",10.1016/j.apergo.2019.103010
R8cfdc9389,3,kataoka,watanabe,10.1177/2056305121993765,Virtual Reality and Political Outgroup Contact: Can Avatar Customization and Common Ingroup Identity Reduce Social Distance?,10.1177/2056305121993765
R182e606dc,2,author,watanabe,10.1007/s10055-020-00431-z,Tadpole VR: virtual reality visualization of a simulated tadpole spinal cord,10.1007/s10055-020-00431-z
Refa2a6a81,1,author,kataoka,10.3390/ijerph16214161,The rehabilitative effects of virtual reality games on balance performance among children with cerebral palsy: A meta-analysis of randomized controlled trials,10.3390/ijerph16214161
Ra5cc59800,1,author,kataoka,10.1089/g4h.2019.0102,Studying the Effect of Display Type and Viewing Perspective on User Experience in Virtual Reality Exergames,10.1089/g4h.2019.0102
R34ca52b4b,2,author,watanabe,10.3758/s13423-020-01835-3,Context-dependent memory effects in two immersive virtual reality environments: On Mars and underwater,10.3758/s13423-020-01835-3
R5d6e24d5e,2,author,watanabe,10.1115/1.4044543,A General Purpose Robotic Hand Exoskeleton With Series Elastic Actuation,10.1115/1.4044543
R82acaa072,1,author,kataoka,10.1016/j.beth.2020.12.002,The Role of Emotional Distress Tolerance on Fear Responding in a Heights-Fearful Sample: Perceived Versus Actual Behavior,10.1016/j.beth.2020.12.002
Rf66443472,2,author,watanabe,10.1007/s10055-019-00402-z,Body size illusions influence perceived size of objects: a validation of previous research in virtual reality,10.1007/s10055-019-00402-z
Rb267b9b13,3,kataoka,watanabe,10.1016/j.gaitpost.2020.05.028,Are avatars treated like human obstacles during aperture crossing in virtual environments?,10.1016/j.gaitpost.2020.05.028
Rd81cc1107,1,author,kataoka,10.1016/j.jbiomech.2020.109714,How healthy older adults regulate lateral foot placement while walking in laterally destabilizing environments,10.1016/j.jbiomech.2020.109714
R1c398edc6,1,author,kataoka,10.17705/1jais.00674,"Have we crossed the uncanny valley? Understanding affinity, trustworthiness, and preference for realistic digital humans in immersive environments",10.17705/1jais.00674
Rf3e7f0121,3,kataoka,watanabe,10.1029/2020wr027983,Flow and Entrainment Mechanisms Around a Freshwater Mussel Aligned With the Incoming Flow,10.1029/2020wr027983
R2f6d8009c,1,author,kataoka,10.3390/su13116223,The drawing and perception of architectural spaces through immersive virtual reality,10.3390/su13116223
Rfa7a1ef41,3,kataoka,watanabe,10.1016/j.jbiomech.2021.110387,"Ground reaction forces intersect above the center of mass in single support, but not in double support of human walking",10.1016/j.jbiomech.2021.110387
R701917134,2,author,watanabe,10.1080/17461391.2019.1669715,Virtual cycling effort is dependent on power update rate,10.1080/17461391.2019.1669715
R297d7d035,3,kataoka,watanabe,10.3389/fnhum.2021.674326,Repeated Exposure to Illusory Sense of Body Ownership and Agency Over a Moving Virtual Body Improves Executive Functioning and Increases Prefrontal Cortex Activity in the Elderly,10.3389/fnhum.2021.674326
R5f504be9d,3,kataoka,watanabe,10.3389/frvir.2021.694244,Inside Humans: Creating a Simple Layered Anatomical Model from Human Surface Scans,10.3389/frvir.2021.694244
R607aa4334,3,kataoka,watanabe,10.1007/s40520-019-01219-1,Exercise with active video game or strength/balance training? Case reports comparing postural balance of older women,10.1007/s40520-019-01219-1
R657cfbcd0,2,author,watanabe,10.1007/s00415-019-09370-5,Fear of heights in virtual reality saturates 20 to 40 m above ground,10.1007/s00415-019-09370-5
R23946323b,1,author,kataoka,10.1016/j.autcon.2017.11.005,Real-time simulation of construction workers using combined human body and hand tracking for robotic construction worker system,10.1016/j.autcon.2017.11.005
Rc9674f361,3,kataoka,watanabe,10.1038/s41598-018-22731-w,Memory shapes visual search strategies in large-scale environments,10.1038/s41598-018-22731-w
R2c1522039,1,author,kataoka,10.1007/s00170-018-2560-2,Simulation data integration-based approach for motion synthesis in virtual maintenance,10.1007/s00170-018-2560-2
Rf4bf1a866,1,author,kataoka,10.1093/gji/ggx395,"Tsunamis from strike-slip earthquakes in theWharton Basin, northeast Indian Ocean: March 2016Mw7.8 event and its relationship with the April 2012Mw 8.6 event",10.1093/gji/ggx395
R4344474e0,2,author,watanabe,10.1016/j.cie.2017.10.023,A customized garment collaborative design process by using virtual reality and sensory evaluation on garment fit,10.1016/j.cie.2017.10.023
Rc0d5c7853,3,kataoka,watanabe,10.11621/pir.2018.0102,The study of ethnic attitudes during interactions with avatars in virtual environments,10.11621/pir.2018.0102
R9cf643237,1,author,kataoka,10.1109/tmtt.2018.2884405,Excitation and RF field control of a human-size 10.5-T MRI system,10.1109/tmtt.2018.2884405
Ra672a9293,3,kataoka,watanabe,10.1109/jerm.2018.2822478,Local Dosimetry Applied to Wireless Power Transfer Around 10 MHz: Dependence on em Parameters and Tissues Morphology,10.1109/jerm.2018.2822478
R8fc6e7128,3,kataoka,watanabe,10.1016/j.appet.2017.12.007,Validity of assessing child feeding with virtual reality,10.1016/j.appet.2017.12.007
Ra3f61e703,2,author,watanabe,10.1038/s41598-018-33961-3,Peri-personal space as a prior in coupling visual and proprioceptive signals,10.1038/s41598-018-33961-3
Ra08e6b2c5,3,kataoka,watanabe,10.1002/nbm.4088,Free-breathing quantification of regional ventilation derived by phase-resolved functional lung (PREFUL) MRI,10.1002/nbm.4088
R4a37aa3fa,2,author,watanabe,10.1111/sms.13341,"Variable, but not free-weight, resistance back squat exercise potentiates jump performance following a comprehensive task-specific warm-up",10.1111/sms.13341
Rf9015e566,1,author,kataoka,10.1016/j.rbmo.2018.12.016,Effect of human embryonic morphological development on fetal growth parameters: the Rotterdam Periconceptional Cohort (Predict Study),10.1016/j.rbmo.2018.12.016
R043ec650d,2,author,watanabe,10.1038/s41562-019-0618-2,A social interaction field model accurately identifies static and dynamic social groupings,10.1038/s41562-019-0618-2
R133512400,3,kataoka,watanabe,T:the impact of avatars social norms and copresence on the collaboration effectiveness of aec virtual teams,"The impact of avatars, social norms and copresence on the collaboration effectiveness of AEC virtual teams",
Rf0f607dd5,2,author,watanabe,10.1177/0278364918769157,A reconfigurable interactive interface for controlling robotic origami in virtual environments,10.1177/0278364918769157
R36aaa234c,1,author,kataoka,10.1016/j.compind.2018.03.003,"Development of a method for an automated generation of anatomy-based, kinematic human models as a tool for virtual clothing construction",10.1016/j.compind.2018.03.003
Rbe24908b3,2,author,watanabe,10.1080/0144929x.2016.1275809,Effects of avatar character performances in virtual reality dramas used for teachers’ education,10.1080/0144929x.2016.1275809
Rac6689441,2,author,watanabe,10.1080/0142159x.2018.1485884,Do we really need cadavers anymore to learn anatomy in undergraduate medicine?,10.1080/0142159x.2018.1485884
R691823955,1,author,kataoka,10.1016/j.engfracmech.2019.106642,Necking-induced fracture prediction using an artificial neural network trained on virtual test data,10.1016/j.engfracmech.2019.106642
R9e7326238,2,author,watanabe,10.1016/j.healun.2018.12.014,Can virtual heart transplantation via 3-dimensional imaging increase the maximum acceptable donor size?,10.1016/j.healun.2018.12.014
R4c8b35380,3,kataoka,watanabe,10.1016/s2215-0366(18)30226-8,"Automated psychological therapy using immersive virtual reality for treatment of fear of heights: a single-blind, parallel-group, randomised controlled trial",10.1016/s2215-0366(18)30226-8
R730de35a2,3,kataoka,watanabe,10.3389/fpsyg.2017.01560,Beyond behavioral inhibition: A computer avatar task designed to assess behavioral inhibition extends to harm avoidance,10.3389/fpsyg.2017.01560
R4028104f3,1,author,kataoka,10.3389/fnhum.2019.00329,Progressive Training for Motor Imagery Brain-Computer Interfaces Using Gamification and Virtual Reality Embodiment,10.3389/fnhum.2019.00329
R0340e93be,2,author,watanabe,10.1016/j.concog.2019.05.006,Visuo-tactile congruency influences the body schema during full body ownership illusion,10.1016/j.concog.2019.05.006
R6cccb3a44,2,author,watanabe,10.1145/3197517.3201402,Magnetization dynamics for magnetic object interactions,10.1145/3197517.3201402
R87eff5bc5,1,author,kataoka,10.1177/2167702618788874,Psychopathy and the Regulation of Interpersonal Distance,10.1177/2167702618788874
Rbb29e78d3,2,author,watanabe,10.1109/access.2019.2950877,Toed-in vs parallel displays in video see-through head-mounted displays for close-up view,10.1109/access.2019.2950877
Rd3085f2d6,1,author,kataoka,10.1016/j.jcde.2018.05.006,"Navigation modes, operation methods, observation scales and background options in UI design for high learning performance in VR-based architectural applications",10.1016/j.jcde.2018.05.006
Rdc73921bc,3,kataoka,watanabe,10.1016/j.patcog.2017.10.034,DSRF: A flexible trajectory descriptor for articulated human action recognition,10.1016/j.patcog.2017.10.034
Rb33ff668d,2,author,watanabe,10.1007/s00146-017-0766-8,Assistive Device Art: aiding audio spatial location through the Echolocation Headphones,10.1007/s00146-017-0766-8
Re058f81aa,3,kataoka,watanabe,10.1098/rsif.2018.0794,Fly with the flock: Immersive solutions for animal movement visualization and analytics,10.1098/rsif.2018.0794
R74464a32d,3,kataoka,watanabe,10.1089/cyber.2018.0128,Factors Affecting Sense of Presence in a Virtual Reality Social Environment: A Qualitative Study,10.1089/cyber.2018.0128
R194eaf9b8,3,kataoka,watanabe,10.2196/10522,Determining physiological and psychological predictors of time to task failure on a virtual reality sørensen test in participants with and without recurrent low back pain: Exploratory study,10.2196/10522
R29cd4487f,3,kataoka,watanabe,10.23736/s1973-9087.18.05427-8,Is virtual reality effective in improving the motor performance of children with developmental coordination disorder? A systematic review,10.23736/s1973-9087.18.05427-8
Rbc4cc0e78,3,kataoka,watanabe,10.1109/access.2018.2837147,Data-Driven 3-D Human Body Customization with a Mobile Device,10.1109/access.2018.2837147
Rc298003a3,2,author,watanabe,10.1016/j.jtice.2018.01.018,Primary recovery of recombinant human serum albumin from transgenic Oryza sativa with a single-step aqueous biphasic system,10.1016/j.jtice.2018.01.018
R281f1ae88,1,author,kataoka,10.1111/camh.12326,Innovations in Practice: Avatar-based virtual reality in CAMHS talking therapy: two exploratory case studies,10.1111/camh.12326
Rb2f1d2a06,3,kataoka,watanabe,10.1016/j.jstrokecerebrovasdis.2019.03.054,Effects of Virtual Reality Compared to Conventional Therapy on Balance Poststroke: A Systematic Review and Meta-Analysis,10.1016/j.jstrokecerebrovasdis.2019.03.054
R27ceacda6,2,author,watanabe,10.1007/s11606-018-4552-1,"Social Incentives and Gamification to Promote Weight Loss: The LOSE IT Randomized, Controlled Trial",10.1007/s11606-018-4552-1
R465b165c0,1,author,kataoka,10.1109/tevc.2018.2867601,Memetic Evolution for Generic Full-Body Inverse Kinematics in Robotics and Animation,10.1109/tevc.2018.2867601
R24a7be9cf,3,kataoka,watanabe,10.1016/j.actpsy.2017.09.014,Calibration to tool use during visually-guided reaching,10.1016/j.actpsy.2017.09.014
Re28ac8b1b,1,author,kataoka,10.1007/s40593-017-0144-1,AI in Informal Science Education: Bringing Turing Back to Life to Perform the Turing Test,10.1007/s40593-017-0144-1
R648debf65,1,author,kataoka,10.11975/j.issn.1002-6819.2018.10.005,Simulation and experiment on obstacle-surmounting performance of four swing arms and six tracked robot under unilateral step environment,10.11975/j.issn.1002-6819.2018.10.005
R08dc5da6d,1,author,kataoka,10.1016/j.ptsp.2019.09.012,Sensorimotor training for injury prevention in collegiate soccer players: An experimental study,10.1016/j.ptsp.2019.09.012
R5bfe1c64d,2,author,watanabe,10.1016/j.simpat.2018.07.014,Crowd evacuation simulation using active route choice model based on human characteristics,10.1016/j.simpat.2018.07.014
R0afb7d922,1,author,kataoka,10.1109/tnsre.2019.2922102,Proportional Myoelectric Control of a Virtual Inverted Pendulum Using Residual Antagonistic Muscles: Toward Voluntary Postural Control,10.1109/tnsre.2019.2922102
Rb1494cd44,2,author,watanabe,10.1002/cae.21957,Applications of virtual reality in learning the photoelectric effect of liquid crystal display,10.1002/cae.21957
R264331604,1,author,kataoka,10.1080/08824096.2018.1531212,Is Desirability of the Trait a Boundary Condition of the Proteus Effect? A Pilot Study,10.1080/08824096.2018.1531212
R01614ff03,1,author,kataoka,10.1002/admt.201800487,Human–Machine Interfacing Enabled by Triboelectric Nanogenerators and Tribotronics,10.1002/admt.201800487
Refa83046a,2,author,watanabe,10.1371/journal.pone.0213944,Visual perception of one’s own body under vestibular stimulation using biometric self-avatars in virtual reality,10.1371/journal.pone.0213944
Rc2437ac80,1,author,kataoka,10.6041/j.issn.1000-1298.2019.08.047,Design and Analysis of Moving Mechanism of Shape Reconfigurable Mobile Robot; [形态可重构移动机器人行走机构设计与分析],10.6041/j.issn.1000-1298.2019.08.047
R292f71dbf,3,kataoka,watanabe,10.1371/journal.pone.0203358,Virtual mortality and near-death experience after a prolonged exposure in a shared virtual reality may lead to positive life-attitude changes,10.1371/journal.pone.0203358
R852755dca,1,author,kataoka,10.1111/desc.12557,The development of bodily self-consciousness: changing responses to the Full Body Illusion in childhood,10.1111/desc.12557
R9585b3d9a,2,author,watanabe,10.1007/s10549-019-05300-1,A review of the influence of mammographic density on breast cancer clinical and pathological phenotype,10.1007/s10549-019-05300-1
R55174d7ed,3,kataoka,watanabe,10.1089/cyber.2018.0340,Assessing the Relationship Between Attitudinal and Perceptual Component of Body Image Disturbance Using Virtual Reality,10.1089/cyber.2018.0340
R1e323ceae,3,kataoka,watanabe,10.1016/j.cobeha.2017.06.005,Human spatial navigation: representations across dimensions and scales,10.1016/j.cobeha.2017.06.005
R70b220228,2,author,watanabe,10.1051/0004-6361/201731529,Physical activity of the selected nearly isotropic comets with perihelia at large heliocentric distance,10.1051/0004-6361/201731529
R6d187a366,3,kataoka,watanabe,10.1186/s12887-018-1381-7,Do video game interventions improve motor outcomes in children with developmental coordination disorder? A systematic review using the ICF framework,10.1186/s12887-018-1381-7
Rc7ee3ec51,3,kataoka,watanabe,10.1007/s11948-018-0020-x,Human Decisions in Moral Dilemmas are Largely Described by Utilitarianism: Virtual Car Driving Study Provides Guidelines for Autonomous Driving Vehicles,10.1007/s11948-018-0020-x
Rbfe49926b,1,author,kataoka,10.1038/s41598-017-09497-3,"Embodiment in a Child-Like Talking Virtual Body Influences Object Size Perception, Self-Identification, and Subsequent Real Speaking",10.1038/s41598-017-09497-3
Rdef271dde,3,kataoka,watanabe,10.1051/matecconf/201821002050,Virtual reality environment to study the ergonomic features of firefighters' activity,10.1051/matecconf/201821002050
R9d7b60432,1,author,kataoka,10.1016/j.cct.2019.105816,A virtual learning collaborative to implement health promotion in routine mental health settings: Protocol for a cluster randomized trial,10.1016/j.cct.2019.105816
Rbfdeb0409,3,kataoka,watanabe,10.1177/1077699017722105,Avatar Creation: The Social Construction of “Beauty” in Second Life,10.1177/1077699017722105
Ra91aedf38,1,author,kataoka,10.1371/journal.pone.0203934,Lower limb sagittal kinematic and kinetic modeling of very slow walking for gait trajectory scaling,10.1371/journal.pone.0203934
Reee198a85,2,author,watanabe,10.1016/j.actpsy.2018.09.009,Incongruent multisensory stimuli alter bodily self-consciousness: Evidence from a first-person perspective experience,10.1016/j.actpsy.2018.09.009
R3b5e2b9a2,1,author,kataoka,10.1093/mnras/stz583,Footprints of the Sagittarius dwarf galaxy in the Gaia data set,10.1093/mnras/stz583
Rcbecc3b41,3,kataoka,watanabe,10.1016/j.autcon.2019.03.009,Usability studies on building early stage architectural models in virtual reality,10.1016/j.autcon.2019.03.009
Rda8225706,3,kataoka,watanabe,10.1089/cyber.2017.0453,Internet Versus Virtual Reality Settings for Genomics Information Provision,10.1089/cyber.2017.0453
R5af7eac80,2,author,watanabe,10.1016/j.gaitpost.2018.03.044,Trunk motion visual feedback during walking improves dynamic balance in older adults: Assessor blinded randomized controlled trial,10.1016/j.gaitpost.2018.03.044
Rbe2e9ecd2,3,kataoka,watanabe,T:matec web of conferences,MATEC Web of Conferences,
R05a31db86,2,author,watanabe,10.1109/tnsre.2014.2369812,Virtual Reality-Based Navigation Task to Reveal Obstacle Avoidance Performance in Individuals With Visuospatial Neglect,10.1109/tnsre.2014.2369812
R105c04338,1,author,kataoka,10.1007/s40520-016-0578-6,Wii Fit is effective in women with bone loss condition associated with balance disorders: a randomized controlled trial,10.1007/s40520-016-0578-6
R32af74b79,3,kataoka,watanabe,10.1007/s10586-017-0815-6,Collision detection for virtual environment using particle swarm optimization with adaptive cauchy mutation,10.1007/s10586-017-0815-6
R439f81d2d,3,kataoka,watanabe,10.1111/joa.12325,"Comparative brain morphology of Neotropical parrots (Aves, Psittaciformes) inferred from virtual 3D endocasts",10.1111/joa.12325
Reed6e0bce,3,kataoka,watanabe,10.1007/s00167-014-2888-6,Evaluation of a virtual-reality-based simulator using passive haptic feedback for knee arthroscopy,10.1007/s00167-014-2888-6
R2b3ad1bfc,1,author,kataoka,10.1016/j.apacoust.2016.04.007,What do your footsteps sound like? An investigation on interactive footstep sounds adjustment,10.1016/j.apacoust.2016.04.007
Rd4133abf2,3,kataoka,watanabe,10.1371/journal.pcbi.1005118,Error Correction and the Structure of Inter-Trial Fluctuations in a Redundant Movement Task,10.1371/journal.pcbi.1005118
R1d2e545c2,2,author,watanabe,10.1016/j.gaitpost.2015.05.004,Effects of temporal constraints on medio-lateral stability when negotiating obstacles,10.1016/j.gaitpost.2015.05.004
Rcfd0f5f86,1,author,kataoka,10.1016/j.aap.2015.04.011,Relations between temperamental fear and risky pedestrian behavior,10.1016/j.aap.2015.04.011
Rdf60705e4,2,author,watanabe,10.1016/j.chb.2014.01.016,Motivational characteristics of Turkish MMORPG players,10.1016/j.chb.2014.01.016
R35143adb9,1,author,kataoka,10.1016/j.envint.2017.08.013,Manganese in teeth and neurobehavior: Sex-specific windows of susceptibility,10.1016/j.envint.2017.08.013
R689b89138,3,kataoka,watanabe,10.1016/j.bbamcr.2016.04.025,Reticulon-4B/Nogo-B acts as a molecular linker between microtubules and actin cytoskeleton in vascular smooth muscle cells,10.1016/j.bbamcr.2016.04.025
R5a5923a2e,1,author,kataoka,10.1186/1743-0003-11-12,"Using the Wii Fit as a tool for balance assessment and neurorehabilitation: The first half decade of ""wii-search""",10.1186/1743-0003-11-12
Rfaae93729,2,author,watanabe,10.1016/j.actaastro.2016.10.041,Investigation of two degrees of freedom on vortex-induced vibration under the wake interference of an oscillating airfoil,10.1016/j.actaastro.2016.10.041
R34305eaea,3,kataoka,watanabe,10.1016/j.jpain.2015.11.005,Size and viewpoint of an embodied virtual body affect the processing of painful stimuli,10.1016/j.jpain.2015.11.005
Rd6c42c9bc,1,author,kataoka,10.1371/journal.pone.0114719,Sharing space: The presence of other bodies extends the space judged as near,10.1371/journal.pone.0114719
Rc715a1e3f,1,author,kataoka,10.1371/journal.pone.0168520,Short term motor-skill acquisition improves with size of self-controlled virtual hands,10.1371/journal.pone.0168520
R138944bc2,2,author,watanabe,10.1016/j.jenvp.2016.01.004,Peripersonal and interpersonal space in virtual and real environments: Effects of gender and age,10.1016/j.jenvp.2016.01.004
R581775bb4,3,kataoka,watanabe,10.1371/journal.pone.0103428,"Owning an overweight or underweight body: Distinguishing the physical, experienced and virtual body",10.1371/journal.pone.0103428
Rf3a76d397,2,author,watanabe,10.1038/nn.3884,Impaired spatial selectivity and intact phase precession in two-dimensional virtual reality,10.1038/nn.3884
Rf0ff11c0d,1,author,kataoka,10.1371/journal.pone.0166749,Framework for analyzing the whole body surface area from a single view,10.1371/journal.pone.0166749
R261e70e80,3,kataoka,watanabe,10.1109/access.2015.2508003,A novel cyber physical system for 3-D imaging of the small intestine in vivo,10.1109/access.2015.2508003
Raeca22126,1,author,kataoka,10.1016/j.compfluid.2015.09.015,Computational study of periodically unsteady interaction between a wall jet and an offset jet for various velocity ratios,10.1016/j.compfluid.2015.09.015
Rfb559e4b4,3,kataoka,watanabe,10.3389/fpsyg.2015.01659,The virtual hand illusion is moderated by context-induced spatial reference frames,10.3389/fpsyg.2015.01659
R2eba57461,2,author,watanabe,10.1109/tnsre.2014.2320320,Postural responses of young adults to collision in virtual world combined with horizontal translation of haptic floor,10.1109/tnsre.2014.2320320
R1da734b72,1,author,kataoka,10.1016/j.apmr.2015.03.025,"Effectiveness, Usability, and Cost-Benefit of a Virtual Reality-Based Telerehabilitation Program for Balance Recovery after Stroke: A Randomized Controlled Trial",10.1016/j.apmr.2015.03.025
R40eb13713,3,kataoka,watanabe,10.1016/j.concog.2015.06.003,Body-ownership for actively operated non-corporeal objects,10.1016/j.concog.2015.06.003
Re271ec4e9,1,author,kataoka,10.1016/j.cct.2015.11.019,A virtual reality intervention (Second Life) to improve weight maintenance: Rationale and design for an 18-month randomized trial,10.1016/j.cct.2015.11.019
R0c0380a40,2,author,watanabe,10.1109/comst.2016.2531104,A survey on resiliency techniques in cloud computing infrastructures and applications,10.1109/comst.2016.2531104
Re32a85df9,1,author,kataoka,10.1073/pnas.1519387112,Mandibular and dental characteristics of Late Triassic mammaliaform Haramiyavia and their ramifications for basal mammal evolution,10.1073/pnas.1519387112
R466add46b,1,author,kataoka,10.1016/j.appet.2014.09.024,Drivers of overweight mothers' food choice behaviors depend on child gender,10.1016/j.appet.2014.09.024
Rc3c43e8fc,2,author,watanabe,10.1016/j.psychsport.2015.09.007,The effects of the presence of others during a rowing exercise in a virtual reality environment,10.1016/j.psychsport.2015.09.007
Rba85014e7,2,author,watanabe,10.3389/fpsyg.2015.01969,Influence of music on anxiety induced by fear of heights in virtual reality,10.3389/fpsyg.2015.01969
R55cbbb2b7,2,author,watanabe,10.1016/j.heliyon.2016.e00173,Sensorimotor body-environment interaction serves to regulate emotional experience and exploratory behavior,10.1016/j.heliyon.2016.e00173
R5e1e8b7ac,1,author,kataoka,10.1093/mnras/stw006,The evolution of the Sun's birth cluster and the search for the solar siblings with Gaia,10.1093/mnras/stw006
Rd70fe1d6d,3,kataoka,watanabe,10.1089/cyber.2015.0226,Body image and anti-fat attitudes: An experimental study using a haptic virtual reality environment to replicate human touch,10.1089/cyber.2015.0226
R99309d826,1,author,kataoka,10.1111/cgf.13012,3D Body Shapes Estimation from Dressed-Human Silhouettes,10.1111/cgf.13012
R79ce47c97,3,kataoka,watanabe,10.1007/s11042-015-2681-7,The development of a clothing fit evaluation system under virtual environment,10.1007/s11042-015-2681-7
Rf9d6bbda6,3,kataoka,watanabe,10.1016/j.chb.2014.11.041,Retention and flow under guided and unguided learning experience in 3D virtual worlds,10.1016/j.chb.2014.11.041
Rd872b2ad2,3,kataoka,watanabe,10.1111/opo.12137,A novel video-based paradigm to study the mechanisms underlying age- and falls risk- related differences in gaze behaviour during walking,10.1111/opo.12137
R7ede19acf,3,kataoka,watanabe,10.1186/s12984-015-0009-5,Adaptive training with full-body movements to reduce bradykinesia in persons with Parkinson's disease: A pilot study,10.1186/s12984-015-0009-5
Rfe5377340,1,author,kataoka,10.1007/s11199-015-0533-6,Objectification in Virtual Romantic Contexts: Perceived Discrepancies Between Self and Partner Ideals Differentially Affect Body Consciousness in Women and Men,10.1007/s11199-015-0533-6
Rad0c1e682,2,author,watanabe,10.1016/j.psychres.2015.05.075,The influence of parent's body mass index on peer selection: An experimental approach using virtual reality,10.1016/j.psychres.2015.05.075
R0cfe3cb55,2,author,watanabe,10.1016/j.chb.2016.11.052,"Investigating the impacts of avatar gender, avatar age, and region theme on avatar physical activity in the virtual world",10.1016/j.chb.2016.11.052
R68d170fbe,2,author,watanabe,10.1111/jcc4.12173,Experiencing Nature: Embodying Animals in Immersive Virtual Environments Increases Inclusion of Nature in Self and Involvement With Nature,10.1111/jcc4.12173
Rca12ed409,3,kataoka,watanabe,10.1371/journal.pone.0111511,Body space in social interactions: A comparison of reaching and comfort distance in immersive virtual reality,10.1371/journal.pone.0111511
Rfe9d0e312,2,author,watanabe,10.1016/j.mhp.2016.09.001,"Bullying, drug use, and eating disorders: An assessment by using a 3D simulation instrument in educational settings",10.1016/j.mhp.2016.09.001
Rf1a74417f,2,author,watanabe,10.1016/j.apergo.2014.05.014,Social influence in a virtual tunnel fire - Influence of conflicting information on evacuation behavior,10.1016/j.apergo.2014.05.014
Rc931b883a,3,kataoka,watanabe,10.1016/j.psychres.2013.12.014,"Height, social comparison, and paranoia: An immersive virtual reality experimental study",10.1016/j.psychres.2013.12.014
Rd2ad69046,2,author,watanabe,10.3389/fpsyg.2016.00217,The influence of human body orientation on distance judgments,10.3389/fpsyg.2016.00217
R926de9b39,2,author,watanabe,10.3390/nu9040346,Homocysteine induces hepatic steatosis involving ER stress response in high methionine diet-fedmice,10.3390/nu9040346
Rbd71ff9a0,3,kataoka,watanabe,10.1016/j.forsciint.2013.10.037,Sex determination using the probabilistic sex diagnosis (DSP: Diagnose sexuelle probabiliste) tool in a virtual environment,10.1016/j.forsciint.2013.10.037
R9c4af6b63,2,author,watanabe,10.1016/j.jpeds.2014.09.032,Obstructive sleep apnea syndrome increases pedestrian injury risk in children,10.1016/j.jpeds.2014.09.032
Rdd353bd23,1,author,kataoka,10.3389/fpsyg.2015.02008,The effect of distance on moral engagement: Event related potentials and alpha power are sensitive to perspective in a virtual shooting task,10.3389/fpsyg.2015.02008
Ra4eddc908,2,author,watanabe,10.1145/2766931,Single-view hair modeling using a hairstyle database,10.1145/2766931
R70f315a56,1,author,kataoka,10.1371/journal.pone.0140158,Developing a novel measure of body satisfaction using virtual reality,10.1371/journal.pone.0140158
R2b611beac,2,author,watanabe,10.3389/fnagi.2015.00167,Exergaming as a viable therapeutic tool to improve static and dynamic balance among older adults and people with idiopathic Parkinson's disease: A systematic review and meta-analysis,10.3389/fnagi.2015.00167
Rb1c92a5b4,1,author,kataoka,10.1371/journal.pone.0127000,The importance of postural cues for determining eye height in immersive virtual reality,10.1371/journal.pone.0127000
R3ef33c116,2,author,watanabe,10.1002/2017gl072538,On factors controlling precursor slip fronts in the laboratory and their relation to slow slip events in nature,10.1002/2017gl072538
Rb08b0adf1,1,author,kataoka,10.1007/s11042-015-2827-7,Bayesian tracking fusion framework with online classifier ensemble for immersive visual applications,10.1007/s11042-015-2827-7
Rfa6786594,3,kataoka,watanabe,10.1186/s12984-015-0043-3,Robot-supported upper limb training in a virtual learning environment: A pilot randomized controlled trial in persons with MS,10.1186/s12984-015-0043-3
Rcd9df7914,2,author,watanabe,10.1109/tvcg.2014.26,Getting the point across: Exploring the effects of dynamic virtual humans in an interactive museum exhibit on user perceptions,10.1109/tvcg.2014.26
R449e99d18,2,author,watanabe,10.3389/fpsyg.2015.01944,Electroencephalographic correlates of sensorimotor integration and embodiment during the appreciation of virtual architectural environments,10.3389/fpsyg.2015.01944
R60a715e34,1,author,kataoka,10.1016/j.chb.2016.12.059,"Real-life prosocial behavior decreases after being socially excluded by avatars, not agents",10.1016/j.chb.2016.12.059
R4bc07bad0,1,author,kataoka,10.1016/j.gaitpost.2016.04.006,Influence of virtual height exposure on postural reactions to support surface translations,10.1016/j.gaitpost.2016.04.006
R07affe7bd,2,author,watanabe,10.1093/gji/ggu030,Seismic source spectra and estimated stress drop derived from cohesive-zone models of circular subshear rupture,10.1093/gji/ggu030
Rdce2bd388,2,author,watanabe,10.3847/1538-4357/835/2/212,To the Edge of M87 and Beyond: Spectroscopy of Intracluster Globular Clusters and Ultracompact Dwarfs in the Virgo Cluster,10.3847/1538-4357/835/2/212
R47021732b,1,author,kataoka,10.3389/fnhum.2016.00329,Goal-directed movement enhances body representation updating,10.3389/fnhum.2016.00329
R92d72aa78,1,author,kataoka,10.1371/journal.pone.0144998,Intra-individual variability of surface electromyography in front crawl swimming,10.1371/journal.pone.0144998
Rf2cda315d,3,kataoka,watanabe,10.1016/j.rehab.2016.10.002,Bodily illusions and weight-related disorders: Clinical insights from experimental research,10.1016/j.rehab.2016.10.002
R02a50e6bb,2,author,watanabe,10.1016/j.vetmic.2016.03.002,Pathogenicity and genetic characteristics associated with cell adaptation of a virulent porcine reproductive and respiratory syndrome virus nsp2 DEL strain CA-2,10.1016/j.vetmic.2016.03.002
R0d9e9445c,2,author,watanabe,10.1007/s10111-012-0230-y,Interactive frames constructed in Second Life meetings: A study in educational and professional settings,10.1007/s10111-012-0230-y
Rddfdc9649,1,author,kataoka,10.1007/s40593-015-0065-9,"Face-to-Face Interaction with Pedagogical Agents, Twenty Years Later",10.1007/s40593-015-0065-9
R826385e37,2,author,watanabe,10.1177/0269215513509389,The effectiveness of virtual reality interventions in improving balance in adults with impaired balance compared with standard or no treatment: A systematic review and meta-analysis,10.1177/0269215513509389
R388e44a05,2,author,watanabe,10.1109/tlt.2015.2419253,Virtual Engineering Sciences Learning Lab: Giving STEM Education a Second Life,10.1109/tlt.2015.2419253
R51747d830,2,author,watanabe,10.5817/cp2012-3-3,Inside out: Avatars as an indirect measure of ideal body self-presentation in females,10.5817/cp2012-3-3
R6183132ac,2,author,watanabe,10.1145/1297846.1297849,Second life: The world's biggest programming environment,10.1145/1297846.1297849
Rde06aef81,1,author,kataoka,10.1007/s00421-009-1204-5,The effects of low-intensity resistance training with vascular restriction on leg muscle strength in older men,10.1007/s00421-009-1204-5
R4914c5df6,3,kataoka,watanabe,10.1177/0278364909101408,A force feedback teleoperated needle insertion device for percutaneous procedures,10.1177/0278364909101408
R3b8a25e6e,2,author,watanabe,10.1371/journal.pone.0068594,Welcome to Wonderland: The Influence of the Size and Shape of a Virtual Hand On the Perceived Size and Shape of Virtual Objects,10.1371/journal.pone.0068594
R027534a7f,3,kataoka,watanabe,10.1021/cb3001028,Rethinking molecular similarity: Comparing compounds on the basis of biological activity,10.1021/cb3001028
R21c5de1c5,3,kataoka,watanabe,10.1139/f09-141,Development of successful fish passage structures for downstream migrants requires knowledge of their behavioural response to accelerating flow,10.1139/f09-141
Re8385f04e,2,author,watanabe,10.1109/mra.2012.2201574,Artimetrics: Biometrics for artificial entities,10.1109/mra.2012.2201574
Rc0a6cd302,1,author,kataoka,10.1145/1866158.1866174,MovieReshape: Tracking and reshaping of humans in videos,10.1145/1866158.1866174
R95b270a9b,3,kataoka,watanabe,10.1109/mic.2008.106,Modeling healthcare logistics in a virtual world,10.1109/mic.2008.106
Ra8ad0038b,3,kataoka,watanabe,10.1016/j.gaitpost.2012.02.010,Influence of real and virtual heights on standing balance,10.1016/j.gaitpost.2012.02.010
Rf17e0b7c3,2,author,watanabe,10.1007/s11554-009-0141-1,IMMIView: A multi-user solution for design review in real-time,10.1007/s11554-009-0141-1
Rd3dc1c5ef,3,kataoka,watanabe,10.1016/j.compedu.2009.10.007,Interacting through avatars: Virtual worlds as a context for online education,10.1016/j.compedu.2009.10.007
R76731c296,1,author,kataoka,10.1175/mwr-d-12-00068.1,Observations of polarimetric signatures in supercells by an X-band mobile Doppler radar,10.1175/mwr-d-12-00068.1
R32f0f13a7,2,author,watanabe,10.1016/j.chb.2011.12.019,"Defining the virtual self: Personality, behavior, and the psychology of embodiment",10.1016/j.chb.2011.12.019
R765687fd4,2,author,watanabe,10.3109/10641963.2010.531848,Blood pressure and circulatory relationships with physical activity level in young normotensive individuals: IPAQ validity and reliability considerations,10.3109/10641963.2010.531848
R28c6e3441,3,kataoka,watanabe,10.2196/jmir.1917,"Using virtual reality to provide health care information to people with intellectual disabilities: Acceptability, usability, and potential utility",10.2196/jmir.1917
R1762e7c03,3,kataoka,watanabe,10.1073/pnas.1306779110,Illusory ownership of a virtual child body causes overestimation of object sizes and implicit attitude changes,10.1073/pnas.1306779110
R70b7b9509,3,kataoka,watanabe,10.1177/0018720811403736,Validating an efficient method to quantify motion sickness,10.1177/0018720811403736
Ra3f828c46,3,kataoka,watanabe,10.1103/physrevlett.100.043002,Many-body ionization in a frozen Rydberg gas,10.1103/physrevlett.100.043002
R461b135cb,2,author,watanabe,10.1007/s10055-010-0169-3,Human interactions and personal space in collaborative virtual environments,10.1007/s10055-010-0169-3
Rbf513f488,3,kataoka,watanabe,10.5697/oc.52-1.127,"Morphological, genetic, chemical and ecophysiological characterisation of two microcystis aeruginosa isolates from the Vistula Lagoon, southern Baltic",10.5697/oc.52-1.127
Rd024a5b51,1,author,kataoka,10.1016/j.apergo.2010.10.002,Postural stability effects of random vibration at the feet of construction workers in simulated elevation,10.1016/j.apergo.2010.10.002
Ra7d6fa1d9,2,author,watanabe,10.1016/j.bone.2008.08.131,High resolution computed tomography of the vertebrae yields accurate information on trabecular distances if processed by 3D fuzzy segmentation approaches,10.1016/j.bone.2008.08.131
Rb8cc40044,2,author,watanabe,10.1145/2447976.2447981,"Encouraging IT usage in future healthcare, quality in CS education",10.1145/2447976.2447981
Rdc90c09fc,1,author,kataoka,10.1371/journal.pone.0006488,Keeping in touch with one's self: Multisensory mechanisms of self-consciousness,10.1371/journal.pone.0006488
R7e3b6818f,1,author,kataoka,10.1371/journal.pone.0051921,Virtually Naked: Virtual Environment Reveals Sex-Dependent Nature of Skin Disclosure,10.1371/journal.pone.0051921
Re922ef3bb,3,kataoka,watanabe,10.1016/j.simpat.2008.04.006,Systemic modelling and computational physiology: The application of Bond Graph boundary conditions for 3D cardiovascular models,10.1016/j.simpat.2008.04.006
Rf3305b668,2,author,watanabe,10.1111/j.1365-2966.2010.17327.x,On the dynamics of planetesimals embedded in turbulent protoplanetary discs,10.1111/j.1365-2966.2010.17327.x
Reb1aec025,2,author,watanabe,10.1109/tvcg.2007.1068,Volumetric curved planar reformation for virtual endoscopy,10.1109/tvcg.2007.1068
R6d7c47448,3,kataoka,watanabe,10.1186/1758-2946-5-44,Visualizing chemical structure-subcellular localization relationships using fluorescent small molecules as probes of cellular transport,10.1186/1758-2946-5-44
R673101162,3,kataoka,watanabe,10.1016/s1049-250x(08)00011-6,"Interactions Between Thermal Ground or Excited Atoms in the Vapor Phase: Many-Body Dipole-Dipole Effects, Molecular Dissociation, and Photoassociation Probed By Laser Spectroscopy",10.1016/s1049-250x(08)00011-6
R7e086aa6e,3,kataoka,watanabe,10.1371/journal.pone.0050601,What Is an Attractive Body? Using an Interactive 3D Program to Create the Ideal Body for You and Your Partner,10.1371/journal.pone.0050601
R0ef2dec62,3,kataoka,watanabe,10.1371/journal.pone.0040867,Extending body space in immersive virtual reality: A very long arm illusion,10.1371/journal.pone.0040867
Re98e77bd6,3,kataoka,watanabe,10.1111/j.1469-7580.2010.01301.x,Combining geometric morphometrics and functional simulation: An emerging toolkit for virtual functional analyses,10.1111/j.1469-7580.2010.01301.x
R6e9738200,1,author,kataoka,10.1016/j.forsciint.2012.11.002,Virtual forensic anthropology: Novel applications of anthropometry and technology in a child death case,10.1016/j.forsciint.2012.11.002
R7aea39c75,1,author,kataoka,10.1016/j.chb.2011.09.015,Spatial proximity to others determines how humans inhabit virtual worlds,10.1016/j.chb.2011.09.015
R2d62a9e8b,3,kataoka,watanabe,10.1016/j.compmedimag.2007.10.006,Surface modeling-Uncertainty estimation and visualization,10.1016/j.compmedimag.2007.10.006
R3cd4e9473,2,author,watanabe,10.1111/j.1467-8535.2009.00950.x,Using Second Life in human resource development,10.1111/j.1467-8535.2009.00950.x
Rbfffb8e80,1,author,kataoka,10.1016/j.coal.2012.06.012,"BIB-SEM study of the pore space morphology in early mature Posidonia Shale from the Hils area, Germany",10.1016/j.coal.2012.06.012
R38cd0f204,3,kataoka,watanabe,10.1109/tpds.2007.1055,A latency-aware partitioning method for distributed virtual environment systems,10.1109/tpds.2007.1055
R5f1b8e756,2,author,watanabe,10.1186/1471-2105-14-s6-s2,Simulating the decentralized processes of the human immune system in a virtual anatomy model,10.1186/1471-2105-14-s6-s2
R51760e8da,3,kataoka,watanabe,10.1080/13506285.2013.840348,A behavioural experiment in virtual reality to verify the role of action function in space coding,10.1080/13506285.2013.840348
R278a7287d,3,kataoka,watanabe,10.1089/cyber.2009.0432,"Virtual social interactions in social anxiety - The impact of sex, gaze, and interpersonal distance",10.1089/cyber.2009.0432
Rd6b564fc9,2,author,watanabe,10.1109/tbme.2011.2165955,A multiscale framework based on the Physiome markup languages for exploring the initiation of osteoarthritis at the bone-cartilage interface,10.1109/tbme.2011.2165955
Ra8fd8954b,2,author,watanabe,10.1111/j.1467-8535.2009.00962.x,Socialisation for learning at a distance in a 3-D multi-user virtual environment,10.1111/j.1467-8535.2009.00962.x
R7ec7fb2ac,2,author,watanabe,10.1016/j.appet.2013.02.016,Emotional eating and food intake after sadness and joy,10.1016/j.appet.2013.02.016
Rdcb88c1e2,3,kataoka,watanabe,10.1109/tvcg.2012.216,Effects of stereo and screen size on the legibility of three-dimensional streamtube visualization,10.1109/tvcg.2012.216
R03e14cd53,1,author,kataoka,10.1016/j.compedu.2010.10.020,Educational virtual environments: A ten-year review of empirical research (1999-2009),10.1016/j.compedu.2010.10.020
R5cd176249,2,author,watanabe,10.1016/j.jesp.2008.03.003,Virtual prejudice,10.1016/j.jesp.2008.03.003
R04ae00987,2,author,watanabe,10.1007/s00414-007-0176-4,New method for height estimation of subjects represented in photograms taken from video surveillance systems,10.1007/s00414-007-0176-4
R52a7d0e46,1,author,kataoka,10.1089/dia.2013.0050,Effectiveness of virtual reality using video gaming technology in elderly adults with diabetes mellitus,10.1089/dia.2013.0050
R995d82790,1,author,kataoka,10.1371/journal.pone.0016128,Multisensory stimulation can induce an illusion of larger belly size in immersive virtual reality,10.1371/journal.pone.0016128
Rf7e4d2ea9,3,kataoka,watanabe,10.1016/j.jbiomech.2012.08.006,Effect of turning angle on falls caused by induced slips during turning,10.1016/j.jbiomech.2012.08.006
Rcb601f4a5,1,author,kataoka,10.1186/1743-0003-10-80,Altered steering strategies for goal-directed locomotion in stroke,10.1186/1743-0003-10-80
R5a8812f42,2,author,watanabe,10.1016/j.maturitas.2012.07.011,Participating in a virtual reality balance exercise program can reduce risk and fear of falls,10.1016/j.maturitas.2012.07.011
Rf3cc3140f,3,kataoka,watanabe,10.1146/annurev.clinpsy.032408.153538,Computer-aided psychological treatments: Evolving issues,10.1146/annurev.clinpsy.032408.153538
Re1db6f006,3,kataoka,watanabe,10.1098/rsta.2010.0067,Immunogrid: Towards agent-based simulations of the human immune system at a natural scale,10.1098/rsta.2010.0067
Rf72fc67d7,3,kataoka,watanabe,10.1386/jvap.10.1.83_1,How metaphor functions as a vehicle of thought: Creativity as a necessity for knowledge building and communication,10.1386/jvap.10.1.83_1
Rd1dbd65ec,3,kataoka,watanabe,10.1007/s10055-013-0222-0,Fast and stable simulation of virtual water scenes with interactions,10.1007/s10055-013-0222-0
R7aed93071,3,kataoka,watanabe,10.1177/193229681100500211,Extending the reach of health care for obesity and diabetes using virtual worlds,10.1177/193229681100500211
R2a194d9fd,3,kataoka,watanabe,10.1089/cyber.2009.0263,Virtual-reality distraction and cold-pressor pain tolerance: Does avatar point of view matter?,10.1089/cyber.2009.0263
Rc7436f955,3,kataoka,watanabe,10.1016/j.earlhumdev.2010.11.002,First trimester umbilical cord and vitelline duct measurements using virtual reality,10.1016/j.earlhumdev.2010.11.002
Re7e07ce79,3,kataoka,watanabe,10.1371/journal.pone.0033843,The feasibility and impact of delivering a mind-body intervention in a virtual world,10.1371/journal.pone.0033843
Rc2efa32b5,2,author,watanabe,10.1371/journal.pone.0048331,Beaming into the Rat World: Enabling Real-Time Interaction between Rat and Human Each at Their Own Scale,10.1371/journal.pone.0048331
R91dc8bdd0,2,author,watanabe,10.1016/j.compedu.2010.02.021,Fostering collaborative learning in Second Life: Metaphors and affordances,10.1016/j.compedu.2010.02.021
Rac0605348,3,kataoka,watanabe,10.1016/j.encep.2012.04.003,Self-perception and life satisfaction in video game addiction in young adolescents (11-14 years old); [Perception de soi et satisfaction de vie dans l'addiction aux jeux vidéo chez les jeunes adolescents (11-14 ans)],10.1016/j.encep.2012.04.003
R7c4df3de3,3,kataoka,watanabe,10.1098/rsif.2010.0634,The 'Goldilocks' effect: Preservation bias in vertebrate track assemblages,10.1098/rsif.2010.0634
Rb1220ccb9,2,author,watanabe,10.2527/jas.2008-1447,Clinical and pathological responses of pigs from two genetically diverse commercial lines to porcine reproductive and respiratory syndrome virus infection.,10.2527/jas.2008-1447
Ra6d558e77,2,author,watanabe,10.1016/j.cbpa.2011.06.005,Large-scale integrated super-computing platform for next generation virtual drug discovery,10.1016/j.cbpa.2011.06.005
R38078e4a5,1,author,kataoka,10.1111/1467-8659.00174,Modelling the Garden of Perfect Brightness,10.1111/1467-8659.00174
R7e1c6a64d,1,author,kataoka,10.1016/j.carpath.2004.12.003,Effects of the early administration of losartan on the functional and morphological aspects of postmyocardial infarction ventricular remodeling in rabbits,10.1016/j.carpath.2004.12.003
R78cb14f10,1,author,kataoka,T:virtual reality assisted interventional procedures,Virtual-reality-assisted interventional procedures,
R0d653b55b,3,kataoka,watanabe,10.1016/j.apergo.2006.12.007,The influence of virtual human model appearance on visual ergonomics posture evaluation,10.1016/j.apergo.2006.12.007
R79fe80440,2,author,watanabe,10.1016/s0950-5849(98)00070-6,Company-office system 'valentine' providing informal communication and personal space based on 3D virtual space and avatars,10.1016/s0950-5849(98)00070-6
Reb05cb793,2,author,watanabe,10.1518/001872098779591368,The influence of body movement on subjective presence in virtual environments,10.1518/001872098779591368
R0f0d918da,1,author,kataoka,10.1016/s0960-9822(02)01141-7,Virtual-reality techniques resolve the visual cues used by fruit flies to evaluate object distances,10.1016/s0960-9822(02)01141-7
R678352227,3,kataoka,watanabe,10.1016/j.chb.2004.10.041,Examining effective technology project leadership traits and behaviors,10.1016/j.chb.2004.10.041
R2ff5320f9,2,author,watanabe,10.1016/0378-3782(87)90078-8,Quantitative aspects of perinatal lung growth,10.1016/0378-3782(87)90078-8
Rbc19cd1da,2,author,watanabe,10.1016/s0010-4485(03)00113-1,Interactive examination of surface quality on car bodies,10.1016/s0010-4485(03)00113-1
Red1fff457,1,author,kataoka,10.1371/journal.pbio.0030171,Function of a fly motion-sensitive neuron matches eye movements during free flight,10.1371/journal.pbio.0030171
R5b1bb4979,3,kataoka,watanabe,10.1108/eum0000000006553,Virtual bodies and virtual spaces,10.1108/eum0000000006553
R313eec335,1,author,kataoka,10.1007/s10055-003-0116-7,Mediating the expression of emotion in educational collaborative virtual environments: An experimental study,10.1007/s10055-003-0116-7
R720055e93,2,author,watanabe,T:visually jnduced self inversion and levitation,Visually jnduced self inversion and levitation,
R651532cfd,3,kataoka,watanabe,10.1007/s10055-007-0074-6,Design evaluation and modification of mechanical systems in virtual environments,10.1007/s10055-007-0074-6
R26f09574e,3,kataoka,watanabe,10.1073/pnas.0307160101,The elements of draping,10.1073/pnas.0307160101
R5f5fedf0f,1,author,kataoka,10.1109/tvcg.2005.36,Warp sculpting,10.1109/tvcg.2005.36
Rc9dda8bf1,3,kataoka,watanabe,10.3748/wjg.v10.i8.1204,CT biliary cystoscopy of gallbladder polyps,10.3748/wjg.v10.i8.1204
R43a09d7e3,1,author,kataoka,10.1016/j.actaastro.2003.12.017,Spacecraft charging due to lack of neutralization on ion thrusters,10.1016/j.actaastro.2003.12.017
R0b2a4c5b3,3,kataoka,watanabe,10.1111/j.1083-6101.2000.tb00349.x,Isn't that spatial?: Distance and communication in a 2-D virtual environment,10.1111/j.1083-6101.2000.tb00349.x
R32de13b07,3,kataoka,watanabe,10.1016/j.aquatox.2004.04.009,"Mechanistic analysis of acute, Ni-induced respiratory toxicity in the rainbow trout (Oncorhynchus mykiss): An exclusively branchial phenomenon",10.1016/j.aquatox.2004.04.009
Rd610c756f,3,kataoka,watanabe,10.1518/0018720054679506,Height effects in real and virtual environments,10.1518/0018720054679506
R1850e46bd,3,kataoka,watanabe,10.1037/0033-3204.40.1-2.55,Virtual reality for psychotherapy: Current reality and future possibilities,10.1037/0033-3204.40.1-2.55
R89eda5c6b,2,author,watanabe,10.1108/17415650480000025,A VR-based shared web system for distance education,10.1108/17415650480000025
Rce423c46c,3,kataoka,watanabe,10.1112/jlms/s2-27.3.525,Estimating the sizes of convex bodies from projections,10.1112/jlms/s2-27.3.525
R0026ef66c,3,kataoka,watanabe,10.1016/s0043-1648(97)00197-x,Three-body abrasive wear of composite coatings in dry and wet environments,10.1016/s0043-1648(97)00197-x
R3478b19be,1,author,kataoka,10.1016/j.bjps.2005.10.025,Three-dimensional recording of the human face with a 3D laser scanner,10.1016/j.bjps.2005.10.025
Re2a283962,1,author,kataoka,10.1021/ci050185z,"Considerations in compound database preparation-""Hidden"" impact on virtual screening results",10.1021/ci050185z
R2a7507245,1,author,kataoka,10.1016/s8756-3282(96)00229-3,"The effect on bone mass and bone markers of different doses of ibandronate: A new bisphosphonate for prevention and treatment of postmenopausal osteoporosis: A 1-year, randomized, double-blind, placebo-controlled dose-finding study",10.1016/s8756-3282(96)00229-3
R9c1c38980,2,author,watanabe,10.1111/j.1467-8659.2006.00982.x,Virtual garments: A fully geometric approach for clothing design,10.1111/j.1467-8659.2006.00982.x
R40ad854f3,2,author,watanabe,10.1258/135763304773391486,Distance training for the restoration of motor function,10.1258/135763304773391486
Ra495c9e81,2,author,watanabe,10.1016/j.cad.2007.01.011,Using haptic feedback as an aid in the design of passive mechanisms,10.1016/j.cad.2007.01.011
R5944b3782,3,kataoka,watanabe,10.1016/j.forsciint.2006.08.024,"Application of 3D documentation and geometric reconstruction methods in traffic accident analysis: With high resolution surface scanning, radiological MSCT/MRI scanning and real data based animation",10.1016/j.forsciint.2006.08.024
Rd53ae2e3f,3,kataoka,watanabe,10.1016/j.compind.2005.02.002,An online ergonomic evaluator for 3D product design,10.1016/j.compind.2005.02.002
Rba2ecbb50,3,kataoka,watanabe,T:scalable transmission of avatar video streams in virtual environments,Scalable transmission of avatar video streams in virtual environments,
R9bf6e0b39,3,kataoka,watanabe,10.1177/0146167203029007002,Interpersonal distance in immersive virtual environments,10.1177/0146167203029007002
Rd218a66ce,2,author,watanabe,10.1038/s44184-026-00221-6,Reshaping restriction: virtual embodiment modulates eating biases in anorexia nervosa,10.1038/s44184-026-00221-6
Rc49611ba4,2,author,watanabe,10.1186/s12877-026-07282-4,Effects of a virtual reality–based multimodal training program on cognitive and physical functions in community-dwelling adults aged 60 years and older: a randomized pre–post controlled study,10.1186/s12877-026-07282-4
Rf4ef54b0c,3,kataoka,watanabe,10.1016/j.chb.2026.109036,"Avatars, embodiment, and virtual engagement: A large-scale study with young adults in Germany and the United States",10.1016/j.chb.2026.109036
Rbf6ceaeaf,1,author,kataoka,10.1007/s10055-026-01368-5,Virtual reality alters perceived functional body size,10.1007/s10055-026-01368-5
Reb4f4af27,2,author,watanabe,10.1002/acp.70234,Beyond Immersion: A System-Level Topological Stitching Model for Virtual Reality Place Reconstruction,10.1002/acp.70234
R600653ebc,3,kataoka,watanabe,10.1061/jcemd4.coeng-17949,Impact of Age on Cognitive States Influencing Falling from Heights in High-Altitude Construction: Evidence from a Virtual Reality and Electroencephalogram Study,10.1061/jcemd4.coeng-17949
Rb3ab1ad53,2,author,watanabe,10.1007/s00426-026-02291-9,Visual attention towards virtual humans as a function of spatial distance and emotional expression: an eye-tracking study,10.1007/s00426-026-02291-9
R4bd1c2be9,1,author,kataoka,10.3390/bs16060865,Can Virtual Reality Change Minds?,10.3390/bs16060865
Rde0258040,3,kataoka,watanabe,10.3389/fpsyg.2026.1792669,An examination of the psychological mechanisms underlying the social existence and cognitive investment of college students in an online learning environment,10.3389/fpsyg.2026.1792669
R7242d0525,2,author,watanabe,10.3389/fpsyg.2026.1753676,From awe to anxiety: investigating art-induced self-transcendence using virtual reality,10.3389/fpsyg.2026.1753676
R8e023ddd5,2,author,watanabe,10.17743/jaes.2022.0260,Evaluation and Prediction of Perceived Naturalness for Source Directivity With a Visible Virtual Source,10.17743/jaes.2022.0260
R9ee5e8360,2,author,watanabe,10.1111/dme.70383,Piloting an immersive virtual reality 3D self-management education experience for adults with type 1 and type 2 diabetes mellitus: A qualitative study,10.1111/dme.70383
R52ad50380,2,author,watanabe,10.3390/s26020372,A Waist-Mounted Interface for Mobile Viewpoint-Height Transformation Affecting Spatial Perception,10.3390/s26020372
R0cd2ef104,3,kataoka,watanabe,10.1177/14614448251413691,Perceived realism in VR as a multifaceted concept: Insights from interviews and focus groups with experts and non-experts,10.1177/14614448251413691
R7f9622f65,2,author,watanabe,10.1080/10615806.2026.2692913,"Anxiety predicts anticipatory emotional states, whereas fear predicts immediate responses: psychophysiological evidence from a virtual reality study",10.1080/10615806.2026.2692913
R3a9efbbbd,1,author,kataoka,10.1177/13684302261445342,Reducing Implicit Prejudice Through Virtual Reality: The Impact of Partial Embodiment and Positive vs. Basic Intergroup Contact,10.1177/13684302261445342
Rf4951c084,3,kataoka,watanabe,10.3389/fnagi.2026.1746016,"Distinct aging-related profiles of allocentric knowledge recall following navigation in an immersive, naturalistic, city-like environment",10.3389/fnagi.2026.1746016
Rc467887da,2,author,watanabe,10.1123/jpah.2024-0571,Weight-Inclusive Physical Activity: A Systematic Evaluation of Virtual Resources,10.1123/jpah.2024-0571
R8174bc989,2,author,watanabe,10.1007/s12369-024-01152-y,Intuitive and Interactive Robotic Avatar System for Tele-Existence: TEAM SNU in the ANA Avatar XPRIZE Finals,10.1007/s12369-024-01152-y
R9d32c291f,2,author,watanabe,10.57019/jmv.1639701,"Metaverse Support Groups for LGBTQ+ Youth: An Observational Study on Safety, Self-Expression, and Early Intervention",10.57019/jmv.1639701
R880b794fe,2,author,watanabe,10.1080/13506285.2026.2669902,When left is right: The perception of the action capabilities of mirrored hands,10.1080/13506285.2026.2669902
R6028007cb,2,author,watanabe,10.1556/2006.2024.00059,From active escapism to virtual withdrawal: Validation of the Compensatory-Dissociative Online Gaming scales (C-DOGs),10.1556/2006.2024.00059
R18c3edd1e,3,kataoka,watanabe,10.1371/journal.pcbi.1012529,Just-in-time: Gaze guidance in natural behavior,10.1371/journal.pcbi.1012529
R4c3a8f797,3,kataoka,watanabe,10.32609/0042-8736-2024-4-148-158,Paradoxes of the digital ruble implementation in monetary turnover,10.32609/0042-8736-2024-4-148-158
Rf37ff0853,2,author,watanabe,10.1038/s41598-023-41042-3,Empathic embarrassment towards non-human agents in virtual environments,10.1038/s41598-023-41042-3
R518b1f4ea,2,author,watanabe,10.1007/s12144-022-03082-2,"No faces, just body movements—Effects of perceived emotional valence of body kinetics and psychological factors on interpersonal distance behavior within an immersive virtual environment",10.1007/s12144-022-03082-2
R218d91dbb,3,kataoka,watanabe,10.1016/j.heliyon.2023.e17916,A novel approach in predicting virtual garment fitting sizes with psychographic characteristics and 3D body measurements using artificial neural network and visualizing fitted bodies using generative adversarial network,10.1016/j.heliyon.2023.e17916
R5f5abee1a,2,author,watanabe,10.1037/tmb0000024,Racial Embodiment in Virtual Environments for Facilitating Students’ Understanding of Racism,10.1037/tmb0000024
Re7b90f84d,1,author,kataoka,10.3389/feduc.2023.1179684,"Gamified dances, digital and socio-emotional skills in collaborative virtual environments of university students surviving the Covid-19 virus",10.3389/feduc.2023.1179684
Raaaea24ec,3,kataoka,watanabe,10.3390/ijerph192316164,Examining Learning Experience and Satisfaction of Accounting Students in Higher Education before and amid COVID-19,10.3390/ijerph192316164
R3dfe61f94,2,author,watanabe,10.1007/s00426-021-01609-z,"The effect of visually manipulating back size and morphology on back perception, body ownership, and attitudes towards self-capacity during a lifting task",10.1007/s00426-021-01609-z
R9f3647095,3,kataoka,watanabe,10.3389/frvir.2021.656788,Experimental Induction of Micro- and Macrosomatognosia: A Virtual Hand Illusion Study,10.3389/frvir.2021.656788
R5cf20a82b,1,author,kataoka,10.1371/journal.pone.0232290,The relationship between the body and the environment in the virtual world: The interpupillary distance affects the body size perception,10.1371/journal.pone.0232290
Rca66392d9,3,kataoka,watanabe,10.1016/j.psychres.2018.12.106,Fear reactivity to head-mounted display perceptual illusion challenges is associated with suicidality,10.1016/j.psychres.2018.12.106
R6e3a5fc9d,1,author,kataoka,10.1016/j.actpsy.2018.12.009,The shape of personal space,10.1016/j.actpsy.2018.12.009
R7c79e0395,1,author,kataoka,10.1038/s41598-018-28487-7,Repetitive transcranial magnetic stimulation reveals a causal role of the human precuneus in spatial updating,10.1038/s41598-018-28487-7
Rddf81debb,1,author,kataoka,10.1038/s41598-018-25951-2,Illusory body ownership of an invisible body interpolated between virtual hands and feet via visual-motor synchronicity /631/378/2649/1723 /631/477/2811 article,10.1038/s41598-018-25951-2
R39146ea5f,3,kataoka,watanabe,10.1177/0956797618795679,Mind the Depth: Visual Perception of Shapes Is Better in Peripersonal Space,10.1177/0956797618795679
Rfd5b5249c,3,kataoka,watanabe,10.1016/j.autcon.2018.01.008,Teleyes: A telepresence system based on stereoscopic vision and head motion tracking,10.1016/j.autcon.2018.01.008
R07fffb87e,3,kataoka,watanabe,10.1007/s13369-016-2411-0,DCCD: Distributed N-Body Rigid Continuous Collision Detection for Large-Scale Virtual Environments,10.1007/s13369-016-2411-0
R0538016cd,1,author,kataoka,10.1177/0735633115626881,Evaluation of a motion-based platform for practicing phonological awareness of preschool children,10.1177/0735633115626881
Rad9882bec,2,author,watanabe,10.1515/sem-2016-0049,Size and shape depictions in the manual modality: A taxonomy of iconic devices in Adamorobe Sign Language,10.1515/sem-2016-0049
R3261bd194,2,author,watanabe,10.3389/fpsyg.2015.01343,Soccer athletes are superior to non-athletes at perceiving soccer-specific and non-sport specific human biological motion,10.3389/fpsyg.2015.01343
R968119ce3,1,author,kataoka,10.3389/fpsyg.2015.00216,Sequential egocentric navigation and reliance on landmarks in Williams syndrome and typical development,10.3389/fpsyg.2015.00216
R6a2fd3b6b,2,author,watanabe,10.1111/desc.12176,Egocentric and allocentric navigation strategies in Williams syndrome and typical development,10.1111/desc.12176
Ra62141e5e,1,author,kataoka,10.1002/ar.23046,Breathing Life Into Dinosaurs: Tackling Challenges of Soft-Tissue Restoration and Nasal Airflow in Extinct Species,10.1002/ar.23046
R7392f8ec8,3,kataoka,watanabe,10.1039/c3fd00123g,A real-time proximity querying algorithm for haptic-based molecular docking,10.1039/c3fd00123g
R187b7e797,1,author,kataoka,10.2196/games.3260,Diabetes island: Preliminary impact of a virtual world self-care educational intervention for african americans with type 2 diabetes,10.2196/games.3260
R36d0a0077,2,author,watanabe,10.1371/journal.pone.0085773,Illusory changes in body size modulate body satisfaction in a way that is related to non-clinical eating disorder psychopathology,10.1371/journal.pone.0085773
R116852789,3,kataoka,watanabe,10.1016/j.jnca.2013.08.011,Reducing view inconsistency by predicting avatars' motion in multi-server distributed virtual environments,10.1016/j.jnca.2013.08.011
R9e808a10f,2,author,watanabe,10.1108/13685201211194745,An analysis of money laundering and terrorism financing typologies,10.1108/13685201211194745
R620045c6c,2,author,watanabe,10.1108/09593841111109404,Do avatars dream of electronic picket lines?: The blurring of work and play in virtual environments,10.1108/09593841111109404
Reee35f363,1,author,kataoka,10.3758/s13423-011-0134-5,Object-centered reference systems and human spatial memory,10.3758/s13423-011-0134-5
R105725908,2,author,watanabe,10.1177/0093650208330254,The proteus effect: Implications of transformed digital self-representation on online and offline behavior,10.1177/0093650208330254
R5a758d714,2,author,watanabe,10.1111/j.1468-2958.2007.00299.x,The proteus effect: The effect of transformed self-representation on behavior,10.1111/j.1468-2958.2007.00299.x
R65818e549,1,author,kataoka,10.1007/s00146-005-0028-z,Should remote collaborators be represented by avatars? A matter of common ground for collective medical decision-making,10.1007/s00146-005-0028-z
R71741ef46,2,author,watanabe,10.1016/j.intell.2005.09.005,Spatial abilities at different scales: Individual differences in aptitude-test performance and spatial-layout learning,10.1016/j.intell.2005.09.005
