normalized_key,original_entries,ranks,key_kinds,affected_records_in_our_data,data_venue_examples,current_match_target,priority_flag,rank_conflict
acm applied perception,[CORE:norm_title] ACM Symposium on Applied Perception | [SJR:norm_title] ACM Transactions on Applied Perception,CORE B | SJR Q2,norm_title,93,ACM Transactions on Applied Perception (x49) | Proceedings of the ACM Symposium on Applied Perception (x14) | ACM Symposium on Applied Perception 2023 (x7),[CORE B] ACM Symposium on Applied Perception,HIGH,
applied sciences,[SJR:norm_title] Applied Sciences (Switzerland) | [SJR:norm_title] Applied Sciences,SJR Q2 | SJR Q4,norm_title,19,Applied Sciences (Switzerland) (x19),[SJR Q4] Applied Sciences,HIGH,
sensors,[SJR:norm_title] Sensors International | [SJR:norm_title] Sensors | [SJR:norm_title] Journal of Sensors,SJR Q1 | SJR Q1 | SJR Q2,norm_title,19,"Sensors (x14) | Sensors (Switzerland) (x4) | Sensors (Basel, Switzerland) (x1)",[SJR Q2] Journal of Sensors,HIGH,Y
image graphics,[CORE:norm_title] International Conference on Image and Graphics | [SJR:norm_title] Journal of Image and Graphics (United Kingdom) | [SJR:norm_title] International Journal of Image and Graphics | [SJR:norm_title] Journal of Image and Graphics,CORE National: China | SJR Q3 | SJR Q3 | SJR Q3,norm_title,12,Journal of Image and Graphics (x9) | International Journal of Image and Graphics (x2) | Journal of Image and Graphics (United Kingdom) (x1),[CORE National: China] International Conference on Image and Graphics,HIGH,
acm ieee human robot interaction,[CORE:norm_title] ACM/IEEE International Conference on Human-Robot Interaction | [SJR:norm_title] ACM/IEEE International Conference on Human-Robot Interaction,CORE A* | SJR -,norm_title,11,Proceedings of the 2024 ACM/IEEE International Conference on Human-Robot Interaction (x3) | 2025 20th ACM/IEEE international conference on human-robot interaction (HRI) (x2) | 2018 13th ACM/IEEE international conference on human-robot interaction (HRI) (x1),[CORE A*] ACM/IEEE International Conference on Human-Robot Interaction,HIGH,Y
artificial intelligence education,[CORE:norm_title] International Conference on Artificial Intelligence in Education | [SJR:norm_title] International Journal of Artificial Intelligence in Education,CORE A | SJR Q1,norm_title,10,Proceedings of the 2025 4th International Conference on Artificial Intelligence and Education (x4) | Proceedings of the 2024 3rd International Conference on Artificial Intelligence and Education (x3) | International Journal of Artificial Intelligence in Education (x2),[CORE A] International Conference on Artificial Intelligence in Education,HIGH,
ieee multimedia,[CORE:norm_title] IEEE International Symposium on Multimedia | [SJR:norm_title] IEEE Transactions on Multimedia | [SJR:norm_title] IEEE Multimedia,CORE C | SJR Q1 | SJR Q1,norm_title,10,IEEE Transactions on Multimedia (x8) | 2016 IEEE international symposium on multimedia (ISM) (x1) | IEEE MultiMedia (x1),[CORE C] IEEE International Symposium on Multimedia,HIGH,Y
medicina,[SJR:norm_title] Medicina (Lithuania) | [SJR:norm_title] Medicina (Buenos Aires) | [SJR:norm_title] Medicina (Brazil),SJR Q2 | SJR Q4 | SJR Q4,norm_title,10,Medicina (Lithuania) (x7) | Medicina (x2) | Medicina (Brazil) (x1),[SJR Q4] Medicina (Brazil),HIGH,
vision,[SJR:norm_title] Journal of Vision | [SJR:norm_title] Vision (Switzerland) | [SJR:norm_title] Vision,SJR Q2 | SJR Q2 | SJR Q3,norm_title,10,Journal of Vision (x10),[SJR Q3] Vision,HIGH,
neurology,[SJR:norm_title] Neurology | [SJR:norm_title] Journal of Neurology | [SJR:norm_title] Neurology International,SJR Q1 | SJR Q1 | SJR Q2,norm_title,9,Journal of Neurology (x6) | Neurology (x2) | Neurology International (x1),[SJR Q2] Neurology International,HIGH,Y
physiotherapy,[SJR:norm_title] Journal of Physiotherapy | [SJR:norm_title] Physiotherapy (United Kingdom),SJR Q1 | SJR Q1,norm_title,9,Physiotherapy (United Kingdom) (x7) | Journal of Physiotherapy (x1) | Physiotherapy (x1),[SJR Q1] Physiotherapy (United Kingdom),HIGH,
biomechanics,[SJR:norm_title] Journal of Biomechanics | [SJR:norm_title] Biomechanics (Switzerland) | [SJR:norm_title] International Biomechanics,SJR Q1 | SJR Q3 | SJR Q3,norm_title,8,Journal of Biomechanics (x8),[SJR Q3] International Biomechanics,HIGH,Y
electronics,[SJR:norm_title] Electronics (Switzerland) | [SJR:norm_title] International Journal of Electronics | [SJR:norm_title] Electronics,SJR Q2 | SJR Q3 | SJR Q4,norm_title,8,Electronics (Switzerland) (x8),[SJR Q4] Electronics,HIGH,
neurological sciences,[SJR:norm_title] Journal of the Neurological Sciences | [SJR:norm_title] Neurological Sciences,SJR Q1 | SJR Q1,norm_title,8,Neurological Sciences (x5) | Journal of the Neurological Sciences (x2) | Journal of the neurological sciences (x1),[SJR Q1] Neurological Sciences,HIGH,
pain,[SJR:norm_title] Pain | [SJR:norm_title] Journal of Pain,SJR Q1 | SJR Q1,norm_title,8,Pain (x4) | Journal of Pain (x4),[SJR Q1] Journal of Pain,HIGH,
stroke,[SJR:norm_title] Stroke | [SJR:norm_title] Journal of Stroke | [SJR:norm_title] International Journal of Stroke,SJR Q1 | SJR Q1 | SJR Q1,norm_title,8,Stroke (x6) | Journal of Stroke (x1) | International Journal of Stroke (x1),[SJR Q1] International Journal of Stroke,HIGH,
cognition,[SJR:norm_title] Cognition | [SJR:norm_title] Journal of Cognition,SJR Q1 | SJR Q1,norm_title,7,Cognition (x7),[SJR Q1] Journal of Cognition,HIGH,
frontiers medicine,[SJR:norm_title] Frontiers of Medicine | [SJR:norm_title] Frontiers in Medicine,SJR Q1 | SJR Q1,norm_title,7,Frontiers in Medicine (x6) | Frontiers in medicine (x1),[SJR Q1] Frontiers in Medicine,HIGH,
personalized medicine,[SJR:norm_title] Journal of Personalized Medicine | [SJR:norm_title] Personalized Medicine,SJR Q1 | SJR Q3,norm_title,7,Journal of Personalized Medicine (x7),[SJR Q3] Personalized Medicine,HIGH,Y
medicine,[SJR:norm_title] Medicine (United States) | [SJR:norm_title] Medicine (United Kingdom) | [SJR:norm_title] Journal of Medicine (Bangladesh) | [SJR:norm_title] Medicine (Spain),SJR Q2 | SJR Q4 | SJR Q4 | SJR Q4,norm_title,6,Medicine (United States) (x6),[SJR Q4] Medicine (Spain),HIGH,
psychological research,[SJR:norm_title] Psychological Research | [SJR:norm_title] International Journal of Psychological Research,SJR Q1 | SJR Q3,norm_title,6,Psychological Research (x5) | Psychological research (x1),[SJR Q3] International Journal of Psychological Research,HIGH,Y
eating disorders,[SJR:norm_title] Journal of Eating Disorders | [SJR:norm_title] International Journal of Eating Disorders | [SJR:norm_title] Eating Disorders,SJR Q1 | SJR Q1 | SJR Q1,norm_title,5,International Journal of Eating Disorders (x4) | Journal of eating disorders (x1),[SJR Q1] Eating Disorders,HIGH,
gerontology,[SJR:norm_title] Gerontology | [SJR:norm_title] International Journal of Gerontology,SJR Q2 | SJR Q4,norm_title,5,Gerontology (x5),[SJR Q4] International Journal of Gerontology,HIGH,
ieee image processing,[CORE:norm_title] IEEE International Conference on Image Processing | [SJR:norm_title] IEEE Transactions on Image Processing,CORE B | SJR Q1,norm_title,5,IEEE Transactions on Image Processing (x3) | 2016 IEEE international conference on image processing (ICIP) (x1) | 2018 25th IEEE international conference on image processing (ICIP) (x1),[CORE B] IEEE International Conference on Image Processing,HIGH,Y
movement disorders,[SJR:norm_title] Movement Disorders | [SJR:norm_title] Journal of Movement Disorders,SJR Q1 | SJR Q2,norm_title,5,Movement Disorders (x5),[SJR Q2] Journal of Movement Disorders,HIGH,Y
neurophysiology,[SJR:norm_title] Journal of Neurophysiology | [SJR:norm_title] Neurophysiology,SJR Q2 | SJR Q4,norm_title,5,Journal of Neurophysiology (x4) | Journal of neurophysiology (x1),[SJR Q4] Neurophysiology,HIGH,
arthroplasty,[SJR:norm_title] Journal of Arthroplasty | [SJR:norm_title] Arthroplasty,SJR Q1 | SJR Q1,norm_title,4,Journal of Arthroplasty (x4),[SJR Q1] Arthroplasty,HIGH,
computers education,[CORE:norm_title] International Conference on Computers in Education | [SJR:norm_title] Computers and Education | [SJR:norm_title] Journal of Computers in Education,CORE C | SJR Q1 | SJR Q1,norm_title,4,Computers and Education (x4),[CORE C] International Conference on Computers in Education,HIGH,Y
healthcare,[SJR:norm_title] Healthcare (Switzerland) | [SJR:norm_title] Healthcare,SJR Q1 | SJR Q2,norm_title,4,Healthcare (Switzerland) (x4),[SJR Q2] Healthcare,HIGH,Y
human computer interaction,[SJR:norm_title] International Journal of Human-Computer Interaction | [SJR:norm_title] Human-Computer Interaction,SJR Q1 | SJR Q2,norm_title,4,International Journal of Human-Computer Interaction (x4),[SJR Q2] Human-Computer Interaction,HIGH,Y
ieee automation science engineering,[SJR:norm_title] IEEE Transactions on Automation Science and Engineering | [SJR:norm_title] IEEE International Conference on Automation Science and Engineering,SJR Q1 | SJR -,norm_title,4,IEEE Transactions on Automation Science and Engineering (x2) | 2018 IEEE 14th international conference on automation science and engineering (CASE) (x1) | 2023 IEEE 19th international conference on automation science and engineering (CASE) (x1),[SJR -] IEEE International Conference on Automation Science and Engineering,HIGH,Y
ieee computer vision,[CORE:norm_title] IEEE International Conference on Computer Vision | [SJR:norm_title] Proceedings of the IEEE International Conference on Computer Vision,CORE A* | SJR -,norm_title,4,Proceedings of the IEEE International Conference on Computer Vision (x3) | 2009 IEEE 12th international conference on computer vision (x1),[CORE A*] IEEE International Conference on Computer Vision,HIGH,Y
machine learning research,[SJR:norm_title] Journal of Machine Learning Research | [SJR:norm_title] Proceedings of Machine Learning Research | [SJR:norm_title] Transactions on Machine Learning Research,SJR Q1 | SJR - | SJR Q2,norm_title,4,Proceedings of Machine Learning Research (x4),[SJR Q2] Transactions on Machine Learning Research,HIGH,Y
medical physics,[SJR:norm_title] Medical Physics | [SJR:norm_title] Journal of Medical Physics,SJR Q1 | SJR Q3,norm_title,4,Medical Physics (x3) | Medical physics (x1),[SJR Q3] Journal of Medical Physics,HIGH,Y
neuroscience,[SJR:norm_title] Journal of Neuroscience | [SJR:norm_title] Neuroscience | [SJR:norm_title] International Journal of Neuroscience,SJR Q1 | SJR Q2 | SJR Q3,norm_title,4,Neuroscience (x4),[SJR Q3] International Journal of Neuroscience,HIGH,Y
obesity,[SJR:norm_title] Obesity | [SJR:norm_title] International Journal of Obesity | [SJR:norm_title] Journal of Obesity,SJR Q1 | SJR Q1 | SJR Q1,norm_title,4,International Journal of Obesity (x2) | International journal of obesity (2005) (x2),[SJR Q1] Journal of Obesity,HIGH,
pattern recognition,[CORE:norm_title] International Conference on Pattern Recognition | [SJR:norm_title] Pattern Recognition,CORE B | SJR Q1,norm_title,4,2018 24th international conference on pattern recognition (ICPR) (x2) | 2002 international conference on pattern recognition (x1) | Pattern Recognition (x1),[CORE B] International Conference on Pattern Recognition,HIGH,Y
control automation systems,"[SJR:norm_title] International Journal of Control, Automation and Systems | [SJR:norm_title] International Conference on Control, Automation and Systems",SJR Q2 | SJR -,norm_title,3,"2024 24th international conference on control, automation and systems (ICCAS) (x1) | 2013 13th international conference on control, automation and systems (ICCAS 2013) (x1) | International Conference on Control, Automation and Systems (x1)","[SJR -] International Conference on Control, Automation and Systems",HIGH,
experimental psychology,[SJR:norm_title] Experimental Psychology | [SJR:norm_title] Experimental Psychology (Russia),SJR Q1 | SJR Q3,norm_title,3,Experimental Psychology (Russia) (x2) | Experimental Psychology (x1),[SJR Q3] Experimental Psychology (Russia),HIGH,Y
frontiers computer science,[SJR:norm_title] Frontiers of Computer Science | [SJR:norm_title] Frontiers in Computer Science,SJR Q1 | SJR Q2,norm_title,3,Frontiers in Computer Science (x3),[SJR Q2] Frontiers in Computer Science,HIGH,Y
ieee computer society computer vision pattern recognition,[SJR:norm_title] Proceedings of the IEEE Computer Society Conference on Computer Vision and Pattern Recognition | [SJR:norm_title] IEEE Computer Society Conference on Computer Vision and Pattern Recognition Workshops,SJR - | SJR -,norm_title,3,Proceedings of the IEEE Computer Society Conference on Computer Vision and Pattern Recognition (x2) | Proceedings of IEEE computer society conference on computer vision and pattern recognition (x1),[SJR -] IEEE Computer Society Conference on Computer Vision and Pattern Recognition Workshops,HIGH,
ieee wireless communications,[SJR:norm_title] IEEE Wireless Communications | [SJR:norm_title] IEEE Transactions on Wireless Communications,SJR Q1 | SJR Q1,norm_title,3,IEEE Transactions on Wireless Communications (x2) | IEEE Wireless Communications (x1),[SJR Q1] IEEE Transactions on Wireless Communications,HIGH,
information technology,[SJR:norm_title] Journal of Information Technology | [SJR:norm_title] International Journal of Information Technology (Singapore),SJR Q1 | SJR Q1,norm_title,3,2008 1st international conference on information technology (x1) | 2024 28th international conference on information technology (IT) (x1) | 2010 international symposium on information technology (x1),[SJR Q1] International Journal of Information Technology (Singapore),HIGH,
urology,[SJR:norm_title] Journal of Urology | [SJR:norm_title] International Journal of Urology | [SJR:norm_title] Urology,SJR Q1 | SJR Q2 | SJR Q2,norm_title,3,Urology (x3),[SJR Q2] Urology,HIGH,Y
advanced manufacturing technology,[SJR:norm_title] International Journal of Advanced Manufacturing Technology | [SJR:norm_title] Journal of Advanced Manufacturing Technology,SJR Q1 | SJR Q4,norm_title,2,Journal of Advanced Manufacturing Technology (x1) | International Journal of Advanced Manufacturing Technology (x1),[SJR Q4] Journal of Advanced Manufacturing Technology,HIGH,Y
alzheimer s disease,[SJR:norm_title] International Journal of Alzheimer's Disease | [SJR:norm_title] Journal of Alzheimer's Disease,SJR Q1 | SJR Q1,norm_title,2,Journal of Alzheimer's Disease (x2),[SJR Q1] Journal of Alzheimer's Disease,HIGH,
artificial organs,[SJR:norm_title] Artificial Organs | [SJR:norm_title] Journal of Artificial Organs | [SJR:norm_title] International Journal of Artificial Organs,SJR Q2 | SJR Q3 | SJR Q3,norm_title,2,Artificial Organs (x1) | International Journal of Artificial Organs (x1),[SJR Q3] International Journal of Artificial Organs,HIGH,
chemical physics,[SJR:norm_title] Journal of Chemical Physics | [SJR:norm_title] Chemical Physics,SJR Q1 | SJR Q2,norm_title,2,Journal of Chemical Physics (x1) | The Journal of chemical physics (x1),[SJR Q2] Chemical Physics,HIGH,Y
clinical neurophysiology,[SJR:norm_title] Clinical Neurophysiology | [SJR:norm_title] Journal of Clinical Neurophysiology,SJR Q1 | SJR Q3,norm_title,2,Clinical Neurophysiology (x2),[SJR Q3] Journal of Clinical Neurophysiology,HIGH,Y
cognitive neuroscience,[SJR:norm_title] Journal of Cognitive Neuroscience | [SJR:norm_title] Cognitive Neuroscience,SJR Q1 | SJR Q4,norm_title,2,Journal of Cognitive Neuroscience (x2),[SJR Q4] Cognitive Neuroscience,HIGH,Y
environmental research,[SJR:norm_title] Environmental Research | [SJR:norm_title] International Journal of Environmental Research,SJR Q1 | SJR Q2,norm_title,2,Environmental research (x2),[SJR Q2] International Journal of Environmental Research,HIGH,Y
heart,[SJR:norm_title] Heart | [SJR:norm_title] Heart International,SJR Q1 | SJR Q2,norm_title,2,Heart (x1) | Heart International (x1),[SJR Q2] Heart International,HIGH,Y
ieee industrial electronics,[SJR:norm_title] IEEE Transactions on Industrial Electronics | [SJR:norm_title] IEEE International Symposium on Industrial Electronics,SJR Q1 | SJR -,norm_title,2,IEEE Transactions on Industrial Electronics (x2),[SJR -] IEEE International Symposium on Industrial Electronics,HIGH,Y
ieee industrial informatics,[CORE:norm_title] IEEE International Conference on Industrial Informatics | [SJR:norm_title] IEEE Transactions on Industrial Informatics | [SJR:norm_title] IEEE International Conference on Industrial Informatics (INDIN),CORE C | SJR Q1 | SJR -,norm_title,2,IEEE Transactions on Industrial Informatics (x2),[CORE C] IEEE International Conference on Industrial Informatics,HIGH,Y
ieee security privacy,[CORE:norm_title] IEEE Symposium on Security and Privacy | [SJR:norm_title] IEEE Security and Privacy,CORE A* | SJR Q1,norm_title,2,2023 IEEE symposium on security and privacy (SP) (x1) | 2025 IEEE symposium on security and privacy (SP) (x1),[CORE A*] IEEE Symposium on Security and Privacy,HIGH,
interactions,[SJR:norm_title] International Interactions | [SJR:norm_title] Interactions | [SJR:norm_title] Interactions (N.Y.),SJR Q1 | SJR Q2 | SJR Q4,norm_title,2,Interactions (x2),[SJR Q4] Interactions (N.Y.),HIGH,Y
nephrology,[SJR:norm_title] Journal of Nephrology | [SJR:norm_title] Nephrology | [SJR:norm_title] International Journal of Nephrology | [SJR:norm_title] Nephrology (Saint-Petersburg),SJR Q2 | SJR Q2 | SJR Q3 | SJR Q4,norm_title,2,Journal of Nephrology (x1) | Journal of nephrology (x1),[SJR Q4] Nephrology (Saint-Petersburg),HIGH,
neural networks,[CORE:norm_title] International Symposium on Neural Networks | [SJR:norm_title] Neural Networks,CORE C | SJR Q1,norm_title,2,Neural Networks (x2),[CORE C] International Symposium on Neural Networks,HIGH,Y
neurosurgery,[SJR:norm_title] Journal of Neurosurgery | [SJR:norm_title] Neurosurgery,SJR Q1 | SJR Q1,norm_title,2,Journal of Neurosurgery (x1) | Neurosurgery (x1),[SJR Q1] Neurosurgery,HIGH,
palliative medicine,[SJR:norm_title] Palliative Medicine | [SJR:norm_title] Journal of Palliative Medicine,SJR Q1 | SJR Q2,norm_title,2,Journal of Palliative Medicine (x2),[SJR Q2] Journal of Palliative Medicine,HIGH,Y
pediatrics,[SJR:norm_title] Pediatrics | [SJR:norm_title] Journal of Pediatrics | [SJR:norm_title] International Journal of Pediatrics (United Kingdom) | [SJR:norm_title] Pediatrics International,SJR Q1 | SJR Q1 | SJR Q2 | SJR Q3,norm_title,2,Pediatrics (x1) | Journal of Pediatrics (x1),[SJR Q3] Pediatrics International,HIGH,Y
poultry science,[SJR:norm_title] Poultry Science | [SJR:norm_title] Journal of Poultry Science,SJR Q1 | SJR Q2,norm_title,2,Poultry Science (x2),[SJR Q2] Journal of Poultry Science,HIGH,Y
prosthetics orthotics,[SJR:norm_title] Prosthetics and Orthotics International | [SJR:norm_title] Journal of Prosthetics and Orthotics,SJR Q2 | SJR Q3,norm_title,2,Journal of Prosthetics and Orthotics (x1) | Prosthetics and orthotics international (x1),[SJR Q3] Journal of Prosthetics and Orthotics,HIGH,
psychophysiology,[SJR:norm_title] Psychophysiology | [SJR:norm_title] International Journal of Psychophysiology | [SJR:norm_title] Journal of Psychophysiology,SJR Q1 | SJR Q1 | SJR Q3,norm_title,2,Psychophysiology (x1) | International Journal of Psychophysiology (x1),[SJR Q3] Journal of Psychophysiology,HIGH,Y
robotics research,[CORE:norm_title] International Symposium on Robotics Research | [SJR:norm_title] International Journal of Robotics Research,CORE C | SJR Q1,norm_title,2,International Journal of Robotics Research (x2),[CORE C] International Symposium on Robotics Research,HIGH,Y
science,[SJR:norm_title] Science | [SJR:norm_title] Proceedings of Science,SJR Q1 | SJR -,norm_title,2,Proceedings of Science (x1) | Science (x1),[SJR -] Proceedings of Science,HIGH,Y
signal processing,[SJR:norm_title] Signal Processing | [SJR:norm_title] Journal of Signal Processing,SJR Q1 | SJR Q4,norm_title,2,Journal of Signal Processing (x1) | Signal Processing (x1),[SJR Q4] Journal of Signal Processing,HIGH,Y
sustainability,[SJR:norm_title] Sustainability (Switzerland) | [SJR:norm_title] Journal of Sustainability,SJR Q1 | SJR -,norm_title,2,Sustainability (Switzerland) (x2),[SJR -] Journal of Sustainability,HIGH,Y
vascular access,[SJR:norm_title] Journal of Vascular Access | [SJR:norm_title] Vascular Access,SJR Q2 | SJR Q4,norm_title,2,Journal of Vascular Access (x2),[SJR Q4] Vascular Access,HIGH,
acm theory computing,[CORE:norm_title] ACM Symposium on Theory of Computing | [SJR:norm_title] Proceedings of the Annual ACM Symposium on Theory of Computing,CORE A* | SJR -,norm_title,1,Proceedings of the 56th Annual ACM Symposium on Theory of Computing (x1),[CORE A*] ACM Symposium on Theory of Computing,HIGH,Y
ai,[CORE:acronym] Australasian Joint Conference on Artificial Intelligence | [SJR:norm_title] AI (Switzerland),CORE Australasian B | SJR Q1,acronym | norm_title,1,AI (Switzerland) (x1),[CORE Australasian B] Australasian Joint Conference on Artificial Intelligence,HIGH,Y
automation robotics construction,[CORE:norm_title] International Symposium on Automation and Robotics in Construction | [SJR:norm_title] Proceedings of the International Symposium on Automation and Robotics in Construction,CORE C | SJR -,norm_title,1,Proceedings of the International Symposium on Automation and Robotics in Construction (x1),[CORE C] International Symposium on Automation and Robotics in Construction,HIGH,
behavioral medicine,[SJR:norm_title] International Journal of Behavioral Medicine | [SJR:norm_title] Journal of Behavioral Medicine | [SJR:norm_title] Behavioral Medicine,SJR Q2 | SJR Q1 | SJR Q2,norm_title,1,Journal of Behavioral Medicine (x1),[SJR Q2] Behavioral Medicine,HIGH,Y
biorheology,[SJR:norm_title] Biorheology | [SJR:norm_title] Journal of Biorheology,SJR Q3 | SJR Q4,norm_title,1,Biorheology (x1),[SJR Q4] Journal of Biorheology,HIGH,
child adolescent mental health,[SJR:norm_title] Child and Adolescent Mental Health | [SJR:norm_title] Journal of Child and Adolescent Mental Health,SJR Q1 | SJR Q2,norm_title,1,Child and Adolescent Mental Health (x1),[SJR Q2] Journal of Child and Adolescent Mental Health,HIGH,Y
chinese general practice,[SJR:norm_title] Chinese General Practice | [SJR:norm_title] Chinese Journal of General Practice,SJR Q3 | SJR Q3,norm_title,1,Chinese General Practice (x1),[SJR Q3] Chinese Journal of General Practice,HIGH,
clinical practice,[SJR:norm_title] International Journal of Clinical Practice | [SJR:norm_title] Journal of Clinical Practice,SJR Q2 | SJR Q4,norm_title,1,International Journal of Clinical Practice (x1),[SJR Q4] Journal of Clinical Practice,HIGH,
cognitive psychology,[SJR:norm_title] Cognitive Psychology | [SJR:norm_title] Journal of Cognitive Psychology,SJR Q1 | SJR Q3,norm_title,1,Journal of Cognitive Psychology (x1),[SJR Q3] Journal of Cognitive Psychology,HIGH,Y
computing informatics,[CORE:norm_title] International Conference on Computing and Informatics | [SJR:norm_title] Computing and Informatics,CORE C | SJR Q3,norm_title,1,Computing and Informatics (x1),[CORE C] International Conference on Computing and Informatics,HIGH,
computing science engineering,[SJR:norm_title] Computing in Science and Engineering | [SJR:norm_title] Journal of Computing Science and Engineering,SJR Q2 | SJR Q4,norm_title,1,Computing in Science & Engineering (x1),[SJR Q4] Journal of Computing Science and Engineering,HIGH,
critical care,[SJR:norm_title] Critical Care | [SJR:norm_title] Journal of Critical Care,SJR Q1 | SJR Q1,norm_title,1,Critical Care (x1),[SJR Q1] Journal of Critical Care,HIGH,
design society,[SJR:norm_title] Proceedings of the Design Society | [SJR:norm_title] International Journal of Design in Society,SJR - | SJR Q2,norm_title,1,Proceedings of the Design Society (x1),[SJR Q2] International Journal of Design in Society,HIGH,
educational psychology,[SJR:norm_title] Journal of Educational Psychology | [SJR:norm_title] Educational Psychology | [SJR:norm_title] International Journal of Educational Psychology,SJR Q1 | SJR Q1 | SJR Q2,norm_title,1,Journal of Educational Psychology (x1),[SJR Q2] International Journal of Educational Psychology,HIGH,Y
electronic commerce,[CORE:norm_title] International Conference on Electronic Commerce | [SJR:norm_title] International Journal of Electronic Commerce,CORE C | SJR Q1,norm_title,1,Proceedings of the International Conference on Electronic Commerce (x1),[CORE C] International Conference on Electronic Commerce,HIGH,Y
endocrinology,[SJR:norm_title] Journal of Endocrinology | [SJR:norm_title] Endocrinology (United States) | [SJR:norm_title] International Journal of Endocrinology,SJR Q1 | SJR Q2 | SJR Q2,norm_title,1,The Journal of endocrinology (x1),[SJR Q2] International Journal of Endocrinology,HIGH,Y
entertainment computing,[CORE:norm_title] International Conference on Entertainment Computing | [SJR:norm_title] Entertainment Computing,CORE C | SJR Q2,norm_title,1,Entertainment Computing (x1),[CORE C] International Conference on Entertainment Computing,HIGH,
environment,[SJR:norm_title] Environment International | [SJR:norm_title] Environment,SJR Q1 | SJR Q2,norm_title,1,Environment International (x1),[SJR Q2] Environment,HIGH,Y
european neurology,[SJR:norm_title] European Journal of Neurology | [SJR:norm_title] European Neurology,SJR Q1 | SJR Q2,norm_title,1,European Journal of Neurology (x1),[SJR Q2] European Neurology,HIGH,Y
family practice,[SJR:norm_title] Family Practice | [SJR:norm_title] Journal of Family Practice,SJR Q1 | SJR Q3,norm_title,1,Journal of Family Practice (x1),[SJR Q3] Journal of Family Practice,HIGH,Y
forest research,[SJR:norm_title] Journal of Forest Research | [SJR:norm_title] Forest Research,SJR Q2 | SJR Q3,norm_title,1,Forest Research (x1),[SJR Q3] Forest Research,HIGH,
hypertension,[SJR:norm_title] Hypertension | [SJR:norm_title] Journal of Hypertension | [SJR:norm_title] International Journal of Hypertension,SJR Q1 | SJR Q1 | SJR Q2,norm_title,1,Journal of Hypertension (x1),[SJR Q2] International Journal of Hypertension,HIGH,Y
ieee big data,[CORE:norm_title] IEEE International Conference on Big Data | [SJR:norm_title] IEEE Transactions on Big Data,CORE B | SJR Q1,norm_title,1,2023 IEEE international conference on big data (BigData) (x1),[CORE B] IEEE International Conference on Big Data,HIGH,Y
imaging,[SJR:norm_title] Journal of Imaging | [SJR:norm_title] IMAGING,SJR Q2 | SJR Q4,norm_title,1,Journal of Imaging (x1),[SJR Q4] IMAGING,HIGH,
infection,[SJR:norm_title] Journal of Infection | [SJR:norm_title] Infection,SJR Q1 | SJR Q1,norm_title,1,Infection (x1),[SJR Q1] Infection,HIGH,
information fusion,[CORE:norm_title] International Conference on Information Fusion | [SJR:norm_title] Information Fusion,CORE C | SJR Q1,norm_title,1,Information Fusion (x1),[CORE C] International Conference on Information Fusion,HIGH,Y
information management,[SJR:norm_title] International Journal of Information Management | [SJR:norm_title] Information and Management,SJR Q1 | SJR Q1,norm_title,1,International Journal of Information Management (x1),[SJR Q1] Information and Management,HIGH,
insect science,[SJR:norm_title] Insect Science | [SJR:norm_title] Journal of Insect Science,SJR Q1 | SJR Q2,norm_title,1,Insect Science (x1),[SJR Q2] Journal of Insect Science,HIGH,Y
integrative medicine,[SJR:norm_title] Journal of Integrative Medicine | [SJR:norm_title] Integrative Medicine,SJR Q1 | SJR Q3,norm_title,1,Journal of Integrative Medicine (x1),[SJR Q3] Integrative Medicine,HIGH,Y
internal medicine,[SJR:norm_title] Journal of Internal Medicine | [SJR:norm_title] Internal Medicine,SJR Q1 | SJR Q3,norm_title,1,Internal Medicine (x1),[SJR Q3] Internal Medicine,HIGH,Y
joint computer vision imaging computer graphics theory applications,"[CORE:norm_title] Joint Conference on Computer Vision, Imaging and Computer Graphics Theory and Applications (GRAPP and VISAPP combined from 2008) | [SJR:norm_title] Proceedings of the International Joint Conference on Computer Vision, Imaging and Computer Graphics Theory and Applications",CORE Multiconference | SJR -,norm_title,1,"Proceedings of the International Joint Conference on Computer Vision, Imaging and Computer Graphics Theory and Applications (x1)","[CORE Multiconference] Joint Conference on Computer Vision, Imaging and Computer Graphics Theory and Applications (GRAPP and VISAPP combined from 2008)",HIGH,
landscape ecology,[SJR:norm_title] Landscape Ecology | [SJR:norm_title] Journal of Landscape Ecology (Czech Republic) | [SJR:norm_title] Journal of Landscape Ecology,SJR Q1 | SJR Q2 | SJR Q4,norm_title,1,Landscape Ecology (x1),[SJR Q4] Journal of Landscape Ecology,HIGH,Y
legal medicine,[SJR:norm_title] International Journal of Legal Medicine | [SJR:norm_title] Legal Medicine | [SJR:norm_title] Journal of Legal Medicine,SJR Q1 | SJR Q2 | SJR Q3,norm_title,1,International Journal of Legal Medicine (x1),[SJR Q3] Journal of Legal Medicine,HIGH,Y
london mathematical society,[SJR:norm_title] Proceedings of the London Mathematical Society | [SJR:norm_title] Journal of the London Mathematical Society,SJR Q1 | SJR Q1,norm_title,1,Journal of the London Mathematical Society (x1),[SJR Q1] Journal of the London Mathematical Society,HIGH,
machine learning cybernetics,[CORE:norm_title] International Conference on Machine Learning and Cybernetics | [SJR:norm_title] International Journal of Machine Learning and Cybernetics,CORE National: China | SJR Q2,norm_title,1,2025 international conference on machine learning and cybernetics (ICMLC) (x1),[CORE National: China] International Conference on Machine Learning and Cybernetics,HIGH,
machine vision applications,[CORE:norm_title] Machine Vision Applications | [SJR:norm_title] Machine Vision and Applications,CORE National: japan | SJR Q2,norm_title,1,Proceedings of the International Conference on Machine Vision and Applications (x1),[CORE National: japan] Machine Vision Applications,HIGH,
media psychology,[SJR:norm_title] Media Psychology | [SJR:norm_title] Journal of Media Psychology,SJR Q1 | SJR Q1,norm_title,1,Media Psychology (x1),[SJR Q1] Journal of Media Psychology,HIGH,
medical sciences,[SJR:norm_title] Medical sciences | [SJR:norm_title] International Journal of Medical Sciences | [SJR:norm_title] Journal of Medical Sciences (Taiwan) | [SJR:norm_title] Journal of Medical Sciences (Peshawar),SJR Q1 | SJR Q1 | SJR Q4 | SJR Q4,norm_title,1,International Journal of Medical Sciences (x1),[SJR Q4] Journal of Medical Sciences (Peshawar),HIGH,Y
metaverse,[SJR:norm_title] Journal of Metaverse | [SJR:norm_title] Metaverse,SJR Q1 | SJR Q4,norm_title,1,Journal of Metaverse (x1),[SJR Q4] Metaverse,HIGH,Y
military medicine,[SJR:norm_title] Military Medicine | [SJR:norm_title] Journal of Military Medicine,SJR Q2 | SJR Q4,norm_title,1,Military Medicine (x1),[SJR Q4] Journal of Military Medicine,HIGH,
nephrology dialysis transplantation,"[SJR:norm_title] Nephrology Dialysis Transplantation | [SJR:norm_title] Nephrology, Dialysis and Transplantation",SJR Q1 | SJR Q4,norm_title,1,Nephrology Dialysis Transplantation (x1),"[SJR Q4] Nephrology, Dialysis and Transplantation",HIGH,Y
neuropsychology,[SJR:norm_title] Neuropsychology | [SJR:norm_title] Journal of Neuropsychology,SJR Q2 | SJR Q2,norm_title,1,Journal of Neuropsychology (x1),[SJR Q2] Journal of Neuropsychology,HIGH,
neuroradiology,[SJR:norm_title] Journal of Neuroradiology | [SJR:norm_title] Neuroradiology,SJR Q1 | SJR Q2,norm_title,1,Neuroradiology (x1),[SJR Q2] Neuroradiology,HIGH,Y
nursing management,[SJR:norm_title] Journal of Nursing Management | [SJR:norm_title] Nursing Management,SJR Q1 | SJR Q3,norm_title,1,Journal of Nursing Management (x1),[SJR Q3] Nursing Management,HIGH,Y
orthopaedics,[SJR:norm_title] International Orthopaedics | [SJR:norm_title] Journal of Orthopaedics,SJR Q1 | SJR Q2,norm_title,1,Journal of Orthopaedics (x1),[SJR Q2] Journal of Orthopaedics,HIGH,Y
otolaryngology head neck surgery,[SJR:norm_title] Otolaryngology - Head and Neck Surgery | [SJR:norm_title] Journal of Otolaryngology - Head and Neck Surgery | [SJR:norm_title] Otolaryngology - Head and Neck Surgery (Japan),SJR Q1 | SJR Q1 | SJR Q4,norm_title,1,Otolaryngology - Head and Neck Surgery (United States) (x1),[SJR Q4] Otolaryngology - Head and Neck Surgery (Japan),HIGH,Y
paediatrics child health,[SJR:norm_title] Paediatrics and Child Health (Canada) | [SJR:norm_title] Journal of Paediatrics and Child Health | [SJR:norm_title] Paediatrics and International Child Health | [SJR:norm_title] Paediatrics and Child Health (United Kingdom),SJR Q2 | SJR Q2 | SJR Q2 | SJR Q3,norm_title,1,Paediatrics and Child Health (Canada) (x1),[SJR Q3] Paediatrics and Child Health (United Kingdom),HIGH,
pediatric surgery,[SJR:norm_title] Journal of Pediatric Surgery | [SJR:norm_title] Pediatric Surgery International,SJR Q1 | SJR Q2,norm_title,1,Pediatric Surgery International (x1),[SJR Q2] Pediatric Surgery International,HIGH,Y
pharmaceutical sciences,[SJR:norm_title] Journal of Pharmaceutical Sciences | [SJR:norm_title] Pharmaceutical Sciences,SJR Q2 | SJR Q2,norm_title,1,Journal of Pharmaceutical Sciences (x1),[SJR Q2] Pharmaceutical Sciences,HIGH,
plant physiology,[SJR:norm_title] Plant Physiology | [SJR:norm_title] Journal of Plant Physiology,SJR Q1 | SJR Q1,norm_title,1,Plant physiology (x1),[SJR Q1] Journal of Plant Physiology,HIGH,
psychiatry,[SJR:norm_title] Psychiatry (New York) | [SJR:norm_title] Psychiatry International | [SJR:norm_title] Psychiatry (Moscow),SJR Q2 | SJR Q3 | SJR Q4,norm_title,1,Psychiatry (x1),[SJR Q4] Psychiatry (Moscow),HIGH,
psychogeriatrics,[SJR:norm_title] International Psychogeriatrics | [SJR:norm_title] Psychogeriatrics,SJR Q1 | SJR Q2,norm_title,1,Psychogeriatrics (x1),[SJR Q2] Psychogeriatrics,HIGH,Y
psychopharmacology,[SJR:norm_title] Journal of Psychopharmacology | [SJR:norm_title] Psychopharmacology,SJR Q1 | SJR Q1,norm_title,1,Psychopharmacology (x1),[SJR Q1] Psychopharmacology,HIGH,
public health,[SJR:norm_title] Public Health | [SJR:norm_title] International Journal of Public Health | [SJR:norm_title] Journal of Public Health | [SJR:norm_title] Journal of Public Health (Germany),SJR Q1 | SJR Q1 | SJR Q2 | SJR Q2,norm_title,1,Journal of Public Health (Germany) (x1),[SJR Q2] Journal of Public Health (Germany),HIGH,Y
remote sensing,[SJR:norm_title] Journal of Remote Sensing (United States) | [SJR:norm_title] Remote Sensing | [SJR:norm_title] International Journal of Remote Sensing,SJR Q1 | SJR Q1 | SJR Q2,norm_title,1,Remote Sensing (x1),[SJR Q2] International Journal of Remote Sensing,HIGH,Y
rheumatology,[SJR:norm_title] Rheumatology | [SJR:norm_title] Journal of Rheumatology | [SJR:norm_title] Rheumatology International | [SJR:norm_title] International Journal of Rheumatology | [SJR:norm_title] Rheumatology (Bulgaria),SJR Q1 | SJR Q2 | SJR Q2 | SJR Q3 | SJR Q4,norm_title,1,Rheumatology International (x1),[SJR Q4] Rheumatology (Bulgaria),HIGH,Y
shanghai jiaotong university,[SJR:norm_title] Journal of Shanghai Jiaotong University (Science) | [SJR:norm_title] Journal of Shanghai Jiaotong University (Medical Science),SJR Q2 | SJR Q4,norm_title,1,Journal of Shanghai Jiaotong University (Medical Science) (x1),[SJR Q4] Journal of Shanghai Jiaotong University (Medical Science),HIGH,
social psychology,[SJR:norm_title] Journal of Social Psychology | [SJR:norm_title] Social Psychology | [SJR:norm_title] International Journal of Social Psychology,SJR Q2 | SJR Q1 | SJR Q3,norm_title,1,Journal of Social Psychology (x1),[SJR Q3] International Journal of Social Psychology,HIGH,Y
sound vibration,[SJR:norm_title] Journal of Sound and Vibration | [SJR:norm_title] Sound and Vibration,SJR Q1 | SJR Q2,norm_title,1,Sound and Vibration (x1),[SJR Q2] Sound and Vibration,HIGH,Y
sports medicine,[SJR:norm_title] Sports Medicine | [SJR:norm_title] International Journal of Sports Medicine,SJR Q1 | SJR Q1,norm_title,1,Sports Medicine (x1),[SJR Q1] International Journal of Sports Medicine,HIGH,
structural integrity,[SJR:norm_title] International Journal of Structural Integrity | [SJR:norm_title] Structural Integrity,SJR Q2 | SJR Q4,norm_title,1,International Journal of Structural Integrity (x1),[SJR Q4] Structural Integrity,HIGH,
surgery,[SJR:norm_title] Surgery (United States) | [SJR:norm_title] Surgery (United Kingdom) | [SJR:norm_title] International Surgery | [SJR:norm_title] International Journal of Surgery (discontinued),SJR Q1 | SJR Q3 | SJR Q4 | SJR -,norm_title,1,Surgery (United States) (x1),[SJR -] International Journal of Surgery (discontinued),HIGH,Y
technology society,[CORE:norm_title] International Symposium on Technology and Society | [SJR:norm_title] Technology in Society,CORE C | SJR Q1,norm_title,1,Technology in Society (x1),[CORE C] International Symposium on Technology and Society,HIGH,Y
west,[SJR:norm_title] Journal of the West | [SJR:norm_title] West 86th,SJR Q4 | SJR Q4,norm_title,1,West 86th (x1),[SJR Q4] West 86th,HIGH,
3d printing medicine,[SJR:norm_title] 3D Printing in Medicine | [SJR:norm_title] Journal of 3D Printing in Medicine,SJR Q2 | SJR Q3,norm_title,0,,[SJR Q3] Journal of 3D Printing in Medicine,,
academic medicine,[SJR:norm_title] Academic Medicine | [SJR:norm_title] International Journal of Academic Medicine,SJR Q1 | SJR Q4,norm_title,0,,[SJR Q4] International Journal of Academic Medicine,,Y
accounting education,[SJR:norm_title] Accounting Education | [SJR:norm_title] Journal of Accounting Education,SJR Q1 | SJR Q2,norm_title,0,,[SJR Q2] Journal of Accounting Education,,Y
accounting research,[SJR:norm_title] Journal of Accounting Research | [SJR:norm_title] Journal of International Accounting Research,SJR Q1 | SJR Q2,norm_title,0,,[SJR Q2] Journal of International Accounting Research,,Y
accounting review,[SJR:norm_title] Accounting Review | [SJR:norm_title] Journal of Accounting Review,SJR Q1 | SJR Q4,norm_title,0,,[SJR Q4] Journal of Accounting Review,,Y
ace,"[CORE:acronym] ACM International Conference on Advances in Computer Entertainment (merged with DIMEA, Digital Interactive Media in Entertainment and Arts, in 2009) | [CORE:acronym] Australasian Computing Education Conference (ACE)",CORE C | CORE Australasian B,acronym,0,,[CORE Australasian B] Australasian Computing Education Conference (ACE),,
acm computer communications security,[CORE:norm_title] ACM Conference on Computer and Communications Security | [SJR:norm_title] Proceedings of the ACM Conference on Computer and Communications Security,CORE A* | SJR -,norm_title,0,,[CORE A*] ACM Conference on Computer and Communications Security,,Y
acm economics computation,[CORE:norm_title] ACM Conference on Economics and Computation | [SJR:norm_title] ACM Transactions on Economics and Computation,CORE A* | SJR Q3,norm_title,0,,[CORE A*] ACM Conference on Economics and Computation,,Y
acm principles distributed computing,[CORE:norm_title] ACM Symposium on Principles of Distributed Computing | [SJR:norm_title] Proceedings of the Annual ACM Symposium on Principles of Distributed Computing,CORE A* | SJR -,norm_title,0,,[CORE A*] ACM Symposium on Principles of Distributed Computing,,Y
acm siam discrete algorithms,[CORE:norm_title] ACM/SIAM Symposium on Discrete Algorithms | [SJR:norm_title] Proceedings of the Annual ACM-SIAM Symposium on Discrete Algorithms,CORE A* | SJR -,norm_title,0,,[CORE A*] ACM/SIAM Symposium on Discrete Algorithms,,Y
acm sigplan programming language design implementation,[CORE:norm_title] ACM-SIGPLAN Conference on Programming Language Design and Implementation | [SJR:norm_title] Proceedings of the ACM SIGPLAN Conference on Programming Language Design and Implementation (PLDI),CORE A* | SJR -,norm_title,0,,[CORE A*] ACM-SIGPLAN Conference on Programming Language Design and Implementation,,Y
action research,[SJR:norm_title] Action Research | [SJR:norm_title] International Journal of Action Research,SJR Q2 | SJR Q3,norm_title,0,,[SJR Q3] International Journal of Action Research,,
acute medicine,[SJR:norm_title] Journal of Acute Medicine | [SJR:norm_title] Acute Medicine,SJR Q3 | SJR Q3,norm_title,0,,[SJR Q3] Acute Medicine,,
advances neural information processing systems,[CORE:norm_title] Advances in Neural Information Processing Systems (was NIPS) | [SJR:norm_title] Advances in Neural Information Processing Systems,CORE A* | SJR -,norm_title,0,,[CORE A*] Advances in Neural Information Processing Systems (was NIPS),,Y
advertising,[SJR:norm_title] Journal of Advertising | [SJR:norm_title] International Journal of Advertising,SJR Q1 | SJR Q1,norm_title,0,,[SJR Q1] International Journal of Advertising,,
aerospace engineering,[SJR:norm_title] Journal of Aerospace Engineering | [SJR:norm_title] International Journal of Aerospace Engineering,SJR Q2 | SJR Q2,norm_title,0,,[SJR Q2] International Journal of Aerospace Engineering,,
africa,[SJR:norm_title] Africa | [SJR:norm_title] Africa (Italy),SJR Q1 | SJR Q4,norm_title,0,,[SJR Q4] Africa (Italy),,Y
agents artificial intelligence,[CORE:norm_title] International Conference on Agents and Artificial Intelligence | [SJR:norm_title] International Conference on Agents and Artificial Intelligence,CORE B | SJR -,norm_title,0,,[CORE B] International Conference on Agents and Artificial Intelligence,,
agricultural economics,[SJR:norm_title] Journal of Agricultural Economics | [SJR:norm_title] Agricultural Economics (United Kingdom) | [SJR:norm_title] Agricultural Economics (Czech Republic),SJR Q1 | SJR Q1 | SJR Q2,norm_title,0,,[SJR Q2] Agricultural Economics (Czech Republic),,Y
agricultural engineering,[SJR:norm_title] Journal of Agricultural Engineering | [SJR:norm_title] Agricultural Engineering,SJR Q2 | SJR Q2,norm_title,0,,[SJR Q2] Agricultural Engineering,,
agricultural resource economics,[SJR:norm_title] Journal of Agricultural and Resource Economics | [SJR:norm_title] Agricultural and Resource Economics,SJR Q2 | SJR Q3,norm_title,0,,[SJR Q3] Agricultural and Resource Economics,,
agriculture,[SJR:norm_title] Agriculture (Switzerland) | [SJR:norm_title] Agriculture (Pol'nohospodarstvo),SJR Q1 | SJR Q3,norm_title,0,,[SJR Q3] Agriculture (Pol'nohospodarstvo),,Y
agriculture natural resources,[SJR:norm_title] International Journal of Agriculture and Natural Resources | [SJR:norm_title] Agriculture and Natural Resources,SJR Q3 | SJR Q3,norm_title,0,,[SJR Q3] Agriculture and Natural Resources,,
agronomy,[SJR:norm_title] Agronomy | [SJR:norm_title] International Journal of Agronomy,SJR Q1 | SJR Q2,norm_title,0,,[SJR Q2] International Journal of Agronomy,,Y
aisthesis,[SJR:norm_title] Aisthesis | [SJR:norm_title] Aisthesis (Italy),SJR Q2 | SJR Q3,norm_title,0,,[SJR Q3] Aisthesis (Italy),,
algebraic combinatorics,[SJR:norm_title] Algebraic Combinatorics | [SJR:norm_title] Journal of Algebraic Combinatorics,SJR Q1 | SJR Q1,norm_title,0,,[SJR Q1] Journal of Algebraic Combinatorics,,
algebraic geometry,[SJR:norm_title] Algebraic Geometry | [SJR:norm_title] Journal of Algebraic Geometry,SJR Q1 | SJR Q1,norm_title,0,,[SJR Q1] Journal of Algebraic Geometry,,
algorithm engineering experiments,[CORE:norm_title] Workshop on Algorithm Engineering and Experiments | [SJR:norm_title] Proceedings of the Workshop on Algorithm Engineering and Experiments,CORE A | SJR -,norm_title,0,,[CORE A] Workshop on Algorithm Engineering and Experiments,,Y
american history,[SJR:norm_title] Journal of American History | [SJR:norm_title] American History,SJR Q1 | SJR Q4,norm_title,0,,[SJR Q4] American History,,Y
american mathematical society,[SJR:norm_title] Journal of the American Mathematical Society | [SJR:norm_title] Proceedings of the American Mathematical Society,SJR Q1 | SJR Q1,norm_title,0,,[SJR Q1] Proceedings of the American Mathematical Society,,
analysis,[SJR:norm_title] Analysis | [SJR:norm_title] Journal of Analysis | [SJR:norm_title] Analysis (Germany),SJR Q1 | SJR Q2 | SJR Q3,norm_title,0,,[SJR Q3] Analysis (Germany),,Y
analysis applications,[SJR:norm_title] Analysis and Applications | [SJR:norm_title] International Journal of Analysis and Applications | [SJR:norm_title] Journal of Analysis and Applications,SJR Q1 | SJR Q3 | SJR Q4,norm_title,0,,[SJR Q4] Journal of Analysis and Applications,,Y
analytical chemistry,[SJR:norm_title] Analytical Chemistry | [SJR:norm_title] International Journal of Analytical Chemistry | [SJR:norm_title] Journal of Analytical Chemistry,SJR Q1 | SJR Q2 | SJR Q3,norm_title,0,,[SJR Q3] Journal of Analytical Chemistry,,Y
analytical science technology,[SJR:norm_title] Journal of Analytical Science and Technology | [SJR:norm_title] Analytical Science and Technology,SJR Q2 | SJR Q4,norm_title,0,,[SJR Q4] Analytical Science and Technology,,
anesthesiology clinics,[SJR:norm_title] Anesthesiology Clinics | [SJR:norm_title] International Anesthesiology Clinics,SJR Q2 | SJR Q3,norm_title,0,,[SJR Q3] International Anesthesiology Clinics,,
angiology,[SJR:norm_title] Angiology | [SJR:norm_title] International Angiology | [SJR:norm_title] International Journal of Angiology,SJR Q2 | SJR Q3 | SJR Q3,norm_title,0,,[SJR Q3] International Journal of Angiology,,
anthropologie,[SJR:norm_title] Anthropologie (France) | [SJR:norm_title] Anthropologie (Czech Republic),SJR Q1 | SJR Q3,norm_title,0,,[SJR Q3] Anthropologie (Czech Republic),,Y
antibiotics,[SJR:norm_title] Antibiotics | [SJR:norm_title] Journal of Antibiotics,SJR Q1 | SJR Q3,norm_title,0,,[SJR Q3] Journal of Antibiotics,,Y
applied biological chemistry,[SJR:norm_title] Applied Biological Chemistry | [SJR:norm_title] Journal of Applied Biological Chemistry,SJR Q1 | SJR Q4,norm_title,0,,[SJR Q4] Journal of Applied Biological Chemistry,,Y
applied computational mathematics,[SJR:norm_title] Applied and Computational Mathematics | [SJR:norm_title] International Journal of Applied and Computational Mathematics,SJR Q1 | SJR Q3,norm_title,0,,[SJR Q3] International Journal of Applied and Computational Mathematics,,Y
applied computational mechanics,[SJR:norm_title] Journal of Applied and Computational Mechanics | [SJR:norm_title] Applied and Computational Mechanics,SJR Q2 | SJR Q4,norm_title,0,,[SJR Q4] Applied and Computational Mechanics,,
applied econometrics,[SJR:norm_title] Journal of Applied Econometrics | [SJR:norm_title] Applied Econometrics,SJR Q1 | SJR Q4,norm_title,0,,[SJR Q4] Applied Econometrics,,Y
applied economics,[SJR:norm_title] Applied Economics | [SJR:norm_title] Journal of Applied Economics,SJR Q2 | SJR Q1,norm_title,0,,[SJR Q1] Journal of Applied Economics,,Y
applied geophysics,[SJR:norm_title] Journal of Applied Geophysics | [SJR:norm_title] Applied Geophysics,SJR Q2 | SJR Q3,norm_title,0,,[SJR Q3] Applied Geophysics,,
applied linguistics,[SJR:norm_title] Applied Linguistics | [SJR:norm_title] International Journal of Applied Linguistics,SJR Q1 | SJR Q1,norm_title,0,,[SJR Q1] International Journal of Applied Linguistics,,
applied mathematics,[SJR:norm_title] Journal of Applied Mathematics | [SJR:norm_title] Applied Mathematics | [SJR:norm_title] International Journal of Applied Mathematics (discontinued),SJR Q3 | SJR Q3 | SJR -,norm_title,0,,[SJR -] International Journal of Applied Mathematics (discontinued),,
applied mathematics mechanics,[SJR:norm_title] Applied Mathematics and Mechanics (English Edition) | [SJR:norm_title] Applied Mathematics and Mechanics,SJR Q1 | SJR Q3,norm_title,0,,[SJR Q3] Applied Mathematics and Mechanics,,Y
applied mechanics,[SJR:norm_title] Journal of Applied Mechanics | [SJR:norm_title] International Journal of Applied Mechanics | [SJR:norm_title] Applied Mechanics | [SJR:norm_title] International Applied Mechanics,SJR Q2 | SJR Q2 | SJR Q2 | SJR Q3,norm_title,0,,[SJR Q3] International Applied Mechanics,,
applied microbiology,[SJR:norm_title] Journal of Applied Microbiology | [SJR:norm_title] Applied Microbiology (Switzerland),SJR Q2 | SJR Q2,norm_title,0,,[SJR Q2] Applied Microbiology (Switzerland),,
applied optics,[SJR:norm_title] Applied Optics | [SJR:norm_title] Journal of Applied Optics,SJR Q2 | SJR Q4,norm_title,0,,[SJR Q4] Journal of Applied Optics,,
applied organometallic chemistry,[SJR:norm_title] Applied Organometallic Chemistry | [SJR:norm_title] Journal of Applied Organometallic Chemistry,SJR Q2 | SJR Q2,norm_title,0,,[SJR Q2] Journal of Applied Organometallic Chemistry,,
applied philosophy,[SJR:norm_title] Journal of Applied Philosophy | [SJR:norm_title] International Journal of Applied Philosophy,SJR Q1 | SJR Q3,norm_title,0,,[SJR Q3] International Journal of Applied Philosophy,,Y
applied phycology,[SJR:norm_title] Journal of Applied Phycology | [SJR:norm_title] Applied Phycology,SJR Q2 | SJR Q2,norm_title,0,,[SJR Q2] Applied Phycology,,
applied physics,[SJR:norm_title] Journal of Applied Physics | [SJR:norm_title] Applied Physics,SJR Q2 | SJR Q4,norm_title,0,,[SJR Q4] Applied Physics,,
applied psychology,[SJR:norm_title] Journal of Applied Psychology | [SJR:norm_title] Applied Psychology,SJR Q1 | SJR Q1,norm_title,0,,[SJR Q1] Applied Psychology,,
applied science engineering,[SJR:norm_title] Journal of Applied Science and Engineering | [SJR:norm_title] International Journal of Applied Science and Engineering,SJR Q3 | SJR Q3,norm_title,0,,[SJR Q3] International Journal of Applied Science and Engineering,,
applied spectroscopy,[SJR:norm_title] Applied Spectroscopy | [SJR:norm_title] Journal of Applied Spectroscopy,SJR Q2 | SJR Q4,norm_title,0,,[SJR Q4] Journal of Applied Spectroscopy,,
aquaculture,[SJR:norm_title] Aquaculture | [SJR:norm_title] Aquaculture International,SJR Q1 | SJR Q1,norm_title,0,,[SJR Q1] Aquaculture International,,
aquatic biology,[SJR:norm_title] Aquatic Biology | [SJR:norm_title] International Journal of Aquatic Biology,SJR Q4 | SJR Q4,norm_title,0,,[SJR Q4] International Journal of Aquatic Biology,,
aquatic research,[SJR:norm_title] International Aquatic Research | [SJR:norm_title] Aquatic Research,SJR Q2 | SJR Q4,norm_title,0,,[SJR Q4] Aquatic Research,,
arachnology,[SJR:norm_title] Arachnology | [SJR:norm_title] Journal of Arachnology,SJR Q2 | SJR Q2,norm_title,0,,[SJR Q2] Journal of Arachnology,,
arbitration,[SJR:norm_title] Arbitration International | [SJR:norm_title] Journal of International Arbitration | [SJR:norm_title] Arbitration,SJR Q1 | SJR Q2 | SJR Q2,norm_title,0,,[SJR Q2] Arbitration,,Y
architectural history,[SJR:norm_title] Journal of Architectural History | [SJR:norm_title] Architectural History,SJR Q4 | SJR Q3,norm_title,0,,[SJR Q3] Architectural History,,
architecture,[SJR:norm_title] Architecture | [SJR:norm_title] Journal of Architecture,SJR Q1 | SJR Q1,norm_title,0,,[SJR Q1] Journal of Architecture,,
argumentation context,[SJR:norm_title] Journal of Argumentation in Context | [SJR:norm_title] Argumentation in Context,SJR Q2 | SJR Q3,norm_title,0,,[SJR Q3] Argumentation in Context,,
ars,[SJR:norm_title] ARS (Bratislava) | [SJR:norm_title] Ars (Sao Paulo),SJR Q4 | SJR Q4,norm_title,0,,[SJR Q4] Ars (Sao Paulo),,
arterial hypertension,[SJR:norm_title] Arterial Hypertension (Poland) | [SJR:norm_title] Arterial Hypertension (Russian Federation),SJR Q3 | SJR Q4,norm_title,0,,[SJR Q4] Arterial Hypertension (Russian Federation),,
artificial intelligence,[CORE:norm_title] International Conference on Artificial Intelligence | [SJR:norm_title] Artificial Intelligence | [SJR:norm_title] International Journal of Artificial Intelligence,CORE National: USA | SJR Q1 | SJR Q4,norm_title,0,,[CORE National: USA] International Conference on Artificial Intelligence,,Y
artificial intelligence law,[CORE:norm_title] International Conference on Artificial Intelligence and Law | [SJR:norm_title] Artificial Intelligence and Law,CORE C | SJR Q1,norm_title,0,,[CORE C] International Conference on Artificial Intelligence and Law,,Y
artificial intelligence medicine,[CORE:norm_title] International Conference on Artificial Intelligence in Medicine | [SJR:norm_title] Artificial Intelligence in Medicine,CORE B | SJR Q1,norm_title,0,,[CORE B] International Conference on Artificial Intelligence in Medicine,,Y
artificial life robotics,[CORE:norm_title] International Symposium on Artificial Life and Robotics | [SJR:norm_title] Artificial Life and Robotics | [SJR:norm_title] Proceedings of International Conference on Artificial Life and Robotics,CORE C | SJR Q3 | SJR -,norm_title,0,,[CORE C] International Symposium on Artificial Life and Robotics,,
asian affairs,[SJR:norm_title] Asian Affairs | [SJR:norm_title] Asian Affairs (United Kingdom),SJR Q2 | SJR Q3,norm_title,0,,[SJR Q3] Asian Affairs (United Kingdom),,
asian african studies,[SJR:norm_title] Journal of Asian and African Studies | [SJR:norm_title] Asian and African Studies,SJR Q2 | SJR Q4,norm_title,0,,[SJR Q4] Asian and African Studies,,
asian philosophy,[SJR:norm_title] Asian Journal of Philosophy | [SJR:norm_title] Asian Philosophy,SJR Q1 | SJR Q1,norm_title,0,,[SJR Q1] Asian Philosophy,,
asian studies,[SJR:norm_title] Asian Studies | [SJR:norm_title] Journal of Asian Studies | [SJR:norm_title] International Journal of Asian Studies,SJR Q1 | SJR Q1 | SJR Q2,norm_title,0,,[SJR Q2] International Journal of Asian Studies,,Y
asian studies review,[SJR:norm_title] Asian Studies Review | [SJR:norm_title] Asian International Studies Review,SJR Q1 | SJR Q2,norm_title,0,,[SJR Q2] Asian International Studies Review,,Y
association for information science technology,[SJR:norm_title] Journal of the Association for Information Science and Technology | [SJR:norm_title] Proceedings of the Association for Information Science and Technology,SJR Q1 | SJR Q2,norm_title,0,,[SJR Q2] Proceedings of the Association for Information Science and Technology,,Y
astrobiology,[SJR:norm_title] Astrobiology | [SJR:norm_title] International Journal of Astrobiology,SJR Q1 | SJR Q3,norm_title,0,,[SJR Q3] International Journal of Astrobiology,,Y
auditing,[SJR:norm_title] Auditing | [SJR:norm_title] International Journal of Auditing,SJR Q1 | SJR Q1,norm_title,0,,[SJR Q1] International Journal of Auditing,,
australasian language technology,[CORE:norm_title] Australasian Language Technology Workshop | [SJR:norm_title] Proceedings of the Australasian Language Technology Workshop,CORE Australasian C | SJR -,norm_title,0,,[CORE Australasian C] Australasian Language Technology Workshop,,
austrian studies,[SJR:norm_title] Journal of Austrian Studies | [SJR:norm_title] Austrian Studies,SJR Q3 | SJR Q4,norm_title,0,,[SJR Q4] Austrian Studies,,
autoimmunity,[SJR:norm_title] Journal of Autoimmunity | [SJR:norm_title] Autoimmunity,SJR Q1 | SJR Q2,norm_title,0,,[SJR Q2] Autoimmunity,,Y
axon,[SJR:norm_title] Axon | [SJR:norm_title] Axon (Italy),SJR Q2 | SJR Q3,norm_title,0,,[SJR Q3] Axon (Italy),,
banking finance,[SJR:norm_title] Journal of Banking and Finance | [SJR:norm_title] International Journal of Banking and Finance,SJR Q1 | SJR Q4,norm_title,0,,[SJR Q4] International Journal of Banking and Finance,,Y
big data,[SJR:norm_title] Journal of Big Data | [SJR:norm_title] Big Data,SJR Q1 | SJR Q2,norm_title,0,,[SJR Q2] Big Data,,Y
bilingualism,[SJR:norm_title] Bilingualism | [SJR:norm_title] International Journal of Bilingualism,SJR Q1 | SJR Q1,norm_title,0,,[SJR Q1] International Journal of Bilingualism,,
biochemistry,[SJR:norm_title] Biochemistry | [SJR:norm_title] Journal of Biochemistry | [SJR:norm_title] Biochemistry (Moscow),SJR Q2 | SJR Q2 | SJR Q2,norm_title,0,,[SJR Q2] Biochemistry (Moscow),,
biochemistry cell biology,[SJR:norm_title] International Journal of Biochemistry and Cell Biology | [SJR:norm_title] Biochemistry and Cell Biology,SJR Q2 | SJR Q2,norm_title,0,,[SJR Q2] Biochemistry and Cell Biology,,
biological chemistry,[SJR:norm_title] Journal of Biological Chemistry | [SJR:norm_title] Biological Chemistry,SJR Q1 | SJR Q1,norm_title,0,,[SJR Q1] Biological Chemistry,,
biological control,[SJR:norm_title] Biological Control | [SJR:norm_title] Journal of Biological Control,SJR Q1 | SJR Q4,norm_title,0,,[SJR Q4] Journal of Biological Control,,Y
biological research,[SJR:norm_title] Biological Research | [SJR:norm_title] Journal of Biological Research (Greece) | [SJR:norm_title] Journal of Biological Research (Italy),SJR Q1 | SJR Q4 | SJR Q4,norm_title,0,,[SJR Q4] Journal of Biological Research (Italy),,Y
biomaterials,[SJR:norm_title] Biomaterials | [SJR:norm_title] International Journal of Biomaterials,SJR Q1 | SJR Q2,norm_title,0,,[SJR Q2] International Journal of Biomaterials,,Y
biomedical research,[SJR:norm_title] Journal of Biomedical Research | [SJR:norm_title] Biomedical Research (Japan),SJR Q2 | SJR Q3,norm_title,0,,[SJR Q3] Biomedical Research (Japan),,
biomedicine,[SJR:norm_title] BioMedicine (Taiwan) | [SJR:norm_title] International Journal of Biomedicine,SJR Q2 | SJR Q4,norm_title,0,,[SJR Q4] International Journal of Biomedicine,,
biometrics,[SJR:norm_title] Biometrics | [SJR:norm_title] International Journal of Biometrics,SJR Q1 | SJR Q3,norm_title,0,,[SJR Q3] International Journal of Biometrics,,Y
biopesticides,[SJR:norm_title] Journal of Biopesticides | [SJR:norm_title] Biopesticides International,SJR Q4 | SJR Q4,norm_title,0,,[SJR Q4] Biopesticides International,,
biophotonics,[SJR:norm_title] Journal of Biophotonics | [SJR:norm_title] Biophotonics International,SJR Q2 | SJR Q4,norm_title,0,,[SJR Q4] Biophotonics International,,
bioprinting,[SJR:norm_title] Bioprinting | [SJR:norm_title] International Journal of Bioprinting,SJR Q1 | SJR Q1,norm_title,0,,[SJR Q1] International Journal of Bioprinting,,
biostatistics,[SJR:norm_title] Biostatistics | [SJR:norm_title] International Journal of Biostatistics,SJR Q1 | SJR Q2,norm_title,0,,[SJR Q2] International Journal of Biostatistics,,Y
biostatistics epidemiology,[SJR:norm_title] Biostatistics and Epidemiology | [SJR:norm_title] Journal of Biostatistics and Epidemiology,SJR Q4 | SJR Q4,norm_title,0,,[SJR Q4] Journal of Biostatistics and Epidemiology,,
biosystems engineering,[SJR:norm_title] Biosystems Engineering | [SJR:norm_title] Journal of Biosystems Engineering,SJR Q1 | SJR Q2,norm_title,0,,[SJR Q2] Journal of Biosystems Engineering,,Y
biotechnology,[SJR:norm_title] Journal of Biotechnology | [SJR:norm_title] International Journal of Biotechnology,SJR Q2 | SJR Q4,norm_title,0,,[SJR Q4] International Journal of Biotechnology,,
bipolar disorders,[SJR:norm_title] Bipolar Disorders | [SJR:norm_title] International Journal of Bipolar Disorders,SJR Q1 | SJR Q1,norm_title,0,,[SJR Q1] International Journal of Bipolar Disorders,,
breast cancer,[SJR:norm_title] Breast Cancer | [SJR:norm_title] Journal of Breast Cancer | [SJR:norm_title] International Journal of Breast Cancer,SJR Q1 | SJR Q2 | SJR Q3,norm_title,0,,[SJR Q3] International Journal of Breast Cancer,,Y
business analytics,[SJR:norm_title] Journal of Business Analytics | [SJR:norm_title] International Journal of Business Analytics,SJR Q2 | SJR Q4,norm_title,0,,[SJR Q4] International Journal of Business Analytics,,
business economics,[SJR:norm_title] Journal of Business Economics | [SJR:norm_title] Business Economics,SJR Q2 | SJR Q4,norm_title,0,,[SJR Q4] Business Economics,,
business management,[SJR:norm_title] Business Management | [SJR:norm_title] International Business and Management,SJR Q3 | SJR -,norm_title,0,,[SJR -] International Business and Management,,
business society,[SJR:norm_title] Business and Society | [SJR:norm_title] International Journal of Business and Society,SJR Q1 | SJR Q3,norm_title,0,,[SJR Q3] International Journal of Business and Society,,Y
business systems research,[SJR:norm_title] Business Systems Research | [SJR:norm_title] International Journal of Business and Systems Research,SJR Q2 | SJR Q4,norm_title,0,,[SJR Q4] International Journal of Business and Systems Research,,
cambridge law journal,[SJR:norm_title] Cambridge Law Journal | [SJR:norm_title] Cambridge International Law Journal,SJR Q2 | SJR Q2,norm_title,0,,[SJR Q2] Cambridge International Law Journal,,
canadian studies,[SJR:norm_title] Journal of Canadian Studies | [SJR:norm_title] International Journal of Canadian Studies,SJR Q2 | SJR Q4,norm_title,0,,[SJR Q4] International Journal of Canadian Studies,,
cancer,[SJR:norm_title] Cancer | [SJR:norm_title] International Journal of Cancer | [SJR:norm_title] Journal of Cancer,SJR Q1 | SJR Q1 | SJR Q2,norm_title,0,,[SJR Q2] Journal of Cancer,,Y
cancer cell,[SJR:norm_title] Cancer Cell | [SJR:norm_title] Cancer Cell International,SJR Q1 | SJR Q1,norm_title,0,,[SJR Q1] Cancer Cell International,,
cancer epidemiology,[SJR:norm_title] Cancer Epidemiology | [SJR:norm_title] Journal of Cancer Epidemiology,SJR Q2 | SJR Q3,norm_title,0,,[SJR Q3] Journal of Cancer Epidemiology,,
carbohydrate chemistry,[SJR:norm_title] Journal of Carbohydrate Chemistry | [SJR:norm_title] Carbohydrate Chemistry,SJR Q3 | SJR Q4,norm_title,0,,[SJR Q4] Carbohydrate Chemistry,,
cardiology,[SJR:norm_title] International Journal of Cardiology | [SJR:norm_title] Journal of Cardiology | [SJR:norm_title] Cardiology (Switzerland),SJR Q1 | SJR Q1 | SJR Q2,norm_title,0,,[SJR Q2] Cardiology (Switzerland),,Y
cardiovascular imaging,[SJR:norm_title] Journal of Cardiovascular Imaging | [SJR:norm_title] International Journal of Cardiovascular Imaging,SJR Q2 | SJR Q2,norm_title,0,,[SJR Q2] International Journal of Cardiovascular Imaging,,
cardiovascular medicine,[SJR:norm_title] Journal of Cardiovascular Medicine | [SJR:norm_title] Cardiovascular Medicine,SJR Q2 | SJR Q4,norm_title,0,,[SJR Q4] Cardiovascular Medicine,,
career development,[SJR:norm_title] Career Development International | [SJR:norm_title] Journal of Career Development,SJR Q1 | SJR Q1,norm_title,0,,[SJR Q1] Journal of Career Development,,
cell biology,[SJR:norm_title] Journal of Cell Biology | [SJR:norm_title] Cell Biology International | [SJR:norm_title] International Journal of Cell Biology,SJR Q1 | SJR Q1 | SJR Q3,norm_title,0,,[SJR Q3] International Journal of Cell Biology,,Y
cell communication signaling,[SJR:norm_title] Cell Communication and Signaling | [SJR:norm_title] Journal of Cell Communication and Signaling,SJR Q1 | SJR Q1,norm_title,0,,[SJR Q1] Journal of Cell Communication and Signaling,,
central south university,[SJR:norm_title] Journal of Central South University | [SJR:norm_title] Journal of Central South University (Medical Sciences),SJR Q1 | SJR Q3,norm_title,0,,[SJR Q3] Journal of Central South University (Medical Sciences),,Y
ceramics,[SJR:norm_title] Ceramics International | [SJR:norm_title] Ceramics | [SJR:norm_title] Journal of Ceramics,SJR Q1 | SJR Q2 | SJR Q4,norm_title,0,,[SJR Q4] Journal of Ceramics,,Y
change management,[SJR:norm_title] Journal of Change Management | [SJR:norm_title] Change Management,SJR Q2 | SJR Q4,norm_title,0,,[SJR Q4] Change Management,,
chemical petroleum engineering,[SJR:norm_title] Journal of Chemical and Petroleum Engineering | [SJR:norm_title] Chemical and Petroleum Engineering,SJR Q3 | SJR Q4,norm_title,0,,[SJR Q4] Chemical and Petroleum Engineering,,
chemical reviews,[SJR:norm_title] Chemical Reviews | [SJR:norm_title] Journal of Chemical Reviews,SJR Q1 | SJR Q1,norm_title,0,,[SJR Q1] Journal of Chemical Reviews,,
chemistry,[SJR:norm_title] Journal of Chemistry | [SJR:norm_title] Chemistry (Switzerland),SJR Q2 | SJR Q2,norm_title,0,,[SJR Q2] Chemistry (Switzerland),,
chemistry letters,[SJR:norm_title] Journal of Chemistry Letters | [SJR:norm_title] Chemistry Letters,SJR Q3 | SJR Q3,norm_title,0,,[SJR Q3] Chemistry Letters,,
chemotherapy,[SJR:norm_title] Journal of Chemotherapy | [SJR:norm_title] Chemotherapy,SJR Q3 | SJR Q3,norm_title,0,,[SJR Q3] Chemotherapy,,
china studies,[SJR:norm_title] International Journal of China Studies | [SJR:norm_title] China Studies,SJR Q2 | SJR Q4,norm_title,0,,[SJR Q4] China Studies,,
chinese clinical oncology,[SJR:norm_title] Chinese Clinical Oncology | [SJR:norm_title] Chinese Journal of Clinical Oncology,SJR Q2 | SJR Q4,norm_title,0,,[SJR Q4] Chinese Journal of Clinical Oncology,,
chinese linguistics,[SJR:norm_title] International Journal of Chinese Linguistics | [SJR:norm_title] Journal of Chinese Linguistics,SJR Q3 | SJR Q3,norm_title,0,,[SJR Q3] Journal of Chinese Linguistics,,
chinese medicine,[SJR:norm_title] Chinese Medicine (United Kingdom) | [SJR:norm_title] Journal of Chinese Medicine,SJR Q1 | SJR Q4,norm_title,0,,[SJR Q4] Journal of Chinese Medicine,,Y
chinese overseas,[SJR:norm_title] Journal of Chinese Overseas | [SJR:norm_title] Chinese Overseas,SJR Q2 | SJR Q3,norm_title,0,,[SJR Q3] Chinese Overseas,,
chinese sociology,[SJR:norm_title] Journal of Chinese Sociology | [SJR:norm_title] Chinese Journal of Sociology,SJR Q1 | SJR Q1,norm_title,0,,[SJR Q1] Chinese Journal of Sociology,,
chirurgia,[SJR:norm_title] Chirurgia (Romania) | [SJR:norm_title] Chirurgia (Turin),SJR Q3 | SJR Q4,norm_title,0,,[SJR Q4] Chirurgia (Turin),,
cis,[CORE:acronym] IEEE International Conference on Cybernetics and Intelligent Systems | [CORE:acronym] International Conference on Computational Intelligence and Security,CORE C | CORE National: China,acronym,0,,[CORE National: China] International Conference on Computational Intelligence and Security,,
cisis,"[CORE:acronym] Computational Intelligence in Security for Information Systems | [CORE:acronym] International Conference on Complex, Intelligent and Software Intensive Systems",CORE National: Spain | CORE C,acronym,0,,"[CORE C] International Conference on Complex, Intelligent and Software Intensive Systems",,
civil engineering,[SJR:norm_title] International Journal of Civil Engineering | [SJR:norm_title] Civil Engineering,SJR Q2 | SJR Q4,norm_title,0,,[SJR Q4] Civil Engineering,,
climate,[SJR:norm_title] Journal of Climate | [SJR:norm_title] Climate,SJR Q1 | SJR Q2,norm_title,0,,[SJR Q2] Climate,,Y
climate change research,[SJR:norm_title] Climate Change Research | [SJR:norm_title] Journal of Climate Change Research,SJR Q2 | SJR Q3,norm_title,0,,[SJR Q3] Journal of Climate Change Research,,
clinical cardiology,[SJR:norm_title] Clinical Cardiology | [SJR:norm_title] Journal of Clinical Cardiology,SJR Q2 | SJR Q4,norm_title,0,,[SJR Q4] Journal of Clinical Cardiology,,
clinical dentistry,[SJR:norm_title] Clinical Dentistry (Russia) | [SJR:norm_title] International Journal of Clinical Dentistry,SJR Q4 | SJR Q4,norm_title,0,,[SJR Q4] International Journal of Clinical Dentistry,,
clinical epidemiology,[SJR:norm_title] Journal of Clinical Epidemiology | [SJR:norm_title] Clinical Epidemiology,SJR Q1 | SJR Q1,norm_title,0,,[SJR Q1] Clinical Epidemiology,,
clinical ethics,[SJR:norm_title] Journal of Clinical Ethics | [SJR:norm_title] Clinical Ethics,SJR Q3 | SJR Q1,norm_title,0,,[SJR Q1] Clinical Ethics,,Y
clinical experimental hepatology,[SJR:norm_title] Journal of Clinical and Experimental Hepatology | [SJR:norm_title] Clinical and Experimental Hepatology,SJR Q2 | SJR Q3,norm_title,0,,[SJR Q3] Clinical and Experimental Hepatology,,
clinical gastroenterology,[SJR:norm_title] Journal of Clinical Gastroenterology | [SJR:norm_title] Clinical Journal of Gastroenterology,SJR Q2 | SJR Q3,norm_title,0,,[SJR Q3] Clinical Journal of Gastroenterology,,
clinical hematology,[SJR:norm_title] Clinical Hematology International | [SJR:norm_title] Journal of Clinical Hematology,SJR Q1 | SJR Q4,norm_title,0,,[SJR Q4] Journal of Clinical Hematology,,Y
clinical hypertension,[SJR:norm_title] Clinical Hypertension | [SJR:norm_title] Journal of Clinical Hypertension,SJR Q1 | SJR Q2,norm_title,0,,[SJR Q2] Journal of Clinical Hypertension,,Y
clinical immunology,[SJR:norm_title] Journal of Clinical Immunology | [SJR:norm_title] Clinical Immunology,SJR Q1 | SJR Q2,norm_title,0,,[SJR Q2] Clinical Immunology,,Y
clinical medicine research,[SJR:norm_title] Journal of Clinical Medicine Research | [SJR:norm_title] Clinical Medicine and Research,SJR Q2 | SJR Q2,norm_title,0,,[SJR Q2] Clinical Medicine and Research,,
clinical neurology,[SJR:norm_title] Journal of Clinical Neurology (Korea) | [SJR:norm_title] Clinical Neurology,SJR Q2 | SJR Q4,norm_title,0,,[SJR Q4] Clinical Neurology,,
clinical obstetrics gynecology,[SJR:norm_title] Clinical Obstetrics and Gynecology | [SJR:norm_title] Journal of Clinical Obstetrics and Gynecology,SJR Q3 | SJR Q4,norm_title,0,,[SJR Q4] Journal of Clinical Obstetrics and Gynecology,,
clinical oncology,[SJR:norm_title] Journal of Clinical Oncology | [SJR:norm_title] International Journal of Clinical Oncology | [SJR:norm_title] Clinical Oncology,SJR Q1 | SJR Q1 | SJR Q1,norm_title,0,,[SJR Q1] Clinical Oncology,,
clinical pediatric dentistry,[SJR:norm_title] Journal of Clinical Pediatric Dentistry | [SJR:norm_title] International Journal of Clinical Pediatric Dentistry,SJR Q2 | SJR Q2,norm_title,0,,[SJR Q2] International Journal of Clinical Pediatric Dentistry,,
clinical pharmacology therapeutics,[SJR:norm_title] Clinical Pharmacology and Therapeutics | [SJR:norm_title] International Journal of Clinical Pharmacology and Therapeutics,SJR Q1 | SJR Q3,norm_title,0,,[SJR Q3] International Journal of Clinical Pharmacology and Therapeutics,,Y
clinical psychopharmacology,[SJR:norm_title] International Clinical Psychopharmacology | [SJR:norm_title] Journal of Clinical Psychopharmacology,SJR Q2 | SJR Q3,norm_title,0,,[SJR Q3] Journal of Clinical Psychopharmacology,,
clinical rheumatology,[SJR:norm_title] Clinical Rheumatology | [SJR:norm_title] Journal of Clinical Rheumatology,SJR Q2 | SJR Q2,norm_title,0,,[SJR Q2] Journal of Clinical Rheumatology,,
clinical translational science,[SJR:norm_title] Clinical and Translational Science | [SJR:norm_title] Journal of Clinical and Translational Science,SJR Q1 | SJR Q1,norm_title,0,,[SJR Q1] Journal of Clinical and Translational Science,,
cloud computing,[SJR:norm_title] Journal of Cloud Computing | [SJR:norm_title] International Journal of Cloud Computing,SJR Q1 | SJR Q4,norm_title,0,,[SJR Q4] International Journal of Cloud Computing,,Y
cognitive science,[SJR:norm_title] Cognitive Science | [SJR:norm_title] Journal of Cognitive Science,SJR Q1 | SJR Q3,norm_title,0,,[SJR Q3] Journal of Cognitive Science,,Y
coloproctology,[SJR:norm_title] Journal of Coloproctology | [SJR:norm_title] Coloproctology,SJR Q4 | SJR Q4,norm_title,0,,[SJR Q4] Coloproctology,,
colorectal disease,[SJR:norm_title] Colorectal Disease | [SJR:norm_title] International Journal of Colorectal Disease,SJR Q2 | SJR Q2,norm_title,0,,[SJR Q2] International Journal of Colorectal Disease,,
combinatorics,[SJR:norm_title] Journal of Combinatorics | [SJR:norm_title] Transactions on Combinatorics,SJR Q2 | SJR Q3,norm_title,0,,[SJR Q3] Transactions on Combinatorics,,
comma,[CORE:acronym] International Conference on Computational Models of Argument | [SJR:norm_title] Comma,CORE C | SJR Q3,acronym | norm_title,0,,[CORE C] International Conference on Computational Models of Argument,,
communication,[SJR:norm_title] Journal of Communication | [SJR:norm_title] International Journal of Communication | [SJR:norm_title] Journal of International Communication,SJR Q1 | SJR Q1 | SJR Q3,norm_title,0,,[SJR Q3] Journal of International Communication,,Y
communication management,[SJR:norm_title] Journal of Communication Management | [SJR:norm_title] Communication and Management,SJR Q1 | SJR Q4,norm_title,0,,[SJR Q4] Communication and Management,,Y
communications,[SJR:norm_title] Communications | [SJR:norm_title] Journal of Communications,SJR Q1 | SJR Q3,norm_title,0,,[SJR Q3] Journal of Communications,,Y
comparative law review,[SJR:norm_title] Comparative Law Review | [SJR:norm_title] International and Comparative Law Review,SJR Q4 | SJR Q4,norm_title,0,,[SJR Q4] International and Comparative Law Review,,
comparative politics,[SJR:norm_title] Comparative Politics | [SJR:norm_title] Journal of Comparative Politics,SJR Q1 | SJR Q2,norm_title,0,,[SJR Q2] Journal of Comparative Politics,,Y
comparative psychology,[SJR:norm_title] Journal of Comparative Psychology | [SJR:norm_title] International Journal of Comparative Psychology,SJR Q2 | SJR Q3,norm_title,0,,[SJR Q3] International Journal of Comparative Psychology,,
comparative sociology,[SJR:norm_title] International Journal of Comparative Sociology | [SJR:norm_title] Comparative Sociology,SJR Q1 | SJR Q3,norm_title,0,,[SJR Q3] Comparative Sociology,,Y
complexity,[SJR:norm_title] Journal of Complexity | [SJR:norm_title] Complexity,SJR Q1 | SJR Q2,norm_title,0,,[SJR Q2] Complexity,,Y
computational applied mathematics,[SJR:norm_title] Journal of Computational and Applied Mathematics | [SJR:norm_title] Computational and Applied Mathematics,SJR Q1 | SJR Q2,norm_title,0,,[SJR Q2] Computational and Applied Mathematics,,Y
computational geometry,[CORE:norm_title] International Symposium on Computational Geometry | [SJR:norm_title] Journal of Computational Geometry,CORE A* | SJR Q3,norm_title,0,,[CORE A*] International Symposium on Computational Geometry,,Y
computational linguistics,[CORE:norm_title] International Conference on Computational Linguistics | [SJR:norm_title] Computational Linguistics,CORE B | SJR Q1,norm_title,0,,[CORE B] International Conference on Computational Linguistics,,Y
computational science,[CORE:norm_title] International Conference on Computational Science | [SJR:norm_title] Journal of Computational Science,CORE Multiconference | SJR Q1,norm_title,0,,[CORE Multiconference] International Conference on Computational Science,,Y
computer networks communications,[SJR:norm_title] Journal of Computer Networks and Communications | [SJR:norm_title] International Journal of Computer Networks and Communications,SJR Q2 | SJR Q3,norm_title,0,,[SJR Q3] International Journal of Computer Networks and Communications,,
computer science,[SJR:norm_title] Computer Science | [SJR:norm_title] Journal of Computer Science | [SJR:norm_title] Computer Science (China),SJR Q3 | SJR Q4 | SJR Q4,norm_title,0,,[SJR Q4] Computer Science (China),,
computer science technology,[SJR:norm_title] Journal of Computer Science and Technology | [SJR:norm_title] Journal of Computer Science and Technology (Argentina),SJR Q2 | SJR Q3,norm_title,0,,[SJR Q3] Journal of Computer Science and Technology (Argentina),,
computers their applications,[CORE:norm_title] International Conference on Computers and their Applications | [SJR:norm_title] International Journal of Computers and their Applications,CORE National: USA | SJR Q4,norm_title,0,,[CORE National: USA] International Conference on Computers and their Applications,,
computing,[SJR:norm_title] Computing | [SJR:norm_title] International Journal of Computing,SJR Q2 | SJR Q3,norm_title,0,,[SJR Q3] International Journal of Computing,,
consumer marketing,[SJR:norm_title] Journal of Consumer Marketing | [SJR:norm_title] Journal of International Consumer Marketing,SJR Q1 | SJR Q2,norm_title,0,,[SJR Q2] Journal of International Consumer Marketing,,Y
contemporanea,[SJR:norm_title] Contemporanea | [SJR:norm_title] Contemporanea (Rome),SJR Q3 | SJR Q4,norm_title,0,,[SJR Q4] Contemporanea (Rome),,
contemporary mathematics,[SJR:norm_title] Contemporary Mathematics | [SJR:norm_title] Contemporary Mathematics (Singapore) (discontinued),SJR Q3 | SJR -,norm_title,0,,[SJR -] Contemporary Mathematics (Singapore) (discontinued),,
contemporary physics,[SJR:norm_title] Contemporary Physics | [SJR:norm_title] Journal of Contemporary Physics,SJR Q1 | SJR Q4,norm_title,0,,[SJR Q4] Journal of Contemporary Physics,,Y
control,[SJR:norm_title] International Journal of Control | [SJR:norm_title] Control,SJR Q2 | SJR Q4,norm_title,0,,[SJR Q4] Control,,
convivium,[SJR:norm_title] Convivium (Czech Republic) | [SJR:norm_title] Convivium | [SJR:norm_title] Convivium (Poland),SJR Q2 | SJR Q4 | SJR Q4,norm_title,0,,[SJR Q4] Convivium (Poland),,
cooperative information systems,[CORE:norm_title] International Conference on Cooperative Information Systems | [SJR:norm_title] International Journal of Cooperative Information Systems,CORE B | SJR Q4,norm_title,0,,[CORE B] International Conference on Cooperative Information Systems,,
corrosion,[SJR:norm_title] Corrosion | [SJR:norm_title] International Journal of Corrosion,SJR Q3 | SJR Q3,norm_title,0,,[SJR Q3] International Journal of Corrosion,,
cosmetic science,[SJR:norm_title] International Journal of Cosmetic Science | [SJR:norm_title] Journal of Cosmetic Science,SJR Q2 | SJR Q4,norm_title,0,,[SJR Q4] Journal of Cosmetic Science,,
creativity,[SJR:norm_title] Journal of Creativity | [SJR:norm_title] Creativity,SJR Q1 | SJR Q1,norm_title,0,,[SJR Q1] Creativity,,
crime justice,[SJR:norm_title] Crime and Justice | [SJR:norm_title] Journal of Crime and Justice,SJR Q1 | SJR Q1,norm_title,0,,[SJR Q1] Journal of Crime and Justice,,
criminal justice,[SJR:norm_title] Journal of Criminal Justice | [SJR:norm_title] Journal of International Criminal Justice,SJR Q1 | SJR Q1,norm_title,0,,[SJR Q1] Journal of International Criminal Justice,,
criminal justice review,[SJR:norm_title] Criminal Justice Review | [SJR:norm_title] International Criminal Justice Review,SJR Q1 | SJR Q2,norm_title,0,,[SJR Q2] International Criminal Justice Review,,Y
criminal law review,[SJR:norm_title] International Criminal Law Review | [SJR:norm_title] Criminal Law Review,SJR Q2 | SJR Q4,norm_title,0,,[SJR Q4] Criminal Law Review,,
criminology,[SJR:norm_title] Criminology | [SJR:norm_title] Journal of Criminology,SJR Q1 | SJR Q1,norm_title,0,,[SJR Q1] Journal of Criminology,,
crisis,[CORE:acronym] International Conference on Risks and Security of Internet and Systems | [SJR:norm_title] Crisis,CORE C | SJR Q2,acronym | norm_title,0,,[CORE C] International Conference on Risks and Security of Internet and Systems,,
critical care medicine,[SJR:norm_title] Critical Care Medicine | [SJR:norm_title] Journal of Critical Care Medicine,SJR Q1 | SJR Q2,norm_title,0,,[SJR Q2] Journal of Critical Care Medicine,,Y
critique,[SJR:norm_title] Critique | [SJR:norm_title] Critique (France),SJR Q1 | SJR Q4,norm_title,0,,[SJR Q4] Critique (France),,Y
crop protection,[SJR:norm_title] Crop Protection | [SJR:norm_title] Journal of Crop Protection,SJR Q1 | SJR Q4,norm_title,0,,[SJR Q4] Journal of Crop Protection,,Y
cultural studies,[SJR:norm_title] International Journal of Cultural Studies | [SJR:norm_title] Cultural Studies,SJR Q1 | SJR Q1,norm_title,0,,[SJR Q1] Cultural Studies,,
curriculum teaching,[SJR:norm_title] Journal of Curriculum and Teaching | [SJR:norm_title] Curriculum and Teaching,SJR Q3 | SJR Q4,norm_title,0,,[SJR Q4] Curriculum and Teaching,,
cybersecurity,[SJR:norm_title] Cybersecurity | [SJR:norm_title] Journal of Cybersecurity,SJR Q1 | SJR Q1,norm_title,0,,[SJR Q1] Journal of Cybersecurity,,
dairy science,[SJR:norm_title] Journal of Dairy Science | [SJR:norm_title] International Journal of Dairy Science,SJR Q1 | SJR Q4,norm_title,0,,[SJR Q4] International Journal of Dairy Science,,Y
data,"[CORE:acronym] International Conference on Data Science, Technology and Applications | [SJR:norm_title] Data",CORE C | SJR Q2,acronym | norm_title,0,,"[CORE C] International Conference on Data Science, Technology and Applications",,
data information management,"[SJR:norm_title] Data and Information Management | [SJR:norm_title] Journal of Data, Information and Management",SJR Q1 | SJR Q2,norm_title,0,,"[SJR Q2] Journal of Data, Information and Management",,Y
data science,[SJR:norm_title] Data Science | [SJR:norm_title] Journal of Data Science,SJR Q2 | SJR Q3,norm_title,0,,[SJR Q3] Journal of Data Science,,
dental hygiene,[SJR:norm_title] International Journal of Dental Hygiene | [SJR:norm_title] Journal of Dental Hygiene,SJR Q2 | SJR Q2,norm_title,0,,[SJR Q2] Journal of Dental Hygiene,,
dental journal,[SJR:norm_title] International Dental Journal | [SJR:norm_title] Dental Journal,SJR Q1 | SJR Q3,norm_title,0,,[SJR Q3] Dental Journal,,Y
dentistry,[SJR:norm_title] Journal of Dentistry | [SJR:norm_title] International Journal of Dentistry | [SJR:norm_title] Journal of Dentistry (Iran) | [SJR:norm_title] Dentistry 3000,SJR Q1 | SJR Q1 | SJR Q2 | SJR Q3,norm_title,0,,[SJR Q3] Dentistry 3000,,Y
dermatology,[SJR:norm_title] Dermatology | [SJR:norm_title] International Journal of Dermatology | [SJR:norm_title] Journal of Dermatology,SJR Q1 | SJR Q1 | SJR Q1,norm_title,0,,[SJR Q1] Journal of Dermatology,,
design,[SJR:norm_title] International Journal of Design | [SJR:norm_title] Journal of Design,SJR Q1 | SJR Q2,norm_title,0,,[SJR Q2] Journal of Design,,Y
designs for learning,[SJR:norm_title] Designs for Learning | [SJR:norm_title] International Journal of Designs for Learning,SJR Q1 | SJR Q4,norm_title,0,,[SJR Q4] International Journal of Designs for Learning,,Y
development,[SJR:norm_title] Development (Cambridge) | [SJR:norm_title] Journal of International Development | [SJR:norm_title] Development,SJR Q1 | SJR Q2 | SJR Q3,norm_title,0,,[SJR Q3] Development,,Y
developmental biology,[SJR:norm_title] Developmental Biology | [SJR:norm_title] Journal of Developmental Biology | [SJR:norm_title] International Journal of Developmental Biology,SJR Q2 | SJR Q2 | SJR Q2,norm_title,0,,[SJR Q2] International Journal of Developmental Biology,,
developmental neuroscience,[SJR:norm_title] Developmental Neuroscience | [SJR:norm_title] International Journal of Developmental Neuroscience,SJR Q2 | SJR Q3,norm_title,0,,[SJR Q3] International Journal of Developmental Neuroscience,,
devenir,[SJR:norm_title] Devenir (Peru) | [SJR:norm_title] Devenir,SJR Q2 | SJR Q4,norm_title,0,,[SJR Q4] Devenir,,
diabetes,[SJR:norm_title] Diabetes | [SJR:norm_title] Journal of Diabetes,SJR Q1 | SJR Q1,norm_title,0,,[SJR Q1] Journal of Diabetes,,
diabetology,[SJR:norm_title] Diabetology | [SJR:norm_title] Diabetology International | [SJR:norm_title] Journal of Diabetology,SJR Q2 | SJR Q3 | SJR Q4,norm_title,0,,[SJR Q4] Journal of Diabetology,,
differential equations,[SJR:norm_title] Journal of Differential Equations | [SJR:norm_title] Differential Equations | [SJR:norm_title] International Journal of Differential Equations,SJR Q1 | SJR Q2 | SJR Q3,norm_title,0,,[SJR Q3] International Journal of Differential Equations,,Y
digestive diseases,[SJR:norm_title] Digestive Diseases | [SJR:norm_title] Journal of Digestive Diseases,SJR Q2 | SJR Q2,norm_title,0,,[SJR Q2] Journal of Digestive Diseases,,
disputatio,[SJR:norm_title] Disputatio | [SJR:norm_title] Disputatio (Spain),SJR Q2 | SJR Q3,norm_title,0,,[SJR Q3] Disputatio (Spain),,
distributed computing,[CORE:norm_title] International Symposium on Distributed Computing (was WDAG) | [SJR:norm_title] Distributed Computing,CORE A | SJR Q2,norm_title,0,,[CORE A] International Symposium on Distributed Computing (was WDAG),,Y
diversity higher education,[SJR:norm_title] Journal of Diversity in Higher Education | [SJR:norm_title] Diversity in Higher Education,SJR Q1 | SJR -,norm_title,0,,[SJR -] Diversity in Higher Education,,Y
dublin core metadata applications,[CORE:norm_title] International Conference on Dublin Core and Metadata Applications | [SJR:norm_title] Proceedings of the International Conference on Dublin Core and Metadata Applications,CORE C | SJR -,norm_title,0,,[CORE C] International Conference on Dublin Core and Metadata Applications,,
dynamics control,[SJR:norm_title] International Journal of Dynamics and Control | [SJR:norm_title] Journal of Dynamics and Control,SJR Q2 | SJR Q3,norm_title,0,,[SJR Q3] Journal of Dynamics and Control,,
early modern studies,[SJR:norm_title] Journal of Early Modern Studies (Romania) | [SJR:norm_title] Journal of Early Modern Studies,SJR Q2 | SJR Q2,norm_title,0,,[SJR Q2] Journal of Early Modern Studies,,
echocardiography,[SJR:norm_title] Journal of Echocardiography | [SJR:norm_title] Echocardiography,SJR Q3 | SJR Q3,norm_title,0,,[SJR Q3] Echocardiography,,
ecological engineering,[SJR:norm_title] Ecological Engineering | [SJR:norm_title] Journal of Ecological Engineering,SJR Q1 | SJR Q2,norm_title,0,,[SJR Q2] Journal of Ecological Engineering,,Y
ecology,[SJR:norm_title] Journal of Ecology | [SJR:norm_title] Ecology | [SJR:norm_title] International Journal of Ecology,SJR Q1 | SJR Q1 | SJR Q2,norm_title,0,,[SJR Q2] International Journal of Ecology,,Y
econometrics,[SJR:norm_title] Journal of Econometrics | [SJR:norm_title] Econometrics,SJR Q1 | SJR Q3,norm_title,0,,[SJR Q3] Econometrics,,Y
economia,[SJR:norm_title] EconomiA | [SJR:norm_title] Economia,SJR Q2 | SJR Q3,norm_title,0,,[SJR Q3] Economia,,
economic geography,[SJR:norm_title] Economic Geography | [SJR:norm_title] Journal of Economic Geography | [SJR:norm_title] Economic Geography (Switzerland),SJR Q1 | SJR Q1 | SJR Q3,norm_title,0,,[SJR Q3] Economic Geography (Switzerland),,Y
economic geology,[SJR:norm_title] Economic Geology | [SJR:norm_title] Journal of Economic Geology,SJR Q1 | SJR Q4,norm_title,0,,[SJR Q4] Journal of Economic Geology,,Y
economic journal,[SJR:norm_title] Economic Journal | [SJR:norm_title] International Economic Journal,SJR Q1 | SJR Q2,norm_title,0,,[SJR Q2] International Economic Journal,,Y
economic theory,[SJR:norm_title] Journal of Economic Theory | [SJR:norm_title] Economic Theory | [SJR:norm_title] International Journal of Economic Theory,SJR Q1 | SJR Q1 | SJR Q3,norm_title,0,,[SJR Q3] International Journal of Economic Theory,,Y
economics,[SJR:norm_title] Journal of International Economics | [SJR:norm_title] International Economics | [SJR:norm_title] Economics,SJR Q1 | SJR Q1 | SJR Q2,norm_title,0,,[SJR Q2] Economics,,Y
economics business,[SJR:norm_title] Journal of Economics and Business | [SJR:norm_title] International Journal of the Economics of Business,SJR Q1 | SJR Q2,norm_title,0,,[SJR Q2] International Journal of the Economics of Business,,Y
economics development,[SJR:norm_title] Journal of Economics and Development | [SJR:norm_title] Economics of Development (discontinued),SJR Q1 | SJR -,norm_title,0,,[SJR -] Economics of Development (discontinued),,Y
economics management,[SJR:norm_title] Journal of Economics and Management (Poland) | [SJR:norm_title] International Journal of Economics and Management,SJR Q2 | SJR Q3,norm_title,0,,[SJR Q3] International Journal of Economics and Management,,
education,[SJR:norm_title] Journal of Education | [SJR:norm_title] Journal of Education (South Africa),SJR Q1 | SJR Q3,norm_title,0,,[SJR Q3] Journal of Education (South Africa),,Y
education culture society,"[SJR:norm_title] Journal of Education Culture and Society | [SJR:norm_title] Education, Culture, and Society",SJR Q1 | SJR Q4,norm_title,0,,"[SJR Q4] Education, Culture, and Society",,Y
educational data mining,[CORE:norm_title] Educational Data Mining | [SJR:norm_title] Journal of Educational Data Mining | [SJR:norm_title] Proceedings of the International Conference on Educational Data Mining,CORE B | SJR Q2 | SJR Q3,norm_title,0,,[CORE B] Educational Data Mining,,
educational research,[SJR:norm_title] Educational Research | [SJR:norm_title] International Journal of Educational Research | [SJR:norm_title] Journal of Educational Research,SJR Q1 | SJR Q1 | SJR Q2,norm_title,0,,[SJR Q2] Journal of Educational Research,,Y
electrical computer engineering,[SJR:norm_title] Journal of Electrical and Computer Engineering | [SJR:norm_title] International Journal of Electrical and Computer Engineering (discontinued),SJR Q2 | SJR -,norm_title,0,,[SJR -] International Journal of Electrical and Computer Engineering (discontinued),,
electrical engineering,[SJR:norm_title] Electrical Engineering | [SJR:norm_title] Journal of Electrical Engineering (China) | [SJR:norm_title] Journal of Electrical Engineering | [SJR:norm_title] International Journal of Electrical Engineering,SJR Q2 | SJR Q3 | SJR Q3 | SJR Q4,norm_title,0,,[SJR Q4] International Journal of Electrical Engineering,,
electrochemistry,[SJR:norm_title] Journal of Electrochemistry | [SJR:norm_title] Electrochemistry,SJR Q2 | SJR Q4,norm_title,0,,[SJR Q4] Electrochemistry,,
electronic business,[SJR:norm_title] International Journal of Electronic Business | [SJR:norm_title] Proceedings of the International Conference on Electronic Business (ICEB),SJR Q3 | SJR -,norm_title,0,,[SJR -] Proceedings of the International Conference on Electronic Business (ICEB),,
electronic commerce research,[SJR:norm_title] Electronic Commerce Research | [SJR:norm_title] Journal of Electronic Commerce Research,SJR Q1 | SJR Q1,norm_title,0,,[SJR Q1] Journal of Electronic Commerce Research,,
electronic materials,[SJR:norm_title] Journal of Electronic Materials | [SJR:norm_title] Electronic Materials,SJR Q2 | SJR Q2,norm_title,0,,[SJR Q2] Electronic Materials,,
electronics letters,[SJR:norm_title] Electronics Letters | [SJR:norm_title] International Journal of Electronics Letters,SJR Q3 | SJR Q4,norm_title,0,,[SJR Q4] International Journal of Electronics Letters,,
embedded wireless systems networks,[CORE:norm_title] International Conference on Embedded Wireless Systems and Networks (wasEuropean Conference on Wireless Sensor Networks) | [SJR:norm_title] International Conference on Embedded Wireless Systems and Networks,CORE B | SJR -,norm_title,0,,[CORE B] International Conference on Embedded Wireless Systems and Networks (wasEuropean Conference on Wireless Sensor Networks),,
emergency critical care medicine,[SJR:norm_title] Emergency and Critical Care Medicine | [SJR:norm_title] Journal of Emergency and Critical Care Medicine,SJR Q2 | SJR Q3,norm_title,0,,[SJR Q3] Journal of Emergency and Critical Care Medicine,,
emergency management,[SJR:norm_title] Journal of Emergency Management | [SJR:norm_title] International Journal of Emergency Management,SJR Q3 | SJR Q4,norm_title,0,,[SJR Q4] International Journal of Emergency Management,,
emergency medicine,[SJR:norm_title] International Journal of Emergency Medicine | [SJR:norm_title] Journal of Emergency Medicine | [SJR:norm_title] Emergency Medicine International | [SJR:norm_title] Emergency Medicine (Ukraine),SJR Q2 | SJR Q2 | SJR Q2 | SJR Q4,norm_title,0,,[SJR Q4] Emergency Medicine (Ukraine),,
emergency nursing,[SJR:norm_title] International Emergency Nursing | [SJR:norm_title] Journal of Emergency Nursing,SJR Q1 | SJR Q2,norm_title,0,,[SJR Q2] Journal of Emergency Nursing,,Y
empirical economics,[SJR:norm_title] Empirical Economics | [SJR:norm_title] International Journal of Empirical Economics,SJR Q1 | SJR Q3,norm_title,0,,[SJR Q3] International Journal of Empirical Economics,,Y
empirical software engineering measurement,[CORE:norm_title] International Symposium on Empirical Software Engineering and Measurement | [SJR:norm_title] International Symposium on Empirical Software Engineering and Measurement,CORE A | SJR -,norm_title,0,,[CORE A] International Symposium on Empirical Software Engineering and Measurement,,Y
endocrinology metabolism,[SJR:norm_title] Endocrinology and Metabolism | [SJR:norm_title] International Journal of Endocrinology and Metabolism | [SJR:norm_title] Journal of Endocrinology and Metabolism,SJR Q1 | SJR Q3 | SJR Q4,norm_title,0,,[SJR Q4] Journal of Endocrinology and Metabolism,,Y
energy journal,[SJR:norm_title] Energy Journal | [SJR:norm_title] International Energy Journal,SJR Q2 | SJR Q4,norm_title,0,,[SJR Q4] International Energy Journal,,
energy storage,[SJR:norm_title] Journal of Energy Storage | [SJR:norm_title] Energy Storage,SJR Q1 | SJR Q2,norm_title,0,,[SJR Q2] Energy Storage,,Y
energy systems,[SJR:norm_title] Energy Systems | [SJR:norm_title] Journal of Energy Systems,SJR Q2 | SJR Q3,norm_title,0,,[SJR Q3] Journal of Energy Systems,,
engineering,[SJR:norm_title] Engineering | [SJR:norm_title] Journal of Engineering (United Kingdom) | [SJR:norm_title] Journal of Engineering,SJR Q1 | SJR Q2 | SJR Q3,norm_title,0,,[SJR Q4] Engineering,,Y
engineering education,[SJR:norm_title] Journal of Engineering Education | [SJR:norm_title] International Journal of Engineering Education,SJR Q1 | SJR Q2,norm_title,0,,[SJR Q2] International Journal of Engineering Education,,Y
engineering geology,[SJR:norm_title] Engineering Geology | [SJR:norm_title] Journal of Engineering Geology,SJR Q1 | SJR Q4,norm_title,0,,[SJR Q4] Journal of Engineering Geology,,Y
engineering research,[SJR:norm_title] Journal of Engineering Research (Kuwait) | [SJR:norm_title] Journal of Engineering Research,SJR Q2 | SJR Q4,norm_title,0,,[SJR Q4] Journal of Engineering Research,,
engineering sciences,[SJR:norm_title] Journal of Engineering Sciences (Ukraine) | [SJR:norm_title] Journal of Engineering Sciences,SJR Q4 | SJR Q4,norm_title,0,,[SJR Q4] Journal of Engineering Sciences,,
engineering technology,[SJR:norm_title] Journal of Engineering Technology | [SJR:norm_title] Engineering and Technology,SJR Q4 | SJR Q4,norm_title,0,,[SJR Q4] Engineering and Technology,,
engineering technology innovation,[SJR:norm_title] International Journal of Engineering and Technology Innovation | [SJR:norm_title] Proceedings of Engineering and Technology Innovation,SJR Q3 | SJR Q2,norm_title,0,,[SJR Q2] Proceedings of Engineering and Technology Innovation,,
english linguistics,[SJR:norm_title] Journal of English Linguistics | [SJR:norm_title] English Linguistics,SJR Q2 | SJR Q3,norm_title,0,,[SJR Q3] English Linguistics,,
english studies,[SJR:norm_title] English Studies | [SJR:norm_title] International Journal of English Studies | [SJR:norm_title] Journal of English Studies,SJR Q1 | SJR Q1 | SJR Q2,norm_title,0,,[SJR Q2] Journal of English Studies,,Y
english teaching,[SJR:norm_title] English Teaching | [SJR:norm_title] English Teaching (South Korea),SJR Q1 | SJR Q3,norm_title,0,,[SJR Q3] English Teaching (South Korea),,Y
enterprise information systems,[SJR:norm_title] Enterprise Information Systems | [SJR:norm_title] International Journal of Enterprise Information Systems,SJR Q1 | SJR Q3,norm_title,0,,[SJR Q3] International Journal of Enterprise Information Systems,,Y
entomological research,[SJR:norm_title] Entomological Research | [SJR:norm_title] Journal of Entomological Research,SJR Q3 | SJR Q4,norm_title,0,,[SJR Q4] Journal of Entomological Research,,
entomological science,[SJR:norm_title] Entomological Science | [SJR:norm_title] Journal of Entomological Science,SJR Q3 | SJR Q3,norm_title,0,,[SJR Q3] Journal of Entomological Science,,
entrepreneurship,[SJR:norm_title] Journal of International Entrepreneurship | [SJR:norm_title] Journal of Entrepreneurship,SJR Q2 | SJR Q2,norm_title,0,,[SJR Q2] Journal of Entrepreneurship,,
environment health,[SJR:norm_title] Environment and Health | [SJR:norm_title] International Journal of Environment and Health,SJR Q1 | SJR Q2,norm_title,0,,[SJR Q2] International Journal of Environment and Health,,Y
environmental earth sciences,[SJR:norm_title] Environmental Earth Sciences | [SJR:norm_title] Journal of Environmental and Earth Sciences (discontinued),SJR Q1 | SJR -,norm_title,0,,[SJR -] Journal of Environmental and Earth Sciences (discontinued),,Y
environmental engineering,[SJR:norm_title] Journal of Environmental Engineering (United States) | [SJR:norm_title] Journal of Environmental Engineering (Japan) | [SJR:norm_title] Environmental Engineering (Lithuania),SJR Q2 | SJR Q3 | SJR Q4,norm_title,0,,[SJR Q4] Environmental Engineering (Lithuania),,
environmental engineering science,[SJR:norm_title] Environmental Engineering Science | [SJR:norm_title] Journal of Environmental Engineering and Science,SJR Q3 | SJR Q3,norm_title,0,,[SJR Q3] Journal of Environmental Engineering and Science,,
environmental law,[SJR:norm_title] Journal of Environmental Law | [SJR:norm_title] International Environmental Law,SJR Q1 | SJR Q4,norm_title,0,,[SJR Q4] International Environmental Law,,Y
environmental management,[SJR:norm_title] Journal of Environmental Management | [SJR:norm_title] Environmental Management,SJR Q1 | SJR Q1,norm_title,0,,[SJR Q1] Environmental Management,,
environmental science technology,[SJR:norm_title] Environmental Science and Technology | [SJR:norm_title] International Journal of Environmental Science and Technology,SJR Q1 | SJR Q1,norm_title,0,,[SJR Q1] International Journal of Environmental Science and Technology,,
environmental studies,[SJR:norm_title] International Journal of Environmental Studies | [SJR:norm_title] Journal of Environmental Studies,SJR Q3 | SJR Q4,norm_title,0,,[SJR Q4] Journal of Environmental Studies,,
environmental sustainability,[SJR:norm_title] Environmental Sustainability | [SJR:norm_title] International Journal of Environmental Sustainability,SJR Q1 | SJR Q4,norm_title,0,,[SJR Q4] International Journal of Environmental Sustainability,,Y
eos,[SJR:norm_title] Eos | [SJR:norm_title] Eos (Poland),SJR Q4 | SJR Q3,norm_title,0,,[SJR Q3] Eos (Poland),,
epidemiology,[SJR:norm_title] International Journal of Epidemiology | [SJR:norm_title] Epidemiology | [SJR:norm_title] Journal of Epidemiology,SJR Q1 | SJR Q1 | SJR Q1,norm_title,0,,[SJR Q1] Journal of Epidemiology,,
estudos de psicologia,[SJR:norm_title] Estudos de Psicologia (Campinas) | [SJR:norm_title] Estudos de Psicologia (Natal),SJR Q3 | SJR Q4,norm_title,0,,[SJR Q4] Estudos de Psicologia (Natal),,
ethics,[SJR:norm_title] Ethics | [SJR:norm_title] Journal of Ethics,SJR Q1 | SJR Q1,norm_title,0,,[SJR Q1] Journal of Ethics,,
ethology,[SJR:norm_title] Ethology | [SJR:norm_title] Journal of Ethology,SJR Q2 | SJR Q3,norm_title,0,,[SJR Q3] Journal of Ethology,,
eurasian soil science,[SJR:norm_title] Eurasian Soil Science | [SJR:norm_title] Eurasian Journal of Soil Science,SJR Q2 | SJR Q3,norm_title,0,,[SJR Q3] Eurasian Journal of Soil Science,,
european education,[SJR:norm_title] European Journal of Education | [SJR:norm_title] European Education,SJR Q1 | SJR Q3,norm_title,0,,[SJR Q3] European Education,,Y
european psychiatry,[SJR:norm_title] European Psychiatry | [SJR:norm_title] European Journal of Psychiatry,SJR Q1 | SJR Q2,norm_title,0,,[SJR Q2] European Journal of Psychiatry,,Y
european radiology,[SJR:norm_title] European Radiology | [SJR:norm_title] European Journal of Radiology,SJR Q1 | SJR Q1,norm_title,0,,[SJR Q1] European Journal of Radiology,,
european security,[SJR:norm_title] European Security | [SJR:norm_title] European Journal of International Security,SJR Q1 | SJR Q1,norm_title,0,,[SJR Q1] European Journal of International Security,,
evolutionary biology,[SJR:norm_title] Journal of Evolutionary Biology | [SJR:norm_title] Evolutionary Biology,SJR Q1 | SJR Q2,norm_title,0,,[SJR Q2] Evolutionary Biology,,Y
exercise science,[SJR:norm_title] International Journal of Exercise Science | [SJR:norm_title] Exercise Science,SJR Q2 | SJR Q4,norm_title,0,,[SJR Q4] Exercise Science,,
fertility sterility,[SJR:norm_title] Fertility and Sterility | [SJR:norm_title] International Journal of Fertility and Sterility,SJR Q1 | SJR Q2,norm_title,0,,[SJR Q2] International Journal of Fertility and Sterility,,Y
finance,[SJR:norm_title] Journal of Finance | [SJR:norm_title] International Finance | [SJR:norm_title] Finance,SJR Q1 | SJR Q2 | SJR Q4,norm_title,0,,[SJR Q4] Finance,,Y
fluid flow heat mass transfer,"[SJR:norm_title] Journal of Fluid Flow, Heat and Mass Transfer | [SJR:norm_title] International Conference on Fluid Flow, Heat and Mass Transfer",SJR Q4 | SJR -,norm_title,0,,"[SJR -] International Conference on Fluid Flow, Heat and Mass Transfer",,
folia biologica,[SJR:norm_title] Folia Biologica (Czech Republic) | [SJR:norm_title] Folia Biologica (Poland),SJR Q3 | SJR Q4,norm_title,0,,[SJR Q4] Folia Biologica (Poland),,
folklore,[SJR:norm_title] Folklore (United Kingdom) | [SJR:norm_title] Folklore (Estonia),SJR Q1 | SJR Q2,norm_title,0,,[SJR Q2] Folklore (Estonia),,Y
food engineering,[SJR:norm_title] Journal of Food Engineering | [SJR:norm_title] International Journal of Food Engineering,SJR Q1 | SJR Q2,norm_title,0,,[SJR Q2] International Journal of Food Engineering,,Y
food microbiology,[SJR:norm_title] International Journal of Food Microbiology | [SJR:norm_title] Food Microbiology,SJR Q1 | SJR Q1,norm_title,0,,[SJR Q1] Food Microbiology,,
food nutrition research,[SJR:norm_title] Food and Nutrition Research | [SJR:norm_title] Journal of Food and Nutrition Research,SJR Q1 | SJR Q3,norm_title,0,,[SJR Q3] Journal of Food and Nutrition Research,,Y
food research,[SJR:norm_title] Food Research International | [SJR:norm_title] Food Research,SJR Q1 | SJR Q3,norm_title,0,,[SJR Q3] Food Research,,Y
food science,[SJR:norm_title] Journal of Food Science | [SJR:norm_title] International Journal of Food Science,SJR Q1 | SJR Q2,norm_title,0,,[SJR Q2] International Journal of Food Science,,Y
food science biotechnology,[SJR:norm_title] Food Science and Biotechnology | [SJR:norm_title] Journal of Food Science and Biotechnology,SJR Q1 | SJR Q4,norm_title,0,,[SJR Q4] Journal of Food Science and Biotechnology,,Y
food science technology,[SJR:norm_title] Journal of Food Science and Technology | [SJR:norm_title] International Journal of Food Science and Technology | [SJR:norm_title] Food Science and Technology International | [SJR:norm_title] Food Science and Technology (United States) | [SJR:norm_title] Journal of Food Science and Technology (China) | [SJR:norm_title] Journal of Food Science and Technology (Iran),SJR Q2 | SJR Q1 | SJR Q2 | SJR Q3 | SJR Q3 | SJR Q4,norm_title,0,,[SJR Q4] Journal of Food Science and Technology (Iran),,Y
food studies,[SJR:norm_title] International Journal of Food Studies | [SJR:norm_title] Food Studies,SJR Q3 | SJR Q2,norm_title,0,,[SJR Q2] Food Studies,,
foot ankle surgery,[SJR:norm_title] Foot and Ankle Surgery | [SJR:norm_title] Journal of Foot and Ankle Surgery,SJR Q1 | SJR Q1,norm_title,0,,[SJR Q1] Journal of Foot and Ankle Surgery,,
forecasting,[SJR:norm_title] International Journal of Forecasting | [SJR:norm_title] Forecasting | [SJR:norm_title] Journal of Forecasting,SJR Q1 | SJR Q1 | SJR Q2,norm_title,0,,[SJR Q2] Journal of Forecasting,,Y
forensic sciences,[SJR:norm_title] Journal of Forensic Sciences | [SJR:norm_title] Forensic Sciences,SJR Q2 | SJR Q2,norm_title,0,,[SJR Q2] Forensic Sciences,,
forest engineering,[SJR:norm_title] International Journal of Forest Engineering | [SJR:norm_title] Forest Engineering,SJR Q1 | SJR Q3,norm_title,0,,[SJR Q3] Forest Engineering,,Y
forest science,[SJR:norm_title] Forest Science | [SJR:norm_title] Journal of Forest Science,SJR Q2 | SJR Q2,norm_title,0,,[SJR Q2] Journal of Forest Science,,
forestry,[SJR:norm_title] Forestry | [SJR:norm_title] Journal of Forestry,SJR Q1 | SJR Q1,norm_title,0,,[SJR Q1] Journal of Forestry,,
forestry research,[SJR:norm_title] Forestry Research | [SJR:norm_title] Journal of Forestry Research | [SJR:norm_title] International Journal of Forestry Research,SJR Q1 | SJR Q1 | SJR Q2,norm_title,0,,[SJR Q2] International Journal of Forestry Research,,Y
forum,[SJR:norm_title] Forum (Germany) | [SJR:norm_title] FORUM (The Netherlands),SJR Q2 | SJR Q1,norm_title,0,,[SJR Q1] FORUM (The Netherlands),,Y
forum specification design languages,[CORE:norm_title] Forum on Specification and Design Languages | [SJR:norm_title] Forum on Specification and Design Languages,CORE C | SJR -,norm_title,0,,[CORE C] Forum on Specification and Design Languages,,
fronteiras,[SJR:norm_title] Fronteiras | [SJR:norm_title] Fronteiras (Brazil),SJR Q4 | SJR Q4,norm_title,0,,[SJR Q4] Fronteiras (Brazil),,
frontiers earth science,[SJR:norm_title] Frontiers in Earth Science | [SJR:norm_title] Frontiers of Earth Science,SJR Q2 | SJR Q2,norm_title,0,,[SJR Q2] Frontiers of Earth Science,,
frontiers education,[CORE:norm_title] Frontiers in Education | [SJR:norm_title] Frontiers in Education,CORE C | SJR Q1,norm_title,0,,[CORE C] Frontiers in Education,,Y
frontiers mechanical engineering,[SJR:norm_title] Frontiers of Mechanical Engineering | [SJR:norm_title] Frontiers in Mechanical Engineering,SJR Q1 | SJR Q2,norm_title,0,,[SJR Q2] Frontiers in Mechanical Engineering,,Y
frontiers physics,[SJR:norm_title] Frontiers of Physics | [SJR:norm_title] Frontiers in Physics,SJR Q1 | SJR Q2,norm_title,0,,[SJR Q2] Frontiers in Physics,,Y
fruit science,[SJR:norm_title] International Journal of Fruit Science | [SJR:norm_title] Journal of Fruit Science,SJR Q2 | SJR Q3,norm_title,0,,[SJR Q3] Journal of Fruit Science,,
fse,"[CORE:acronym] ACM International Conference on the Foundations of Software Engineering (was ESEC/FSE, changed 2024; duplicate previously listed as ESEC, removed from DB) | [CORE:acronym] International Workshop on Fast Software Encryption",CORE A* | CORE B,acronym,0,,[CORE B] International Workshop on Fast Software Encryption,,Y
functional programming,[CORE:norm_title] International Conference on Functional Programming | [SJR:norm_title] Journal of Functional Programming,CORE A | SJR Q3,norm_title,0,,[CORE A] International Conference on Functional Programming,,Y
future foods,[SJR:norm_title] Journal of Future Foods | [SJR:norm_title] Future Foods,SJR Q1 | SJR Q1,norm_title,0,,[SJR Q1] Future Foods,,
fuzzy sets systems,[SJR:norm_title] Fuzzy Sets and Systems | [SJR:norm_title] Transactions on Fuzzy Sets and Systems,SJR Q1 | SJR Q3,norm_title,0,,[SJR Q3] Transactions on Fuzzy Sets and Systems,,Y
gambling studies,[SJR:norm_title] Journal of Gambling Studies | [SJR:norm_title] International Gambling Studies,SJR Q1 | SJR Q2,norm_title,0,,[SJR Q2] International Gambling Studies,,Y
games,[CORE:norm_title] Conference on Games (was Computational Intelligence and Games CIG) | [SJR:norm_title] Games,CORE C | SJR Q3,norm_title,0,,[CORE C] Conference on Games (was Computational Intelligence and Games CIG),,
gastric cancer,[SJR:norm_title] Gastric Cancer | [SJR:norm_title] Journal of Gastric Cancer,SJR Q1 | SJR Q1,norm_title,0,,[SJR Q1] Journal of Gastric Cancer,,
gastroenterology,[SJR:norm_title] Gastroenterology | [SJR:norm_title] Journal of Gastroenterology | [SJR:norm_title] Gastroenterology (Ukraine),SJR Q1 | SJR Q1 | SJR Q4,norm_title,0,,[SJR Q4] Gastroenterology (Ukraine),,Y
gastroenterology hepatology,[SJR:norm_title] Journal of Gastroenterology and Hepatology (Australia) | [SJR:norm_title] Gastroenterology and Hepatology,SJR Q1 | SJR Q2,norm_title,0,,[SJR Q2] Gastroenterology and Hepatology,,Y
gender studies,[SJR:norm_title] Journal of Gender Studies | [SJR:norm_title] Gender Studies,SJR Q1 | SJR Q4,norm_title,0,,[SJR Q4] Gender Studies,,Y
genesis,[SJR:norm_title] Genesis (United States) | [SJR:norm_title] Genesis (Italy),SJR Q2 | SJR Q4,norm_title,0,,[SJR Q4] Genesis (Italy),,
genetics,[SJR:norm_title] Genetics | [SJR:norm_title] Journal of Genetics,SJR Q1 | SJR Q4,norm_title,0,,[SJR Q4] Journal of Genetics,,Y
genomics,[SJR:norm_title] Genomics | [SJR:norm_title] International Journal of Genomics,SJR Q2 | SJR Q2,norm_title,0,,[SJR Q2] International Journal of Genomics,,
geochemistry,[SJR:norm_title] Geochemistry | [SJR:norm_title] Geochemistry International,SJR Q2 | SJR Q3,norm_title,0,,[SJR Q3] Geochemistry International,,
geodynamics,[SJR:norm_title] Journal of Geodynamics | [SJR:norm_title] Geodynamics,SJR Q2 | SJR Q2,norm_title,0,,[SJR Q2] Geodynamics,,
geographical sciences,[SJR:norm_title] Journal of Geographical Sciences | [SJR:norm_title] Geographical Sciences,SJR Q1 | SJR Q3,norm_title,0,,[SJR Q3] Geographical Sciences,,Y
geography,[SJR:norm_title] Journal of Geography | [SJR:norm_title] Geography | [SJR:norm_title] Journal of Geography (Chigaku Zasshi),SJR Q2 | SJR Q3 | SJR Q3,norm_title,0,,[SJR Q3] Journal of Geography (Chigaku Zasshi),,
geoinformatics,[SJR:norm_title] International Journal of Geoinformatics | [SJR:norm_title] International Conference on Geoinformatics,SJR Q2 | SJR -,norm_title,0,,[SJR -] International Conference on Geoinformatics,,
geological journal,[SJR:norm_title] Geological Journal | [SJR:norm_title] Geological Journal (Ukraine),SJR Q2 | SJR Q4,norm_title,0,,[SJR Q4] Geological Journal (Ukraine),,
geology,[SJR:norm_title] Geology | [SJR:norm_title] Journal of Geology,SJR Q1 | SJR Q2,norm_title,0,,[SJR Q2] Journal of Geology,,Y
geomatics,[SJR:norm_title] Geomatics | [SJR:norm_title] Journal of Geomatics,SJR Q2 | SJR Q4,norm_title,0,,[SJR Q4] Journal of Geomatics,,
geomechanics,[SJR:norm_title] International Journal of Geomechanics | [SJR:norm_title] Journal of Geomechanics,SJR Q1 | SJR Q2,norm_title,0,,[SJR Q2] Journal of Geomechanics,,Y
geophysics,[SJR:norm_title] Geophysics | [SJR:norm_title] International Journal of Geophysics,SJR Q1 | SJR Q3,norm_title,0,,[SJR Q3] International Journal of Geophysics,,Y
geosciences,[SJR:norm_title] Geosciences (Switzerland) | [SJR:norm_title] Journal of Geosciences (Czech Republic),SJR Q2 | SJR Q2,norm_title,0,,[SJR Q2] Journal of Geosciences (Czech Republic),,
geotechnical engineering,[SJR:norm_title] International Journal of Geotechnical Engineering | [SJR:norm_title] Geotechnical Engineering,SJR Q2 | SJR Q4,norm_title,0,,[SJR Q4] Geotechnical Engineering,,
gi,[CORE:acronym] Graphics Interface | [CORE:acronym] IEEE Global Internet Symposium,CORE B | CORE C,acronym,0,,[CORE C] IEEE Global Internet Symposium,,
graphic engineering design,[SJR:norm_title] Journal of Graphic Engineering and Design | [SJR:norm_title] International Symposium on Graphic Engineering and Design,SJR Q4 | SJR -,norm_title,0,,[SJR -] International Symposium on Graphic Engineering and Design,,
group theory,[SJR:norm_title] Journal of Group Theory | [SJR:norm_title] International Journal of Group Theory,SJR Q2 | SJR Q2,norm_title,0,,[SJR Q2] International Journal of Group Theory,,
gynecologic oncology,[SJR:norm_title] Gynecologic Oncology | [SJR:norm_title] Journal of Gynecologic Oncology,SJR Q1 | SJR Q1,norm_title,0,,[SJR Q1] Journal of Gynecologic Oncology,,
hand therapy,[SJR:norm_title] Journal of Hand Therapy | [SJR:norm_title] Hand Therapy,SJR Q2 | SJR Q3,norm_title,0,,[SJR Q3] Hand Therapy,,
health,[SJR:norm_title] International Health | [SJR:norm_title] Health (United Kingdom),SJR Q1 | SJR Q2,norm_title,0,,[SJR Q2] Health (United Kingdom),,Y
health communication,[SJR:norm_title] Health Communication | [SJR:norm_title] Journal of Health Communication,SJR Q1 | SJR Q1,norm_title,0,,[SJR Q1] Journal of Health Communication,,
health economics,[SJR:norm_title] Journal of Health Economics | [SJR:norm_title] Health Economics (United Kingdom),SJR Q1 | SJR Q1,norm_title,0,,[SJR Q1] Health Economics (United Kingdom),,
health psychology,[SJR:norm_title] Health Psychology | [SJR:norm_title] Journal of Health Psychology,SJR Q1 | SJR Q2,norm_title,0,,[SJR Q2] Journal of Health Psychology,,Y
healthcare informatics research,[SJR:norm_title] Journal of Healthcare Informatics Research | [SJR:norm_title] Healthcare Informatics Research,SJR Q1 | SJR Q2,norm_title,0,,[SJR Q2] Healthcare Informatics Research,,Y
healthcare management,[SJR:norm_title] Journal of Healthcare Management | [SJR:norm_title] International Journal of Healthcare Management,SJR Q2 | SJR Q3,norm_title,0,,[SJR Q3] International Journal of Healthcare Management,,
heat mass transfer,[SJR:norm_title] International Journal of Heat and Mass Transfer | [SJR:norm_title] Heat and Mass Transfer,SJR Q1 | SJR Q2,norm_title,0,,[SJR Q2] Heat and Mass Transfer,,Y
hematology,[SJR:norm_title] Hematology (United States) | [SJR:norm_title] International Journal of Hematology | [SJR:norm_title] Hematology (United Kingdom) | [SJR:norm_title] Hematology (Bulgaria),SJR Q1 | SJR Q2 | SJR Q2 | SJR Q4,norm_title,0,,[SJR Q4] Hematology (Bulgaria),,Y
hepatology,[SJR:norm_title] Journal of Hepatology | [SJR:norm_title] Hepatology | [SJR:norm_title] Hepatology International | [SJR:norm_title] International Journal of Hepatology,SJR Q1 | SJR Q1 | SJR Q1 | SJR Q3,norm_title,0,,[SJR Q3] International Journal of Hepatology,,Y
heredity,[SJR:norm_title] Heredity | [SJR:norm_title] Journal of Heredity,SJR Q2 | SJR Q2,norm_title,0,,[SJR Q2] Journal of Heredity,,
hermes,[SJR:norm_title] Hermes (Denmark) | [SJR:norm_title] Hermes (Germany),SJR Q3 | SJR Q3,norm_title,0,,[SJR Q3] Hermes (Germany),,
higher education,[SJR:norm_title] Higher Education | [SJR:norm_title] Journal of Higher Education,SJR Q1 | SJR Q1,norm_title,0,,[SJR Q1] Journal of Higher Education,,
hindu studies,[SJR:norm_title] International Journal of Hindu Studies | [SJR:norm_title] Journal of Hindu Studies,SJR Q1 | SJR Q2,norm_title,0,,[SJR Q2] Journal of Hindu Studies,,Y
historia,[SJR:norm_title] Historia (Chile) | [SJR:norm_title] Historia (Brazil),SJR Q1 | SJR Q1,norm_title,0,,[SJR Q1] Historia (Brazil),,
historical archaeology,[SJR:norm_title] International Journal of Historical Archaeology | [SJR:norm_title] Historical Archaeology,SJR Q1 | SJR Q1,norm_title,0,,[SJR Q1] Historical Archaeology,,
historical geography,[SJR:norm_title] Journal of Historical Geography | [SJR:norm_title] Historical Geography,SJR Q1 | SJR Q3,norm_title,0,,[SJR Q3] Historical Geography,,Y
history,[SJR:norm_title] History | [SJR:norm_title] Journal of History,SJR Q2 | SJR -,norm_title,0,,[SJR -] Journal of History,,
horticultural science technology,[SJR:norm_title] International Journal of Horticultural Science and Technology | [SJR:norm_title] Horticultural Science and Technology,SJR Q2 | SJR Q2,norm_title,0,,[SJR Q2] Horticultural Science and Technology,,
human evolution,[SJR:norm_title] Journal of Human Evolution | [SJR:norm_title] Human Evolution,SJR Q1 | SJR Q4,norm_title,0,,[SJR Q4] Human Evolution,,Y
human genetics,[SJR:norm_title] Human Genetics | [SJR:norm_title] Journal of Human Genetics,SJR Q1 | SJR Q2,norm_title,0,,[SJR Q2] Journal of Human Genetics,,Y
human resource management,[SJR:norm_title] Human Resource Management | [SJR:norm_title] International Journal of Human Resource Management,SJR Q1 | SJR Q1,norm_title,0,,[SJR Q1] International Journal of Human Resource Management,,
human rights,[SJR:norm_title] Journal of Human Rights | [SJR:norm_title] International Journal of Human Rights | [SJR:norm_title] Human Rights,SJR Q1 | SJR Q1 | SJR Q4,norm_title,0,,[SJR Q4] Human Rights,,Y
human rights law review,[SJR:norm_title] Human Rights Law Review | [SJR:norm_title] International Human Rights Law Review,SJR Q1 | SJR Q3,norm_title,0,,[SJR Q3] International Human Rights Law Review,,Y
hybrid intelligent systems,[CORE:norm_title] International Conference on Hybrid Intelligent Systems | [SJR:norm_title] International Journal of Hybrid Intelligent Systems,CORE C | SJR Q2,norm_title,0,,[CORE C] International Conference on Hybrid Intelligent Systems,,
hydrology,[SJR:norm_title] Journal of Hydrology | [SJR:norm_title] Hydrology,SJR Q1 | SJR Q1,norm_title,0,,[SJR Q1] Hydrology,,
ias,[CORE:acronym] IEEE Industry Applications Society Annual Conference | [CORE:acronym] International Symposium on Information Assurance and Security,CORE National: USA | CORE C,acronym,0,,[CORE C] International Symposium on Information Assurance and Security,,
iccp,[CORE:acronym] IEEE International Conference on Computational Photography | [CORE:acronym] IEEE International Conference on Intelligent Computer Communication and Processing,CORE B | CORE National: Romania,acronym,0,,[CORE National: Romania] IEEE International Conference on Intelligent Computer Communication and Processing,,
iccsa,[CORE:acronym] International Conference on Communication Systems and Applications | [CORE:acronym] International Conference on Computational Science and its Applications,CORE C | CORE C,acronym,0,,[CORE C] International Conference on Computational Science and its Applications,,
icec,[CORE:acronym] International Conference on Electronic Commerce | [CORE:acronym] International Conference on Entertainment Computing,CORE C | CORE C,acronym,0,,[CORE C] International Conference on Entertainment Computing,,
idc,[CORE:acronym] Intelligent Distributed Computing | [CORE:acronym] Interaction Design and Children (ACM),CORE Unranked | CORE B,acronym,0,,[CORE B] Interaction Design and Children (ACM),,
ideas,[CORE:acronym] International Database Engineering and Applications Symposium | [SJR:norm_title] IdeAs,CORE C | SJR Q3,acronym | norm_title,0,,[CORE C] International Database Engineering and Applications Symposium,,
ie,[CORE:acronym] Interactive Entertainment | [CORE:acronym] The International Conference on Intelligent Environments,CORE Australasian C | CORE B,acronym,0,,[CORE B] The International Conference on Intelligent Environments,,
ieee cloud computing,[CORE:norm_title] IEEE International Conference on Cloud Computing | [SJR:norm_title] IEEE Transactions on Cloud Computing,CORE B | SJR Q1,norm_title,0,,[CORE B] IEEE International Conference on Cloud Computing,,Y
ieee computer based medical systems,[CORE:norm_title] IEEE International Symposium on Computer-Based Medical Systems | [SJR:norm_title] Proceedings of the IEEE Symposium on Computer-Based Medical Systems,CORE B | SJR -,norm_title,0,,[CORE B] IEEE International Symposium on Computer-Based Medical Systems,,
ieee electromagnetic compatibility,[SJR:norm_title] IEEE Transactions on Electromagnetic Compatibility | [SJR:norm_title] IEEE International Symposium on Electromagnetic Compatibility,SJR Q1 | SJR -,norm_title,0,,[SJR -] IEEE International Symposium on Electromagnetic Compatibility,,Y
ieee fuzzy systems,[CORE:norm_title] IEEE International Conference on Fuzzy Systems | [SJR:norm_title] IEEE Transactions on Fuzzy Systems | [SJR:norm_title] IEEE International Conference on Fuzzy Systems,CORE B | SJR Q1 | SJR -,norm_title,0,,[CORE B] IEEE International Conference on Fuzzy Systems,,Y
ieee information theory,[CORE:norm_title] IEEE International Symposium on Information Theory | [SJR:norm_title] IEEE Transactions on Information Theory,CORE B | SJR Q1,norm_title,0,,[CORE B] IEEE International Symposium on Information Theory,,Y
ieee intelligent systems,[CORE:norm_title] IEEE International Conference on Intelligent Systems | [SJR:norm_title] IEEE Intelligent Systems,CORE C | SJR Q1,norm_title,0,,[CORE C] IEEE International Conference on Intelligent Systems,,Y
ieee nanotechnology,[SJR:norm_title] IEEE Transactions on Nanotechnology | [SJR:norm_title] Proceedings of the IEEE Conference on Nanotechnology,SJR Q2 | SJR -,norm_title,0,,[SJR -] Proceedings of the IEEE Conference on Nanotechnology,,
ieee pacific visualization symposium,[CORE:norm_title] IEEE Pacific Visualization Symposium (was APVIS) | [SJR:norm_title] IEEE Pacific Visualization Symposium,CORE B | SJR -,norm_title,0,,[CORE B] IEEE Pacific Visualization Symposium (was APVIS),,
ieee pervasive computing communications percom,"[SJR:norm_title] IEEE International Conference on Pervasive Computing and Communications Workshops, PerCom Workshops | [SJR:norm_title] Proceedings of the IEEE International Conference on Pervasive Computing and Communications, PerCom",SJR - | SJR -,norm_title,0,,"[SJR -] Proceedings of the IEEE International Conference on Pervasive Computing and Communications, PerCom",,
ieee plasma science,[SJR:norm_title] IEEE Transactions on Plasma Science | [SJR:norm_title] IEEE International Conference on Plasma Science,SJR Q2 | SJR -,norm_title,0,,[SJR -] IEEE International Conference on Plasma Science,,
ieee program comprehension,"[CORE:norm_title] IEEE International Conference on Program Comprehension (previously IWPC, changed in 2006) | [SJR:norm_title] IEEE International Conference on Program Comprehension",CORE A | SJR -,norm_title,0,,"[CORE A] IEEE International Conference on Program Comprehension (previously IWPC, changed in 2006)",,Y
ieee software engineering,[CORE:norm_title] IEEE Software Engineering Workshop | [SJR:norm_title] IEEE Transactions on Software Engineering,CORE C | SJR Q1,norm_title,0,,[CORE C] IEEE Software Engineering Workshop,,Y
ieee test conference,[CORE:norm_title] IEEE International Test Conference | [SJR:norm_title] IEEE International Test Conference (TC),CORE A | SJR -,norm_title,0,,[CORE A] IEEE International Test Conference,,Y
ieee vehicular technology conference,[CORE:norm_title] IEEE Vehicular Technology Conference | [SJR:norm_title] IEEE Vehicular Technology Conference,CORE B | SJR -,norm_title,0,,[CORE B] IEEE Vehicular Technology Conference,,
ieee vlsi test symposium,[CORE:norm_title] IEEE VLSI Test Symposium | [SJR:norm_title] Proceedings of the IEEE VLSI Test Symposium,CORE National/Regional | SJR -,norm_title,0,,[CORE National/Regional] IEEE VLSI Test Symposium,,
ieej industry applications,[SJR:norm_title] IEEJ Journal of Industry Applications | [SJR:norm_title] IEEJ Transactions on Industry Applications,SJR Q2 | SJR Q3,norm_title,0,,[SJR Q3] IEEJ Transactions on Industry Applications,,
images,[SJR:norm_title] Images (Poland) | [SJR:norm_title] Images,SJR Q2 | SJR Q3,norm_title,0,,[SJR Q3] Images,,
immunogenetics,[SJR:norm_title] Immunogenetics | [SJR:norm_title] International Journal of Immunogenetics,SJR Q2 | SJR Q3,norm_title,0,,[SJR Q3] International Journal of Immunogenetics,,
immunology,[SJR:norm_title] Immunology | [SJR:norm_title] Journal of Immunology | [SJR:norm_title] International Immunology,SJR Q1 | SJR Q1 | SJR Q1,norm_title,0,,[SJR Q1] International Immunology,,
immunotherapy,[SJR:norm_title] Journal of Immunotherapy | [SJR:norm_title] Immunotherapy,SJR Q1 | SJR Q3,norm_title,0,,[SJR Q3] Immunotherapy,,Y
indian pediatrics,[SJR:norm_title] Indian Journal of Pediatrics | [SJR:norm_title] Indian Pediatrics,SJR Q2 | SJR Q2,norm_title,0,,[SJR Q2] Indian Pediatrics,,
industrial engineering management,[SJR:norm_title] International Journal of Industrial Engineering and Management | [SJR:norm_title] Journal of Industrial Engineering and Management,SJR Q2 | SJR Q2,norm_title,0,,[SJR Q2] Journal of Industrial Engineering and Management,,
industrial relations,[SJR:norm_title] Industrial Relations | [SJR:norm_title] Journal of Industrial Relations,SJR Q1 | SJR Q1,norm_title,0,,[SJR Q1] Journal of Industrial Relations,,
infection chemotherapy,[SJR:norm_title] Infection and Chemotherapy | [SJR:norm_title] Journal of Infection and Chemotherapy,SJR Q2 | SJR Q3,norm_title,0,,[SJR Q3] Journal of Infection and Chemotherapy,,
infectious diseases,[SJR:norm_title] Journal of Infectious Diseases | [SJR:norm_title] International Journal of Infectious Diseases | [SJR:norm_title] Infectious Diseases,SJR Q1 | SJR Q1 | SJR Q2,norm_title,0,,[SJR Q2] Infectious Diseases,,Y
inflammation,[SJR:norm_title] Inflammation | [SJR:norm_title] Journal of Inflammation (United Kingdom) | [SJR:norm_title] International Journal of Inflammation,SJR Q1 | SJR Q1 | SJR Q3,norm_title,0,,[SJR Q3] International Journal of Inflammation,,Y
inflammation research,[SJR:norm_title] Inflammation Research | [SJR:norm_title] Journal of Inflammation Research,SJR Q1 | SJR Q2,norm_title,0,,[SJR Q2] Journal of Inflammation Research,,Y
informatica,[SJR:norm_title] Informatica (Netherlands) | [SJR:norm_title] Informatica (Slovenia),SJR Q2 | SJR Q3,norm_title,0,,[SJR Q3] Informatica (Slovenia),,
informatics,[CORE:acronym] IEEE International Scientific Conference on Informatics | [SJR:norm_title] Informatics,CORE National:Slovakia | SJR Q1,acronym | norm_title,0,,[CORE National:Slovakia] IEEE International Scientific Conference on Informatics,,Y
informatics control automation robotics,"[CORE:norm_title] International Conference on Informatics in Control, Automation and Robotics | [SJR:norm_title] Proceedings of the International Conference on Informatics in Control, Automation and Robotics",CORE C | SJR -,norm_title,0,,"[CORE C] International Conference on Informatics in Control, Automation and Robotics",,
information communication technology,[SJR:norm_title] Journal of Information and Communication Technology | [SJR:norm_title] International Journal of Information and Communication Technology,SJR Q3 | SJR Q4,norm_title,0,,[SJR Q4] International Journal of Information and Communication Technology,,
information computer security,[SJR:norm_title] Information and Computer Security | [SJR:norm_title] International Journal of Information and Computer Security,SJR Q2 | SJR Q3,norm_title,0,,[SJR Q3] International Journal of Information and Computer Security,,
information display,[SJR:norm_title] Journal of Information Display | [SJR:norm_title] Information Display,SJR Q1 | SJR Q3,norm_title,0,,[SJR Q3] Information Display,,Y
information security applications,[CORE:norm_title] International Workshop on Information Security Applications | [SJR:norm_title] Journal of Information Security and Applications,CORE National: korea | SJR Q1,norm_title,0,,[CORE National: korea] International Workshop on Information Security Applications,,Y
information systems,[SJR:norm_title] Information Systems | [SJR:norm_title] Journal of Information Systems,SJR Q1 | SJR Q1,norm_title,0,,[SJR Q1] Journal of Information Systems,,
information systems security,[CORE:norm_title] International Conference on Information Systems Security | [SJR:norm_title] Journal of Information Systems Security,CORE National: India | SJR Q4,norm_title,0,,[CORE National: India] International Conference on Information Systems Security,,
information systems security privacy,[CORE:norm_title] International Conference on Information Systems Security and Privacy | [SJR:norm_title] International Conference on Information Systems Security and Privacy,CORE C | SJR -,norm_title,0,,[CORE C] International Conference on Information Systems Security and Privacy,,
information technology management,[SJR:norm_title] Information Technology and Management | [SJR:norm_title] Journal of Information Technology Management | [SJR:norm_title] International Journal of Information Technology and Management,SJR Q1 | SJR Q3 | SJR Q4,norm_title,0,,[SJR Q4] International Journal of Information Technology and Management,,Y
innate immunity,[SJR:norm_title] Journal of Innate Immunity | [SJR:norm_title] Innate Immunity,SJR Q1 | SJR Q2,norm_title,0,,[SJR Q2] Innate Immunity,,Y
innovation,[SJR:norm_title] Innovation | [SJR:norm_title] International Journal of Innovation,SJR Q1 | SJR Q3,norm_title,0,,[SJR Q3] International Journal of Innovation,,Y
innovation management,[SJR:norm_title] Journal of Innovation Management | [SJR:norm_title] International Journal of Innovation Management,SJR Q2 | SJR Q3,norm_title,0,,[SJR Q3] International Journal of Innovation Management,,
inquiry,[SJR:norm_title] Inquiry (United States) | [SJR:norm_title] Inquiry (United Kingdom),SJR Q2 | SJR Q1,norm_title,0,,[SJR Q1] Inquiry (United Kingdom),,Y
instrumentation,[SJR:norm_title] Journal of Instrumentation | [SJR:norm_title] Instrumentation,SJR Q3 | SJR Q3,norm_title,0,,[SJR Q3] Instrumentation,,
integrated care,[SJR:norm_title] International Journal of Integrated Care | [SJR:norm_title] Journal of Integrated Care,SJR Q1 | SJR Q2,norm_title,0,,[SJR Q2] Journal of Integrated Care,,Y
intelligence,[SJR:norm_title] Intelligence | [SJR:norm_title] Journal of Intelligence,SJR Q1 | SJR Q1,norm_title,0,,[SJR Q1] Journal of Intelligence,,
intelligent data analysis,[CORE:norm_title] Intelligent Data Analysis | [SJR:norm_title] Intelligent Data Analysis,CORE B | SJR Q3,norm_title,0,,[CORE B] Intelligent Data Analysis,,
intelligent systems,[SJR:norm_title] International Journal of Intelligent Systems | [SJR:norm_title] Journal of Intelligent Systems,SJR Q1 | SJR Q2,norm_title,0,,[SJR Q2] Journal of Intelligent Systems,,Y
intensive care medicine,[SJR:norm_title] Intensive Care Medicine | [SJR:norm_title] Journal of Intensive Care Medicine,SJR Q1 | SJR Q2,norm_title,0,,[SJR Q2] Journal of Intensive Care Medicine,,Y
intercultural communication,[SJR:norm_title] Journal of International and Intercultural Communication | [SJR:norm_title] Journal of Intercultural Communication,SJR Q1 | SJR Q1,norm_title,0,,[SJR Q1] Journal of Intercultural Communication,,
internet things,[SJR:norm_title] Internet of Things (The Netherlands) | [SJR:norm_title] Internet of Things,SJR Q1 | SJR Q1,norm_title,0,,[SJR Q1] Internet of Things,,
intersections,[SJR:norm_title] Intersections (Australia) | [SJR:norm_title] Intersections,SJR Q2 | SJR -,norm_title,0,,[SJR -] Intersections,,
iron steel research,[SJR:norm_title] Journal of Iron and Steel Research International | [SJR:norm_title] Journal of Iron and Steel Research,SJR Q1 | SJR Q3,norm_title,0,,[SJR Q3] Journal of Iron and Steel Research,,Y
irrigation drainage,[SJR:norm_title] Irrigation and Drainage | [SJR:norm_title] Journal of Irrigation and Drainage,SJR Q2 | SJR Q3,norm_title,0,,[SJR Q3] Journal of Irrigation and Drainage,,
isc,[CORE:acronym] Industrial Simulation Conference | [CORE:acronym] Information Security Conference | [CORE:acronym] ISC High Performance (was International Supercomputing Conference),CORE C | CORE C | CORE National/Regional,acronym,0,,[CORE National/Regional] ISC High Performance (was International Supercomputing Conference),,
islamic architecture,[SJR:norm_title] Journal of Islamic Architecture | [SJR:norm_title] International Journal of Islamic Architecture,SJR Q1 | SJR Q2,norm_title,0,,[SJR Q2] International Journal of Islamic Architecture,,Y
islamic studies,[SJR:norm_title] Journal of Islamic Studies | [SJR:norm_title] Islamic Studies,SJR Q2 | SJR Q3,norm_title,0,,[SJR Q3] Islamic Studies,,
iswc,[CORE:acronym] IEEE International Symposium on Wearable Computers | [CORE:acronym] International Semantic Web Conference,CORE Journal Published | CORE A,acronym,0,,[CORE A] International Semantic Web Conference,,Y
itc,[CORE:acronym] IEEE International Test Conference | [CORE:acronym] International Teletraffic Congress,CORE A | CORE Unranked,acronym,0,,[CORE Unranked] International Teletraffic Congress,,Y
japanese studies,[SJR:norm_title] Japanese Studies | [SJR:norm_title] Journal of Japanese Studies,SJR Q2 | SJR Q3,norm_title,0,,[SJR Q3] Journal of Japanese Studies,,
jesuit studies,[SJR:norm_title] Journal of Jesuit Studies | [SJR:norm_title] Jesuit Studies,SJR Q1 | SJR Q4,norm_title,0,,[SJR Q4] Jesuit Studies,,Y
jilin daxue xuebao jilin university,[SJR:norm_title] Jilin Daxue Xuebao (Diqiu Kexue Ban)/Journal of Jilin University (Earth Science Edition) | [SJR:norm_title] Jilin Daxue Xuebao (Gongxueban)/Journal of Jilin University (Engineering and Technology Edition),SJR Q2 | SJR Q3,norm_title,0,,[SJR Q3] Jilin Daxue Xuebao (Gongxueban)/Journal of Jilin University (Engineering and Technology Edition),,
joint computational intelligence,[CORE:norm_title] International Joint Conference on Computational Intelligence | [SJR:norm_title] International Joint Conference on Computational Intelligence,CORE C | SJR -,norm_title,0,,[CORE C] International Joint Conference on Computational Intelligence,,
kairos,[SJR:norm_title] Kairos (Croatia) | [SJR:norm_title] Kairos,SJR Q2 | SJR Q4,norm_title,0,,[SJR Q4] Kairos,,
knowledge management,[SJR:norm_title] Journal of Knowledge Management | [SJR:norm_title] International Journal of Knowledge Management,SJR Q1 | SJR Q2,norm_title,0,,[SJR Q2] International Journal of Knowledge Management,,Y
korean studies,[SJR:norm_title] Korean Journal of International Studies | [SJR:norm_title] Journal of Korean Studies | [SJR:norm_title] Korean Studies,SJR Q3 | SJR Q3 | SJR Q1,norm_title,0,,[SJR Q1] Korean Studies,,Y
laboratory medicine,[SJR:norm_title] Laboratory Medicine | [SJR:norm_title] Journal of Laboratory Medicine,SJR Q3 | SJR Q3,norm_title,0,,[SJR Q3] Journal of Laboratory Medicine,,
language education,[SJR:norm_title] Language and Education | [SJR:norm_title] Journal of Language and Education | [SJR:norm_title] International Journal of Language Education | [SJR:norm_title] The Language of Education,SJR Q1 | SJR Q1 | SJR Q1 | SJR Q4,norm_title,0,,[SJR Q4] The Language of Education,,Y
language teaching research,[SJR:norm_title] Language Teaching Research | [SJR:norm_title] Journal of Language Teaching and Research,SJR Q1 | SJR Q1,norm_title,0,,[SJR Q1] Journal of Language Teaching and Research,,
language testing,[SJR:norm_title] Language Testing | [SJR:norm_title] International Journal of Language Testing,SJR Q1 | SJR Q1,norm_title,0,,[SJR Q1] International Journal of Language Testing,,
law society,[SJR:norm_title] Journal of Law and Society | [SJR:norm_title] International Journal of Law and Society,SJR Q1 | SJR Q2,norm_title,0,,[SJR Q2] International Journal of Law and Society,,Y
learning disabilities,[SJR:norm_title] Journal of Learning Disabilities | [SJR:norm_title] Learning Disabilities,SJR Q1 | SJR Q3,norm_title,0,,[SJR Q3] Learning Disabilities,,Y
legal studies,[SJR:norm_title] Journal of Legal Studies | [SJR:norm_title] Legal Studies,SJR Q2 | SJR Q2,norm_title,0,,[SJR Q2] Legal Studies,,
leukemia lymphoma,[SJR:norm_title] Leukemia and Lymphoma | [SJR:norm_title] Journal of Leukemia and Lymphoma,SJR Q2 | SJR Q4,norm_title,0,,[SJR Q4] Journal of Leukemia and Lymphoma,,
leviathan,[SJR:norm_title] Leviathan (Germany) | [SJR:norm_title] Leviathan,SJR Q2 | SJR Q3,norm_title,0,,[SJR Q3] Leviathan,,
lexicography,[SJR:norm_title] International Journal of Lexicography | [SJR:norm_title] Lexicography,SJR Q1 | SJR Q1,norm_title,0,,[SJR Q1] Lexicography,,
lexis,[SJR:norm_title] Lexis (Peru) | [SJR:norm_title] Lexis,SJR Q1 | SJR Q4,norm_title,0,,[SJR Q4] Lexis,,Y
libri,[SJR:norm_title] Libri | [SJR:norm_title] Libri (Turkey),SJR Q2 | SJR Q1,norm_title,0,,[SJR Q1] Libri (Turkey),,Y
limite,[SJR:norm_title] Limite | [SJR:norm_title] Limite (Chile),SJR Q1 | SJR Q2,norm_title,0,,[SJR Q2] Limite (Chile),,Y
limnology,[SJR:norm_title] Limnology | [SJR:norm_title] Journal of Limnology | [SJR:norm_title] International Journal of Limnology,SJR Q2 | SJR Q2 | SJR Q4,norm_title,0,,[SJR Q4] International Journal of Limnology,,
linguistica,[SJR:norm_title] Linguistica | [SJR:norm_title] Linguistica (Slovenia),SJR Q3 | SJR Q3,norm_title,0,,[SJR Q3] Linguistica (Slovenia),,
linguistics,[SJR:norm_title] Linguistics | [SJR:norm_title] Journal of Linguistics,SJR Q1 | SJR Q1,norm_title,0,,[SJR Q1] Journal of Linguistics,,
lithosphere,[SJR:norm_title] Lithosphere | [SJR:norm_title] Lithosphere (Russian Federation),SJR Q2 | SJR Q3,norm_title,0,,[SJR Q3] Lithosphere (Russian Federation),,
liver cancer,[SJR:norm_title] Liver Cancer | [SJR:norm_title] Journal of Liver Cancer,SJR Q1 | SJR Q1,norm_title,0,,[SJR Q1] Journal of Liver Cancer,,
liver transplantation,[SJR:norm_title] Liver Transplantation | [SJR:norm_title] Journal of Liver Transplantation,SJR Q1 | SJR Q3,norm_title,0,,[SJR Q3] Journal of Liver Transplantation,,Y
logos,[SJR:norm_title] Logos (Lithuania) | [SJR:norm_title] Logos (Russian Federation) | [SJR:norm_title] Logos (The Netherlands) | [SJR:norm_title] Logos (Spain) | [SJR:norm_title] Logos (United States),SJR Q2 | SJR Q1 | SJR Q1 | SJR Q3 | SJR Q2,norm_title,0,,[SJR Q2] Logos (United States),,Y
low temperature physics,[SJR:norm_title] Journal of Low Temperature Physics | [SJR:norm_title] Low Temperature Physics,SJR Q3 | SJR Q3,norm_title,0,,[SJR Q3] Low Temperature Physics,,
luminescence,[SJR:norm_title] Journal of Luminescence | [SJR:norm_title] Luminescence,SJR Q2 | SJR Q3,norm_title,0,,[SJR Q3] Luminescence,,
mabs,[CORE:acronym] International Workshop on MultiAgent Based Simulation | [SJR:norm_title] mAbs,CORE C | SJR Q1,acronym | norm_title,0,,[CORE C] International Workshop on MultiAgent Based Simulation,,Y
machine learning,[CORE:norm_title] International Conference on Machine Learning | [SJR:norm_title] Machine Learning,CORE A* | SJR Q1,norm_title,0,,[CORE A*] International Conference on Machine Learning,,
magnetic resonance,[SJR:norm_title] Journal of Magnetic Resonance | [SJR:norm_title] Magnetic Resonance,SJR Q2 | SJR Q3,norm_title,0,,[SJR Q3] Magnetic Resonance,,
magnetic resonance imaging,[SJR:norm_title] Journal of Magnetic Resonance Imaging | [SJR:norm_title] Magnetic Resonance Imaging,SJR Q1 | SJR Q2,norm_title,0,,[SJR Q2] Magnetic Resonance Imaging,,Y
management,[SJR:norm_title] Journal of Management | [SJR:norm_title] Journal of International Management | [SJR:norm_title] Management (France) | [SJR:norm_title] Management (Croatia) | [SJR:norm_title] Management international | [SJR:norm_title] Management (Montevideo) (discontinued),SJR Q1 | SJR Q1 | SJR Q2 | SJR Q4 | SJR Q4 | SJR -,norm_title,0,,[SJR -] Management (Montevideo) (discontinued),,Y
management accounting research,[SJR:norm_title] Management Accounting Research | [SJR:norm_title] Journal of Management Accounting Research,SJR Q1 | SJR Q1,norm_title,0,,[SJR Q1] Journal of Management Accounting Research,,
management education,[SJR:norm_title] International Journal of Management Education | [SJR:norm_title] Journal of Management Education | [SJR:norm_title] Management in Education | [SJR:norm_title] International Journal of Management in Education,SJR Q1 | SJR Q1 | SJR Q2 | SJR Q3,norm_title,0,,[SJR Q3] International Journal of Management in Education,,Y
management review,[SJR:norm_title] Management International Review | [SJR:norm_title] Management Review (Taiwan),SJR Q1 | SJR Q4,norm_title,0,,[SJR Q4] Management Review (Taiwan),,Y
management sustainability,[SJR:norm_title] Management and Sustainability | [SJR:norm_title] International Journal of Management and Sustainability,SJR Q1 | SJR Q3,norm_title,0,,[SJR Q3] International Journal of Management and Sustainability,,Y
managerial finance,[SJR:norm_title] International Journal of Managerial Finance | [SJR:norm_title] Managerial Finance,SJR Q2 | SJR Q2,norm_title,0,,[SJR Q2] Managerial Finance,,
manufacturing technology management,[SJR:norm_title] Journal of Manufacturing Technology Management | [SJR:norm_title] International Journal of Manufacturing Technology and Management,SJR Q1 | SJR Q4,norm_title,0,,[SJR Q4] International Journal of Manufacturing Technology and Management,,Y
marine science technology,[SJR:norm_title] Journal of Marine Science and Technology | [SJR:norm_title] Journal of Marine Science and Technology (Taiwan),SJR Q1 | SJR Q4,norm_title,0,,[SJR Q4] Journal of Marine Science and Technology (Taiwan),,Y
marketing,[SJR:norm_title] Journal of Marketing | [SJR:norm_title] Journal of International Marketing,SJR Q1 | SJR Q1,norm_title,0,,[SJR Q1] Journal of International Marketing,,
mass spectrometry,[SJR:norm_title] International Journal of Mass Spectrometry | [SJR:norm_title] Journal of Mass Spectrometry | [SJR:norm_title] Mass Spectrometry,SJR Q3 | SJR Q3 | SJR Q3,norm_title,0,,[SJR Q3] Mass Spectrometry,,
materials research,[SJR:norm_title] Journal of Materials Research | [SJR:norm_title] Materials Research | [SJR:norm_title] International Journal of Materials Research,SJR Q2 | SJR Q3 | SJR Q3,norm_title,0,,[SJR Q3] International Journal of Materials Research,,
materials science,[SJR:norm_title] Journal of Materials Science | [SJR:norm_title] Materials Science,SJR Q1 | SJR Q3,norm_title,0,,[SJR Q3] Materials Science,,Y
materials science technology,[SJR:norm_title] Journal of Materials Science and Technology | [SJR:norm_title] Materials Science and Technology (United Kingdom),SJR Q1 | SJR Q2,norm_title,0,,[SJR Q2] Materials Science and Technology (United Kingdom),,Y
mathematical physics analysis geometry,"[SJR:norm_title] Mathematical Physics Analysis and Geometry | [SJR:norm_title] Journal of Mathematical Physics, Analysis, Geometry",SJR Q2 | SJR Q3,norm_title,0,,"[SJR Q3] Journal of Mathematical Physics, Analysis, Geometry",,
mathematical sciences,[SJR:norm_title] Mathematical Sciences | [SJR:norm_title] Journal of Mathematical Sciences (United States) | [SJR:norm_title] Journal of Mathematical Sciences (Japan),SJR Q2 | SJR Q3 | SJR Q4,norm_title,0,,[SJR Q4] Journal of Mathematical Sciences (Japan),,
mathematics,[SJR:norm_title] International Journal of Mathematics | [SJR:norm_title] Mathematics | [SJR:norm_title] Journal of Mathematics,SJR Q2 | SJR Q2 | SJR Q3,norm_title,0,,[SJR Q3] Journal of Mathematics,,
mathematics computer science,[SJR:norm_title] International Journal of Mathematics and Computer Science | [SJR:norm_title] Mathematics in Computer Science | [SJR:norm_title] Journal of Mathematics and Computer Science (discontinued),SJR Q3 | SJR Q4 | SJR -,norm_title,0,,[SJR -] Journal of Mathematics and Computer Science (discontinued),,
mathematics industry,[SJR:norm_title] Journal of Mathematics in Industry | [SJR:norm_title] Mathematics in Industry,SJR Q3 | SJR Q4,norm_title,0,,[SJR Q4] Mathematics in Industry,,
meat science,[SJR:norm_title] Meat Science | [SJR:norm_title] Journal of Meat Science,SJR Q1 | SJR Q4,norm_title,0,,[SJR Q4] Journal of Meat Science,,Y
mechanical engineering,[SJR:norm_title] Journal of Mechanical Engineering | [SJR:norm_title] Mechanical Engineering,SJR Q4 | SJR Q4,norm_title,0,,[SJR Q4] Mechanical Engineering,,
mechanical sciences,[SJR:norm_title] International Journal of Mechanical Sciences | [SJR:norm_title] Mechanical Sciences,SJR Q1 | SJR Q2,norm_title,0,,[SJR Q2] Mechanical Sciences,,Y
mechanics,[SJR:norm_title] Journal of Mechanics | [SJR:norm_title] International Journal of Mechanics,SJR Q2 | SJR Q3,norm_title,0,,[SJR Q3] International Journal of Mechanics,,
medical biochemistry,[SJR:norm_title] Journal of Medical Biochemistry | [SJR:norm_title] International Journal of Medical Biochemistry,SJR Q3 | SJR Q4,norm_title,0,,[SJR Q4] International Journal of Medical Biochemistry,,
medical education,[SJR:norm_title] Medical Education | [SJR:norm_title] International Journal of Medical Education | [SJR:norm_title] International Medical Education,SJR Q1 | SJR Q2 | SJR Q2,norm_title,0,,[SJR Q2] International Medical Education,,Y
medical humanities,[SJR:norm_title] Medical Humanities | [SJR:norm_title] Journal of Medical Humanities,SJR Q1 | SJR Q3,norm_title,0,,[SJR Q3] Journal of Medical Humanities,,Y
medical microbiology,[SJR:norm_title] International Journal of Medical Microbiology | [SJR:norm_title] Journal of Medical Microbiology,SJR Q1 | SJR Q2,norm_title,0,,[SJR Q2] Journal of Medical Microbiology,,Y
medical mycology,[SJR:norm_title] Medical Mycology | [SJR:norm_title] Journal of Medical Mycology,SJR Q1 | SJR Q3,norm_title,0,,[SJR Q3] Journal of Medical Mycology,,Y
medicinal chemistry,[SJR:norm_title] Journal of Medicinal Chemistry | [SJR:norm_title] Medicinal Chemistry,SJR Q1 | SJR Q3,norm_title,0,,[SJR Q3] Medicinal Chemistry,,Y
mediterranean archaeology,[SJR:norm_title] Journal of Mediterranean Archaeology | [SJR:norm_title] Mediterranean Archaeology,SJR Q1 | SJR Q3,norm_title,0,,[SJR Q3] Mediterranean Archaeology,,Y
mediterranean studies,[SJR:norm_title] Journal of Mediterranean Studies | [SJR:norm_title] Mediterranean Studies,SJR Q3 | SJR Q4,norm_title,0,,[SJR Q4] Mediterranean Studies,,
mental health,[SJR:norm_title] Journal of Mental Health | [SJR:norm_title] International Journal of Mental Health,SJR Q1 | SJR Q2,norm_title,0,,[SJR Q2] International Journal of Mental Health,,Y
meta,[SJR:norm_title] Meta (Canada) | [SJR:norm_title] Meta (Romania),SJR Q2 | SJR Q3,norm_title,0,,[SJR Q3] Meta (Romania),,
micro,[CORE:acronym] International Symposium on Microarchitecture | [SJR:norm_title] Micro,CORE A* | SJR Q2,acronym | norm_title,0,,[CORE A*] International Symposium on Microarchitecture,,Y
microbiology,[SJR:norm_title] Microbiology (United Kingdom) | [SJR:norm_title] International Journal of Microbiology | [SJR:norm_title] Journal of Microbiology | [SJR:norm_title] International Microbiology | [SJR:norm_title] Microbiology (Russian Federation),SJR Q1 | SJR Q1 | SJR Q2 | SJR Q3 | SJR Q3,norm_title,0,,[SJR Q3] Microbiology (Russian Federation),,Y
microscopy,"[SJR:norm_title] Microscopy (Oxford, England) | [SJR:norm_title] Journal of Microscopy",SJR Q1 | SJR Q3,norm_title,0,,[SJR Q3] Journal of Microscopy,,Y
military operations research,[SJR:norm_title] Military Operations Research (United States) | [SJR:norm_title] Military Operations Research,SJR Q4 | SJR Q4,norm_title,0,,[SJR Q4] Military Operations Research,,
minimally invasive surgery,[SJR:norm_title] Minimally Invasive Surgery | [SJR:norm_title] Journal of Minimally Invasive Surgery,SJR Q3 | SJR -,norm_title,0,,[SJR -] Journal of Minimally Invasive Surgery,,
mining science,[SJR:norm_title] Journal of Mining Science | [SJR:norm_title] Mining Science,SJR Q3 | SJR Q4,norm_title,0,,[SJR Q4] Mining Science,,
mining science technology,[SJR:norm_title] International Journal of Mining Science and Technology | [SJR:norm_title] Mining Science and Technology (Russian Federation) | [SJR:norm_title] Journal of Mining Science and Technology,SJR Q1 | SJR Q1 | SJR Q2,norm_title,0,,[SJR Q2] Journal of Mining Science and Technology,,Y
model driven engineering software development,[CORE:norm_title] International Conference on Model-Driven Engineering and Software Development | [SJR:norm_title] International Conference on Model-Driven Engineering and Software Development,CORE C | SJR -,norm_title,0,,[CORE C] International Conference on Model-Driven Engineering and Software Development,,
modelling simulation,[CORE:norm_title] International Conference on Modelling and Simulation | [SJR:norm_title] International Journal of Modelling and Simulation,CORE C | SJR Q2,norm_title,0,,[CORE C] International Conference on Modelling and Simulation,,
molecular biology,[SJR:norm_title] Journal of Molecular Biology | [SJR:norm_title] Molecular Biology,SJR Q1 | SJR Q3,norm_title,0,,[SJR Q3] Molecular Biology,,Y
molecular catalysis,[SJR:norm_title] Molecular Catalysis | [SJR:norm_title] Journal of Molecular Catalysis(China),SJR Q2 | SJR Q4,norm_title,0,,[SJR Q4] Journal of Molecular Catalysis(China),,
molecular medicine,[SJR:norm_title] Molecular Medicine | [SJR:norm_title] International Journal of Molecular Medicine | [SJR:norm_title] Journal of Molecular Medicine,SJR Q1 | SJR Q1 | SJR Q1,norm_title,0,,[SJR Q1] Journal of Molecular Medicine,,
morphology,[SJR:norm_title] Morphology | [SJR:norm_title] Journal of Morphology | [SJR:norm_title] International Journal of Morphology,SJR Q1 | SJR Q2 | SJR Q3,norm_title,0,,[SJR Q3] International Journal of Morphology,,Y
multidisciplinary social sciences,[SJR:norm_title] International and Multidisciplinary Journal of Social Sciences | [SJR:norm_title] Journal of Multidisciplinary in Social Sciences,SJR Q1 | SJR Q4,norm_title,0,,[SJR Q4] Journal of Multidisciplinary in Social Sciences,,Y
museum,[SJR:norm_title] Museum International | [SJR:norm_title] Museum,SJR Q2 | SJR Q4,norm_title,0,,[SJR Q4] Museum,,
nano letters,[SJR:norm_title] Nano Letters | [SJR:norm_title] International Nano Letters,SJR Q1 | SJR Q2,norm_title,0,,[SJR Q2] International Nano Letters,,Y
nano research,[SJR:norm_title] Nano Research | [SJR:norm_title] Journal of Nano Research,SJR Q1 | SJR Q4,norm_title,0,,[SJR Q4] Journal of Nano Research,,Y
nanomaterials,[SJR:norm_title] Nanomaterials | [SJR:norm_title] Journal of Nanomaterials,SJR Q1 | SJR Q2,norm_title,0,,[SJR Q2] Journal of Nanomaterials,,Y
nanomedicine,[SJR:norm_title] International Journal of Nanomedicine | [SJR:norm_title] Nanomedicine,SJR Q1 | SJR Q1,norm_title,0,,[SJR Q1] Nanomedicine,,
nanophotonics,[SJR:norm_title] Nanophotonics | [SJR:norm_title] Journal of Nanophotonics,SJR Q1 | SJR Q4,norm_title,0,,[SJR Q4] Journal of Nanophotonics,,Y
nanotechnology,[SJR:norm_title] Journal of Nanotechnology | [SJR:norm_title] Nanotechnology | [SJR:norm_title] International Journal of Nanotechnology,SJR Q2 | SJR Q2 | SJR Q4,norm_title,0,,[SJR Q4] International Journal of Nanotechnology,,
natural gas geoscience,[SJR:norm_title] Natural Gas Geoscience | [SJR:norm_title] Journal of Natural Gas Geoscience,SJR Q1 | SJR Q2,norm_title,0,,[SJR Q2] Journal of Natural Gas Geoscience,,Y
nematology,[SJR:norm_title] Journal of Nematology | [SJR:norm_title] Nematology,SJR Q2 | SJR Q3,norm_title,0,,[SJR Q3] Nematology,,
neonatology,[SJR:norm_title] Neonatology | [SJR:norm_title] Journal of Neonatology,SJR Q1 | SJR Q3,norm_title,0,,[SJR Q3] Neonatology,,Y
neuro oncology,[SJR:norm_title] Neuro-Oncology | [SJR:norm_title] Journal of Neuro-Oncology,SJR Q1 | SJR Q2,norm_title,0,,[SJR Q2] Journal of Neuro-Oncology,,Y
neuro ophthalmology,[SJR:norm_title] Journal of Neuro-Ophthalmology | [SJR:norm_title] Neuro-Ophthalmology,SJR Q3 | SJR Q3,norm_title,0,,[SJR Q3] Neuro-Ophthalmology,,
neurochemistry,[SJR:norm_title] Journal of Neurochemistry | [SJR:norm_title] Neurochemistry International,SJR Q1 | SJR Q2,norm_title,0,,[SJR Q2] Neurochemistry International,,Y
neurocritical care,[SJR:norm_title] Neurocritical Care | [SJR:norm_title] Journal of Neurocritical Care,SJR Q1 | SJR Q3,norm_title,0,,[SJR Q3] Journal of Neurocritical Care,,Y
neuroendocrinology,[SJR:norm_title] Journal of Neuroendocrinology | [SJR:norm_title] Neuroendocrinology,SJR Q1 | SJR Q2,norm_title,0,,[SJR Q2] Neuroendocrinology,,Y
neurogastroenterology motility,[SJR:norm_title] Neurogastroenterology and Motility | [SJR:norm_title] Journal of Neurogastroenterology and Motility,SJR Q1 | SJR Q1,norm_title,0,,[SJR Q1] Journal of Neurogastroenterology and Motility,,
neurogenetics,[SJR:norm_title] Neurogenetics | [SJR:norm_title] Journal of Neurogenetics,SJR Q3 | SJR Q3,norm_title,0,,[SJR Q3] Journal of Neurogenetics,,
neuropsychopharmacology,[SJR:norm_title] Neuropsychopharmacology | [SJR:norm_title] International Journal of Neuropsychopharmacology,SJR Q1 | SJR Q1,norm_title,0,,[SJR Q1] International Journal of Neuropsychopharmacology,,
neuroscience research,[SJR:norm_title] Journal of Neuroscience Research | [SJR:norm_title] Neuroscience Research,SJR Q2 | SJR Q1,norm_title,0,,[SJR Q1] Neuroscience Research,,Y
nonlinear science,[SJR:norm_title] Journal of Nonlinear Science | [SJR:norm_title] International Journal of Nonlinear Science,SJR Q1 | SJR Q4,norm_title,0,,[SJR Q4] International Journal of Nonlinear Science,,Y
nucleus,[SJR:norm_title] Nucleus | [SJR:norm_title] Nucleus (India),SJR Q1 | SJR Q3,norm_title,0,,[SJR Q3] Nucleus (India),,Y
number theory,[SJR:norm_title] Journal of Number Theory | [SJR:norm_title] International Journal of Number Theory,SJR Q1 | SJR Q2,norm_title,0,,[SJR Q2] International Journal of Number Theory,,Y
numerical mathematics,[SJR:norm_title] Journal of Numerical Mathematics | [SJR:norm_title] Numerical Mathematics,SJR Q1 | SJR Q1,norm_title,0,,[SJR Q1] Numerical Mathematics,,
nursing,[SJR:norm_title] Nursing | [SJR:norm_title] Journal of Nursing,SJR Q3 | SJR Q4,norm_title,0,,[SJR Q4] Journal of Nursing,,
nursing research,[SJR:norm_title] Nursing Research | [SJR:norm_title] Journal of Nursing Research,SJR Q1 | SJR Q1,norm_title,0,,[SJR Q1] Journal of Nursing Research,,
nutrition,[SJR:norm_title] Journal of Nutrition | [SJR:norm_title] Nutrition,SJR Q1 | SJR Q2,norm_title,0,,[SJR Q2] Nutrition,,Y
nutrition health,[SJR:norm_title] Nutrition and Health | [SJR:norm_title] Journal of Nutrition and Health,SJR Q3 | SJR Q3,norm_title,0,,[SJR Q3] Journal of Nutrition and Health,,
nutrition metabolism,[SJR:norm_title] Nutrition and Metabolism | [SJR:norm_title] Journal of Nutrition and Metabolism,SJR Q1 | SJR Q1,norm_title,0,,[SJR Q1] Journal of Nutrition and Metabolism,,
obstetrics gynecology,[SJR:norm_title] Obstetrics and Gynecology | [SJR:norm_title] Obstetrics and Gynecology International,SJR Q1 | SJR Q2,norm_title,0,,[SJR Q2] Obstetrics and Gynecology International,,Y
occupational environmental medicine,[SJR:norm_title] Occupational and Environmental Medicine | [SJR:norm_title] Journal of Occupational and Environmental Medicine,SJR Q1 | SJR Q2,norm_title,0,,[SJR Q2] Journal of Occupational and Environmental Medicine,,Y
oceanography,[SJR:norm_title] Oceanography | [SJR:norm_title] Journal of Oceanography,SJR Q1 | SJR Q2,norm_title,0,,[SJR Q2] Journal of Oceanography,,Y
oncology,[SJR:norm_title] International Journal of Oncology | [SJR:norm_title] Oncology (Switzerland) | [SJR:norm_title] Oncology (United States),SJR Q1 | SJR Q2 | SJR Q3,norm_title,0,,[SJR Q3] Oncology (United States),,Y
one health,[SJR:norm_title] One Health | [SJR:norm_title] International Journal of One Health,SJR Q1 | SJR Q2,norm_title,0,,[SJR Q2] International Journal of One Health,,Y
onkologie,[SJR:norm_title] Onkologie | [SJR:norm_title] Onkologie (Czech Republic),SJR Q4 | SJR Q4,norm_title,0,,[SJR Q4] Onkologie (Czech Republic),,
operational research,[SJR:norm_title] Operational Research | [SJR:norm_title] International Journal of Operational Research,SJR Q1 | SJR Q4,norm_title,0,,[SJR Q4] International Journal of Operational Research,,Y
operations research enterprise systems,[CORE:norm_title] International Conference on Operations Research and Enterprise Systems | [SJR:norm_title] International Conference on Operations Research and Enterprise Systems,CORE C | SJR -,norm_title,0,,[CORE C] International Conference on Operations Research and Enterprise Systems,,
ophthalmology,[SJR:norm_title] Ophthalmology | [SJR:norm_title] Journal of Ophthalmology | [SJR:norm_title] International Ophthalmology | [SJR:norm_title] International Journal of Ophthalmology,SJR Q1 | SJR Q2 | SJR Q2 | SJR Q2,norm_title,0,,[SJR Q2] International Journal of Ophthalmology,,Y
optics,[SJR:norm_title] Journal of Optics (United Kingdom) | [SJR:norm_title] Optics | [SJR:norm_title] Journal of Optics (India) | [SJR:norm_title] International Journal of Optics,SJR Q2 | SJR Q2 | SJR Q3 | SJR Q3,norm_title,0,,[SJR Q3] International Journal of Optics,,
optimization,[SJR:norm_title] Optimization | [SJR:norm_title] Journal of Optimization,SJR Q1 | SJR Q2,norm_title,0,,[SJR Q2] Journal of Optimization,,Y
oral implantology,[SJR:norm_title] International Journal of Oral Implantology | [SJR:norm_title] Journal of Oral Implantology,SJR Q1 | SJR Q2,norm_title,0,,[SJR Q2] Journal of Oral Implantology,,Y
oral maxillofacial surgery,[SJR:norm_title] International Journal of Oral and Maxillofacial Surgery | [SJR:norm_title] Journal of Oral and Maxillofacial Surgery | [SJR:norm_title] Oral and Maxillofacial Surgery,SJR Q1 | SJR Q1 | SJR Q2,norm_title,0,,[SJR Q2] Oral and Maxillofacial Surgery,,Y
oral science,[SJR:norm_title] International Journal of Oral Science | [SJR:norm_title] Journal of Oral Science | [SJR:norm_title] Oral Science International,SJR Q1 | SJR Q2 | SJR Q3,norm_title,0,,[SJR Q3] Oral Science International,,Y
organization,[SJR:norm_title] International Organization | [SJR:norm_title] Organization,SJR Q1 | SJR Q1,norm_title,0,,[SJR Q1] Organization,,
ornithology,[SJR:norm_title] Journal of Ornithology | [SJR:norm_title] Ornithology,SJR Q1 | SJR Q1,norm_title,0,,[SJR Q1] Ornithology,,
orthodontics,[SJR:norm_title] International Orthodontics | [SJR:norm_title] Journal of Orthodontics,SJR Q1 | SJR Q1,norm_title,0,,[SJR Q1] Journal of Orthodontics,,
orthopaedic surgery,[SJR:norm_title] Orthopaedic Surgery | [SJR:norm_title] Journal of Orthopaedic Surgery,SJR Q1 | SJR Q2,norm_title,0,,[SJR Q2] Journal of Orthopaedic Surgery,,Y
osteopathic medicine,[SJR:norm_title] Journal of Osteopathic Medicine | [SJR:norm_title] International Journal of Osteopathic Medicine,SJR Q1 | SJR Q2,norm_title,0,,[SJR Q2] International Journal of Osteopathic Medicine,,Y
osteoporosis,[SJR:norm_title] Osteoporosis International | [SJR:norm_title] Journal of Osteoporosis,SJR Q1 | SJR Q3,norm_title,0,,[SJR Q3] Journal of Osteoporosis,,Y
pacific biocomputing,[CORE:norm_title] Pacific Symposium on Biocomputing | [SJR:norm_title] Pacific Symposium on Biocomputing,CORE National: USA | SJR Q2,norm_title,0,,[CORE National: USA] Pacific Symposium on Biocomputing,,
palabra clave,[SJR:norm_title] Palabra Clave | [SJR:norm_title] Palabra Clave (La Plata),SJR Q2 | SJR Q3,norm_title,0,,[SJR Q3] Palabra Clave (La Plata),,
palaeogeography,[SJR:norm_title] Journal of Palaeogeography | [SJR:norm_title] Journal of Palaeogeography (Chinese Edition),SJR Q1 | SJR Q2,norm_title,0,,[SJR Q2] Journal of Palaeogeography (Chinese Edition),,Y
pancreatology,[SJR:norm_title] Pancreatology | [SJR:norm_title] Journal of Pancreatology,SJR Q1 | SJR Q3,norm_title,0,,[SJR Q3] Journal of Pancreatology,,Y
parallel distributed computing,[CORE:norm_title] International Symposium on Parallel and Distributed Computing | [SJR:norm_title] Journal of Parallel and Distributed Computing,CORE C | SJR Q1,norm_title,0,,[CORE C] International Symposium on Parallel and Distributed Computing,,Y
parasitology,[SJR:norm_title] Parasitology | [SJR:norm_title] Parasitology International | [SJR:norm_title] Journal of Parasitology,SJR Q1 | SJR Q2 | SJR Q3,norm_title,0,,[SJR Q3] Journal of Parasitology,,Y
parasitology research,[SJR:norm_title] Parasitology Research | [SJR:norm_title] Journal of Parasitology Research,SJR Q1 | SJR Q3,norm_title,0,,[SJR Q3] Journal of Parasitology Research,,Y
parkinson s disease,[SJR:norm_title] Journal of Parkinson's Disease | [SJR:norm_title] Parkinson's Disease,SJR Q1 | SJR Q2,norm_title,0,,[SJR Q2] Parkinson's Disease,,Y
pathology,[SJR:norm_title] Journal of Pathology | [SJR:norm_title] Pathology | [SJR:norm_title] Pathology International,SJR Q1 | SJR Q1 | SJR Q1,norm_title,0,,[SJR Q1] Pathology International,,
pattern recognition applications methods,[CORE:norm_title] International Conference on Pattern Recognition Applications and Methods | [SJR:norm_title] International Conference on Pattern Recognition Applications and Methods,CORE C | SJR -,norm_title,0,,[CORE C] International Conference on Pattern Recognition Applications and Methods,,
peacekeeping,[SJR:norm_title] International Peacekeeping | [SJR:norm_title] Journal of International Peacekeeping,SJR Q1 | SJR Q2,norm_title,0,,[SJR Q2] Journal of International Peacekeeping,,Y
pedagogical research,[SJR:norm_title] Journal of Pedagogical Research | [SJR:norm_title] Pedagogical Research,SJR Q2 | SJR Q3,norm_title,0,,[SJR Q3] Pedagogical Research,,
pedagogy,[SJR:norm_title] Journal of Pedagogy | [SJR:norm_title] Pedagogy,SJR Q3 | SJR Q2,norm_title,0,,[SJR Q2] Pedagogy,,
pediatric hematology oncology,[SJR:norm_title] Pediatric Hematology and Oncology | [SJR:norm_title] Journal of Pediatric Hematology/Oncology,SJR Q2 | SJR Q3,norm_title,0,,[SJR Q3] Journal of Pediatric Hematology/Oncology,,
pediatric neurology,[SJR:norm_title] Pediatric Neurology | [SJR:norm_title] Journal of Pediatric Neurology,SJR Q2 | SJR Q4,norm_title,0,,[SJR Q4] Journal of Pediatric Neurology,,
pediatric research,[SJR:norm_title] Pediatric Research | [SJR:norm_title] Journal of Pediatric Research,SJR Q1 | SJR Q3,norm_title,0,,[SJR Q3] Journal of Pediatric Research,,Y
pediatrics review,[SJR:norm_title] Pediatrics in Review | [SJR:norm_title] Journal of Pediatrics Review,SJR Q3 | SJR Q4,norm_title,0,,[SJR Q4] Journal of Pediatrics Review,,
peptide science,[SJR:norm_title] Journal of Peptide Science | [SJR:norm_title] Peptide Science,SJR Q2 | SJR Q3,norm_title,0,,[SJR Q3] Peptide Science,,
perfusion,[SJR:norm_title] Perfusion (United Kingdom) | [SJR:norm_title] Perfusion (Germany),SJR Q1 | SJR Q4,norm_title,0,,[SJR Q4] Perfusion (Germany),,Y
perinatology,[SJR:norm_title] Journal of Perinatology | [SJR:norm_title] Perinatology,SJR Q1 | SJR Q4,norm_title,0,,[SJR Q4] Perinatology,,Y
periodontology,[SJR:norm_title] Periodontology 2000 | [SJR:norm_title] Journal of Periodontology,SJR Q1 | SJR Q1,norm_title,0,,[SJR Q1] Journal of Periodontology,,
personnel psychology,[SJR:norm_title] Personnel Psychology | [SJR:norm_title] Journal of Personnel Psychology,SJR Q1 | SJR Q2,norm_title,0,,[SJR Q2] Journal of Personnel Psychology,,Y
petrology,[SJR:norm_title] Journal of Petrology | [SJR:norm_title] Petrology,SJR Q1 | SJR Q3,norm_title,0,,[SJR Q3] Petrology,,Y
pets,[CORE:acronym] Privacy Enhancing Technologies Symposium (was International Workshop of Privacy Enhancing Technologies) | [SJR:norm_title] Pets,CORE A | SJR Q2,acronym | norm_title,0,,[CORE A] Privacy Enhancing Technologies Symposium (was International Workshop of Privacy Enhancing Technologies),,Y
pharmaceutics,[SJR:norm_title] Pharmaceutics | [SJR:norm_title] International Journal of Pharmaceutics,SJR Q1 | SJR Q1,norm_title,0,,[SJR Q1] International Journal of Pharmaceutics,,
pharmacy practice,[SJR:norm_title] International Journal of Pharmacy Practice | [SJR:norm_title] Journal of Pharmacy Practice | [SJR:norm_title] Pharmacy Practice,SJR Q1 | SJR Q2 | SJR Q2,norm_title,0,,[SJR Q2] Pharmacy Practice,,Y
philosophia,[SJR:norm_title] Philosophia (United States) | [SJR:norm_title] Philosophia (Philippines),SJR Q1 | SJR Q2,norm_title,0,,[SJR Q2] Philosophia (Philippines),,Y
philosophical investigations,[SJR:norm_title] Philosophical Investigations | [SJR:norm_title] Journal of Philosophical Investigations,SJR Q1 | SJR Q2,norm_title,0,,[SJR Q2] Journal of Philosophical Investigations,,Y
philosophical quarterly,[SJR:norm_title] Philosophical Quarterly | [SJR:norm_title] International Philosophical Quarterly,SJR Q1 | SJR Q3,norm_title,0,,[SJR Q3] International Philosophical Quarterly,,Y
philosophical studies,[SJR:norm_title] Philosophical Studies | [SJR:norm_title] International Journal of Philosophical Studies,SJR Q1 | SJR Q1,norm_title,0,,[SJR Q1] International Journal of Philosophical Studies,,
philosophy,[SJR:norm_title] Journal of Philosophy | [SJR:norm_title] Philosophy,SJR Q1 | SJR Q1,norm_title,0,,[SJR Q1] Philosophy,,
photochemistry photobiology,[SJR:norm_title] Photochemistry and Photobiology | [SJR:norm_title] Journal of Photochemistry and Photobiology,SJR Q1 | SJR Q3,norm_title,0,,[SJR Q3] Journal of Photochemistry and Photobiology,,Y
phycology,[SJR:norm_title] Journal of Phycology | [SJR:norm_title] Phycology,SJR Q1 | SJR Q1,norm_title,0,,[SJR Q1] Phycology,,
physical activity health,[SJR:norm_title] Journal of Physical Activity and Health | [SJR:norm_title] Physical Activity and Health,SJR Q1 | SJR Q2,norm_title,0,,[SJR Q2] Physical Activity and Health,,Y
physical oceanography,[SJR:norm_title] Journal of Physical Oceanography | [SJR:norm_title] Physical Oceanography,SJR Q1 | SJR Q3,norm_title,0,,[SJR Q3] Physical Oceanography,,Y
physiology,[SJR:norm_title] Physiology | [SJR:norm_title] Journal of Physiology | [SJR:norm_title] Physiology International,SJR Q1 | SJR Q1 | SJR Q1,norm_title,0,,[SJR Q1] Physiology International,,
physiology pharmacology,[SJR:norm_title] Journal of Physiology and Pharmacology | [SJR:norm_title] Physiology and Pharmacology (Iran),SJR Q2 | SJR Q2,norm_title,0,,[SJR Q2] Physiology and Pharmacology (Iran),,
phytopathology,[SJR:norm_title] Phytopathology | [SJR:norm_title] Journal of Phytopathology | [SJR:norm_title] International Journal of Phytopathology,SJR Q1 | SJR Q3 | SJR Q3,norm_title,0,,[SJR Q3] International Journal of Phytopathology,,Y
plant biology,[SJR:norm_title] Plant Biology | [SJR:norm_title] Journal of Plant Biology | [SJR:norm_title] International Journal of Plant Biology,SJR Q1 | SJR Q2 | SJR Q2,norm_title,0,,[SJR Q2] International Journal of Plant Biology,,Y
plant biotechnology,[SJR:norm_title] Plant Biotechnology | [SJR:norm_title] Journal of Plant Biotechnology,SJR Q2 | SJR Q3,norm_title,0,,[SJR Q3] Journal of Plant Biotechnology,,
plant ecology,[SJR:norm_title] Journal of Plant Ecology | [SJR:norm_title] Plant Ecology,SJR Q1 | SJR Q2,norm_title,0,,[SJR Q2] Plant Ecology,,Y
plant growth regulation,[SJR:norm_title] Journal of Plant Growth Regulation | [SJR:norm_title] Plant Growth Regulation,SJR Q1 | SJR Q1,norm_title,0,,[SJR Q1] Plant Growth Regulation,,
plant pathology,[SJR:norm_title] Plant Pathology | [SJR:norm_title] Journal of Plant Pathology,SJR Q1 | SJR Q2,norm_title,0,,[SJR Q2] Journal of Plant Pathology,,Y
plant protection,[SJR:norm_title] Journal of Plant Protection | [SJR:norm_title] Plant Protection | [SJR:norm_title] Plant Protection (Iran),SJR Q3 | SJR Q3 | SJR Q4,norm_title,0,,[SJR Q4] Plant Protection (Iran),,
policing,[SJR:norm_title] Policing (Oxford) | [SJR:norm_title] Policing,SJR Q1 | SJR Q1,norm_title,0,,[SJR Q1] Policing,,
policy studies,[SJR:norm_title] Policy Studies | [SJR:norm_title] Journal of Policy Studies,SJR Q1 | SJR Q2,norm_title,0,,[SJR Q2] Journal of Policy Studies,,Y
polis,[SJR:norm_title] Polis (Italy) | [SJR:norm_title] Polis (United Kingdom),SJR Q4 | SJR Q2,norm_title,0,,[SJR Q2] Polis (United Kingdom),,
political economy,[SJR:norm_title] Journal of Political Economy | [SJR:norm_title] International Journal of Political Economy,SJR Q1 | SJR Q2,norm_title,0,,[SJR Q2] International Journal of Political Economy,,Y
political science,[SJR:norm_title] International Political Science Abstracts | [SJR:norm_title] Political Science,SJR Q2 | SJR Q3,norm_title,0,,[SJR Q3] Political Science,,
political theory,[SJR:norm_title] Political Theory | [SJR:norm_title] Journal of International Political Theory,SJR Q1 | SJR Q2,norm_title,0,,[SJR Q2] Journal of International Political Theory,,Y
politics,[SJR:norm_title] Journal of Politics | [SJR:norm_title] Politics | [SJR:norm_title] International Politics,SJR Q1 | SJR Q1 | SJR Q1,norm_title,0,,[SJR Q1] International Politics,,
polymer,[SJR:norm_title] Polymer | [SJR:norm_title] Polymer International | [SJR:norm_title] Polymer (Korea),SJR Q1 | SJR Q2 | SJR Q4,norm_title,0,,[SJR Q4] Polymer (Korea),,Y
polymer science,[SJR:norm_title] Journal of Polymer Science | [SJR:norm_title] International Journal of Polymer Science,SJR Q1 | SJR Q2,norm_title,0,,[SJR Q2] International Journal of Polymer Science,,Y
population economics,[SJR:norm_title] Journal of Population Economics | [SJR:norm_title] Population and Economics,SJR Q1 | SJR Q3,norm_title,0,,[SJR Q3] Population and Economics,,Y
population studies,[SJR:norm_title] Population Studies | [SJR:norm_title] International Journal of Population Studies,SJR Q1 | SJR Q3,norm_title,0,,[SJR Q3] International Journal of Population Studies,,Y
postgraduate medicine,[SJR:norm_title] Postgraduate Medicine | [SJR:norm_title] Journal of Postgraduate Medicine,SJR Q2 | SJR Q4,norm_title,0,,[SJR Q4] Journal of Postgraduate Medicine,,
powder metallurgy,"[SJR:norm_title] Powder Metallurgy | [SJR:norm_title] International Journal of Powder Metallurgy (Princeton, New Jersey)",SJR Q2 | SJR Q4,norm_title,0,,"[SJR Q4] International Journal of Powder Metallurgy (Princeton, New Jersey)",,
power electronics,[SJR:norm_title] Journal of Power Electronics | [SJR:norm_title] International Journal of Power Electronics,SJR Q3 | SJR Q4,norm_title,0,,[SJR Q4] International Journal of Power Electronics,,
power electronics drive systems,[SJR:norm_title] International Journal of Power Electronics and Drive Systems | [SJR:norm_title] Proceedings of the International Conference on Power Electronics and Drive Systems,SJR Q3 | SJR -,norm_title,0,,[SJR -] Proceedings of the International Conference on Power Electronics and Drive Systems,,
practical theology,[SJR:norm_title] Practical Theology | [SJR:norm_title] International Journal of Practical Theology,SJR Q1 | SJR Q1,norm_title,0,,[SJR Q1] International Journal of Practical Theology,,
practice,[SJR:norm_title] Practice | [SJR:norm_title] In Practice,SJR Q2 | SJR Q3,norm_title,0,,[SJR Q3] In Practice,,
pragmatics,[SJR:norm_title] Journal of Pragmatics | [SJR:norm_title] Pragmatics,SJR Q1 | SJR Q1,norm_title,0,,[SJR Q1] Pragmatics,,
preventive medicine,[SJR:norm_title] Preventive Medicine | [SJR:norm_title] International Journal of Preventive Medicine,SJR Q1 | SJR Q3,norm_title,0,,[SJR Q3] International Journal of Preventive Medicine,,Y
prilozi,[SJR:norm_title] Prilozi | [SJR:norm_title] Prilozi (Bosnia and Herzegovina),SJR Q4 | SJR Q4,norm_title,0,,[SJR Q4] Prilozi (Bosnia and Herzegovina),,
private law,[SJR:norm_title] Journal of Private International Law | [SJR:norm_title] International Journal of Private Law,SJR Q3 | SJR Q4,norm_title,0,,[SJR Q4] International Journal of Private Law,,
project management,[SJR:norm_title] International Journal of Project Management | [SJR:norm_title] Journal of Project Management (Canada),SJR Q1 | SJR Q3,norm_title,0,,[SJR Q3] Journal of Project Management (Canada),,Y
projections,[SJR:norm_title] Projections (New York) | [SJR:norm_title] Projections,SJR Q1 | SJR Q2,norm_title,0,,[SJR Q2] Projections,,Y
prostate,[SJR:norm_title] Prostate International | [SJR:norm_title] Prostate,SJR Q1 | SJR Q1,norm_title,0,,[SJR Q1] Prostate,,
prosthodontics,[SJR:norm_title] Journal of Prosthodontics | [SJR:norm_title] International Journal of Prosthodontics,SJR Q1 | SJR Q2,norm_title,0,,[SJR Q2] International Journal of Prosthodontics,,Y
proteomics,[SJR:norm_title] Proteomics | [SJR:norm_title] Journal of Proteomics,SJR Q1 | SJR Q2,norm_title,0,,[SJR Q2] Journal of Proteomics,,Y
psychological science,[SJR:norm_title] Psychological Science | [SJR:norm_title] Journal of Psychological Science,SJR Q1 | SJR Q3,norm_title,0,,[SJR Q3] Journal of Psychological Science,,Y
psychology,[SJR:norm_title] Journal of Psychology | [SJR:norm_title] International Journal of Psychology | [SJR:norm_title] Psychology,SJR Q1 | SJR Q1 | SJR Q4,norm_title,0,,[SJR Q4] Psychology,,Y
psychopathology,[SJR:norm_title] Psychopathology | [SJR:norm_title] Journal of Psychopathology,SJR Q1 | SJR Q3,norm_title,0,,[SJR Q3] Journal of Psychopathology,,Y
public administration,[SJR:norm_title] Public Administration | [SJR:norm_title] International Journal of Public Administration,SJR Q1 | SJR Q2,norm_title,0,,[SJR Q2] International Journal of Public Administration,,Y
public affairs,[SJR:norm_title] Journal of Public Affairs | [SJR:norm_title] Journal of Public and International Affairs,SJR Q2 | SJR Q3,norm_title,0,,[SJR Q3] Journal of Public and International Affairs,,
public policy,[SJR:norm_title] Journal of Public Policy | [SJR:norm_title] International Journal of Public Policy,SJR Q1 | SJR Q3,norm_title,0,,[SJR Q3] International Journal of Public Policy,,Y
quantitative economics,[SJR:norm_title] Quantitative Economics | [SJR:norm_title] Journal of Quantitative Economics,SJR Q1 | SJR Q3,norm_title,0,,[SJR Q3] Journal of Quantitative Economics,,Y
quaternary,[SJR:norm_title] Quaternary International | [SJR:norm_title] Quaternary,SJR Q2 | SJR Q1,norm_title,0,,[SJR Q1] Quaternary,,Y
radiation research,[SJR:norm_title] Journal of Radiation Research | [SJR:norm_title] Radiation Research | [SJR:norm_title] International Journal of Radiation Research,SJR Q1 | SJR Q1 | SJR Q4,norm_title,0,,[SJR Q4] International Journal of Radiation Research,,Y
reading writing,[SJR:norm_title] Reading and Writing | [SJR:norm_title] Reading and Writing (South Africa),SJR Q1 | SJR Q2,norm_title,0,,[SJR Q2] Reading and Writing (South Africa),,Y
refrigeration,[SJR:norm_title] International Journal of Refrigeration | [SJR:norm_title] Journal of Refrigeration,SJR Q1 | SJR Q4,norm_title,0,,[SJR Q4] Journal of Refrigeration,,Y
religion,[SJR:norm_title] Religion | [SJR:norm_title] Journal of Religion,SJR Q1 | SJR Q2,norm_title,0,,[SJR Q2] Journal of Religion,,Y
reproductive medicine,[SJR:norm_title] Reproductive Medicine | [SJR:norm_title] Reproductive Medicine (Central Asia),SJR Q3 | SJR Q4,norm_title,0,,[SJR Q4] Reproductive Medicine (Central Asia),,
research education,[SJR:norm_title] Research in Education | [SJR:norm_title] Journal of Research in International Education,SJR Q2 | SJR Q2,norm_title,0,,[SJR Q2] Journal of Research in International Education,,
retos,[SJR:norm_title] Retos | [SJR:norm_title] Retos (Ecuador),SJR Q1 | SJR Q3,norm_title,0,,[SJR Q3] Retos (Ecuador),,Y
review economics,[SJR:norm_title] Annual Review of Economics | [SJR:norm_title] Review of International Economics | [SJR:norm_title] International Review of Economics | [SJR:norm_title] Review of Economics,SJR Q1 | SJR Q1 | SJR Q2 | SJR Q3,norm_title,0,,[SJR Q3] Review of Economics,,Y
review education,[SJR:norm_title] Review of Education | [SJR:norm_title] International Review of Education,SJR Q1 | SJR Q2,norm_title,0,,[SJR Q2] International Review of Education,,Y
review finance,[SJR:norm_title] Review of Finance | [SJR:norm_title] International Review of Finance,SJR Q1 | SJR Q2,norm_title,0,,[SJR Q2] International Review of Finance,,Y
review financial economics,[SJR:norm_title] Annual Review of Financial Economics | [SJR:norm_title] Review of Financial Economics,SJR Q1 | SJR Q3,norm_title,0,,[SJR Q3] Review of Financial Economics,,Y
review law economics,[SJR:norm_title] International Review of Law and Economics | [SJR:norm_title] Review of Law and Economics,SJR Q1 | SJR Q3,norm_title,0,,[SJR Q3] Review of Law and Economics,,Y
review political economy,[SJR:norm_title] Review of International Political Economy | [SJR:norm_title] Review of Political Economy,SJR Q1 | SJR Q1,norm_title,0,,[SJR Q1] Review of Political Economy,,
review sociology,[SJR:norm_title] Annual Review of Sociology | [SJR:norm_title] International Review of Sociology,SJR Q1 | SJR Q2,norm_title,0,,[SJR Q2] International Review of Sociology,,Y
revista de derecho,[SJR:norm_title] Revista de Derecho | [SJR:norm_title] Revista de Derecho (Uruguay),SJR Q2 | SJR Q4,norm_title,0,,[SJR Q4] Revista de Derecho (Uruguay),,
revista de filosofia,[SJR:norm_title] Revista de Filosofia (Chile) | [SJR:norm_title] Revista de Filosofia (Spain),SJR Q4 | SJR Q4,norm_title,0,,[SJR Q4] Revista de Filosofia (Spain),,
revista de historia,[SJR:norm_title] Revista de Historia (Chile) | [SJR:norm_title] Revista de Historia (Brazil) | [SJR:norm_title] Revista de Historia (Costa Rica),SJR Q2 | SJR Q3 | SJR Q3,norm_title,0,,[SJR Q3] Revista de Historia (Costa Rica),,
revista de humanidades,[SJR:norm_title] Revista de Humanidades | [SJR:norm_title] Revista de Humanidades (SPAIN),SJR Q3 | SJR Q3,norm_title,0,,[SJR Q3] Revista de Humanidades (SPAIN),,
revista espanola de cardiologia,[SJR:norm_title] Revista Espanola de Cardiologia (English edition) | [SJR:norm_title] Revista Espanola de Cardiologia,SJR Q1 | SJR Q2,norm_title,0,,[SJR Q2] Revista Espanola de Cardiologia,,Y
rheumatic diseases,[SJR:norm_title] Journal of Rheumatic Diseases | [SJR:norm_title] International Journal of Rheumatic Diseases,SJR Q1 | SJR Q3,norm_title,0,,[SJR Q3] International Journal of Rheumatic Diseases,,Y
rhinology,[SJR:norm_title] Rhinology | [SJR:norm_title] Journal of Rhinology,SJR Q1 | SJR Q3,norm_title,0,,[SJR Q3] Journal of Rhinology,,Y
robotics,[SJR:norm_title] Robotics | [SJR:norm_title] Journal of Robotics,SJR Q1 | SJR Q2,norm_title,0,,[SJR Q2] Journal of Robotics,,Y
romance studies,[SJR:norm_title] Romance Studies | [SJR:norm_title] Journal of Romance Studies,SJR Q2 | SJR Q3,norm_title,0,,[SJR Q3] Journal of Romance Studies,,
russian linguistics,[SJR:norm_title] Russian Journal of Linguistics | [SJR:norm_title] Russian Linguistics,SJR Q1 | SJR Q2,norm_title,0,,[SJR Q2] Russian Linguistics,,Y
sac,[CORE:acronym] ACM Symposium on Applied Computing | [CORE:acronym] Selected Areas in Cryptography,CORE Multiconference | CORE B,acronym,0,,[CORE B] Selected Areas in Cryptography,,
school health,[SJR:norm_title] Journal of School Health | [SJR:norm_title] International Journal of School Health,SJR Q1 | SJR Q4,norm_title,0,,[SJR Q4] International Journal of School Health,,Y
school psychology,[SJR:norm_title] Journal of School Psychology | [SJR:norm_title] School Psychology International | [SJR:norm_title] School Psychology,SJR Q1 | SJR Q1 | SJR Q1,norm_title,0,,[SJR Q1] School Psychology,,
science communication,[SJR:norm_title] Science Communication | [SJR:norm_title] Journal of Science Communication,SJR Q1 | SJR Q2,norm_title,0,,[SJR Q2] Journal of Science Communication,,Y
science education,[SJR:norm_title] Science Education | [SJR:norm_title] Science and Education | [SJR:norm_title] International Journal of Science Education | [SJR:norm_title] Science Education International,SJR Q1 | SJR Q1 | SJR Q1 | SJR Q3,norm_title,0,,[SJR Q3] Science Education International,,Y
security,[CORE:norm_title] International Workshop on Security | [SJR:norm_title] International Security,CORE National: Japan | SJR Q1,norm_title,0,,[CORE National: Japan] International Workshop on Security,,Y
semantics,[CORE:acronym] Semantics - International Conference on Semantic Systems | [SJR:norm_title] Journal of Semantics,"CORE Regional: Austria, Germany, Netherlands | SJR Q1",acronym | norm_title,0,,"[CORE Regional: Austria, Germany, Netherlands] Semantics - International Conference on Semantic Systems",,Y
semiconductors,[SJR:norm_title] Journal of Semiconductors | [SJR:norm_title] Semiconductors,SJR Q1 | SJR Q4,norm_title,0,,[SJR Q4] Semiconductors,,Y
sexual health,[SJR:norm_title] International Journal of Sexual Health | [SJR:norm_title] Sexual Health,SJR Q1 | SJR Q2,norm_title,0,,[SJR Q2] Sexual Health,,Y
sexual medicine,[SJR:norm_title] Journal of Sexual Medicine | [SJR:norm_title] Sexual Medicine,SJR Q1 | SJR Q2,norm_title,0,,[SJR Q2] Sexual Medicine,,Y
simulation,[SJR:norm_title] Journal of Simulation | [SJR:norm_title] Simulation,SJR Q2 | SJR Q2,norm_title,0,,[SJR Q2] Simulation,,
simulation modeling methodologies technologies applications,"[CORE:norm_title] International Conference on Simulation and Modeling Methodologies, Technologies and Applications | [SJR:norm_title] Proceedings of the International Conference on Simulation and Modeling Methodologies, Technologies and Applications",CORE C | SJR -,norm_title,0,,"[CORE C] International Conference on Simulation and Modeling Methodologies, Technologies and Applications",,
slovo,[SJR:norm_title] Slovo (Croatia) | [SJR:norm_title] Slovo,SJR Q1 | SJR Q4,norm_title,0,,[SJR Q4] Slovo,,Y
social history,[SJR:norm_title] Journal of Social History | [SJR:norm_title] Social History,SJR Q1 | SJR Q2,norm_title,0,,[SJR Q2] Social History,,Y
social inclusion,[SJR:norm_title] Social Inclusion | [SJR:norm_title] Journal of Social Inclusion,SJR Q2 | SJR Q2,norm_title,0,,[SJR Q2] Journal of Social Inclusion,,
social science journal,[SJR:norm_title] Social Science Journal | [SJR:norm_title] International Social Science Journal,SJR Q2 | SJR Q2,norm_title,0,,[SJR Q2] International Social Science Journal,,
social sciences,[SJR:norm_title] Social Sciences | [SJR:norm_title] Social Sciences (Russian Federation),SJR Q2 | SJR Q4,norm_title,0,,[SJR Q4] Social Sciences (Russian Federation),,
social work,[SJR:norm_title] Journal of Social Work | [SJR:norm_title] International Social Work | [SJR:norm_title] Social Work,SJR Q1 | SJR Q1 | SJR Q2,norm_title,0,,[SJR Q2] Social Work,,Y
social work education,[SJR:norm_title] Social Work Education | [SJR:norm_title] Journal of Social Work Education,SJR Q1 | SJR Q1,norm_title,0,,[SJR Q1] Journal of Social Work Education,,
sociologia,[SJR:norm_title] Sociologia (Slovakia) | [SJR:norm_title] Sociologia (Italy),SJR Q3 | SJR Q4,norm_title,0,,[SJR Q4] Sociologia (Italy),,
sociology,[SJR:norm_title] Sociology | [SJR:norm_title] Journal of Sociology | [SJR:norm_title] International Sociology | [SJR:norm_title] International Journal of Sociology,SJR Q1 | SJR Q1 | SJR Q2 | SJR Q2,norm_title,0,,[SJR Q2] International Journal of Sociology,,Y
sociology education,[SJR:norm_title] Sociology of Education | [SJR:norm_title] International Journal of Sociology of Education,SJR Q1 | SJR Q2,norm_title,0,,[SJR Q2] International Journal of Sociology of Education,,Y
software engineering knowledge engineering,[CORE:norm_title] International Conference on Software Engineering and Knowledge Engineering | [SJR:norm_title] International Journal of Software Engineering and Knowledge Engineering,CORE C | SJR Q3,norm_title,0,,[CORE C] International Conference on Software Engineering and Knowledge Engineering,,
soil science plant nutrition,[SJR:norm_title] Journal of Soil Science and Plant Nutrition | [SJR:norm_title] Soil Science and Plant Nutrition,SJR Q1 | SJR Q2,norm_title,0,,[SJR Q2] Soil Science and Plant Nutrition,,Y
sophia,[SJR:norm_title] Sophia | [SJR:norm_title] Sophia (Ecuador),SJR Q1 | SJR Q2,norm_title,0,,[SJR Q2] Sophia (Ecuador),,Y
southeast asian studies,[SJR:norm_title] Southeast Asian Studies | [SJR:norm_title] Journal of Southeast Asian Studies,SJR Q3 | SJR Q2,norm_title,0,,[SJR Q2] Journal of Southeast Asian Studies,,
space science technology,[SJR:norm_title] Space: Science and Technology (United States) | [SJR:norm_title] Space Science and Technology,SJR Q1 | SJR Q4,norm_title,0,,[SJR Q4] Space Science and Technology,,Y
special education,[SJR:norm_title] Journal of Special Education | [SJR:norm_title] International Journal of Special Education,SJR Q1 | SJR Q3,norm_title,0,,[SJR Q3] International Journal of Special Education,,Y
spectroscopy,[SJR:norm_title] Spectroscopy (Santa Monica) | [SJR:norm_title] Journal of Spectroscopy,SJR Q2 | SJR Q3,norm_title,0,,[SJR Q3] Journal of Spectroscopy,,
spine surgery,[SJR:norm_title] International Journal of Spine Surgery | [SJR:norm_title] Journal of Spine Surgery,SJR Q1 | SJR Q1,norm_title,0,,[SJR Q1] Journal of Spine Surgery,,
sport exercise psychology,[SJR:norm_title] International Journal of Sport and Exercise Psychology | [SJR:norm_title] Journal of Sport and Exercise Psychology,SJR Q1 | SJR Q2,norm_title,0,,[SJR Q2] Journal of Sport and Exercise Psychology,,Y
sport history,[SJR:norm_title] Sport in History | [SJR:norm_title] Journal of Sport History,SJR Q1 | SJR Q3,norm_title,0,,[SJR Q3] Journal of Sport History,,Y
sport society,[SJR:norm_title] Sport in Society | [SJR:norm_title] International Journal of Sport and Society,SJR Q1 | SJR Q3,norm_title,0,,[SJR Q3] International Journal of Sport and Society,,Y
statistics,[SJR:norm_title] Statistics | [SJR:norm_title] Proceedings of the International Conference on Statistics,SJR Q2 | SJR -,norm_title,0,,[SJR -] Proceedings of the International Conference on Statistics,,
stem cells,[SJR:norm_title] Stem Cells | [SJR:norm_title] Stem Cells International | [SJR:norm_title] International Journal of Stem Cells | [SJR:norm_title] Journal of Stem Cells,SJR Q1 | SJR Q2 | SJR Q2 | SJR Q4,norm_title,0,,[SJR Q4] Journal of Stem Cells,,Y
stem education,[SJR:norm_title] International Journal of STEM Education | [SJR:norm_title] STEM Education,SJR Q1 | SJR Q2,norm_title,0,,[SJR Q2] STEM Education,,Y
structural chemistry,[SJR:norm_title] Structural Chemistry | [SJR:norm_title] Journal of Structural Chemistry,SJR Q3 | SJR Q3,norm_title,0,,[SJR Q3] Journal of Structural Chemistry,,
structural engineering,[SJR:norm_title] Journal of Structural Engineering | [SJR:norm_title] Structural Engineering International | [SJR:norm_title] International Journal of Structural Engineering | [SJR:norm_title] Journal of Structural Engineering (India),SJR Q1 | SJR Q2 | SJR Q4 | SJR Q4,norm_title,0,,[SJR Q4] Journal of Structural Engineering (India),,Y
studies,[SJR:norm_title] Journal of International Studies | [SJR:norm_title] Journal of International Studies (Malaysia) | [SJR:norm_title] International Studies,SJR Q2 | SJR Q2 | SJR Q3,norm_title,0,,[SJR Q3] International Studies,,
supply chain management,[SJR:norm_title] Journal of Supply Chain Management | [SJR:norm_title] Supply Chain Management,SJR Q1 | SJR Q1,norm_title,0,,[SJR Q1] Supply Chain Management,,
surgical oncology,[SJR:norm_title] Surgical Oncology | [SJR:norm_title] Journal of Surgical Oncology | [SJR:norm_title] International Journal of Surgical Oncology,SJR Q1 | SJR Q1 | SJR Q2,norm_title,0,,[SJR Q2] International Journal of Surgical Oncology,,Y
sustainable construction materials technologies,[SJR:norm_title] Journal of Sustainable Construction Materials and Technologies | [SJR:norm_title] Sustainable Construction Materials and Technologies,SJR Q2 | SJR -,norm_title,0,,[SJR -] Sustainable Construction Materials and Technologies,,
sustainable development,[SJR:norm_title] Sustainable Development | [SJR:norm_title] International Journal of Sustainable Development,SJR Q1 | SJR Q4,norm_title,0,,[SJR Q4] International Journal of Sustainable Development,,Y
systems engineering,[CORE:norm_title] International Conference on Systems Engineering | [SJR:norm_title] Systems Engineering,CORE C | SJR Q2,norm_title,0,,[CORE C] International Conference on Systems Engineering,,
technology,[SJR:norm_title] International Journal of Technology | [SJR:norm_title] Journal of Technology,SJR Q2 | SJR Q4,norm_title,0,,[SJR Q4] Journal of Technology,,
tempo,[SJR:norm_title] Tempo (Brazil) | [SJR:norm_title] Tempo (United Kingdom),SJR Q2 | SJR Q3,norm_title,0,,[SJR Q3] Tempo (United Kingdom),,
theological studies,[SJR:norm_title] Theological Studies | [SJR:norm_title] Journal of Theological Studies,SJR Q1 | SJR Q2,norm_title,0,,[SJR Q2] Journal of Theological Studies,,Y
theoretical applied mechanics,[SJR:norm_title] Journal of Theoretical and Applied Mechanics | [SJR:norm_title] Journal of Theoretical and Applied Mechanics (Bulgaria) | [SJR:norm_title] Theoretical and Applied Mechanics,SJR Q3 | SJR Q3 | SJR Q4,norm_title,0,,[SJR Q4] Theoretical and Applied Mechanics,,
theoria,[SJR:norm_title] Theoria (Sweden) | [SJR:norm_title] Theoria (Spain),SJR Q1 | SJR Q2,norm_title,0,,[SJR Q2] Theoria (Spain),,Y
theory,[SJR:norm_title] International Theory | [SJR:norm_title] Theory Workshop,SJR Q1 | SJR Q3,norm_title,0,,[SJR Q3] Theory Workshop,,Y
thermal engineering,[SJR:norm_title] Journal of Thermal Engineering | [SJR:norm_title] Thermal Engineering | [SJR:norm_title] International Conference on Thermal Engineering,SJR Q3 | SJR Q3 | SJR -,norm_title,0,,[SJR -] International Conference on Thermal Engineering,,
thermal science,[SJR:norm_title] Journal of Thermal Science | [SJR:norm_title] Thermal Science,SJR Q2 | SJR Q4,norm_title,0,,[SJR Q4] Thermal Science,,
thrombosis haemostasis,[SJR:norm_title] Journal of Thrombosis and Haemostasis | [SJR:norm_title] Thrombosis and Haemostasis,SJR Q1 | SJR Q1,norm_title,0,,[SJR Q1] Thrombosis and Haemostasis,,
thyroid research,[SJR:norm_title] Thyroid Research | [SJR:norm_title] Journal of Thyroid Research,SJR Q3 | SJR Q3,norm_title,0,,[SJR Q3] Journal of Thyroid Research,,
tissue engineering regenerative medicine,[SJR:norm_title] Tissue Engineering and Regenerative Medicine | [SJR:norm_title] Journal of Tissue Engineering and Regenerative Medicine,SJR Q1 | SJR Q2,norm_title,0,,[SJR Q2] Journal of Tissue Engineering and Regenerative Medicine,,Y
topicos,[SJR:norm_title] Topicos (Mexico) | [SJR:norm_title] Topicos,SJR Q2 | SJR Q3,norm_title,0,,[SJR Q3] Topicos,,
topoi,[SJR:norm_title] Topoi | [SJR:norm_title] Topoi (Brazil),SJR Q1 | SJR Q2,norm_title,0,,[SJR Q2] Topoi (Brazil),,Y
tourism analysis,[SJR:norm_title] Tourism Analysis | [SJR:norm_title] Journal of Tourism Analysis,SJR Q3 | SJR Q2,norm_title,0,,[SJR Q2] Journal of Tourism Analysis,,
tourism research,[SJR:norm_title] International Journal of Tourism Research | [SJR:norm_title] Proceedings of the International Conference on Tourism Research,SJR Q1 | SJR -,norm_title,0,,[SJR -] Proceedings of the International Conference on Tourism Research,,Y
tourism review,[SJR:norm_title] Tourism Review | [SJR:norm_title] Tourism Review International,SJR Q1 | SJR Q3,norm_title,0,,[SJR Q3] Tourism Review International,,Y
toxicologic pathology,[SJR:norm_title] Toxicologic Pathology | [SJR:norm_title] Journal of Toxicologic Pathology,SJR Q2 | SJR Q3,norm_title,0,,[SJR Q3] Journal of Toxicologic Pathology,,
toxicological sciences,[SJR:norm_title] Toxicological Sciences | [SJR:norm_title] Journal of Toxicological Sciences,SJR Q1 | SJR Q3,norm_title,0,,[SJR Q3] Journal of Toxicological Sciences,,Y
toxicology,[SJR:norm_title] Toxicology | [SJR:norm_title] Journal of Toxicology | [SJR:norm_title] International Journal of Toxicology | [SJR:norm_title] Toxicology International,SJR Q1 | SJR Q2 | SJR Q3 | SJR Q4,norm_title,0,,[SJR Q4] Toxicology International,,Y
transfer,[SJR:norm_title] Transfer | [SJR:norm_title] Transfer (Spain),SJR Q1 | SJR Q2,norm_title,0,,[SJR Q2] Transfer (Spain),,Y
transgender health,[SJR:norm_title] International Journal of Transgender Health | [SJR:norm_title] Transgender Health,SJR Q1 | SJR Q1,norm_title,0,,[SJR Q1] Transgender Health,,
translational medicine,[SJR:norm_title] Journal of Translational Medicine | [SJR:norm_title] International Journal of Translational Medicine,SJR Q1 | SJR Q3,norm_title,0,,[SJR Q3] International Journal of Translational Medicine,,Y
tribology,[SJR:norm_title] Tribology International | [SJR:norm_title] Journal of Tribology | [SJR:norm_title] Tribology,SJR Q1 | SJR Q2 | SJR Q3,norm_title,0,,[SJR Q3] Tribology,,Y
tropical agriculture,[SJR:norm_title] Tropical Agriculture | [SJR:norm_title] Journal of Tropical Agriculture,SJR Q4 | SJR Q4,norm_title,0,,[SJR Q4] Journal of Tropical Agriculture,,
tropical ecology,[SJR:norm_title] Tropical Ecology | [SJR:norm_title] Journal of Tropical Ecology,SJR Q2 | SJR Q2,norm_title,0,,[SJR Q2] Journal of Tropical Ecology,,
tropical medicine health,[SJR:norm_title] Tropical Medicine and International Health | [SJR:norm_title] Tropical Medicine and Health,SJR Q1 | SJR Q2,norm_title,0,,[SJR Q2] Tropical Medicine and Health,,Y
ultrasonography,[SJR:norm_title] Ultrasonography | [SJR:norm_title] Journal of Ultrasonography,SJR Q2 | SJR Q3,norm_title,0,,[SJR Q3] Journal of Ultrasonography,,
ultrasound,[SJR:norm_title] Journal of Ultrasound | [SJR:norm_title] Ultrasound,SJR Q2 | SJR Q3,norm_title,0,,[SJR Q3] Ultrasound,,
urban design,[SJR:norm_title] Journal of Urban Design | [SJR:norm_title] Urban Design International,SJR Q1 | SJR Q1,norm_title,0,,[SJR Q1] Urban Design International,,
urban history,[SJR:norm_title] Journal of Urban History | [SJR:norm_title] Urban History,SJR Q1 | SJR Q1,norm_title,0,,[SJR Q1] Urban History,,
vascular diseases,[SJR:norm_title] Journal of Vascular Diseases | [SJR:norm_title] Vascular Diseases (France),SJR Q3 | SJR -,norm_title,0,,[SJR -] Vascular Diseases (France),,
vascular medicine,[SJR:norm_title] Vascular Medicine | [SJR:norm_title] International Journal of Vascular Medicine,SJR Q2 | SJR Q3,norm_title,0,,[SJR Q3] International Journal of Vascular Medicine,,
veterinary parasitology,[SJR:norm_title] Veterinary Parasitology | [SJR:norm_title] Journal of Veterinary Parasitology,SJR Q1 | SJR Q4,norm_title,0,,[SJR Q4] Journal of Veterinary Parasitology,,Y
veterinary research,[SJR:norm_title] Veterinary Research | [SJR:norm_title] Journal of Veterinary Research (Poland) | [SJR:norm_title] Journal of Veterinary Research,SJR Q1 | SJR Q2 | SJR Q4,norm_title,0,,[SJR Q4] Journal of Veterinary Research,,Y
veterinary science,[SJR:norm_title] Journal of Veterinary Science | [SJR:norm_title] International Journal of Veterinary Science,SJR Q2 | SJR Q2,norm_title,0,,[SJR Q2] International Journal of Veterinary Science,,
virology,[SJR:norm_title] Journal of Virology | [SJR:norm_title] Virology,SJR Q1 | SJR Q2,norm_title,0,,[SJR Q2] Virology,,Y
visual analytics,[CORE:norm_title] Visual Analytics | [SJR:norm_title] International Workshop on Visual Analytics,CORE C | SJR -,norm_title,0,,[CORE C] Visual Analytics,,
water,[SJR:norm_title] Water (Switzerland) | [SJR:norm_title] Water International | [SJR:norm_title] International Journal of Water,SJR Q1 | SJR Q3 | SJR Q4,norm_title,0,,[SJR Q4] International Journal of Water,,Y
web engineering,[CORE:norm_title] International Conference on Web Engineering | [SJR:norm_title] Journal of Web Engineering,CORE B | SJR Q3,norm_title,0,,[CORE B] International Conference on Web Engineering,,
wind engineering,[SJR:norm_title] Wind Engineering | [SJR:norm_title] Journal of Wind Engineering,SJR Q3 | SJR Q4,norm_title,0,,[SJR Q4] Journal of Wind Engineering,,
women s health,[SJR:norm_title] Women's Health | [SJR:norm_title] Journal of Women's Health | [SJR:norm_title] International Journal of Women's Health,SJR Q1 | SJR Q2 | SJR Q1,norm_title,0,,[SJR Q1] International Journal of Women's Health,,Y
women s studies,[SJR:norm_title] Journal of International Women's Studies | [SJR:norm_title] Women's Studies,SJR Q2 | SJR Q2,norm_title,0,,[SJR Q2] Women's Studies,,
wscg,"[CORE:acronym] International Conferences in Central Europe on Computer Graphics, Visualization and Computer Vision | [SJR:norm_title] Journal of WSCG",CORE National: Czecholslovakia | SJR Q4,acronym | norm_title,0,,"[CORE National: Czecholslovakia] International Conferences in Central Europe on Computer Graphics, Visualization and Computer Vision",,
wuhan ligong daxue xuebao wuhan university technology,[SJR:norm_title] Wuhan Ligong Daxue Xuebao/Journal of Wuhan University of Technology | [SJR:norm_title] Wuhan Ligong Daxue Xuebao (Jiaotong Kexue Yu Gongcheng Ban)/Journal of Wuhan University of Technology (Transportation Science and Engineering),SJR Q4 | SJR Q4,norm_title,0,,[SJR Q4] Wuhan Ligong Daxue Xuebao (Jiaotong Kexue Yu Gongcheng Ban)/Journal of Wuhan University of Technology (Transportation Science and Engineering),,
zeitschrift fur padagogik,[SJR:norm_title] Zeitschrift fur Padagogik | [SJR:norm_title] Zeitschrift fur Padagogik (Beiheft),SJR Q4 | SJR Q4,norm_title,0,,[SJR Q4] Zeitschrift fur Padagogik (Beiheft),,
zoology,[SJR:norm_title] Journal of Zoology | [SJR:norm_title] Zoology | [SJR:norm_title] International Journal of Zoology,SJR Q1 | SJR Q2 | SJR Q2,norm_title,0,,[SJR Q2] International Journal of Zoology,,Y
zoonotic diseases,[SJR:norm_title] Zoonotic Diseases | [SJR:norm_title] Journal of Zoonotic Diseases,SJR Q2 | SJR Q3,norm_title,0,,[SJR Q3] Journal of Zoonotic Diseases,,
