in_sample_30,judge_relevance,Key,DOI,Year,Venue,Title,MeSH_terms,Abstract_excerpt
,,GHKHZ7EM,10.7861/fhj.2019-0036,2019,Future healthcare journal,Virtual reality and the transformation of medical education.,Virtual reality; medical education; simulation; innovation; nursing education,"Medical education is changing. Simulation is increasingly becoming a cornerstone of clinical training and, though effective, is resource intensive. With  increasing pressures on budgets and standardisation, virtual reality (VR) is  emerging as a new method of delivering simulation. VR offers benefits for  learners and educators, delivering cost-effective, repeatable, standardised  clinical trainin"
,,E3AY9RLL,10.3389/fbinf.2022.997082,2022,Frontiers in bioinformatics,Challenges of intracellular visualization using virtual and augmented reality.,virtual reality; augmented reality; bioimaging; intracellular imaging; multi-dimensional biological data,"Microscopy image observation is commonly performed on 2D screens, which limits human capacities to grasp volumetric, complex, and discrete biological dynamics.  With the massive production of multidimensional images (3D + time,  multi-channels) and derived images (e.g., restored images, segmentation maps, and  object tracks), scientists need appropriate visualization and navigation methods  to bet"
Y,,RGWYL4LQ,10.1007/s00520-025-09338-4,2025,Supportive care in cancer : official journal of the Multinational Association of Supportive Care in Cancer,Assessing safety and feasibility of virtual reality intervention in patients with lung cancer: a pilot study.,Mental Health; Humans; Female; Male; Aged; Middle Aged; *Virtual Reality; *Lung Neoplasms/psychology/therapy; Anxiety/etiology; Feasibility Studies; Lung cancer; Patient care; Pilot Projects; Proof of Concept Study; Psychological distress; Symptom burden; Virtual reality (VR) software,"PURPOSE: Lung cancer, the leading cause of cancer deaths, severely impacts psychological well-being, worsened by the stigma of smoking behavior. This study  evaluated the safety, acceptability, and preliminary efficacy of customized  virtual reality (VR) software for people with lung cancer, focusing on its  potential to enhance mental health in patient care. METHODS: Patients with lung  cancer un"
,,GKNBY4I8,10.1089/cyber.2022.0231,2023,"Cyberpsychology, behavior and social networking",Using Virtual Reality in E-Cigarette and Secondhand Aerosol Prevention Messages: Implications for Emotional Campaign Design.,virtual reality; emotions; psychological distance; Humans; Young Adult; *Virtual Reality; *Electronic Nicotine Delivery Systems; *Vaping/prevention & control; Aerosols; campaign; e-cigarette; Emotions; vaping,"Vaping has dramatically increased in recent years among young adults. To increase risk perceptions and promote preventive behaviors against vaping and secondhand  e-cigarette aerosol (SHA), this study designed and tested virtual reality (VR)  messages based on the theory of psychological distance. We randomly assigned 137  participants to see one of three messages: a VR message presenting SHAs imp"
,,LCS6G766,,1997,Studies in health technology and informatics,Virtual reality as assessment tool in psychology.,"Humans; *Computer Graphics; *Computer Simulation; Mental Disorders/*diagnosis; Psychology, Clinical/instrumentation/*methods","Virtual environments (VEs), offering a new human-computer interaction paradigm, have attracted much attention, in clinical psychology, especially in the  treatment of phobias. However, a possible new application of VR in psychology is  as assessment tool: VEs can be considered as an highly sophisticated form of  adaptive testing. This chapter describes the context of current psychological  assessm"
,,C5E5C39B,10.7759/cureus.91046,2025,Cureus,Impact of Early Rehabilitation on Functional Recovery After Kidney Transplantation: A Retrospective Cohort Study.,early rehabilitation; frailty; kidney transplantation; renal rehabilitation; unsupervised home training,"BACKGROUND: The trajectory of recovery following early rehabilitation after kidney transplantation remains poorly understood, particularly in relation to  preoperative frailty. This study aimed to examine how physical function and  health-related quality of life (HRQOL) recover over time after kidney  transplantation with early rehabilitation. In particular, we assessed whether  recovery patterns "
,,TD4ILZYC,10.7759/cureus.55377,2024,Cureus,The Evaluation of Virtual Reality Neuroanatomical Training Utilizing Photorealistic 3D Models in Limited Body Donation Program Settings.,virtual reality; education; photogrammetry; neuroanatomy; photorealistic three-dimensional models,Background Neuroanatomy is one of the most complex areas of anatomy to teach to medical students. Traditional study methods such as atlases and textbooks are  mandatory but require significant effort to conceptualize the three-dimensional  (3D) aspects of the neuroanatomical regions of interest. Objectives To test the  feasibility of human anatomy teaching medical students in a virtual reality (VR
,,NSNCDVMD,10.3389/fmed.2023.1176360,2023,Frontiers in medicine,Ultrasonographic study of female perineal body and its supportive function on pelvic floor.,female perineal body; high-frequency two-dimensional ultrasound; pelvic floor dysfunction; shear wave elastography; Young’s modulus,"OBJECTIVES: The study aimed to observe, measure the size and elastic value of perineal body (PB) and assess its association with levator hiatus. METHODS:  Datasets were acquired in 45 nulliparous, 66 POP women and 70 postpartum women  using ultrasound. The PB was measured in depth, height, and Young's modulus. The  datasets were compared to assess whether there are some differences in the  morphol"
,,FT4AAU2A,10.12116/j.issn.1004-5619.2021.411008,2022,Fa yi xue za zhi,Characteristics of the Distance and Space Required for Knife Slashing Using a Motion Capture System.,motion capture; Humans; Female; Male; Biomechanical Phenomena; *Crime; *Motion Capture; body position; forensic medicine; mannequin; slashing; slashing distance; space required for slashing,"OBJECTIVES: To investigate the relationship between the perpetrator's sex, victim's position and slashing location as well as anthropometric parameters on  distance and space required for slashing, to provide the theoretical basis for  the judgment of whether the crime scene was consistent with the criminal activity  space. METHODS: The kinematics data of 12 male and 12 female subjects slashing  t"
,,7Y6D3936,10.1038/s41598-020-70856-8,2020,Scientific reports,"Perceived match between own and observed models' bodies: influence of face, viewpoints, and body size.","Humans; Female; Young Adult; Surveys and Questionnaires; Body Mass Index; Self Concept; *Body Image; Pattern Recognition, Visual/*physiology; *Face; Anorexia Nervosa/physiopathology/psychology; Body Size/*physiology; Cognition/*physiology; Judgment/physiology; Size Perception/physiology; Weight Perception/physiology","People are generally unable to accurately determine their own body measurements and to translate this knowledge to identifying a model/avatar that best  represents their own body. This inability has not only been related to health  problems (e.g. anorexia nervosa), but has important practical implications as  well (e.g. online retail). Here we aimed to investigate the influence of three  basic vis"
,,S8UYS8KQ,10.1016/j.cmpb.2023.107779,2023,Computer methods and programs in biomedicine,Psychodynamic-based virtual reality cognitive training system with personalized emotional arousal elements for mild cognitive impairment patients.,Virtual reality; Humans; Assessment; Aged; Emotions; Arousal; Quality of Life; *Cognitive Dysfunction/therapy; *Cognitive Training; Mild cognitive impairment; Personalized emotional arousal elements; Psychodynamic-based cognitive training,"BACKGROUND AND OBJECTIVE: Mild cognitive impairment (MCI) is a serious threat to the physical health and quality of life of the elderly, as well as a heavy burden  on families and society. The current computer-based rehabilitation training  ignores the role of emotions in cognitive impairment rehabilitation, making it  difficult to improve patient engagement and efficiency. To address this, a  psy"
,,IIJCH8L2,10.1002/jdd.70033,2026,Journal of dental education,The Role of Emerging Digital Technologies in Revolutionizing Dental Education: A Bibliometric Analysis.,"virtual reality; Virtual Reality; Augmented Reality; artificial intelligence; Humans; COVID-19; educational technology; Artificial Intelligence; *Bibliometrics; *Digital Technology/trends; *Education, Dental/methods/trends; *Educational Technology; bibliometrics; dental education; Education, Distance; information technology","BACKGROUND: The integration of artificial intelligence (AI), virtual reality (VR), augmented reality (AR), and other digital technologies in dental education  has gained significant attention, revolutionizing teaching methodologies,  clinical training, and student assessment. However, despite the growing body of  literature, there is no comprehensive bibliometric analysis mapping influential  stud"
,,KMJU2884,10.1055/a-1022-3038,2020,"Anasthesiologie, Intensivmedizin, Notfallmedizin, Schmerztherapie : AINS",[Use of Virtual Reality as a Component of Acute and Chronic Pain Treatment].,"Humans; *Virtual Reality; *Chronic Pain; Analgesics, Opioid; Pain Management",Future or reality? Treating acute and chronic pain is a part of the daily routine of clinical anesthesiologists. Commonly used analgesics have unwanted side  effects or may even be insufficient as in chronic pain treatment. Virtual Reality  (VR) could be a promising new approach which offers noninvasive therapy options  for the treatment of pain. In case of the opioid misuse the adjunctive treatme
Y,,TX62GS77,10.1016/j.physio.2022.07.001,2022,Physiotherapy,Effects of modern technology (exergame and virtual reality) assisted rehabilitation vs conventional rehabilitation in patients with Parkinson's  disease: a network meta-analysis of randomised controlled trials.,Exergame; Rehabilitation; Humans; VR training; *Virtual Reality; Parkinson’s disease; Randomized Controlled Trials as Topic; Exergaming; *Parkinson Disease/rehabilitation; Network meta-analysis; Primary care; Technology; Virtual technology-assisted rehabilitation,"BACKGROUND: Modern technological applications, including exergames and virtual technology-assisted rehabilitation (VTAR) programmes, are promising for  Parkinson's disease (PD) rehabilitation. However, evidence regarding their  efficacy for rehabilitation is inconclusive. OBJECTIVES: This network  meta-analysis (NMA) investigated the efficacy of exergames and VTAR on gait and  balance outcomes and"
,,9GLPQZD8,,2010,"Revista brasileira de fisioterapia (Sao Carlos (Sao Paulo, Brazil))",A systematic review about the effects of the vestibular rehabilitation in middle-age and older adults.,Humans; Aged; Middle Aged; Vestibular Diseases/*rehabilitation,"OBJECTIVE: to summarize the results of clinical trials on vestibular rehabilitation (VR) in middle-aged and elderly people with vestibular disorders.  METHODS: a search for relevant trials was performed in the databases LILACS,  EMBASE, MEDLINE, SciELO, Cochrane, ISI Web of Knowledge and virtual libraries of  theses and dissertations. Randomized controlled trials published in the last 10  years an"
Y,,HE3P5X6C,10.1101/2023.02.13.528002,2023,,The HRA Organ Gallery Affords Immersive Superpowers for Building and Exploring the Human Reference Atlas with Virtual Reality.,,"The Human Reference Atlas (HRA, https://humanatlas.io ) funded by the NIH Human Biomolecular Atlas Program (HuBMAP, https://commonfund.nih.gov/hubmap ) and other  projects engages 17 international consortia to create a spatial reference of the  healthy adult human body at single-cell resolution. The specimen, biological  structure, and spatial data that define the HRA are disparate in nature and  "
,,WA7Y73J6,10.1093/humrep/deq175,2010,"Human reproduction (Oxford, England)",An innovative virtual reality technique for automated human embryonic volume measurements.,"Humans; Software; Female; *User-Computer Interface; Imaging, Three-Dimensional; Reproducibility of Results; Pregnancy; *Body Size; *Embryonic Development; Automation, Laboratory/*methods; Crown-Rump Length; Early Diagnosis; Embryo, Mammalian/*anatomy & histology/diagnostic imaging; Fetal Development; Fetal Growth Retardation/diagnostic imaging; Fetus/anatomy & histology; Longitudinal Studies; Pregnancy Trimester, First; Ultrasonography, Prenatal; Yolk Sac/anatomy & histology/diagnostic imaging",BACKGROUND: The recent introduction of virtual reality (VR) enables us to use all three dimensions in a three-dimensional (3D) image. The aim of this prospective  study was to evaluate an innovative VR technique for automated 3D volume  measurements of the human embryo and yolk sac in first trimester pregnancies.  METHODS: We analysed 180 3D first trimester ultrasound scans of 42 pregnancies.  Sca
,,TE5Y3QRI,10.1681/asn.v1071575,1999,Journal of the American Society of Nephrology : JASN,The relation between body size and normalized small solute clearances in continuous ambulatory peritoneal dialysis.,"Humans; Adult; Female; Male; Aged; Middle Aged; *Body Constitution; *Peritoneal Dialysis, Continuous Ambulatory; Creatinine/blood/metabolism; Dialysis Solutions; Kidney Failure, Chronic/pathology/physiopathology/therapy; Models, Biological; Nonlinear Dynamics; Peritoneum/*physiopathology; Urea/blood/metabolism",The normalized peritoneal clearances of small solutes depend on the ratio of their concentration in dialysate and plasma (D/P) and the drain volume (Dv)  corrected for some measure of body size such as body water (V) or body surface  area (BSA). The clearance formulas (D/P) x (Dv/V) and (D/ P) x (Dv/BSA) can be  used to examine why large individuals tend to be underdialyzed. Large people have  low
,,4FY3NU8U,10.1177/2055668320913770,2020,Journal of rehabilitation and assistive technologies engineering,Participatory design and evaluation of virtual reality games to promote engagement in physical activity for people living with dementia.,virtual reality; participatory design; game design; Dementia; exergames; exercise motivation,"BACKGROUND: Exercise is a key component of physical health and quality of life for people living with dementia; however, challenges related to dementia symptoms  and aging can make it difficult for people living with dementia to engage in  exercise. While immersive virtual reality is showing increasing promise for  exercise and rehabilitation applications, there is a lack of research regarding  it"
Y,,35XN9NQT,10.1007/s00423-021-02127-7,2021,Langenbeck's archives of surgery,Using virtual 3D-models in surgical planning: workflow of an immersive virtual reality application in liver surgery.,"Virtual reality; Humans; 3D reconstruction; *Virtual Reality; Prospective Studies; Imaging, Three-Dimensional; *Surgeons; Liver surgery; Liver/diagnostic imaging/surgery; Workflow","PURPOSE: Three-dimensional (3D) surgical planning is widely accepted in liver surgery. Currently, the 3D reconstructions are usually presented as 3D PDF data  on regular monitors. 3D-printed liver models are sometimes used for education and  planning. METHODS: We developed an immersive virtual reality (VR) application  that enables the presentation of preoperative 3D models. The 3D reconstructions"
,,XLQ727D9,10.17294/2330-0698.1550,2018,Journal of patient-centered research and reviews,In-Home Delivery of Constraint-Induced Movement Therapy via Virtual Reality Gaming.,stroke; upper extremity; feasibility; virtual reality exposure therapy,"PURPOSE: People with chronic hemiparesis are frequently dissatisfied with the recovery of their hand and arm, yet many lack access to effective treatments.  Constraint-induced movement therapy (CI therapy) effectively increases arm  function and spontaneous use in persons with chronic hemiparesis. The purpose of  this study was to determine the feasibility and measure safety and outcomes of an  in"
,,WAC4MC5V,,2023,Advances in mind-body medicine,Money Attitudes After Clinical Emotional Freedom Techniques: Psychological Change in a Virtual vs In-Person Group.,"Humans; Pandemics; Pain; Artificial Intelligence; Retrospective Studies; *Cognitive Behavioral Therapy/methods; *Stress Disorders, Post-Traumatic/therapy/psychology; Depression/therapy/psychology; Freedom","CONTEXT: Emotional Freedom Techniques (EFTs) can reduce anxiety, depression, PTSD, and phobias. Research has found correlations between attitudes toward money  and anxiety and depressive symptomatology. No research has yet examined the  effectiveness of EFT in changing money attitudes. OBJECTIVE: The study intended  to measure the effectiveness of EFT in changing money attitudes and to contrast  E"
,,4F38HBY5,10.2490/prm.20190011,2019,Progress in rehabilitation medicine,"Virtual Reality-guided, Dual-task, Body Trunk Balance Training in the Sitting Position Improved Walking Ability without Improving Leg Strength.",virtual reality; walking; reaching; body trunk balance; dual task,"BACKGROUND: Virtual reality (VR) technology has been recently introduced in a variety of clinical settings, such as physical, occupational, cognitive, and  psychological rehabilitation or training. However, the clinical efficacy of VR  rehabilitation compared with traditional training techniques remains to be  elucidated. CASE: A 90-year-old man underwent VR-guided, dual-task, body trunk  balance "
,,C25UWLFK,10.1016/j.jad.2020.12.172,2021,Journal of affective disorders,Efficacy and acceptability of different interventions for acrophobia: A network meta-analysis of randomised controlled trials.,Virtual reality; Humans; Psychotherapy; *Cognitive Behavioral Therapy; Network meta-analysis; Acrophobia; *Phobic Disorders/therapy; Fear of height,"BACKGROUND: Currently, different psychological interventions have shown significant efficacy in the treatment of acrophobia. However, the superiority of  these individual treatments remains unclear. This network meta-analysis (NMA)  aimed to investigate the efficacy, acceptability, and superiority of different  existing interventions for acrophobia. METHODS: We conducted a NMA of randomised  contr"
,,5W4QG58P,10.1016/j.actpsy.2015.09.003,2015,Acta psychologica,Near or far? It depends on my impression: moral information and spatial behavior in virtual interactions.,Distance Perception; Cognition; Humans; Social Perception; Computer Graphics; Adolescent; Adult; Female; Young Adult; Male; User-Computer Interface; Photic Stimulation; Interpersonal Relations; *Personal Space; *Morals; Embodied social cognition; Interpersonal social space; Moral evaluation; Peripersonal action space; Sensorimotor spatial processing; Social Behavior,Near body distance is a key component of action and social interaction. Recent research has shown that peripersonal space (reachability-distance for acting with  objects) and interpersonal space (comfort-distance for interacting with people)  share common mechanisms and reflect the social valence of stimuli. The social  psychological literature has demonstrated that information about morality is  
,,6RCSRH7A,10.1365/s40702-023-00976-y,2023,HMD Praxis der Wirtschaftsinformatik,[Virtual Worlds in Distance Learning-A Study by AKAD University].,Avatar; Distance learning; 3D learning environment; E‑Learning; University; Virtual world,"The Corona pandemic changed the world of higher education teaching in many ways. Video conferencing solutions commonly used in the wake of the restrictions proved  to be a good substitute for some topics while increasing local flexibility.  However, it also became apparent that there are teaching formats that are not  ideally implementable via videoconferencing. These include seminars with a stron"
,,P4HSGWMS,,2021,Journal of clinical and translational research,Reliability and concurrent validity of TRAZER compared to three-dimensional motion capture.,virtual reality; functional performance; kinect; reactive agility,"BACKGROUND: Efficient neural processing of visuospatial and proprioceptive input appears to be crucial for avoidance of sport injury. As such, clinically-feasible  tests are needed to identify deficiencies found by advanced neuroimaging and  electrophysiological tests. Three-dimensional motion capture in a laboratory  setting is currently the gold standard for measurement of human movement  parame"
,,GNV3PDAY,,2005,Physical therapy,Acrophobia and pathological height vertigo: indications for vestibular physical therapy?,Humans; Adult; Male; Surveys and Questionnaires; *Physical Therapy Modalities; Phobic Disorders/physiopathology/*rehabilitation; Vertigo/physiopathology/*rehabilitation; Vestibular Diseases/physiopathology/*rehabilitation; Vestibular Function Tests,BACKGROUND AND PURPOSE: Acrophobia (fear of heights) may be related to a high degree of height vertigo caused by visual dependence in the maintenance of  standing balance. The purpose of this case report is to describe the use of  vestibular physical therapy intervention following behavioral therapy to reduce a  patient's visual dependence and height vertigo. CASE DESCRIPTION: Mr N was a  37-year-
,,WK2P6ZZG,10.7759/cureus.78879,2025,Cureus,"Comparison of Neck Circumference at the Hyoid and Thyroid Levels, Neck Circumference to Thyromental Distance Ratio, and Hyomental Distance Ratio in  Predicting Difficult Laryngeal Visualization in Obese and Non-Obese Populations.",visualization; difficult; larynx; non-obese; obese,"INTRODUCTION: Several preoperative predictive factors for difficult visualization of the larynx (DVL) have been identified, and these factors have significant  predictive value in the obese population. This prospective observational study  was conducted to compare the predictive abilities of different airway predictors  between obese and non-obese populations. MATERIAL AND METHODS: Our study inclu"
,,E2I66PMV,10.3390/brainsci10060326,2020,Brain sciences,"The Relationship between Emotionally Laden Landmarks, Spatial Abilities, and Personality Traits: An Exploratory Study.",emotions; spatial memory; individual differences,"Separate research lines have shown that the way we process spatial information is influenced by individual factors, such as personality traits and basic spatial  abilities. Alongside, recent studies suggest that environmental landmarks can be  represented differently depending on their emotional content. However, to our  knowledge, no study has addressed so far the issue of whether there is a  rel"
Y,,I3J385H8,10.1017/s0007114512000979,2013,The British journal of nutrition,Is the body adiposity index (hip circumference/height(1.5)) more strongly related to skinfold thicknesses and risk factor levels than is BMI? The Bogalusa Heart  Study.,Humans; Algorithms; Adolescent; Adult; Female; Young Adult; Male; Cross-Sectional Studies; Body Mass Index; Sex Characteristics; Middle Aged; Risk Factors; *Adiposity; Body Height; Cardiovascular Diseases/epidemiology/*etiology; Hip/pathology; Louisiana/epidemiology; Obesity/*diagnosis/pathology/physiopathology; Skinfold Thickness; Waist Circumference,"Because of its strong association (r 0.85) with percentage of body fat determined by dual-energy X-ray absorptiometry, hip circumference divided by height(1.5)  (the body adiposity index) has recently been proposed as an index of body fatness  among adults. We examined whether this proposed index was more strongly  associated with skinfold thicknesses and levels of CVD risk factors (lipids,  fasti"
,,MS45CPUN,10.1103/physreve.106.044122,2022,Physical review. E,Precise determination of pair interactions from pair statistics of many-body systems in and out of equilibrium.,,"The determination of the pair potential v(r) that accurately yields an equilibrium state at positive temperature T with a prescribed pair correlation  function g_{2}(r) or corresponding structure factor S(k) in d-dimensional  Euclidean space R^{d} is an outstanding inverse statistical mechanics problem  with far-reaching implications. Recently, Zhang and Torquato [Phys. Rev. E 101,  032124 (2020)2"
,,3VF3DGS7,10.1007/s002340050533,1998,Neuroradiology,Dilated Virchow-Robin spaces: MRI pathological study.,"Humans; Adult; Female; Male; Aged; Middle Aged; Magnetic Resonance Imaging/*methods; Reference Values; *Cerebrospinal Fluid; Dilatation, Pathologic/pathology; Heart Failure/pathology; Olfactory Pathways/*pathology; Putamen/*pathology; Subarachnoid Hemorrhage/pathology","We performed a histopathological study of two human brains to look at dilated Virchow-Robin (V-R) spaces in the anterior perforated substance and putamen. We  measured the diameter of 74 arteries in 54 dilated V-R spaces. In 28 patients  without neurological deficits we ascertained the characteristic location of  dilated V-R spaces in the anterior perforated substance and basal ganglia on MRI,  me"
,,LF96VCJZ,10.3389/fpsyg.2013.00354,2013,Frontiers in psychology,"""Seeing"" and ""feeling"" architecture: how bodily self-consciousness alters architectonic experience and affects the perception of interiors.",embodiment; virtual reality; architecture; bodily self-consciousness; length estimation,"Over the centuries architectural theory evolved several notions of embodiment, proposing in the nineteenth and twentieth century that architectonic experience  is related to physiological responses of the observer. Recent advances in the  cognitive neuroscience of embodiment (or bodily self-consciousness) enable  empirical studies of architectonic embodiment. Here, we investigated how  architectur"
,,WMV2YEZ2,10.1088/0967-3334/33/3/521,2012,Physiological measurement,Percutaneous method for single-catheter multiple monophasic action potential recordings during magnetocardiographic mapping in spontaneously breathing  rodents.,"Animals; Female; Male; Rats; Action Potentials/*physiology; Body Surface Potential Mapping/instrumentation/*methods; Catheters; Electrocardiography/methods; Guinea Pigs; Heart/*physiology; Magnetocardiography/instrumentation/*methods; Rats, Wistar","To test the feasibility of a novel method to combine magnetocardiographic (MCG) estimate of ventricular repolarization (VR) and multiple monophasic action  potential (MultiMAP) recording in spontaneously breathing rodents with  percutaneous sub-xyphoid epicardial placement of a MCG-compatible amagnetic  catheter (AC), ten Wistar rats (WRs) and ten guinea pigs (GPs) were studied.  Under fluoroscopi"
,,K2TAZ6JZ,10.1016/0272-0590(87)90032-7,1987,Fundamental and applied toxicology : official journal of the Society of Toxicology,Subchronic inhalation toxicity of hexamethylenediamine in rats.,"Animals; Female; Male; Rats; Dose-Response Relationship, Drug; Administration, Inhalation; Body Weight/drug effects; Diamines/administration & dosage/*toxicity; Lung/drug effects/pathology; Nose/drug effects/pathology; Organ Size/drug effects; Rats, Inbred Strains; Trachea/drug effects/pathology","Four groups of 15 male and 15 female Sprague-Dawley-derived (CD) rats each were exposed to aqueous hexamethylenediamine (HMD) aerosols for 6 hr/day, 5 days/week  for 13 weeks at mean analytical concentrations of 0, 12.8, or 51 mg/m3. Because  of exposure-related deaths in a group of male and female rats similarly exposed  to 215 mg/m3 HMD, this group was terminated during the seventh week of the s"
Y,,QZHSTXVQ,,2004,Evolution; international journal of organic evolution,Climatic and temporal effects on the expression of secondary sexual characters: genetic and environmental components.,"Animals; Geography; Analysis of Variance; Time Factors; Age Factors; Likelihood Functions; *Climate; *Selection, Genetic; *Sex Characteristics; Body Weights and Measures; Feathers/*anatomy & histology; Quantitative Trait, Heritable; Songbirds/*anatomy & histology/genetics; Sweden","Despite great interest in sexual selection, relatively little is known in detail about the genetic and environmental determinants of secondary sexual characters  in natural populations. Such information is important for determining the way in  which populations may respond to sexual selection. We report analyses of genetic  and large-scale environmental components of phenotypic variation of two se"
,,PS5T6DXW,,2009,Journal of virtual worlds research,Development of a Virtual Reality Coping Skills Game to Prevent Post-Hospitalization Smoking Relapse in Tobacco Dependent Cancer Patients.,virtual reality; health behavior; smoking cessation,"Many hospitalized smokers return to smoking after hospital discharge even though continued smoking can compromise treatment effectiveness, reduce survival,  increase risk of disease recurrence, and impair quality of life. After leaving a  smoke-free hospital, patients encounter smoking cues at home, such as family  members who smoke or emotional triggers such as stress, which can elicit powerful  "
,,XB5YGWNJ,10.1101/2024.09.03.611088,2025,,Joint Angle Trajectories Are Robust to Segment Length Estimation Methods in Human Reaching.,Virtual reality; Rehabilitation; Disabilities; Dynamic inertial model; Model scaling; Motion capture technology; Motor deficits; Movement analysis; Movement redundancy; Quantitative data; Remote healthcare; Upper extremity movements,"BACKGROUND: Quantitative movement analysis is increasingly used to assess motor deficits, but joint angle calculations depend on assumptions about limb segment  lengths. These lengths are often estimated from average anthropometric  proportions rather than measured directly. The extent to which such assumptions  influence joint angle accuracy and variability remains unclear. METHODS: In prior  stu"
,,NJ3PKJ7B,,1991,The Journal of sports medicine and physical fitness,Selection and classification of high school volleyball players from performance tests.,Cognition; Humans; Adolescent; Female; Analysis of Variance; *Physical Education and Training; *Physical Exertion; *Physical Fitness; Sports/*classification,"The purpose of this study were to determine the accuracy of general and specific tests for identifying the players on freshmen (FR), junior varsity (JV), and  varsity (VR) teams and the precision of tests to differentiate between starters  and nonstarters at each level of play. Fifty high school volleyball players were  tested during the first week of practice for six general and four specific mot"
,,LQYBV4DR,10.1523/jneurosci.0563-16.2016,2017,The Journal of neuroscience : the official journal of the Society for Neuroscience,Self-Grounded Vision: Hand Ownership Modulates Visual Location through Cortical β and γ Oscillations.,embodiment; Body Image; rubber hand illusion; Electroencephalography; Humans; EEG; Female; Young Adult; Illusions; Male; *Self Concept; Ego; *Hand; *Visual Perception; bodily self-consciousness; afterimage; Afterimage; Alpha Rhythm/physiology; Beta Rhythm/*physiology; Frontal Lobe/physiology; Gamma Rhythm/*physiology; Parietal Lobe/physiology; Sensorimotor Cortex/physiology; Taylor illusion; Visual Cortex/physiology,"Vision is known to be shaped by context, defined by environmental and bodily signals. In the Taylor illusion, the size of an afterimage projected on one's  hand changes according to proprioceptive signals conveying hand position. Here,  we assessed whether the Taylor illusion does not just depend on the physical hand  position, but also on bodily self-consciousness as quantified through illusory  "
,,7JX5JV6N,10.1103/physrevlett.123.250605,2019,Physical review letters,Finite Speed of Quantum Scrambling with Long Range Interactions.,,"In a locally interacting many-body system, two isolated qubits, separated by a large distance r, become correlated and entangled with each other at a time  t≥r/v. This finite speed v of quantum information scrambling limits quantum  information processing, thermalization, and even equilibrium correlations. Yet  most experimental systems contain long range power-law interactions-qubits  separated b"
Y,,XTF4YL95,10.1103/physreve.96.032102,2017,Physical review. E,Formation and relaxation of quasistationary states in particle systems with power-law interactions.,,"We explore the formation and relaxation of the so-called quasistationary states (QSS) for particle distributions in three dimensions interacting via an  attractive radial pair potential V(r→∞)∼1/r^{γ} with γ>0, and either a soft core  or hard core regularization at small r. In the first part of the paper, we  generalize, for any spatial dimension d≥2, Chandrasekhar's approach for the case  of grav"
Y,,TCD6MZ8N,,2006,Terapevticheskii arkhiv,[Electrocardiographic diagnosis of hypertrophy of the left ventricular myocardium in patients with arterial hypertension and overweight].,"Humans; Adult; Body Weight; Female; Male; Body Mass Index; Aged; Middle Aged; Blood Pressure/physiology; Severity of Illness Index; Echocardiography; Hypertension/*complications/diagnostic imaging; Hypertrophy, Left Ventricular/*diagnostic imaging/etiology; Obesity/*complications/diagnostic imaging",AIM: To study efficacy of different ECG criteria of hypertrophy of left ventricular myocardium (LVH) in hypertensive patients with reference to  overweight and obesity. MATERIAL AND METHODS: The authors analyse data on 100  patients (42 males and 58 females) aged 19-79 with diagnosis of arterial  hypertension stage I-II. ECG was conducted in 12 leads. LVH by ECG was determined  according to the fo
Y,,C92RD6H4,10.1103/physrevlett.105.210602,2010,Physical review letters,Quasistationary states and the range of pair interactions.,,"""Quasistationary"" states are approximately time independent out of equilibrium states which have been observed in a variety of systems of particles interacting  by long-range interactions. We investigate here the conditions of their  occurrence for a generic pair interaction V(r→∞)~1/r(γ) with γ>0, in d>1  dimensions. We generalize analytic calculations known for gravity in d=3 to  determine the s"
,,UN984XMP,10.1002/food.19720160313,1972,Die Nahrung,[Comparison of the nutritional status and physical condition of the populations of the People's Republic of Bulgaria and the German Democratic Republic. 2.  Comparison of somatotypological characteristics].,"Anthropometry; Humans; Adolescent; Adult; Body Weight; Female; Male; Obesity; Sex Factors; Middle Aged; Methods; Age Factors; Body Height; *Body Composition; *Nutrition Surveys; *Somatotypes; Bulgaria; Germany, East",
,,LCHU8FT4,,1972,Die Nahrung,[Comparison of the nutritional status and physical condition of the populations of the People's Republic of Bulgaria and the German Democratic Republic. 1.  Comparison of anthropometric characteristics].,"Anthropometry; Humans; Adolescent; Adult; Female; Male; Obesity; Sex Factors; Aged; Middle Aged; *Body Height; Age Factors; *Body Weight; *Nutrition Surveys; Bulgaria; Germany, East; *Skinfold Thickness",
,,8LSZP6PA,10.1016/0022-510x(93)90070-f,1993,Journal of the neurological sciences,"Regulation of membrane-mediated chronic muscle degeneration in dystrophic hamsters by calcium-channel blockers: diltiazem, nifedipine and verapamil.","Animals; Male; Body Weight/drug effects; Organ Size/drug effects; Calcium Channel Blockers/*pharmacology; Calcium/blood; Cardiomegaly/physiopathology; Creatine Kinase/blood; Cricetinae; Diltiazem/pharmacology; Fructose-Bisphosphate Aldolase/blood; Hypertrophy/physiopathology; L-Lactate Dehydrogenase/blood; Magnesium/blood; Membranes/drug effects/metabolism; Muscles/pathology; Muscular Dystrophy, Animal/enzymology/*physiopathology; Nifedipine/pharmacology; Verapamil/pharmacology","Membrane-mediated excessive intracellular calcium accumulation (EICA) is a fundamental pathogenetic event associated with chronic muscle degeneration in  patients with Duchenne muscular dystrophy (DMD), and in animals with hereditary  muscular dystrophy (HMD). Because of potential Ca(2+)-channel blocking  properties, we investigated the relative efficacies of chronic diltiazem (DTZM)  (50 mg/kg/d)"
,,Z2CV799N,10.1186/s40795-025-01117-y,2025,BMC nutrition,"A mobile app intervention to support nutrition education for heart failure management: co-design, development and user-testing.",Nutrition; Adherence; mHealth; Diet; eHealth; Heart failure; Mobile apps; Self-manage; Sodium,"BACKGROUND: Mobile apps show promise in supporting patients with heart failure (HF) in adhering to dietary guidelines for sodium and fluid. Though numerous apps  to support HF management exist, only a few have dedicated features to support  dietary adherence. OBJECTIVES: To describe the process and outcomes from the  development and testing of Sodium Navigator(HF), a mobile app intervention to  en"
Y,,Y9R9JNYF,,2004,Neurology & clinical neurophysiology : NCN,Effects of filtering on computer-aided analysis for detection of chronic ischemic heart disease with unshielded rest magnetocardiographic mapping.,"Humans; Chronic Disease; *Electromagnetic Fields; *Signal Processing, Computer-Assisted; Body Surface Potential Mapping/*methods; Electrocardiography/*methods; Heart Conduction System; Myocardial Ischemia/*diagnosis/physiopathology; Radiation Protection/methods","Recent studies have reported better sensitivity of magnetocardiographic (MCG) mapping, as compared to ECG, in detecting ventricular repolarization (VR)  abnormalities due to myocardial ischemia in patients (pts) with Ischemic Heart  Disease (IHD). For quick data reduction, automatic analysis of MCG mapping is  mostly used. The aim of our study was to evaluate if filtering modality could  alter aut"
,,B8QH6EPU,10.3748/wjg.v12.i7.1078,2006,World journal of gastroenterology,Chronic low vitamin intake potentiates cisplatin-induced intestinal epithelial cell apoptosis in WNIN rats.,"Animals; Male; Rats; Rats, Wistar; Body Weight/drug effects; Rats, Inbred Strains; Gene Expression Regulation/drug effects; Diet; Alkaline Phosphatase/analysis; Apoptosis/*drug effects; bcl-2-Associated X Protein/analysis/genetics; Caspase 3; Caspases/analysis/genetics; Cisplatin/*pharmacology; Dietary Supplements; DNA Fragmentation; Intestinal Mucosa/chemistry/*cytology/*drug effects; Jejunum/chemistry/cytology/drug effects; Oxidative Stress/drug effects; Proto-Oncogene Proteins c-bcl-2/analysis/genetics; Thiobarbituric Acid Reactive Substances/metabolism; Vitamins/*administration & dosage/blood","AIM: To investigate if cisplatin alters vitamin status and if VR modulates cisplatin induced intestinal apoptosis and oxidative stress in Wistar/NIN (WNIN)  male rats. METHODS: Weanling, WNIN male rats (n = 12 per group) received  adlibitum for 17 wk: control diet (20% protein) or the same with 50% vitamin  restriction. They were then sub-divided into two groups of six rats each and  administered "
,,9HY2CRT6,10.24425/pjvs.2020.133645,2020,Polish journal of veterinary sciences,An approximate mathematical model binding the height and position of lumbar vertebrae in the canine spine.,"Animals; Female; Male; *Models, Biological; dogs; Dogs/*anatomy & histology; lumbar vertebrae; Lumbar Vertebrae/*anatomy & histology; mathematical model; spine","The lumbosacral region of the spine is the most susceptible to pathology in large breed dogs. The most common pathologies of this segment include intervertebral  disc disease, distortion of vertebrae, narrowing of the lumbosacral canal and  congenital defects of the spine. The aim of this study is to develop a  mathematical model describing the height of each lumbosacral vertebra in the dog  in re"
Y,,QYG6XGM9,10.5435/jaaosglobal-d-19-00118,2019,Journal of the American Academy of Orthopaedic Surgeons. Global research & reviews,Direct Anterior Approach in Total Hip Arthroplasty Leads to Superior Outcomes at 3-Month Follow-up When Compared With the Posterior Approach: A Matched Study  Using Propensity Score Analysis.,,The purpose of this study was to report and compare early outcomes during the first 3 months of the recovery phase in patients who underwent primary total hip  arthroplasty (THA) with direct anterior approach (DAA) and posterior approach  (PA). BACKGROUND: The DAA for primary THA has gained popularity within the past  few years. Although controversy exists regarding the long-term benefit when  com
Y,,ZJBKCQRN,10.1101/2025.03.28.645991,2025,,Mapping cellular targets of covalent cancer drugs in the entire mammalian body.,,"As our understanding of biological systems reaches single-cell and high spatial resolutions, it becomes imperative that pharmacological approaches match this  precision to understand drug actions. This need is particularly urgent for the  targeted covalent inhibitors that are currently re-entering the stage for cancer  treatments. Therefore, we developed 3D volumetric clearing-assisted tissue clic"
Y,,5RFSGPMG,10.1111/apa.14683,2019,"Acta paediatrica (Oslo, Norway : 1992)",Nordic populations are still getting taller - secular changes in height from the 20th to 21st century.,"Humans; Adolescent; Female; Young Adult; Male; Child; *Body Height; *Human Development; Adult height; Childhood growth; Growth; History, 20th Century; History, 21st Century; Human growth; Parents; Pubertal growth; Scandinavian and Nordic Countries; Secular trend","AIM: The study aims to investigate secular changes in adult height among Nordic reference populations during the last four decades and in parents of Swedish  study participants, and to study during which growth phase(s) infancy, childhood  or puberty changes in height and tempo occurred. METHODS: Length and height data  were obtained from publications on populations used as current and previous  n"
,,7627I3DH,10.3233/bme-151339,2015,Bio-medical materials and engineering,Influential factors for pressure pulse waveform in healthy young adults.,"gender; Humans; Female; Young Adult; Male; Sex Factors; Computer Simulation; heart rate; Reproducibility of Results; *Body Mass Index; Sensitivity and Specificity; Models, Statistical; Reference Values; Blood Pressure/*physiology; *Models, Cardiovascular; Body Height/*physiology; Body Weight/*physiology; Pressure pulse waveform; Pulsatile Flow/*physiology; pulse blood pressure; Pulse/methods; systolic blood pressure","The effects of gender and other contributory factors on pulse waveform are still under arguments. In view of different results caused by few considerations of  possible influential factors and general agreement of gender relating to pulse  waveform, this study aims to address the confounding factors interfering with the  association between gender and pulse waveform characteristics. A novel method"
,,T7UVUSZG,10.1103/physreve.64.056209,2001,"Physical review. E, Statistical, nonlinear, and soft matter physics",Chaos and the continuum limit in the gravitational N-body problem: integrable potentials.,,"This paper summarizes a numerical investigation of the statistical properties of orbits evolved in ""frozen,"" time-independent N-body realizations of smooth,  time-independent density distributions corresponding to integrable potentials,  allowing for 10(2.5) < or = N < or = 10(5.5). Two principal conclusions were  reached: (1) In agreement with recent work by Valluri and Merritt, one finds  that, "
,,GFL8KCXI,10.1007/s11547-008-0359-1,2009,La Radiologia medica,Treatment of type-A3 amyelic thoracolumbar fractures (burst fractures) with kyphoplasty: initial experience.,"Humans; Adult; Female; Male; Aged; Middle Aged; Follow-Up Studies; Treatment Outcome; Time Factors; Accidents, Traffic; Accidental Falls; Bone Cements/*therapeutic use; Kyphosis/etiology/surgery; Lumbar Vertebrae/*injuries; Spinal Fractures/etiology/*surgery; Thoracic Vertebrae/*injuries; Vertebroplasty/*methods","The authors propose a minimally invasive procedure for treating type-A3 amyelic thoracolumbar fractures according to Magerl classification (compression burst  fractures). The procedure, percutaneous kyphoplasty, allows the fracture to be  reduced and vertebral height to be restored by injecting bone cement into a  cavity created in the vertebral body by an inflatable balloon introduced with the  p"
,,C38VQU2V,10.2196/68518,2025,JMIR medical education,Gamified Learning in a Virtual World for Undergraduate Emergency Radiology Education: Quasi-Experimental Study.,"game-based learning; virtual worlds; Humans; computer simulation; Adult; Female; Male; Surveys and Questionnaires; *Virtual Reality; Clinical Competence; Educational Measurement; *Education, Medical, Undergraduate/methods; *Emergency Medicine/education; *Radiology/education; case-based learning; emergency radiology; medical students; radiology education; Students, Medical/psychology/statistics & numerical data","BACKGROUND: Emergency radiology is essential for future doctors, who will face urgent cases requiring radiologic diagnosis. Using virtual simulations, gamified  clinical scenarios, and case-based learning enhances practical understanding,  develops technical and communication skills, and fosters educational innovation.  OBJECTIVE: This study aimed to assess the feasibility of learning emergency  r"
,,VFXV6247,10.1038/s41598-020-73063-7,2020,Scientific reports,"Author Correction: Perceived match between own and observed models' bodies: influence of face, viewpoints, and body size.",,An amendment to this paper has been published and can be accessed via a link at the top of the paper.
Y,,HQZYNT8E,10.1007/s00221-022-06324-8,2022,Experimental brain research,Peripersonal Space from a multisensory perspective: the distinct effect of the visual and tactile components of Visuo-Tactile stimuli.,Foot; Peripersonal space; Humans; Multisensory integration; Space Perception; Hand; *Personal Space; *Touch Perception; Touch; Bayesian methodologies; Tactile stimuli; Visual stimuli,"Peripersonal Space (PPS) is defined as the space close to the body where all interactions between the individual and the environment take place. Behavioural  experiments on PPS exploit multisensory integration, using Multisensory  Visuo-Tactile stimuli (MVT), whose visual and tactile components target the same  body part (i.e. the face, the hand, the foot). However, the effects of visual and  tact"
Y,,MPTWDYVX,10.3389/fpsyg.2018.00657,2018,Frontiers in psychology,Physiological Response to Facial Expressions in Peripersonal Space Determines Interpersonal Distance in a Social Interaction Context.,facial expression; electrodermal activity; interpersonal space; peripersonal space; physiological response,"Accurate control of interpersonal distances in social contexts is an important determinant of effective social interactions. Although comfortable interpersonal  distance seems to be dependent on social factors such as the gender, age and  activity of the confederates, it also seems to be modulated by the way we  represent our peripersonal-action space. To test this hypothesis, the present  study i"
,,S7GNNWB5,10.1007/s00426-016-0782-1,2017,Psychological research,Keeping you at arm's length: modifying peripersonal space influences interpersonal distance.,Humans; *Personal Space; *Interpersonal Relations; *Space Perception,"Peripersonal space represents the area around the body where objects are coded in motor terms for the purpose of voluntary goal-directed actions. Previous studies  have suggested that peripersonal space is also a safe space linked with our  private area, influencing interpersonal space in social contexts. However,  whether these two spaces rely on similar embodied processes remains an open  issue."
,,JTI82RH9,,2004,Medicina,[Effects of the early administration of losartan on ventricular remodeling in rabbits with experimental myocardial infarction].,"Animals; Disease Models, Animal; Rabbits; Angiotensin-Converting Enzyme Inhibitors/*administration & dosage; Fibrosis; Losartan/*administration & dosage/adverse effects; Myocardial Infarction/*pathology/physiopathology; Myocardial Reperfusion; Ventricular Remodeling/*drug effects/physiology; Wound Healing/drug effects","This study was carried out to investigate the effects of early administration of losartan on ventricular remodelling (VR) in rabbits with experimental myocardial  infarction (MI). New Zealand rabbits underwent left coronary artery ligation.  Four groups were analyzed: sham (G1; n = 13), MI (G2; n = 13), sham + Los (G3; n  = 13) and MI + Los (G4; n = 13). Los (12.5 mg/kg/d) was administered 3 hours"
,,I9A6IN8V,,1990,Archives des maladies du coeur et des vaisseaux,[Changes in contraction-relaxation coupling in experimental cardiac hypertrophy in the guinea pig].,"Animals; Female; Hypertrophy; Models, Biological; Organ Size; Guinea Pigs; *Myocardial Contraction; Heart Ventricles/*pathology/physiopathology; Hypoxia/complications; Papillary Muscles/*pathology/physiopathology","Guinea pig myocardium resembles human myocardium with respect to the mechanisms which regulate contractility (enzymatic activity of myosine, functional activity  of the sarcoplasmic reticulum). Guinea pig left ventricular hypertrophy (LVH) is  therefore a good experimental model for the study of human LVH. The mechanical  properties of 5 months old female guinea pigs' left ventricular papillary mu"
,,3UH43WFH,10.1038/s41591-022-02159-6,2023,Nature medicine,A wearable motion capture suit and machine learning predict disease progression in Friedreich's ataxia.,Motion Capture; Machine Learning; Humans; Female; Male; Cross-Sectional Studies; *Wearable Electronic Devices; *Friedreich Ataxia/diagnosis/genetics; *Spinocerebellar Ataxias; Biomarkers; Disease Progression,"Friedreich's ataxia (FA) is caused by a variant of the Frataxin (FXN) gene, leading to its downregulation and progressively impaired cardiac and neurological  function. Current gold-standard clinical scales use simplistic behavioral  assessments, which require 18- to 24-month-long trials to determine if therapies  are beneficial. Here we captured full-body movement kinematics from patients with  w"
Y,,4GJRW3PH,10.1007/s40620-018-0483-5,2018,Journal of nephrology,Assessment of physical performance and body composition in male renal transplant patients.,"Humans; Adult; Body Weight; Male; Aged; Middle Aged; Age Factors; Body Height; Waist Circumference; *Body Composition; Adiposity; *Hand Strength; *Kidney Transplantation; Body composition; Chronic kidney disease; Conservative Treatment; Exercise Test; Handgrip strength; Hemoglobins/metabolism; Intra-Abdominal Fat; Peritoneal Dialysis; Physical performance; Renal Insufficiency, Chronic/*physiopathology/*surgery/therapy; Renal transplantation","BACKGROUND: Renal transplant (RTX) recipients seem to experience a better quality of life compared to dialysis patients. However, the factors responsible for this  positive effect are not completely defined. Conceivably, a change in the physical  performance of these patients could play a role. METHODS: To assess this, we  measured: (1) waist circumference, fat mass and appendicular fat-free mass "
,,STFB8TPP,10.1007/s10339-024-01211-2,2024,Cognitive processing,Spatial memory and frames of reference: How deeply do we rely on the body and the environment?,Body Image; Humans; Adult; Female; Young Adult; Male; *Space Perception/physiology; *Environment; *Spatial Memory/physiology,"How do we mentally represent the world out there? Psychology, philosophy and neuroscience have given two classical answers: as a living space where we act and  perceive, dependent on our bodies; as an enduring physical space with its  feature, independent of our bodily interactions. The first would be based on  egocentric frames of reference anchored to the body, while the second on  allocentric f"
,,YD2H2MTK,10.4102/sajpsychiatry.v28i0.1772,2022,The South African journal of psychiatry : SAJP : the journal of the Society of Psychiatrists of South Africa,Influence of first- and second-generation antipsychotics on anthropometric parameters of male psychiatric patients.,BMI; waist circumference; antipsychotics; body measures; psychiatric patients; waist-to-height ratio; waist-to-hip ratio,"BACKGROUND: The use of antipsychotic medication, particularly second generation antipsychotics (SGAs) is a major risk factor for cardiovascular disease in people  with severe mental illness (SMI). Few studies have compared body measures of  people with SMI taking first generation antipsychotics (FGAs) to those taking  SGAs. AIM: We compare body measures between long-term male inpatients using  eit"
,,WGBP8GUP,10.1016/j.bbr.2014.07.032,2014,Behavioural brain research,Does blindness affect egocentric and allocentric frames of reference in small and large scale spaces?,Haptic; Spatial cognition; Blindness; Humans; Adult; Female; Young Adult; Male; Middle Aged; *Body Image; *Touch Perception; *Space Perception; *Spatial Processing; Blindness/*psychology; Egocentric–allocentric frame; Locomotor; Space scale,"There is evidence that early deprivation of vision prompts the use of body-based, egocentric spatial representations in congenitally blind individuals, whereas  previous visual experience favors the use of object-based, allocentric  representations (e.g. Pasqualotto A, Spiller MJ, Jansari AS, Proulx MJ. Visual  experience facilitates allocentric spatial representation. Behav Brain Res  2013;236:17"
,,KHTPH6XB,,2024,Surgical technology international,Does the ArthroSim™ Shoulder Simulation Discriminate Between the Novice and Expert User? An External Validation Study of the ArthroSim™ Shoulder Arthroscopy  Simulator.,,"INTRODUCTION: Our aim is to investigate the face validity and the construct validity of the ArthroSim™ virtual reality shoulder arthroscopy simulator (Touch  of Life Technologies, Inc., Aurora, Colorado). MATERIALS AND METHODS: Fifteen  doctors participated, with five from each of the following levels: novice with no  arthroscopies performed, intermediate with less than 50 arthroscopies performed,"
,,2UKZEQPS,10.1016/j.comppsych.2007.12.007,2008,Comprehensive psychiatry,"Compulsive exercise to control shape or weight in eating disorders: prevalence, associated features, and treatment outcome.","Body Image; Humans; Adolescent; Adult; Female; Cross-Sectional Studies; Body Mass Index; *Body Size; Exercise/*psychology; *Body Weight; Anorexia Nervosa/diagnosis/epidemiology/psychology; Bulimia Nervosa/diagnosis/epidemiology/psychology; Cognitive Behavioral Therapy; Compulsive Behavior/diagnosis/*epidemiology/rehabilitation; Diet, Reducing/psychology; Feeding and Eating Disorders/diagnosis/*epidemiology/rehabilitation; Hospitalization; Patient Admission; Patient Care Team; Personality Inventory","OBJECTIVE: The study was aimed at assessing the prevalence of compulsive exercising to control shape and weight in eating disorders (EDs) and its  relationship with treatment outcome. METHOD: Compulsive exercising to control  shape and weight, defined according to a modified version of the Intense  Exercising to Control Shape or Weight section of the Eating Disorder Examination  (EDE), was assesse"
,,3PLATX6A,10.1016/j.arcped.2023.06.008,2023,Archives de pediatrie : organe officiel de la Societe francaise de pediatrie,Undernutrition is still highly frequent in hospitalized children with cystic fibrosis.,"Pediatrics; Humans; Child; Body Mass Index; Child, Preschool; Chronic Disease; *Cystic Fibrosis/complications/epidemiology; *Malnutrition/epidemiology/etiology; Child, Hospitalized; Cystic fibrosis; Malnutrition; Nutritional Status; Protein-energy malnutrition; Survey","The aim of our study was to assess the nutritional status of hospitalized children with cystic fibrosis. We extracted data from the ePINUT surveys.  Undernutrition was defined as a body mass index (BMI) of <18.5 according to the  International Obesity Task Force cut-off, and the nutritional status goal was  defined as a BMI z-score ≥0 SD for children older than 2 years and a  weight-for-height z-s"
,,22HV4FRS,10.1101/2025.02.15.638426,2025,,A vector-based strategy for olfactory navigation in Drosophila.,,"Odors serve as essential cues for navigation. Although tracking an odor plume has been modeled as a reflexive process, it remains unclear whether animals can use  memories of their past odor encounters to infer the spatial structure of their  chemical environment or their location within it. Here we developed a  virtual-reality olfactory paradigm that allows head-fixed Drosophila to navigate  stru"
,,4XL6LM4G,10.3390/jcm12041647,2023,Journal of clinical medicine,Social Context and Tool Use Can Modulate Interpersonal Comfort Space.,action-social space; motor plasticity; reaching-comfort distance; social context; tool-use,"Recent research has investigated whether the representation of space around the body, in terms of reach-action (imagining of reaching another person) and  comfort-social (tolerance of the other's proximity) spaces, may reflect a shared  sensorimotor basis. Some studies exploiting motor plasticity induced by tool use  have not observed sensorimotor identity (i.e., the same mechanisms that underlie,"
,,HGFSML5Y,10.1016/j.hrthm.2012.10.041,2013,Heart rhythm,Electrophysiological effects of acute atrial stretch on persistent atrial fibrillation in patients undergoing open heart surgery.,"Humans; Female; Male; Aged; Middle Aged; Follow-Up Studies; Treatment Outcome; Preoperative Care; Chronic Disease; Aged, 80 and over; Body Surface Potential Mapping/*methods; Atrial Fibrillation/complications/physiopathology/*therapy; Cardiac Surgical Procedures/*methods; Catheter Ablation/*methods; Dilatation/*methods; Elective Surgical Procedures/*methods; Heart Atria; Heart Conduction System/surgery; Heart Diseases/complications/*surgery",BACKGROUND: The electrophysiologic effects of acute atrial dilatation and dedilatation in humans with chronic atrial fibrillation remains to be elucidated.  OBJECTIVE: To study the electrophysiological effects of acute atrial dedilatation  and subsequent dilatation in patients with long-standing persistent atrial  fibrillation (AF) with structural heart disease undergoing elective cardiac  surgery
,,EFDHB3EI,10.1159/000055856,2001,Pancreatology : official journal of the International Association of Pancreatology (IAP) ... [et al.],Neonatal screening for cystic fibrosis: long-term clinical balance.,"Humans; Adolescent; Adult; Body Weight; Female; Male; Child; Cross-Sectional Studies; Body Mass Index; Child, Preschool; Follow-Up Studies; Cohort Studies; Infant, Newborn; Body Height; Infant; Nutritional Status; *Neonatal Screening; Cystic Fibrosis Transmembrane Conductance Regulator/genetics; Cystic Fibrosis/*diagnosis/epidemiology; Italy/epidemiology; Proportional Hazards Models; Survival Analysis","BACKGROUND/AIMS: Very few studies have been performed on the long-term clinical advantages of neonatal screening programs for cystic fibrosis (CF) and these have  been inconclusive. This is a preliminary report of two observational cohort  studies on this subject. METHODS: In the first study, CF patients born between  1973 and 1981 in northeastern Italy were split into 4 groups according to the  m"
,,GBI8M7IR,10.3390/biology9100311,2020,Biology,The Effect of P4 + eCG Estrus Induction Protocol during the Deep and the Transition Anestrous Period on the Reproductive Performance of Crossbred Dairy  Goats.,estrus induction; fertility rate; ovulation rate; pregnancy rate; seasonal anestrous,"Seasonal reproduction restricts the offering of goat commodities across the year. Therefore, it is crucial to improve diverse strategies to induce the reproductive  response in goats during the anestrus stage. The effectiveness of a short P4 +  eCG-based estrus induction protocol during both the deep anestrous (March) or the  reproductive transition period (June) upon the reproductive performance "
,,DG23HVK7,10.1159/000502696,2020,Obesity facts,Are Obesity Indices Useful for Detecting Subclinical Atheromatosis in a Middle-Aged Population?,Humans; Female; Male; Cross-Sectional Studies; Body Mass Index; Aged; Middle Aged; Prognosis; Risk Factors; Cohort Studies; *Health Status Indicators; Adipose tissue; Adiposity/physiology; Asymptomatic Diseases; Atherosclerosis/*diagnosis/epidemiology/*etiology; Cardiovascular Diseases/diagnosis/epidemiology/etiology; Excess body weight; Obesity indices; Obesity/diagnosis/epidemiology/*etiology; Subclinical atheromatosis; Waist-Height Ratio,"OBJECTIVE: There is a close relationship between excess adiposity and cardiovascular disease. Although body mass index (BMI) is the most used approach  to estimate excess weight, other anthropometric indices have been developed to  measure total body and abdominal adiposity. Here, our objective was to assess the  usefulness of these anthropometric indices to detect subclinical atheromatous  diseas"
,,VR2CWJBR,10.1177/11206721241232038,2024,European journal of ophthalmology,Impact of weight reduction on structural and functional parameters of the optic nerve in idiopathic intracranial hypertension.,"Humans; Adult; Female; Young Adult; Male; Prospective Studies; *Body Mass Index; Weight loss; *Acetazolamide/therapeutic use; *Papilledema/physiopathology/diagnosis; *Pseudotumor Cerebri/physiopathology/complications; *Visual Acuity/physiology; *Weight Loss/physiology; Carbonic Anhydrase Inhibitors/therapeutic use; Contrast Sensitivity/physiology; IIH; Intracranial Pressure/physiology; Nerve Fibers/pathology; OCT in IIH; Optic Disk; Optic Nerve/physiopathology; papilledema; Retinal Ganglion Cells/pathology; Tomography, Optical Coherence","PURPOSE: To evaluate the effect of weight reduction on the structural and functional parameters of the optic nerve in established cases of papilledema in  Idiopathic Intracranial Hypertension (IIH). METHODS: A prospective observational  study in early and established cases of papilledema in IIH presenting from  December 2019 to February 2021. Functional parameters (visual acuity, contrast  sensiti"
,,CWYJHBEM,10.3389/fnhum.2021.798912,2021,Frontiers in human neuroscience,Bodily Illusions and Motor Imagery in Fibromyalgia.,chronic pain; bodily self; action representation; anxiety and depression; body representations; chronic pain and fibromyalgia; disturbed sense of ownership,"Fibromyalgia (FM) is characterised by chronic, continuous, widespread pain, often associated with a sense of fatigue, non-restorative sleep and physical  exhaustion. Due to the nature of this condition and the absence of other  neurological issues potentially able to induce disorders in body representations  per se, it represents a perfect model since it provides an opportunity to study  the relat"
,,2ADHNPY4,10.1093/rpd/ncp224,2009,Radiation protection dosimetry,Influence of a cement industry on the fine and ultrafine particles composition in a rural area.,Italy; *Body Burden; *Rural Population; Biological Assay/*methods; Construction Materials/*analysis; Environmental Monitoring/*methods; Industrial Waste/*analysis; Particle Size; Particulate Matter/*analysis,"The cement industry of this work is located in the Fumane valley, in the north of Verona. The environmental impact of the air emissions from the plant was studied  using different methods: the characterisation of the raw materials utilised in  the production process and of the emissions from the chimney of the clinker kiln;  the sampling of the air particles on filter in the region around the plan"
,,R5QMDR27,10.11646/zootaxa.5666.2.9,2025,Zootaxa,Boucardicus must have microtunnels! Reassignment of three species into Acroptychia (Gastropoda: Caenogastropoda: Hainesiidae).,Animals; Female; Body Size; Organ Size; *Gastropoda/classification/anatomy & histology/growth & development; Animal Distribution; Animal Structures/anatomy & histology/growth & development; Ecosystem; Species Specificity,"Boucardicus is a Madagascan endemic genus of the family Hainesiidae (subfamily Boucardicinae). The over 200 known species are variable in terms of shell shape,  but their common trait is the presence of pre-constriction ribs, under which  microtunnels run. Here we report three Boucardicus species without microtunnels,  and as a consequence, transfer them to the genus Acroptychia as follows:  Acrop"
Y,,QFH3BH7I,10.1016/j.anireprosci.2010.07.008,2010,Animal reproduction science,"Female maturation, egg characteristics and fatty acids profile in the seahorse Hippocampus guttulatus.",Animals; Temperature; Body Weight; Female; *Sexual Development; Clutch Size; Fatty Acids/analysis/*metabolism; Ovum/chemistry/*metabolism; Smegmamorpha/*growth & development,"Knowledge of the biology and ecology of seahorses (Hippocampus spp.) is scarce, but has been increasing in recent years due to their conservation status.  Captivity breeding programmes can be a valuable source of information on the  reproductive biology of seahorses. A captive broodstock of Hippocampus guttulatus  Cuvier 1829 was established in 2006 and kept under natural-like photoperiod and  tem"
,,69FW4S5T,10.1093/ndt/14.1.147,1999,"Nephrology, dialysis, transplantation : official publication of the European Dialysis and Transplant Association - European Renal Association",Gender-specific differences in dialysis quality (Kt/V): 'big men' are at risk of inadequate haemodialysis treatment.,"Humans; Adult; Female; Male; Retrospective Studies; Body Mass Index; Sex Characteristics; Sex Factors; Aged; Middle Aged; Regression Analysis; Risk Factors; Aged, 80 and over; Body Height; *Body Composition; Body Surface Area; Guidelines as Topic; Kidney Failure, Chronic/physiopathology/therapy; Renal Dialysis/*adverse effects/mortality/*standards; Urea/*blood","BACKGROUND: Inadequate dialysis dose is closely related to mortality and morbidity of maintenance haemodialysis (MHD) patients. According to the DOQI  guidelines a minimum prescribed dialysis dose of single-pool Kt/V (Kt/Vsp)=1.3,  equivalent to equilibrated double pool Kt/V (e-Kt/Vdp)=1.1, is recommended.  Knowledge of patient-related risk factors for inadequate delivery of  hacmodialysis would b"
,,5Z9C3MHQ,10.3390/nu15132932,2023,Nutrients,Weight Bias Internalization and Eating Disorder Psychopathology in Treatment-Seeking Patients with Obesity.,body image; Humans; Body Weight; body dissatisfaction; obesity; Body Mass Index; Body Image/psychology; *Body Dissatisfaction; *Feeding and Eating Disorders/therapy; *Weight Prejudice; empty stomach; exposure avoidance; Obesity/therapy/psychology; shape dissatisfaction; weight bias,This study aimed to investigate the relationship between weight bias internalization and eating disorder psychopathology in treatment-seeking patients  with severe obesity using a network approach. Two thousand one hundred and  thirteen patients with obesity were consecutively admitted to a specialist  clinical unit for obesity and were recruited from January 2016 to February 2023.  Body mass inde
,,YXZVFBGX,,2007,La Pediatria medica e chirurgica : Medical and surgical pediatrics,"Early diagnosis and treatment of celiac disease in type 1 diabetes. A longitudinal, case-control study.","Humans; Adolescent; Case-Control Studies; Female; Male; Child; Body Mass Index; Sex Factors; Child, Preschool; Follow-Up Studies; Risk Factors; Time Factors; Longitudinal Studies; Age Factors; Infant; Celiac Disease/*diagnosis/diet therapy/etiology/*therapy; Data Interpretation, Statistical; Diabetes Mellitus, Type 1/blood/*complications/drug therapy; Glycated Hemoglobin/analysis; Hemoglobinometry; Hypoglycemic Agents/administration & dosage/therapeutic use; Insulin/administration & dosage/therapeutic use","OBJECTIVES: Subjects with type 1 diabetes mellitus (DM) are at increased risk to develop celiac disease (CD). However, most of the published investigations on the  association between type 1 DM and CD are cross-sectional ones. In this paper,  longitudinal data are presented on the effects of gluten-free diet (GFD) on  growth and metabolic control in children and adolescents with type 1 DM screened"
,,NWJZV9BU,,2006,Terapevticheskii arkhiv,[The problem of indexation of left ventricular myocardial mass by body size in obese patients].,"Humans; Adult; Female; Male; Body Mass Index; Aged; Middle Aged; Sensitivity and Specificity; Severity of Illness Index; Disease Progression; Echocardiography/*methods; Heart Ventricles/*diagnostic imaging/physiopathology; Hypertension/complications/*diagnostic imaging/physiopathology; Hypertrophy, Left Ventricular/diagnostic imaging/etiology/physiopathology; Obesity/complications/*diagnostic imaging/physiopathology","AIM: To assess efficacy of different ECG-criteria of left ventricular myocardial hypertrophy (LVH) in hypertensive patients as regards body mass (obesity).  MATERIAL AND METHOD: Data on 100 patients (42 males and 58 females, age 19-79  years) with diagnosis of hypertension of the first-second degree were analysed.  ECG was registered in 12 leads. LVH was determined by ECG by the following  criteri"
,,9SPLDUJ6,10.1097/phm.0000000000002314,2024,American journal of physical medicine & rehabilitation,Body Composition and Physical Performance 1 Year After COVID-19.,Humans; *Quality of Life; *COVID-19; Physical Functional Performance; Adipose Tissue; Body Composition/physiology,"OBJECTIVE: Long-term consequences after COVID-19 include physical complaints, which may impair physical recovery and quality of life. DESIGN: We assessed body  composition and physical ability in patients 12 months after COVID-19.  Consecutively recruited patients recovering from mild to severe COVID-19 were  assessed using bioelectrical impedance analysis, 6-min-walk test, additional  scales for "
,,SLXHZBVV,10.1016/s0929-8266(01)00153-7,2001,European journal of ultrasound : official journal of the European Federation of Societies for Ultrasound in Medicine and Biology,Correlation of abdominal fat accumulation and liver steatosis: importance of ultrasonographic and anthropometric measurements.,"Anthropometry; Humans; Adult; Female; Statistics, Nonparametric; Ultrasonography; Abdomen/*diagnostic imaging/pathology; Adipose Tissue/*diagnostic imaging/pathology; Fatty Liver/complications/*diagnostic imaging/pathology; Obesity/complications/*diagnostic imaging/pathology","PURPOSE: This study has two objectives: (1) using ultrasound (US) as a tool for measuring subcutaneous (S) and intra-abdominal; preperitoneal (P) and visceral  (V) fat thickness. (2) Assessing the relationship between selected  anthropometrical variables and US-measured S, P and V fat also evaluating the  contribution of abdominal fat accumulation in development of liver steatosis.  METHODS AND MA"
,,59FH3376,10.1007/s00221-018-5176-8,2018,Experimental brain research,Congenital blindness limits allocentric to egocentric switching ability.,Humans; Spatial memory; Adult; Female; Male; Middle Aged; Distance Perception/physiology; Space Perception/*physiology; Spatial Memory/*physiology; Blindfolded sighted; Blindness/congenital/*physiopathology; Congenitally blindness; Egocentric–allocentric reference frames; Resource demanding process; Switching ability,"Many everyday spatial activities require the cooperation or switching between egocentric (subject-to-object) and allocentric (object-to-object) spatial  representations. The literature on blind people has reported that the lack of  vision (congenital blindness) may limit the capacity to represent allocentric  spatial information. However, research has mainly focused on the selective  involvement o"
,,TDPVJ89L,10.1039/d2cp00892k,2022,Physical chemistry chemical physics : PCCP,Simulating the solvation structure of low- and high-spin [Fe(bpy)(3)](2+): long-range dispersion and many-body effects.,,"When characterizing transition metal complexes and their functionalities, the importance of including the solvent as an active participant is becoming more and  more apparent. Whereas many studies have evaluated long-range dispersion effects  inside organic molecules and organometallics, less is known about their role in  solvation. Here, we have analysed the components within solute-solvent and  "
,,ESCGQC48,10.1016/j.actpsy.2019.04.003,2019,Acta psychologica,Interactor's body shape does not affect visuo-motor interference effects during motor coordination.,Humans; Human body shape; Adult; Female; Male; Biomechanical Phenomena; Body Size/physiology; Movement/physiology; Visual Perception/*physiology; Psychomotor Performance/*physiology; Photic Stimulation/*methods; Bayes Theorem; *Human Body; Hand Strength/*physiology; Imitative Behavior/*physiology; On-line motor coordination; Visuo-motor interference,"The biological-tuning of the Action Observation Network is highly debated. A current open question relates to whether the morphological appearance (body  shape) and/or the biological motion of the observed agent triggers action  simulation processes. Motor simulation of the partner's action is critical for  motor interactions, where two partners coordinate their actions in space and  time. It supp"
,,Z9989MEX,10.1152/advan.00026.2021,2022,Advances in physiology education,Mississippi INBRE Outreach Scholars program: adapting a summer scholars program to the virtual world amidst the COVID-19 pandemic.,Virtual Reality; Humans; Surveys and Questionnaires; Students; *Pandemics; Biological Science Disciplines; Biomedical Research/*education/standards; Community-Institutional Relations; COVID-19/*epidemiology; health disparities; Healthcare Disparities; INBRE; Mississippi; Program Evaluation/methods; student experience; undergraduate research,The Mississippi IDeA Networks of Biomedical Research Excellence (INBRE) supported by the National Institute of General Medical Sciences (Grant P20GM103476)  launched the new Mississippi INBRE Outreach Scholars (MIOS) summer research  program in 2019. The program was designed to offer students community outreach  and research experiences related to the study of behavioral and health  disparities li
,,9HXF5BSE,10.1177/17470218211056772,2022,Quarterly journal of experimental psychology (2006),How ageing and blindness affect egocentric and allocentric spatial memory.,spatial memory; Blindness; Humans; Aging; blindness; Cross-Sectional Studies; Aged; *Space Perception; Egocentric–allocentric reference frames; *Spatial Memory; ageing; congenitally and adventitiously blind,"Egocentric (subject-to-object) and allocentric (object-to-object) spatial reference frames are fundamental for representing the position of objects or  places around us. The literature on spatial cognition in blind people has shown  that lack of vision may limit the ability to represent spatial information in an  allocentric rather than egocentric way. Furthermore, much research with sighted  indi"
Y,,FBNCRUME,10.1128/aac.39.5.1101,1995,Antimicrobial agents and chemotherapy,Pharmacokinetics of dapsone in human immunodeficiency virus-infected children.,"Humans; Female; Male; Child; Child, Preschool; Infant; Aging/metabolism; Anti-Infective Agents/pharmacokinetics; Dapsone/administration & dosage/analogs & derivatives/blood/*pharmacokinetics; Half-Life; HIV Infections/*metabolism; Pneumonia, Pneumocystis/prevention & control","Dapsone, administered at various doses and schedules, has been proven to be a safe and effective alternative to trimethoprim-sulfamethoxazole for prevention of  Pneumocystis carinii pneumonia (PCP) in adults with human immunodeficiency virus  (HIV) infection. Dapsone is also recommended by the Centers for Disease Control  for PCP prophylaxis in HIV-infected children. However, the suggested dosage "
,,4E82QNM8,10.1016/j.brat.2018.04.001,2018,Behaviour research and therapy,"Preoccupation with shape or weight, fear of weight gain, feeling fat and treatment outcomes in patients with anorexia nervosa: A longitudinal study.",Humans; Body image; Adult; Female; Young Adult; Male; Body Image/*psychology; *Self Concept; Treatment Outcome; Longitudinal Studies; *Emotions; Cognitive Behavioral Therapy; Anorexia Nervosa/*psychology/therapy; Anxiety/*psychology; Cognitive behavioural therapy; Fear of weight gain; Fear/*psychology; Feeling fat; Inpatient treatment; Preoccupation with shape or weight; Social Adjustment; Weight Gain/physiology,"OBJECTIVE: The study aimed to evaluate the trajectories of change over time in body-image concern components in patients with anorexia nervosa treated by means  of intensive enhanced cognitive behavioural therapy. Moreover, it aimed to study  the role of body-image concern components in changes in eating and general  psychopathology as well as work and social functioning. METHOD: Sixty-six adult  "
,,ICM92U32,10.1002/jcu.10129,2003,Journal of clinical ultrasound : JCU,Sonographic assessment of changes in thickness of different abdominal fat layers in response to diet in obese women.,"Anthropometry; Humans; Adult; Female; Ultrasonography; *Diet, Reducing; Abdomen/*diagnostic imaging; Adipose Tissue/*diagnostic imaging; Obesity/*diagnostic imaging/diet therapy","PURPOSE: We evaluated the potential application of sonography to monitor alterations in abdominal fat thickness in obese women before and after dieting.  METHODS: This study included 40 obese women (mean age, 42.2 +/- 9.4 years; mean  body mass index [BMI], 36.0 +/- 5.9 kg/m2) who underwent a 3-month low-calorie  diet. Height, weight, waist circumference (WC), and hip circumference (HC) were  meas"
,,ZKQAWKN6,10.1186/s12864-017-3610-0,2017,BMC genomics,Genetic diversity and signatures of selection in various goat breeds revealed by genome-wide SNP markers.,"Animals; *Genetic Variation; *Genome; Capra hircus; Ear/anatomy & histology/physiology; F-statistics; Gene Frequency; Genome-Wide Association Study; Genotype; Goats/*genetics; hapFLK; Heterozygote; Homozygote; Phenotype; Polymorphism, Single Nucleotide; Selection, Genetic; Selective sweep; SNP","BACKGROUND: The detection of signatures of selection has the potential to elucidate the identities of genes and mutations associated with phenotypic traits  important for livestock species. It is also very relevant to investigate the  levels of genetic diversity of a population, as genetic diversity represents the  raw material essential for breeding and has practical implications for  implementat"
Y,,2Y5L5RM7,10.1111/joor.70033,2025,Journal of oral rehabilitation,Correlation and Development of A Maximum Bite Force Prediction Model Based on Handgrip Force and BMI in Young Healthy Adults.,BMI; Humans; Adult; Female; Young Adult; Male; Cross-Sectional Studies; Healthy Volunteers; Sex Factors; *Body Mass Index; *Hand Strength/physiology; *Bite Force; handgrip force; laterality correlation; maximum bite force; predictive modelling,"OBJECTIVES: To examine the associations among handgrip force (HF), maximum bite force (MBF) and body mass index (BMI) in individuals of the same age group across  both genders. It also explores the laterality correlation between MBF and HF.  Furthermore, to establish a simple approach for clinical MBF assessment, we aimed  to develop a predictive model for MBF. METHODS: In this cross-sectional stu"
Y,,6H8CZXSI,10.5423/ppj.oa.09.2015.0194,2016,The plant pathology journal,Principal Component Analysis and Molecular Characterization of Reniform Nematode Populations in Alabama.,principal component analysis; reniform nematode; variation,"U.S. cotton production is suffering from the yield loss caused by the reniform nematode (RN), Rotylenchulus reniformis. Management of this devastating pest is  of utmost importance because, no upland cotton cultivar exhibits adequate  resistance to RN. Nine populations of RN from distinct regions in Alabama and one  population from Mississippi were studied and thirteen morphometric features were  "
,,X8RQDJBV,10.3390/cancers13225617,2021,Cancers,Experimental Validation of the MRcollar: An MR Compatible Applicator for Deep Heating in the Head and Neck Region.,hyperthermia; microwave hyperthermia; MR thermometry; MRI guided interventions,"Clinical effectiveness of hyperthermia treatments, in which tumor tissue is artificially heated to 40-44 °C for 60-90 min, can be hampered by a lack of  accurate temperature monitoring. The need for noninvasive temperature monitoring  in the head and neck region (H&N) and the potential of MR thermometry prompt us  to design an MR compatible hyperthermia applicator: the MRcollar. In this work,  we "
,,25CZMUYA,10.1016/j.psychres.2007.07.028,2008,Psychiatry research,Personality dimensions and treatment drop-outs among eating disorder patients treated with cognitive behavior therapy.,"Anthropometry; Humans; Adolescent; Adult; Female; Male; Body Mass Index; Middle Aged; Cognitive Behavioral Therapy/*methods; Personality Inventory; Survival Analysis; Educational Status; Character; Day Care, Medical/statistics & numerical data; Divorce/statistics & numerical data; Family Conflict/psychology; Feeding and Eating Disorders/diagnosis/psychology/*therapy; Hospitalization/statistics & numerical data; Manuals as Topic; Patient Dropouts/*statistics & numerical data; Personality Assessment; Personality/*classification; Prevalence; Temperament/classification","Premature, unilateral interruption of inpatient treatment of eating disorders (ED) is a key factor limiting success. We evaluated the role of personality  dimensions (temperament and character) in predicting drop-out in 145 consecutive  ED inpatients (133 females) who entered cognitive behavior therapy. Baseline  assessment included anthropometry, the Eating Disorder Examination, the Beck  Depress"
,,3KCMZ5EN,10.1152/jn.00762.2018,2019,Journal of neurophysiology,A critical time window for recovery extends beyond one-year post-stroke.,"virtual reality; Humans; neurorehabilitation; Female; Male; Movement; Aged; Middle Aged; Aged, 80 and over; Stroke Rehabilitation/*methods; *Recovery of Function; motor recovery; Neuronal Plasticity; neuroplasticity; Paresis/*physiopathology/rehabilitation; stroke recovery; Time","The impact of rehabilitation on post-stroke motor recovery and its dependency on the patient's chronicity remain unclear. The field has widely accepted the notion  of a proportional recovery rule with a ""critical window for recovery"" within the  first 3-6 mo poststroke. This hypothesis justifies the general cessation of  physical therapy at chronic stages. However, the limits of this critical wind"
,,HINJEMKZ,10.1038/s41598-025-11122-7,2025,Scientific reports,Cognitive load in switching between egocentric and allocentric spatial frames of reference: a pupillometry study.,Cognitive load; Humans; Adult; Female; Young Adult; Male; *Space Perception/physiology; *Spatial Memory/physiology; *Cognition/physiology; *Pupil/physiology; Egocentric allocentric frames of reference; Pupillometry; Visuo-spatial switching processes,"Every day we combine and switch between body-centered (egocentric) and object-centered (allocentric) spatial representations. Several studies so far  have reported a greater difficulty to switch from an allocentric reference frame  to an egocentric one than vice-versa. To clarify this effect, the present work  measured the cognitive load underlying switching vs. non-switching processes  between re"
,,Q9M2MNAX,10.1118/1.4961744,2016,Medical physics,Technical Note: Multicenter study of TrueBeam FFF beams with a new stereotactic diode: Can a common small field signal ratio curve be defined?,Electrodes; Uncertainty; Radiometry; Radiosurgery/instrumentation/*methods,"PURPOSE: Small radiation fields (<30 mm) are typically involved in stereotactic body radiation therapy procedures. Output factor measurements are subjected to  large uncertainties. The signal ratio (SR) readings, defined as the ratio of  central axis reading, respectively, in the actual field size and in the reference  field size, were evaluated in several centers and a common mathematical  descri"
,,8BGNQJWR,10.1111/cob.12112,2015,Clinical obesity,"Personality, attrition and weight loss in treatment seeking women with obesity.",personality; Humans; Adult; Female; obesity; Body Mass Index; Middle Aged; *Patient Dropouts; *Personality; *Weight Loss; Attrition; Feeding and Eating Disorders/complications/psychology; Lost to Follow-Up; Obesity/complications/*psychology/*therapy; Temperament; weight loss,Studies on small samples or in single units applying specific treatment programmes found an association between some personality traits and attrition and  weight loss in individuals treated for obesity. We aimed to investigate whether  pre-treatment personality traits were associated with weight loss outcomes in the  general population of women with obesity. Attrition and weight loss outcomes  aft
,,7DE8BBWZ,10.1016/j.jseint.2025.02.006,2025,JSES international,Psychological profiles of patients reporting with musculoskeletal shoulder or elbow pain.,Psychological distress; Fear avoidance; Musculoskeletal elbow; Musculoskeletal shoulder; Negative mood; OSPRO-YF; Positive affect; Upper extremity,BACKGROUND: The Optimal Screening for Prediction of Referral and Outcome-Yellow Flag (OSPRO-YF) is a questionnaire that helps assess multiple psychological  domains. The primary purpose of this study was to evaluate the effect of body  region (shoulder and elbow) and sex on baseline OSPRO-YF scores. The secondary  purpose was to evaluate the association of age on baseline OSPRO-YF scores for  both
,,WGESG6ID,,2003,Peritoneal dialysis international : journal of the International Society for Peritoneal Dialysis,Evaluation of nutritional status and factors related to malnutrition in children on CAPD.,"Humans; Adolescent; Female; Male; Child; Child, Preschool; *Nutritional Status; Malnutrition/blood/*etiology; Peritoneal Dialysis, Continuous Ambulatory/*adverse effects","OBJECTIVE: The aim of this study was to investigate the nutritional status of children on continuous ambulatory peritoneal dialysis (CAPD) and to relate it to  the dose of dialysis and serum levels of inflammatory cytokines and insulin-like  growth factor-1 (IGF-1). PATIENTS: 17 CAPD patients (8 girls, 9 boys; mean age  13.1 +/- 3.5 years, median 15 years) were included in the study. Anthropometri"
,,M7LT6AU9,10.1186/s12976-019-0114-4,2019,Theoretical biology & medical modelling,Development and validation of a Bayesian survival model for inclusion body myositis.,"Humans; Reproducibility of Results; Confidence Intervals; Prognosis; Models, Biological; Cohort Studies; Bayes Theorem; Survival Analysis; Bayesian model; Bridging; Chronic disease; Deglutition Disorders/complications; Inclusion body myositis; Myositis, Inclusion Body/*mortality; Rare disease; Survival modelling","BACKGROUND: Associations between disease characteristics and payer-relevant outcomes can be difficult to establish for rare and progressive chronic diseases  with sparse available data. We developed an exploratory bridging model to predict  premature mortality from disease characteristics, and using inclusion body  myositis (IBM) as a representative case study. METHODS: Candidate variables that  m"
,,N6UG3LHI,10.1002/jmri.21241,2008,Journal of magnetic resonance imaging : JMRI,Suspected chronic pancreatitis with normal MRCP: findings on MRI in correlation with secretin MRCP.,"Humans; Adolescent; Adult; Female; Male; Retrospective Studies; Aged; Middle Aged; Chi-Square Distribution; *Cholangiopancreatography, Magnetic Resonance; *Secretin; Contrast Media; Diagnosis, Differential; Gadolinium DTPA; Image Interpretation, Computer-Assisted; Pancreatitis, Chronic/*diagnosis",PURPOSE: To review pancreatic MRI findings and their relationship with estimated pancreatic exocrine function on secretin-stimulated MR cholangiopancreatography  (S-MRCP) in patients with clinically suspected chronic pancreatitis and normal  baseline MRCP findings. MATERIALS AND METHODS: MRI findings of 26 patients with  normal pancreatic duct diameter and without side branch ectasia on MRCP were 
,,YRK7ZIHD,10.1210/jc.2013-2924,2014,The Journal of clinical endocrinology and metabolism,Increased scalp hair cortisol concentrations in obese children.,Humans; Case-Control Studies; Female; Male; Child; Hair/chemistry/*metabolism; Hydrocortisone/analysis/*metabolism; Pediatric Obesity/*metabolism; Scalp/chemistry/*metabolism,"CONTEXT: Pathologically increased cortisol exposure induces obesity, but it is not known whether relatively high cortisol within the physiological range is  related to childhood obesity. OBJECTIVE: The aim of the study was to compare hair  cortisol concentrations between obese and normal-weight children. DESIGN: We  performed an observational case-control study. PARTICIPANTS: Twenty obese  childre"
,,K7ICXYZZ,10.1038/ijo.2009.105,2009,International journal of obesity (2005),Night eating syndrome in class II-III obesity: metabolic and psychopathological features.,Humans; Adult; Female; Male; Surveys and Questionnaires; Cross-Sectional Studies; Body Mass Index; Aged; Middle Aged; Energy Intake; Obesity/*psychology/therapy; Feeding and Eating Disorders/diagnosis/*psychology; Feeding Behavior/*psychology; Hyperphagia/diagnosis/*psychology; Sleep Wake Disorders/diagnosis/*psychology; Syndrome,"OBJECTIVE: To investigate the relationship of metabolic disorders and psychological features with the night eating syndrome (NES) in individuals with  moderate-to-severe obesity. DESIGN: Cross-sectional observation. SUBJECTS: A  total of 266 consecutive participants with class II-III obesity, entering an  inpatient weight loss program. MEASUREMENTS: Participants who reported consuming  either a la"
,,ZWQETIZ5,,1994,European journal of anaesthesiology,Whole body oxygen uptake is not a good indicator of liver allograft function following orthotopic liver transplantation.,"Humans; Adolescent; Adult; Middle Aged; Time Factors; Organ Size; Anesthesia, Intravenous; Aspartate Aminotransferases/blood; Constriction; Factor V/analysis; Hepatectomy; Liver Transplantation/methods/*physiology; Oxygen Consumption/*physiology; Portacaval Shunt, Surgical; Portal Vein/surgery; Prothrombin/analysis; Transplantation, Homologous; Vena Cava, Inferior/surgery",Variations of whole body oxygen uptake (VO2) have been studied during orthotopic liver transplantation. Some authors have suggested that the increase in VO2 after  revascularization of the graft could be an index of good function of the grafted  liver and thus low VO2 an early sign of primary non-function. The purpose of our  study was to assess the temporal course of measured respiratory VO2 and 
,,E7VCIKC8,10.1161/circheartfailure.125.013591,2026,Circulation. Heart failure,Prevalence and Clinical Implications of Excess Adiposity in Group 1 Pulmonary Hypertension.,"Humans; Female; Male; obesity; Body Mass Index; Aged; Middle Aged; Risk Factors; *Adiposity; Waist Circumference; Prevalence; *Hypertension, Pulmonary/physiopathology/epidemiology/diagnosis; *Obesity/epidemiology/physiopathology/diagnosis; adiposity; heart failure; hypertension, pulmonary; insulin resistance; Insulin Resistance; Pulmonary Wedge Pressure","BACKGROUND: Although obesity and insulin resistance (IR) are established risk factors for left heart dysfunction, their clinical impact in group 1 pulmonary  hypertension (PH) remains unclear. We sought to determine the impact of excess  adiposity versus IR on biventricular hemodynamic and functional reserve in group  1 PH. METHODS: Homeostasis model of insulin resistance and adiposity indices  (b"
,,E4L77N46,10.1038/sj.ijo.0803414,2007,International journal of obesity (2005),Comparison of ultrasonographic and anthropometric methods to assess body fat in childhood obesity.,"Humans; Female; Male; Child; Body Mass Index; Sex Factors; Body Size/physiology; Skinfold Thickness; Ultrasonography; Adipose Tissue/*diagnostic imaging/pathology; Anthropometry/*methods; Muscle, Skeletal/pathology; Obesity/*diagnostic imaging/pathology/physiopathology; Waist-Hip Ratio",BACKGROUND: Pattern of fat distribution rather than obesity is of importance for cardiovascular morbidity and mortality. The accurate measurement of total and  regional fat mass requires sophisticated and often expensive methods that have  limited applicability in the clinical setting. OBJECTIVE: The aim of this study  is to evaluate body fat distributions by ultrasound (US) as a gold standard  me
,,ITYNH3TL,10.4103/jrms.jrms_300_22,2023,Journal of research in medical sciences : the official journal of Isfahan University of Medical Sciences,Nonpharmacological interventions and outcomes in the management of complications of human T-cell lymphotropic virus type 1-related myelopathy/tropical spastic  paraparesis: A systematic review.,systematic review; Human T-cell lymph tropic virus type 1; human T-cell lymph tropic virus type 1-related myelopathy; tropical spastic myelopathy,"BACKGROUND: Human T-cell lymph tropic virus type 1 (HTLV-I)-related myelopathy/tropical spastic paraparesis (TSP) is a progressive inflammatory  process affecting the spinal cord that occurs as a result of HTLV 1. The use of  nonpharmacological approaches has always been one of the treatment strategies in  these patients, but disagreement about these interventions and their results has  led to the"
,,L6W2L3ZX,10.1016/j.psychres.2017.09.027,2018,Psychiatry research,Anorexia nervosa and childhood sexual abuse: Treatment outcomes of intensive enhanced cognitive behavioural therapy.,"Humans; Adolescent; Adult; Female; Young Adult; Male; Follow-Up Studies; Cognitive Behavioral Therapy/*methods; *Adult Survivors of Child Abuse; *Eating disorder; *Follow-up; *Inpatient treatment; *Outcome Assessment, Health Care; *Sex Offenses; *Social functioning; Anorexia Nervosa/*therapy","Sexual abuse has been widely studied as a risk factor in anorexia nervosa, but data on its influence on treatment outcomes are scarce. Hence, we compared short-  and long-term outcomes of inpatient enhanced cognitive-behavioural therapy  (CBT-E) in patients with anorexia nervosa who had and had not suffered sexual  abuse. Eighty-one patients were recruited, and body mass index (BMI), Eating  Disor"
,,ITLUA82W,10.1016/j.cgh.2020.12.028,2022,Clinical gastroenterology and hepatology : the official clinical practice journal of the American Gastroenterological Association,Main Duct Thresholds for Malignancy Are Different in Intraductal Papillary Mucinous Neoplasms of the Pancreatic Head and Body-Tail.,"Humans; Retrospective Studies; Magnetic Resonance Imaging; *Carcinoma, Pancreatic Ductal/pathology; *Pancreatic Neoplasms/pathology; Intraductal Papillary Mucinous Neoplasms; Main Pancreatic Duct.; Malignancy; Pancreas/diagnostic imaging/pathology; Pancreatic Ducts/diagnostic imaging/pathology",BACKGROUND & AIMS: The risk of malignancy is uncertain for intraductal papillary mucinous neoplasms (IPMNs) with main pancreatic duct (MPD) of 5-9 mm. No study  has correlated MPD size and malignancy considering the anatomic site of the gland  (head versus body-tail). Our aim was to analyze the significance of MPD in  pancreatic head/body-tail as a predictor of malignancy in main-duct/mixed IPMNs.
,,RLNW5PWY,10.1016/j.arthro.2025.01.037,2025,Arthroscopy : the journal of arthroscopic & related surgery : official publication of the Arthroscopy Association of North America and the International  Arthroscopy Association,Arthroscopic Reconstruction of the Anterior Talofibular Ligament and Calcaneofibular Ligament Using Allograft for Chronic Lateral Ankle Instability  Allows Patients to Successfully Return to Their Preinjury Sports Activities With  Excellent Clinical Outcome at Minimum 2-Year Follow-Up.,"Humans; Adult; Female; Young Adult; Male; Retrospective Studies; Middle Aged; Follow-Up Studies; Treatment Outcome; Allografts; Chronic Disease; *Ankle Joint/surgery; *Arthroscopy/methods; *Joint Instability/surgery; *Lateral Ligament, Ankle/surgery/injuries; *Plastic Surgery Procedures/methods; *Return to Sport/statistics & numerical data; Return to Work/statistics & numerical data","PURPOSE: To report and evaluate the time of return to work and sports of patients who underwent an anatomic arthroscopic reconstruction using allograft for chronic  lateral ankle instability (CLAI) through 2 portals, and to analyze the functional  results as well as the postoperative complications of the reconstruction surgery.  METHODS: We retrospectively reviewed patients who underwent allograft"
,,YXP3734D,10.1016/j.envres.2023.115214,2023,Environmental research,Spatiotemporal non-stationarity in green space and stress relationships: Recent evidence from South Korea.,Humans; COVID-19; Pandemics; Vegetation; *COVID-19/epidemiology; *Environmental Monitoring/methods; Forests; Geographically and temporally weighted regression; Panel regression; Perceived stress level; Republic of Korea/epidemiology,"A growing body of literature has linked exposure to ""green space"" (vegetation-rich areas) and other forms of nature to mental health.  Exposure-outcome associations at regional or national scales can overlook local  associations that define how geographically distinct populations may experience  nature differently. Large-scale results might downplay the importance of lived  experiences and heterog"
,,YUSQKYRA,10.1016/j.cbpc.2023.109630,2023,Comparative biochemistry and physiology. Toxicology & pharmacology : CBP,Protective effects of 24-epibrassinolide against the 6-OHDA zebrafish model of Parkinson's disease.,"Animals; Parkinson's disease; *Parkinson Disease/drug therapy; 6-OHDA; Behaviour; Brassinosteroids/pharmacology; Epibrassinolide; Oxidative stress; Oxidative Stress; Oxidopamine/toxicity; Steroids, Heterocyclic; Zebrafish; Zebrafish/metabolism","The molecular processes behind Parkinson's disease (PD) remain under debate although mitochondrial oxidative stress generation has been proposed as a  fundamental contributor. In this context, different brassinosteroids have shown  neuroprotective action hampering oxidative stress. This study determined the  effects of 24-Epibrassinolide (24-EPI) against 6-hydroxydopamine- (6-OHDA-)  induced toxic"
,,QY4B5TUU,10.1016/j.phro.2024.100592,2024,Physics and imaging in radiation oncology,Interobserver variation in tumor delineation of liver metastases using Magnetic Resonance Imaging.,GTV; Interobserver variation (IOV); Liver metastases; MRI; Quality assurance (QA); Tumor delineation,"BACKGROUND AND PURPOSE: Magnetic Resonance Imaging (MRI) guided stereotactic body radiotherapy (SBRT) of liver metastases is an upcoming high-precision  non-invasive treatment. Interobserver variation (IOV) in tumor delineation,  however, remains a relevant uncertainty for planning target volume (PTV) margins.  The aims of this study were to quantify IOV in MRI-based delineation of the gross  tumo"
Y,,GZTNJ5YW,10.1063/1.2336209,2006,The Journal of chemical physics,"Cooperative effects, strengths of hydrogen bonds, and intermolecular interactions in circular cis, trans-cyclotriazane clusters (n = 3-8).",,"Based on Becke's three parameter functional [J. Chem. Phys. 98, 5648 (1993)] of density functional theory (DFT) with the correlation of Lee-Yang-Parr [Phys. Rev.  B 37, 785 (1988)] (DFT/B3LYP), the natural bond orbital (NBO) analysis, the  Bader's theory of atoms in molecule (AIM), our calculations indicate that as  cluster size (n) increases, the n-dependent cooperative changes in the lengths of "
,,PCTKCWTZ,10.1677/joe-10-0217,2010,The Journal of endocrinology,Prenatal androgen exposure programs metabolic dysfunction in female mice.,Mice; Animals; Aging; Female; Pregnancy; Adipocytes/cytology/drug effects; Androgens/*metabolism/*pharmacology; Body Composition/drug effects; Calcium/metabolism; Dihydrotestosterone/*pharmacology; Glucose Intolerance/chemically induced; Insulin/metabolism; Islets of Langerhans/drug effects/metabolism; Polycystic Ovary Syndrome/*chemically induced; Prenatal Exposure Delayed Effects/*chemically induced,"Polycystic ovary syndrome (PCOS) is a common fertility disorder with metabolic sequelae. Our laboratory previously characterized reproductive phenotypes in a  prenatally androgenized (PNA) mouse model for PCOS. PNA mice exhibited elevated  testosterone and LH levels, irregular estrous cycles, and neuroendocrine  abnormalities suggesting increased central drive to the reproductive system. In  this "
Y,,IIFWZ55R,10.1093/evolut/qpaf045,2025,Evolution; international journal of organic evolution,The evolution of suppressed recombination between sex chromosomes and the lengths of evolutionary strata.,"Animals; Female; Male; Selection, Genetic; *Biological Evolution; *Chromosome Inversion; *Evolution, Molecular; *Recombination, Genetic; *Sex Chromosomes/genetics; chromosomal inversions; evolutionary strata; Models, Genetic; recombination; sex chromosomes; sexual antagonism","The idea that sex-differences in selection drive the evolution of suppressed recombination between sex chromosomes is well-developed in population genetics.  Yet, despite a now classic body of theory, empirical evidence that sexually  antagonistic (SA) selection drives the evolution of recombination arrest remains  equivocal and alternative hypotheses underdeveloped. Here, we investigate whether  "
,,YNM49PZZ,10.1109/embc53108.2024.10782643,2024,Annual International Conference of the IEEE Engineering in Medicine and Biology Society. IEEE Engineering in Medicine and Biology Society. Annual International  Conference,Heart-Carotid Pulse Wave Velocity for Non-invasive Vascular Stiffness Assessment: A Feasibility Study.,Humans; Adult; Female; Male; Middle Aged; Feasibility Studies; *Carotid Arteries/physiology; *Pulse Wave Analysis/methods; *Vascular Stiffness/physiology; Photoplethysmography,"Carotid-femoral pulse wave velocity (cfPWV) is one of the established markers of aortic arterial stiffness with proven predictive capability for adverse  cardiovascular events. Despite a large body of clinical evidence, cfPWV is not  routinely assessed in clinical practice nor used for ambulatory or  self-monitoring, as it requires access to the femoral site, which leads to poor  subject complianc"
Y,,5XK4BTL8,10.1161/strokeaha.116.015957,2017,Stroke,"PAIS 2 (Paracetamol [Acetaminophen] in Stroke 2): Results of a Randomized, Double-Blind Placebo-Controlled Clinical Trial.","Humans; therapy; stroke; Female; Male; Aged; Middle Aged; Aged, 80 and over; Double-Blind Method; *Outcome Assessment, Health Care; acetaminophen; Acetaminophen/administration & dosage/*pharmacology; Antipyretics/administration & dosage/*pharmacology; body temperature; Brain Ischemia/*complications; Cerebral Hemorrhage/*complications; Fever/*drug therapy/etiology; Stroke/complications/*drug therapy/etiology; treatment outcome","BACKGROUND AND PURPOSE: Subfebrile body temperature and fever in the first days after stroke are strongly associated with unfavorable outcome. A subgroup  analysis of a previous trial suggested that early treatment with paracetamol may  improve functional outcome in patients with acute stroke and a body temperature  of ≥36.5°C. In the present trial, we aimed to confirm this finding. METHODS: PAIS "
,,Y8C8DUY3,10.1038/s41538-024-00272-z,2024,NPJ science of food,Food fraud threats in UK post-harvest seafood supply chains; an assessment of current vulnerabilities.,,"Seafood fraud is commonly reported on food fraud databases and deceptive practices are highlighted by numerous studies, with impacts on the economy,  health and marine conservation. Food fraud assessments are a widely accepted  fraud mitigation and prevention activity undertaken to identify possible points  of deception within a supply chain. This study aims to understand the food fraud  vulnerabi"
,,AUYJ7JBN,,1989,ASAIO transactions,"Post to predialysis plasma urea nitrogen ratio, ultrafiltration and weight to estimate K.t/V. Use in auditing the amount of dialysis being administered.","Humans; Models, Theoretical; Body Weight/*physiology; *Blood Urea Nitrogen; Blood Volume/physiology; Hemofiltration/*methods; Kidney Failure, Chronic/*blood; Renal Dialysis/*methods","The formula -In (R - 0.03 - UF/W), where R is the ratio of the postdialysis to predialysis plasma urea nitrogen level, UF the ultrafiltrate volume per session,  and W the postdialysis weight, has been shown by us to estimate K.t/V accurately.  We audited the amount of dialysis being administered in a moderate size  outpatient unit in which urea kinetic modeling was not being done and in which 4  h"
,,Z246DZUP,10.1111/dom.16483,2025,"Diabetes, obesity & metabolism",Plasma LEAP2 concentration is associated with energy intake and postprandial insulin increase depending on meal size but not weight status in men.,Humans; Adult; Male; Middle Aged; Meals; Body Weight/physiology; Portion Size; Fasting; *Energy Intake/physiology; *Insulin/blood; *Obesity/blood; *Overweight/blood; *Postprandial Period/physiology; Blood Glucose/metabolism; Breakfast; energy intake; insulin; LEAP2; meal size,"AIMS: While LEAP2 is increasingly recognized as an appetite-regulating hormone, its role in meal regulation and the dynamics of postprandial LEAP2 concentrations  remain poorly understood in humans. The aim of the study was to (1) assess  postprandial LEAP2 concentrations following a recommended-energy breakfast,  exploring potential association with voluntary energy intake and modulation by  weig"
,,72276BFX,10.1002/rcs.2649,2024,The international journal of medical robotics + computer assisted surgery : MRCAS,Augmented-reality-based surgical navigation for endoscope retrograde cholangiopancreatography: A phantom study.,"augmented reality; Humans; registration; Reproducibility of Results; *Augmented Reality; Imaging, Three-Dimensional/methods; *Cholangiopancreatography, Endoscopic Retrograde/methods; *Phantoms, Imaging; *Surgery, Computer-Assisted/methods/instrumentation; Robotic Surgical Procedures/methods/instrumentation; simultaneous localisation and mapping; surgical navigation; Surgical Navigation Systems","BACKGROUND: Endoscope retrograde cholangiopancreatography is a standard surgical treatment for gallbladder and pancreatic diseases. However, surgeons is at high  risk and require sufficient surgical experience and skills. METHODS: (1) The  simultaneous localisation and mapping technique to reconstruct the surgical  environment. (2) The preoperative 3D model is transformed into the intraoperative  "
Y,,I3KQMM8Z,10.1016/j.ajcnut.2025.101184,2026,The American journal of clinical nutrition,Prognostic value of adiposity indices in anticoagulated patients with atrial fibrillation: the prospective Murcia AF Project III cohort.,"Humans; Female; Male; Body Mass Index; Aged; Prospective Studies; Prognosis; Risk Factors; Aged, 80 and over; *Adiposity; *Anticoagulants/therapeutic use/adverse effects; *Atrial Fibrillation/drug therapy/complications; *Obesity/complications; adiposity indices; anthropometric indices; atrial fibrillation; cardiovascular death; conicity index; MACE; major bleeding; thromboembolism; Thromboembolism","BACKGROUND: Obesity is a risk factor for atrial fibrillation (AF), but traditional measures such as body mass index (BMI) may not reflect true  cardiometabolic risk. Novel adiposity indices better capture central fat, yet  their prognostic value in AF remains unclear. OBJECTIVES: This study aimed to  assess the association of different adiposity indices with cardiovascular and  bleeding outcomes i"
,,84TZMRLA,10.1124/jpet.117.242420,2017,The Journal of pharmacology and experimental therapeutics,Urolithin A Mitigates Cisplatin-Induced Nephrotoxicity by Inhibiting Renal Inflammation and Apoptosis in an Experimental Rat Model.,"Animals; Male; Rats; Body Weight/drug effects; Organ Size/drug effects; Disease Models, Animal; Rats, Sprague-Dawley; Apoptosis/*drug effects; Biomarkers/metabolism; Cisplatin/*toxicity; Coumarins/*pharmacology/therapeutic use; Inflammation/drug therapy/metabolism/pathology; Kidney/*drug effects/injuries/metabolism/*pathology","Cumulative kidney toxicity associated with cisplatin is severe and there is no clear consensus on the therapeutic management of the same. The pathogenesis  involves activation of inflammatory and apoptotic pathways; therefore, regulating  these pathways offers protection. Given the anti-inflammatory and antioxidant  effects of urolithin A, a gut microbial metabolite of ellagic acid, our aim was  t"
,,QVUV9L39,10.1007/s00429-022-02511-z,2022,Brain structure & function,Disconnections in personal neglect.,Humans; Neuropsychological Tests; *Perceptual Disorders/etiology/pathology; Fornix; Heschl’s gyrus; Multivariate voxel lesion symptom mapping; Personal neglect; Thalamus; White matter disconnection,"Personal neglect is a disorder in the perception and representation of the body that causes the patients to behave as if the contralesional side of their body  does not exist. This clinical condition has not been adequately investigated in  the past as it has been considered a symptom of unilateral spatial neglect, which  has mainly been studied with reference to extrapersonal space. Only a few st"
,,QP4B2MBN,10.1016/j.gaitpost.2018.11.027,2019,Gait & posture,Dynamic walking stability of elderly people with various BMIs.,"Gait; Acceleration; Humans; Female; Male; Biomechanical Phenomena; Aged; Middle Aged; Postural balance; Prospective Studies; Walking/*physiology; Aged, 80 and over; *Body Mass Index; Gait/*physiology; Accidental Falls/*prevention & control; Postural Balance/*physiology; Body mass index; Center of mass; Obesity/*physiopathology",BACKGROUND: Falls are one of the major causes of injury in the elderly. Obesity may be related to the risk of falling. Understanding the dynamic stability  mechanisms of obese elderly people during gait is important as it may be  associated with fall protection. RESEARCH QUESTION: Does obesity affect the  dynamic walking stability of elderly people? METHODS: This is a prospective  study. Fifty-thr
,,6BY3RGTR,10.2196/17986,2020,JMIR rehabilitation and assistive technologies,The Impact of Reducing the Number of Wearable Devices on Measuring Gait in Parkinson Disease: Noninterventional Exploratory Study.,gait; wearable sensors; Parkinson disease; digital medicine,"BACKGROUND: Measuring free-living gait using wearable devices may offer higher granularity and temporal resolution than the current clinical assessments for  patients with Parkinson disease (PD). However, increasing the number of devices  worn on the body adds to the patient burden and impacts the compliance.  OBJECTIVE: This study aimed to investigate the impact of reducing the number of  wearabl"
,,IKIUS544,10.1055/s-0040-1718912,2021,Journal of wrist surgery,Proximal Row Carpectomy Using Decellularized Dermal Allograft: Preliminary Results.,dermal allograft; interposition arthroplasty; PRC; wrist arthritis,"Objective  The purpose of this study was to evaluate the short-term outcomes of patients undergoing proximal row carpectomy (PRC) with interposition arthroplasty  using a decellularized dermal allograft. Methods  Patients with a minimum of  1-year follow-up after undergoing a PRC using decellularized dermal allograft  were contacted for clinical evaluation, radiographs, and postoperative outcome  "
,,CMP9ZLXS,10.3122/jabfm.2017.02.160243,2017,Journal of the American Board of Family Medicine : JABFM,Congruence of Patient Self-Rating of Health with Family Physician Ratings.,"Humans; Communication; Adult; Female; Male; Surveys and Questionnaires; Aged; Middle Aged; Cohort Studies; *Decision Making; Health Status; *Physician-Patient Relations; *Health Status; Decision Making; Family Practice/*methods; Lifestyle; Medical Records; Motivational Interviewing; Ohio; Physician-Patient Relations; Physicians, Family/*psychology","BACKGROUND: A single self-rated health (SRH) question is associated with health outcomes, but agreement between SRH and physician-rated patient health (PRPH) has  been poorly studied. We studied patient and physician reasoning for health  ratings and the role played by patient lifestyle and objective health measures in  the congruence between SRH and PRPH. METHODS: Surveys of established family  m"
,,HQXA9Y75,10.1002/minf.201900059,2019,Molecular informatics,"Investigation of Factors Affecting the Performance of in silico Volume Distribution QSAR Models for Human, Rat, Mouse, Dog & Monkey.","Humans; Mice; Animals; Rats; *Models, Biological; *Quantitative Structure-Activity Relationship; Applicability domain; data mining; Dogs; Haplorhini; Pharmaceutical Preparations/*chemistry; quantitative structure-property relationship; volume of distribution","Volume of distribution (Vd(ss) ) is a measure of how effectively a drug molecule is distributed throughout the body. Along with the clearance, it determines the  half-life and therefore the drug dosing interval. A number of different  pre-clinical approaches are available to predict the Vd(ss) in human including  quantitative structure activity relationship (QSAR) models. Vd(ss) QSAR models  have "
,,PVQE5UKW,10.1016/j.ejmp.2016.03.015,2016,Physica medica : PM : an international journal devoted to the applications of physics to medicine and biology : official journal of the Italian Association of  Biomedical Physics (AIFB),Lung stereotactic ablative body radiotherapy: A large scale multi-institutional planning comparison for interpreting results of multi-institutional studies.,"Humans; Lung; Radiosurgery/instrumentation/*methods; Carcinoma, Non-Small-Cell Lung/diagnostic imaging/*radiotherapy; Dosimetry; Lung Neoplasms/diagnostic imaging/*radiotherapy; Multicentric clinical trial; Radiobiology; Radiotherapy Planning, Computer-Assisted/*methods; Stereotactic ablative radiotherapy (SABR); Stereotactic body radiation therapy (SBRT); Tomography, X-Ray Computed/methods",PURPOSE: A large-scale multi-institutional planning comparison on lung cancer SABR is presented with the aim of investigating possible criticism in carrying  out retrospective multicentre data analysis from a dosimetric perspective.  METHODS: Five CT series were sent to the participants. The dose prescription to  PTV was 54Gy in 3 fractions of 18Gy. The plans were compared in terms of  PTV-gEUD2 (
Y,,K5Z65KHA,10.1016/j.lanepe.2024.100992,2024,The Lancet regional health. Europe,Coverage with evidence development program on stereotactic body radiotherapy in Belgium (2013-2019): a nationwide registry-based prospective study.,Real-world data; Radiotherapy; Coverage with evidence development; Implementation; Innovation; Stereotactic body radiotherapy,"BACKGROUND: Although stereotactic body radiotherapy (SBRT) was progressively adopted in clinical practice in Belgium, a reimbursement request in 2011 was not  granted because of remaining clinical and economic uncertainty. A coverage with  evidence development (CED) program on SBRT started in 2013, with the aim to  assess clinical and technical patterns-of-care in Belgium and monitor survival  per"
,,Z7CMFMDR,10.3390/s24227243,2024,"Sensors (Basel, Switzerland)",Demonstration of a Validated Direct Current Wearable Device for Monitoring Sweat Rate in Sports.,"Humans; wearable sensor; *Wearable Electronic Devices; *Sweat/chemistry; Biosensing Techniques/instrumentation/methods; direct current method; microfluidic; Monitoring, Physiologic/instrumentation/methods; Sports/physiology; sweat analysis; sweat rate; Sweating/physiology","Sweat rate magnitude is a desired outcome for any wearable sensing patch dedicated to sweat analysis. Indeed, sweat rate values can be used two-fold:  self-diagnosis of dehydration and correction/normalization of other physiological  metrics, such as Borg scale, VO2, and different chemical species concentrations.  Herein, a reliable sweat rate belt device for sweat rate monitoring was  developed. "
,,AUZN442M,10.1007/s13346-019-00625-2,2019,Drug delivery and translational research,Polycaprolactone-based neurotherapeutic delivery of rasagiline targeting behavioral and biochemical deficits in Parkinson's disease.,"Locomotion; Animals; Male; Rats, Sprague-Dawley; Oxidative stress; *Microspheres; Behavior, Animal/drug effects; Brain/drug effects/metabolism; Delayed-Action Preparations/administration & dosage; Drug Liberation; Glutathione/metabolism; Hydrogen-Ion Concentration; Indans/*administration & dosage/chemistry; Injections, Subcutaneous; Lipid Peroxidation/drug effects; Microencapsulation; Monoamine Oxidase Inhibitors/*administration & dosage/chemistry; Neuroprotective Agents/*administration & dosage/chemistry; Parkinsonian Disorders/chemically induced/*drug therapy/physiopathology; Polycaprolactone (PCL); Polyesters/*administration & dosage/chemistry; Rotenone; Scanning electron microscopy (SEM); Stereotaxic rotenone model; Superoxide Dismutase/metabolism","Rasagiline mesylate is an irreversible MAO-B inhibitor which requires daily oral administration for treatment of Parkinson's disease due to its short half-life.  Patients with Parkinson's disease also develop dysphagia, i.e., difficulty in  swallowing. Encapsulating rasagiline in polycaprolactone microspheres can  alleviate the problem of daily oral administration by prolonging drug release  from "
,,SD9P3V5N,10.1093/plphys/kiad465,2023,Plant physiology,Changes in cell wall composition due to a pectin biosynthesis enzyme GAUT10 impact root growth.,*Arabidopsis Proteins/genetics/metabolism; *Arabidopsis/metabolism; Cell Wall/metabolism; Hexosyltransferases; Indoleacetic Acids/metabolism; Pectins/metabolism; Plant Roots/metabolism; Sucrose/metabolism,Arabidopsis (Arabidopsis thaliana) root development is regulated by multiple dynamic growth cues that require central metabolism pathways such as β-oxidation  and auxin. Loss of the pectin biosynthesizing enzyme GALACTURONOSYLTRANSFERASE 10  (GAUT10) leads to a short-root phenotype under sucrose-limited conditions. The  present study focused on determining the specific contributions of GAUT10 to  
Y,,I2SAQ8JC,10.1186/s12882-019-1223-3,2019,BMC nephrology,Angiotensin II receptor blockade is associated with preserved muscle strength in chronic hemodialysis patients.,"Humans; Female; Male; Cross-Sectional Studies; Aged; Middle Aged; Body Composition; Aged, 80 and over; *Hand Strength; Nutritional Status; Angiotensin II receptor blockers; Angiotensin II Type 1 Receptor Blockers/pharmacology/*therapeutic use; Angiotensin Receptor Antagonists/*therapeutic use; Hemodialysis; Kidney Failure, Chronic/blood/complications/therapy; Muscle strength; Muscle Strength; Renal Dialysis/*adverse effects; Sarcopenia/etiology/*prevention & control","BACKGROUND: Sarcopenia, defined as low muscle mass and strength, is highly prevalent in patients undergoing chronic hemodialysis (HD). However, muscle  function and muscle mass do not share the same clinical relevance. In fact,  muscle strength was more closely associated with the risk of mortality in chronic  HD patients than was muscle mass. Therefore, to identify the risk factors of  muscle wea"
,,F4L6A29G,10.1177/0309364614536762,2015,Prosthetics and orthotics international,Comparison of four different categories of prosthetic feet during ramp ambulation in unilateral transtibial amputees.,"rehabilitation; Humans; gait; prosthetics; Adult; Female; Body Size; Male; biomechanics; Middle Aged; physiotherapy; Physical Exertion; gait analysis; *Amputation, Surgical; *Artificial Limbs; Gait/*physiology; Prosthesis Design; *Foot; Biomechanics of prosthetic/orthotic devices; prosthetic feet; Tibia; Weight-Bearing","BACKGROUND: Comparative effectiveness of prosthetic feet during ramp ambulation in unilateral transtibial amputees, who function at different Medicare Functional  Classification Levels, has not been published. OBJECTIVE: To determine  differences in symmetry in external work between four categories of prosthetic  feet in K-Level-2 and K-Level-3 unilateral transtibial amputees during ramp  ascent a"
Y,,G4RZCZ39,10.2196/54723,2024,JMIR formative research,"Impact of a Health Coach-Led, Text-Based Digital Behavior Change Intervention on Weight Loss and Psychological Well-Being in Patients Receiving a Procedureless  Intragastric Balloon Program: Prospective Single-Arm Study.",digital health; obesity; mobile phone; behavior change; health coaching; intragastric balloon; weight management; well-being,"BACKGROUND: Digital health interventions show promise for weight management. However, few text-based behavior change interventions have been designed to  support patients receiving intragastric balloons, and none have simultaneously  evaluated weight loss, psychological well-being, and behavior change despite the  crucial interplay of these factors in weight management. OBJECTIVE: This study  aims"
,,MYEBWRY5,10.1002/psp4.70002,2025,CPT: pharmacometrics & systems pharmacology,Development of a Joint Tumor Size-Overall Survival Modeling and Simulation Framework Supporting Oncology Development Decision-Making.,"Humans; simulation; Female; Male; Computer Simulation; oncology; Decision Making; *Carcinoma, Non-Small-Cell Lung/drug therapy/pathology/mortality; *Drug Development/methods; *Lung Neoplasms/pathology/drug therapy/mortality; model‐based drug development; population pharmacodynamics; surrogate endpoint; survival analysis; Tumor Burden/drug effects; tumors",Tumor size-overall survival (TS-OS) models can support decision-making in oncology drug development by predicting long-term OS based on TS data from early  data cuts and baseline patient factors. The current work describes the  development of a TS-OS framework capable of predicting OS across a variety of  treatment modalities and mechanisms of action in patients with non-small cell  lung cancer fr
,,PF2ICLPP,10.1093/eurheartj/suab054,2021,European heart journal supplements : journal of the European Society of Cardiology,May Measurement Month 2019: an analysis of blood pressure screening results from Italy.,Control; Blood pressure; Hypertension; Screening; Treatment,"Cardiovascular (CV) diseases are burdened by high mortality and morbidity, being responsible for half of the deaths in Europe. Although hypertension is recognized  as the most important CV risk factor, hypertension awareness, and blood pressure  (BP) control are still unsatisfactory. In 2017 and 2018, respectively >10 000 and  >5000 individuals took part in the May Measurement Month (MMM) campaign"
,,HBV7VDFL,10.1038/s41467-021-26133-x,2021,Nature communications,Structural mechanism of GTPase-powered ribosome-tRNA movement.,"Thermodynamics; Biomechanical Phenomena; Protein Binding; Kinetics; *Protein Biosynthesis; Binding Sites; Cryoelectron Microscopy; Escherichia coli/*genetics/metabolism; Guanosine Triphosphate/chemistry/metabolism; Hydrolysis; Models, Molecular; Peptide Elongation Factor G/*chemistry/genetics/metabolism; Protein Conformation, alpha-Helical; Protein Conformation, beta-Strand; Protein Folding; Protein Interaction Domains and Motifs; Ribosomes/*metabolism/ultrastructure; RNA, Messenger/*chemistry/genetics/metabolism; RNA, Ribosomal, 23S/*chemistry/genetics/metabolism; RNA, Transfer/*chemistry/genetics/metabolism","GTPases are regulators of cell signaling acting as molecular switches. The translational GTPase EF-G stands out, as it uses GTP hydrolysis to generate force  and promote the movement of the ribosome along the mRNA. The key unresolved  question is how GTP hydrolysis drives molecular movement. Here, we visualize the  GTPase-powered step of ongoing translocation by time-resolved cryo-EM. EF-G in  the"
,,63IWUK2R,10.1038/s41398-021-01405-8,2021,Translational psychiatry,The costs of over-control in anorexia nervosa: evidence from fMRI and ecological momentary assessment.,Humans; Adolescent; Female; Emotions; *Magnetic Resonance Imaging; *Anorexia Nervosa/diagnostic imaging; Brain/diagnostic imaging; Ecological Momentary Assessment,"A growing body of evidence suggests that a high level of self-control may, despite its positive effects, influence cognitive processing in an unfavorable  manner. However, the affective costs of self-control have only rarely been  investigated. Anorexia nervosa (AN) is an eating disorder that is often  characterized by excessive self-control. Here, we used fMRI to explore whether  over-control in "
,,JNQ9Y9TH,10.1016/j.envres.2024.120213,2024,Environmental research,From space to street: A systematic review of the associations between visible greenery and bluespace in street view imagery and mental health.,"Mental health; Humans; *Mental Health; *Parks, Recreational; Quality of evidence; Risk of bias; Street view images; Strength of evidence; Visible greenery",A large body of literature shows that living near greenery supports healthy lifestyles and improves mental health. Much of this research has used greenery  measured from a bird's eye perspective. Street view images (SVI) are an important  alternative data source that could assess visible greenery experienced by  residents in daily life. The current review is the first to systematically  critique a
,,5JHEMIFX,10.3389/fpsyt.2022.944973,2022,Frontiers in psychiatry,Online guided meditation training (Isha Kriya) improves self-reported symptoms of anxiety and depression within 2 weeks of practice-An observational study.,depression; meditation; anxiety; Isha Kriya; online,"INTRODUCTION: Anxiety and depression have increased dramatically 2-3-fold with the COVID-19 pandemic. There is an urgent need for safe, cost-effective, and  scalable approaches to alleviate this parallel mental health pandemic. Meditation  has previously been shown to reduce stress, anxiety, and depression symptoms.  Furthermore, online delivery of mind-body interventions will be impactful in  add"
,,FR7CQ22D,10.1152/ajpheart.00644.2025,2026,American journal of physiology. Heart and circulatory physiology,"Sex, stress, and the heart: long-term cardiovascular effects of embryonic metabolic disruption.","Animals; sex differences; Female; Male; Sex Factors; *Energy Metabolism; *Heart/embryology; *Hypothermia/metabolism/physiopathology/embryology; *Hypoxia/metabolism/physiopathology/embryology; *Mitochondria, Heart/metabolism/pathology; *Myocytes, Cardiac/metabolism/pathology; *Stress, Physiological; Chick Embryo; chickens; developmental programing; heart; mitochondria","Adverse conditions within the embryonic environment can alter embryogenesis, programing systemic physiological changes that may manifest as disease states in  adult life. The process of developmental programing represents an important  factor underlying cardiometabolic diseases, many of which are leading causes of  death globally. Importantly, there is evidence that males are less tolerant to  cer"
Y,,QN4G96LD,10.1056/nejmoa1716405,2018,The New England journal of medicine,Tenecteplase versus Alteplase before Thrombectomy for Ischemic Stroke.,"Humans; Female; Male; Aged; Middle Aged; Single-Blind Method; Aged, 80 and over; Severity of Illness Index; Logistic Models; *Thrombectomy; Brain Ischemia/*drug therapy; Cerebral Hemorrhage/chemically induced; Combined Modality Therapy; Endovascular Procedures; Fibrinolytic Agents/adverse effects/*therapeutic use; Reperfusion/methods; Stroke/*drug therapy/mortality/surgery; Tenecteplase; Time-to-Treatment; Tissue Plasminogen Activator/adverse effects/*therapeutic use","BACKGROUND: Intravenous infusion of alteplase is used for thrombolysis before endovascular thrombectomy for ischemic stroke. Tenecteplase, which is more  fibrin-specific and has longer activity than alteplase, is given as a bolus and  may increase the incidence of vascular reperfusion. METHODS: We randomly assigned  patients with ischemic stroke who had occlusion of the internal carotid, basilar, "
,,KSKSP92L,10.1007/s00246-021-02635-9,2021,Pediatric cardiology,Preoperative Morphological Prediction of Early Reoperation Risk After Primary Repair in Tetralogy of Fallot: A Contemporary Analysis of 83 Cases.,Humans; Child; Retrospective Studies; Treatment Outcome; Risk Factors; Infant; *Cardiac Surgical Procedures/adverse effects; *Tetralogy of Fallot/diagnostic imaging/surgery; Early reoperation; Morphological variations; Pulmonary artery; Pulmonary Artery/diagnostic imaging/surgery; Reoperation; Tetralogy of Fallot,This study was conducted to investigate the pulmonary artery (PA) variations in tetralogy of Fallot (TOF) and preoperative morphological predictors for early  reoperation. Eighty-three TOF patients and 20 children with normal PA were  included. The TOF group was divided into two subsets according to whether or not  reoperation was performed within 3 years postoperatively. Clinical information  was
Y,,XZPWSXWN,10.1161/strokeaha.121.034348,2021,Stroke,Timing and Dose of Upper Limb Motor Intervention After Stroke: A Systematic Review.,systematic review; Humans; stroke rehabilitation; upper extremity; Upper Extremity; Stroke Rehabilitation/*methods; *Recovery of Function; *Time-to-Treatment; intensity; time,"This systematic review aimed to investigate timing, dose, and efficacy of upper limb intervention during the first 6 months poststroke. Three online databases  were searched up to July 2020. Titles/abstracts/full-text were reviewed  independently by 2 authors. Randomized and nonrandomized studies that enrolled  people within the first 6 months poststroke, aimed to improve upper limb  recovery, and"
,,VR44YSWB,10.1016/j.heliyon.2024.e33503,2024,Heliyon,Supplementary decompression and extended surgical time contribute to hidden blood loss In percutaneous endoscopic lumbar discectomy.,Foraminal decompression; Hidden blood loss; Influential factors; Multivariate linear regression analysis; Percutaneous endoscopic lumbar discectomy,"BACKGROUND: It is widely believed that the Percutaneous endoscopic lumbar discectomy (PELD) is associated with minimal blood loss. However, significant  perioperative hidden blood loss (HBL) is frequently unaccounted for. This study  aimed to investigate HBL and peri-operative factors contributing to HBL in a  series of individuals undergoing PELD. METHOD: ology: A total of 156 consecutive  patien"
,,GYHYTHMR,10.1161/circinterventions.115.003551,2016,Circulation. Cardiovascular interventions,Neurological Events Following Transcatheter Aortic Valve Replacement and Their Predictors: A Report From the CoreValve Trials.,"Humans; stroke; Female; Male; Aged; Treatment Outcome; Risk Factors; Time Factors; Aged, 80 and over; Severity of Illness Index; Incidence; Proportional Hazards Models; aortic valve stenosis; Aortic Valve Stenosis/diagnostic imaging/mortality/physiopathology/*surgery; Aortic Valve/diagnostic imaging/*pathology/physiopathology/*surgery; Balloon Valvuloplasty/adverse effects; Bioprosthesis; Calcinosis/diagnostic imaging/mortality/physiopathology/*surgery; Cardiac Pacing, Artificial/adverse effects; Clinical Trials as Topic; CoreValve; Heart Valve Prosthesis; Intracranial Embolism/diagnosis/*epidemiology/mortality; Kaplan-Meier Estimate; Risk Assessment; Stroke/diagnosis/*epidemiology/mortality; transcatheter aortic valve implantation; Transcatheter Aortic Valve Replacement/*adverse effects/instrumentation/mortality; transient ischemic attack",BACKGROUND: The risk for stroke after transcatheter aortic valve replacement (TAVR) is an important concern. Identification of predictors for stroke is likely  to be a critical factor aiding patient selection and management as TAVR use  becomes widespread. METHODS AND RESULTS: Patients enrolled in the CoreValve US  Extreme Risk and High Risk Pivotal Trials or Continued Access Study treated with  t
,,D7TVSUGE,10.3390/nu13061790,2021,Nutrients,"Depression and Vegetarians: Association between Dietary Vitamin B6, B12 and Folate Intake and Global and Subcortical Brain Volumes.",depression; Humans; Female; Male; Aged; Middle Aged; Linear Models; Eating; Diet; Nutritional Status; brain structure; Brain/*anatomy & histology/diagnostic imaging; Depression/*epidemiology; Folic Acid Deficiency/epidemiology; Folic Acid/*administration & dosage; Gray Matter/diagnostic imaging; Magnetic Resonance Imaging/methods; United Kingdom/epidemiology; vegetarians; Vegetarians/*statistics & numerical data; Vitamin B 12 Deficiency/epidemiology; Vitamin B 12/*administration & dosage; Vitamin B 6 Deficiency/epidemiology; Vitamin B 6/*administration & dosage; vitamin B12; vitamin B6,"Deficiency of vitamin B6 and vitamin B12, mostly in vegetarians, is found to be associated with depression and adverse neurological function. We investigated  whether vitamin B6, B12, and folate have an effect on brain structure, especially  among depressed people who follow a specific diet. The study sample comprised  9426 participants from the UK Biobank cohort with a mean age of 62.4 years. A  "
,,BFIP6S74,10.1186/s40337-021-00456-y,2021,Journal of eating disorders,The association of obesity with eating disorders risk: online survey of a large cohort of Russian-speaking individuals seeking medical weight correction  assistance.,BMI; Obesity; Abnormal eating behaviors; EAT-26; Online survey,"BACKGROUND: Eating Disorders pose a serious health risk to individuals. Often, eating disorder symptoms are overlooked when assessing obesity risk. The current  cross-sectional study was focused on the search of association between disordered  eating behaviors evaluated by Eating Attitudes Test 26 (EAT-26) and obesity in a  large cohort of Russian-speaking adults seeking online assistance with med"
,,UWARTN9E,10.1128/aac.01390-23,2024,Antimicrobial agents and chemotherapy,Population-specific variations in KCNH2 predispose patients to delayed ventricular repolarization upon dihydroartemisinin-piperaquine therapy.,"Humans; Electrocardiography; Adult; Female; Male; *Antimalarials/therapeutic use/adverse effects; *Artemisinins/therapeutic use/adverse effects; *ERG1 Potassium Channel/genetics; *Piperazines; *Quinolines/therapeutic use/adverse effects; cardiotoxicity; hERG; Kv11.1; long QT; Long QT Syndrome/genetics/chemically induced; malaria; Malaria/drug therapy; Polymorphism, Single Nucleotide/genetics; QT prolongation","Dihydroartemisinin-piperaquine is efficacious for the treatment of uncomplicated malaria and its use is increasing globally. Despite the positive results in  fighting malaria, inhibition of the Kv11.1 channel (hERG; encoded by the KCNH2  gene) by piperaquine has raised concerns about cardiac safety. Whether genetic  factors could modulate the risk of piperaquine-mediated QT prolongations remained "
,,ITHHYERR,10.1161/strokeaha.125.050839,2025,Stroke,Investigation of Poststroke Depression Following a Nucleus Accumbens Infarct in Mice.,"depression; Mice; Animals; Male; behavior; Disease Models, Animal; Mice, Inbred C57BL; *Blood-Brain Barrier/metabolism/pathology; *Depression/etiology/metabolism; *Nucleus Accumbens/pathology/metabolism/diagnostic imaging; *Stroke/complications/psychology; Behavior, Animal; blood-brain barrier; disease models, animal; Endothelin-1; gene expression","BACKGROUND: Poststroke depression (PSD) affects ≈33% of individuals 1 year after a stroke. Blood-brain barrier (BBB) dysfunction in the nucleus accumbens (NAc), a  hub for emotional processing, reward, and mood regulation, has been linked to  stress-induced depressive-like behaviors in male mice. Neurovascular alterations  were also observed in postmortem tissue samples from men with a diagnosis o"
,,D6DV6SR4,10.1192/bjo.2020.74,2020,BJPsych open,Development and psychometric evaluation of the Transdiagnostic Decision Tool: matched care for patients with a mental disorder in need of highly specialised  care.,assessment; Screening; academic psychiatry; early identification; highly specialized care,BACKGROUND: Early identification of patients with mental health problems in need of highly specialised care could enhance the timely provision of appropriate care  and improve the clinical and cost-effectiveness of treatment strategies. Recent  research on the development and psychometric evaluation of diagnosis-specific  decision-support algorithms suggested that the treatment allocation of patie
Y,,3R9UYUFD,10.1016/j.clnu.2017.04.013,2018,"Clinical nutrition (Edinburgh, Scotland)",Clinical classification of adult patients with chronic intestinal failure due to benign disease: An international multicenter cross-sectional survey.,"Humans; Europe; Adolescent; Adult; Female; Young Adult; Male; Cross-Sectional Studies; Aged; Middle Aged; Chronic Disease; Aged, 80 and over; United States; Australasia; Chronic intestinal pseudo-obstruction; Home parenteral nutrition; Intestinal Diseases/*diet therapy/*pathology; Intestinal failure; Intestines/pathology; Intravenous supplementation; Israel; Parenteral Nutrition, Home/*methods; Short bowel syndrome; South America","BACKGROUND & AIMS: The aim of the study was to evaluate the applicability of the ESPEN 16-category clinical classification of chronic intestinal failure, based on  patients' intravenous supplementation (IVS) requirements for energy and fluids,  and to evaluate factors associated with those requirements. METHODS: ESPEN  members were invited to participate through ESPEN Council representatives.  Par"
,,E6HWGEDM,10.1021/acsnano.0c10064,2021,ACS nano,Apolipoprotein E Binding Drives Structural and Compositional Rearrangement of mRNA-Containing Lipid Nanoparticles.,"Tissue Distribution; *Nanoparticles; ApoE; Apolipoproteins E/genetics; lipid nanoparticles; mRNA delivery; protein corona; RNA, Messenger/genetics; RNA, Small Interfering/metabolism; small-angle scattering","Emerging therapeutic treatments based on the production of proteins by delivering mRNA have become increasingly important in recent times. While lipid  nanoparticles (LNPs) are approved vehicles for small interfering RNA delivery,  there are still challenges to use this formulation for mRNA delivery. LNPs are  typically a mixture of a cationic lipid, distearoylphosphatidylcholine (DSPC),  choleste"
,,CH24L3T5,10.1124/jpet.113.208645,2014,The Journal of pharmacology and experimental therapeutics,Chemopreventive effects of an HDAC2-selective inhibitor on rat colon carcinogenesis and APCmin/+ mouse intestinal tumorigenesis.,"Humans; Mice; Animals; Female; Male; Rats; Mice, Inbred C57BL; *Disease Models, Animal; Adenomatous Polyposis Coli Protein/biosynthesis/*genetics; Carcinogenesis/*drug effects/genetics/pathology; Colonic Neoplasms/genetics/pathology/*prevention & control; HCT116 Cells; Histone Deacetylase 2/*antagonists & inhibitors/metabolism; Histone Deacetylase Inhibitors/*therapeutic use; Intestinal Neoplasms/enzymology/genetics/*prevention & control; Mice, Transgenic; Phenylbutyrates/pharmacology/*therapeutic use; Rats, Inbred F344","Epigenetic modulators, particularly histone deacetylases (HDACs), are valid targets for cancer prevention and therapy. Recent studies report that HDAC2  overexpression is associated with colon tumor progression and is a potential  target for colon cancer prevention. This study tested chemopreventive and  dose-response effects of Ohio State University HDAC42 (OSU-HDAC42), a selective  HDAC2 inhibit"
,,V66N2GIP,10.1161/circheartfailure.125.012912,2025,Circulation. Heart failure,"Left Heart Abnormalities in Patients With Lung Disease, OSA, and Chronic Thromboemboli at Risk for or With Known Pulmonary Hypertension.","Humans; Female; Male; Aged; Middle Aged; Risk Factors; Chronic Disease; heart failure; hypertension, pulmonary; Pulmonary Wedge Pressure; Risk Assessment; *Heart Failure/physiopathology/diagnosis/epidemiology; *Hypertension, Pulmonary/physiopathology/diagnosis/etiology/epidemiology; *Lung Diseases/physiopathology/complications/diagnosis/epidemiology; *Pulmonary Embolism/physiopathology/complications/diagnosis; *Sleep Apnea, Obstructive/physiopathology/complications/diagnosis/epidemiology; Cardiac Catheterization; functional status; hemodynamics; lung diseases; Stroke Volume","BACKGROUND: Patients with lung disease, sleep apnea, and chronic thromboemboli can develop pulmonary hypertension, currently classified as group 3 or 4. Many of  these patients also have risk factors for heart failure with preserved ejection  fraction (HFpEF), but the optimal approach to identify the disease overlap  remains unclear. METHODS: Pretest probability for HFpEF was determined using the "
,,3YAF6TSZ,10.1148/radiol.222855,2023,Radiology,A Multicenter Assessment of Interreader Reliability of LI-RADS Version 2018 for MRI and CT.,"Humans; Female; Retrospective Studies; Middle Aged; Reproducibility of Results; Sensitivity and Specificity; Tomography, X-Ray Computed; Contrast Media; Magnetic Resonance Imaging/methods; *Carcinoma, Hepatocellular/diagnostic imaging; *Liver Neoplasms/diagnostic imaging",Background Various limitations have impacted research evaluating reader agreement for Liver Imaging Reporting and Data System (LI-RADS). Purpose To assess reader  agreement of LI-RADS in an international multicenter multireader setting using  scrollable images. Materials and Methods This retrospective study used  deidentified clinical multiphase CT and MRI and reports with at least one  untreated 
,,5IIZRRCT,10.1056/nejmoa2401537,2024,The New England journal of medicine,Axatilimab in Recurrent or Refractory Chronic Graft-versus-Host Disease.,"Humans; Adolescent; Adult; Female; Young Adult; Male; Child; Aged; Middle Aged; Treatment Outcome; Recurrence; Aged, 80 and over; Dose-Response Relationship, Drug; Severity of Illness Index; *Antibodies, Monoclonal, Humanized/administration & dosage/adverse effects; *Graft vs Host Disease/diagnosis/drug therapy/immunology/metabolism; *Hematopoietic Stem Cell Transplantation/adverse effects; *Receptor, Macrophage Colony-Stimulating Factor/antagonists & inhibitors/metabolism; Chronic Disease/drug therapy; Infusions, Intravenous","BACKGROUND: Colony-stimulating factor 1 receptor (CSF1R)-dependent monocytes and macrophages are key mediators of chronic graft-versus-host disease (GVHD), a  major long-term complication of allogeneic hematopoietic stem-cell  transplantation. The CSF1R-blocking antibody axatilimab has shown promising  clinical activity in chronic GVHD. METHODS: In this phase 2, multinational,  pivotal, randomized"
,,7BCL5ZFF,10.1002/14651858.cd012395.pub2,2020,The Cochrane database of systematic reviews,Pharmacological treatment for familial amyloid polyneuropathy.,"Humans; Randomized Controlled Trials as Topic; Quality of Life; Disease Progression; Amyloid Neuropathies, Familial/*drug therapy/mortality; Benzoxazoles/adverse effects/therapeutic use; Diflunisal/adverse effects/therapeutic use; Oligonucleotides/adverse effects/therapeutic use; Patient Dropouts/statistics & numerical data; RNA, Small Interfering/adverse effects/therapeutic use","BACKGROUND: Disease-modifying pharmacological agents for transthyretin (TTR)-related familial amyloid polyneuropathy (FAP) have become available in the  last decade, but evidence on their efficacy and safety is limited. This review  focuses on disease-modifying pharmacological treatment for TTR-related and other  FAPs, encompassing amyloid kinetic stabilisers, amyloid matrix solvents, and  amyloid"
,,TMHS77TV,10.1056/nejmoa2202884,2022,The New England journal of medicine,Aggressive or Moderate Fluid Resuscitation in Acute Pancreatitis.,Humans; *Acid-Base Imbalance/etiology/therapy; *Fluid Therapy/adverse effects/methods; *Pancreatitis/complications/therapy; *Water-Electrolyte Imbalance/etiology/therapy; Acute Disease; Resuscitation/methods; Ringer's Lactate/administration & dosage/therapeutic use,"BACKGROUND: Early aggressive hydration is widely recommended for the management of acute pancreatitis, but evidence for this practice is limited. METHODS: At 18  centers, we randomly assigned patients who presented with acute pancreatitis to  receive goal-directed aggressive or moderate resuscitation with lactated Ringer's  solution. Aggressive fluid resuscitation consisted of a bolus of 20 ml per"
,,RUNDXLLW,10.2215/cjn.0000000000000051,2023,Clinical journal of the American Society of Nephrology : CJASN,Evaluating Kidney Function Decline in Children with Chronic Kidney Disease Using a Multi-Institutional Electronic Health Record Database.,"Humans; Female; Male; Child; Retrospective Studies; Risk Factors; Disease Progression; *Hypertension/epidemiology/complications; *Renal Insufficiency, Chronic/diagnosis/epidemiology/therapy; Electronic Health Records; Glomerular Filtration Rate; Kidney; Proteinuria/etiology","BACKGROUND: The objectives of this study were to use electronic health record data from a US national multicenter pediatric network to identify a large cohort  of children with CKD, evaluate CKD progression, and examine clinical risk factors  for kidney function decline. METHODS: This retrospective cohort study identified  children seen between January 1, 2009, to February 28, 2022. Data were from"
,,NL43ZVNL,10.1158/1055-9965.epi-24-0926,2024,"Cancer epidemiology, biomarkers & prevention : a publication of the American Association for Cancer Research, cosponsored by the American Society of  Preventive Oncology","Plasma Ghrelin and Risks of Sex-Specific, Site-Specific, and Early-Onset Colorectal Cancer: A Mendelian Randomization Analysis.","Humans; Female; Male; Sex Factors; Risk Factors; Genome-Wide Association Study; Polymorphism, Single Nucleotide; *Colorectal Neoplasms/blood/genetics/epidemiology; *Ghrelin/blood/genetics; *Mendelian Randomization Analysis; Age of Onset","BACKGROUND: Epidemiological and laboratory-based studies have provided conflicting evidence for a role of ghrelin in colorectal cancer development. We  conducted two-sample Mendelian randomization (MR) analyses to evaluate evidence  for an association of circulating ghrelin and colorectal cancer risk overall and  by sex, cancer subsite, and age at diagnosis. METHODS: Genetic instruments  proxying "
