seed_id,seed_title,direction,found_title,found_doi,found_year,found_venue,in_db_already,venue_rank_note,ref_source,picos_decision,reason
3,The Sense of Embodiment in Virtual Reality,backward,,10.1098/rspb.2003.2364,,,N,,Crossref,,
3,The Sense of Embodiment in Virtual Reality,backward,,10.1523/jneurosci.0745-06.2006,,,N,,Crossref,,
3,The Sense of Embodiment in Virtual Reality,backward,,10.1371/journal.pone.0006488,,,Y,,Crossref,,
3,The Sense of Embodiment in Virtual Reality,backward,,10.1016/s0166-2236(97)01136-3,,,N,,Crossref,,
3,The Sense of Embodiment in Virtual Reality,backward,,10.1016/s1364-6613(02)01907-1,,,N,,Crossref,,
3,The Sense of Embodiment in Virtual Reality,backward,,10.1093/brain/awh040,,,N,,Crossref,,
3,The Sense of Embodiment in Virtual Reality,backward,,10.1016/j.tics.2008.10.003,,,N,,Crossref,,
3,The Sense of Embodiment in Virtual Reality,backward,,10.1038/35784,,,N,,Crossref,,
3,The Sense of Embodiment in Virtual Reality,backward,,10.1016/j.concog.2007.01.001,,,N,,Crossref,,
3,The Sense of Embodiment in Virtual Reality,backward,,10.1162/jocn.2006.18.6.898,,,N,,Crossref,,
3,The Sense of Embodiment in Virtual Reality,backward,,10.1016/j.concog.2008.03.004,,,N,,Crossref,,
3,The Sense of Embodiment in Virtual Reality,backward,,10.1007/s11097-009-9121-y,,,N,,Crossref,,
3,The Sense of Embodiment in Virtual Reality,backward,,10.1016/j.concog.2010.09.004,,,N,,Crossref,,
3,The Sense of Embodiment in Virtual Reality,backward,,10.1068/p5921,,,N,,Crossref,,
3,The Sense of Embodiment in Virtual Reality,backward,,10.1126/science.1142175,,,N,,Crossref,,
3,The Sense of Embodiment in Virtual Reality,backward,,10.1126/science.1097011,,,N,,Crossref,,
3,The Sense of Embodiment in Virtual Reality,backward,,10.1073/pnas.0610011104,,,N,,Crossref,,
3,The Sense of Embodiment in Virtual Reality,backward,,10.1176/appi.ajp.158.3.454,,,N,,Crossref,,
3,The Sense of Embodiment in Virtual Reality,backward,,10.1016/s1364-6613(99)01417-5,,,N,,Crossref,,
3,The Sense of Embodiment in Virtual Reality,backward,,10.1016/j.neubiorev.2007.07.001,,,N,,Crossref,,
3,The Sense of Embodiment in Virtual Reality,backward,,10.1016/s1364-6613(03)00032-9,,,N,,Crossref,,
3,The Sense of Embodiment in Virtual Reality,backward,,10.1371/journal.pone.0009416,,,N,,Crossref,,
3,The Sense of Embodiment in Virtual Reality,backward,,10.1007/s12369-008-0002-2,,,N,,Crossref,,
3,The Sense of Embodiment in Virtual Reality,backward,,10.1016/j.neures.2009.08.005,,,N,,Crossref,,
3,The Sense of Embodiment in Virtual Reality,backward,,10.1162/pres.15.4.455,,,N,,Crossref,,
3,The Sense of Embodiment in Virtual Reality,backward,,10.1162/jocn.2009.21095,,,N,,Crossref,,
3,The Sense of Embodiment in Virtual Reality,backward,,10.1016/j.bandc.2008.05.001,,,N,,Crossref,,
3,The Sense of Embodiment in Virtual Reality,backward,,10.1111/j.1468-2885.2004.tb00302.x,,,N,,Crossref,,
3,The Sense of Embodiment in Virtual Reality,backward,,10.1016/j.concog.2008.11.003,,,N,,Crossref,,
3,The Sense of Embodiment in Virtual Reality,backward,,10.1515/revneuro.2006.17.6.643,,,N,,Crossref,,
3,The Sense of Embodiment in Virtual Reality,backward,,10.1126/science.1143439,,,N,,Crossref,,
3,The Sense of Embodiment in Virtual Reality,backward,,10.1016/j.cognition.2007.12.004,,,N,,Crossref,,
3,The Sense of Embodiment in Virtual Reality,backward,,10.1016/j.actpsy.2009.02.003,,,N,,Crossref,,
3,The Sense of Embodiment in Virtual Reality,backward,,10.1016/j.neucli.2007.12.006,,,N,,Crossref,,
3,The Sense of Embodiment in Virtual Reality,backward,,10.1145/566654.566630,,,Y,,Crossref,,
3,The Sense of Embodiment in Virtual Reality,backward,,10.1016/s0079-6123(07)68018-2,,,N,,Crossref,,
3,The Sense of Embodiment in Virtual Reality,backward,,10.1016/j.cortex.2008.09.004,,,N,,Crossref,,
3,The Sense of Embodiment in Virtual Reality,backward,,10.1073/pnas.0803768105,,,N,,Crossref,,
3,The Sense of Embodiment in Virtual Reality,backward,,10.1007/s00221-009-2104-y,,,N,,Crossref,,
3,The Sense of Embodiment in Virtual Reality,backward,,10.1111/j.1467-9450.1963.tb01326.x,,,N,,Crossref,,
3,The Sense of Embodiment in Virtual Reality,backward,,10.1371/journal.pone.0016128,,,Y,,Crossref,,
3,The Sense of Embodiment in Virtual Reality,backward,,10.1016/s0920-9964(03)00057-4,,,N,,Crossref,,
3,The Sense of Embodiment in Virtual Reality,backward,,10.1371/journal.pone.0003832,,,N,,Crossref,,
3,The Sense of Embodiment in Virtual Reality,backward,,10.3389/fpsyg.2011.00035,,,N,,Crossref,,
3,The Sense of Embodiment in Virtual Reality,backward,,10.1162/jocn.2008.20022,,,N,,Crossref,,
3,The Sense of Embodiment in Virtual Reality,backward,,10.1371/journal.pone.0021659,,,N,,Crossref,,
3,The Sense of Embodiment in Virtual Reality,backward,,10.1371/journal.pone.0010381,,,Y,,Crossref,,
3,The Sense of Embodiment in Virtual Reality,backward,,10.1016/j.cognition.2004.04.003,,,N,,Crossref,,
3,The Sense of Embodiment in Virtual Reality,backward,,10.1016/j.cub.2006.07.048,,,N,,Crossref,,
3,The Sense of Embodiment in Virtual Reality,backward,,10.1371/journal.pone.0006185,,,N,,Crossref,,
3,The Sense of Embodiment in Virtual Reality,backward,,10.1098/rstb.2009.0138,,,N,,Crossref,,
3,The Sense of Embodiment in Virtual Reality,backward,,10.3389/neuro.09.006.2008,,,N,,Crossref,,
3,The Sense of Embodiment in Virtual Reality,backward,,10.3389/neuro.01.029.2009,,,N,,Crossref,,
3,The Sense of Embodiment in Virtual Reality,backward,,10.1145/1778765.1778829,,,Y,,Crossref,,
3,The Sense of Embodiment in Virtual Reality,backward,,10.1371/journal.pone.0010564,,,N,,Crossref,,
3,The Sense of Embodiment in Virtual Reality,backward,,10.1371/journal.pone.0004040,,,N,,Crossref,,
3,The Sense of Embodiment in Virtual Reality,backward,,10.1016/j.neuropsychologia.2009.09.034,,,N,,Crossref,,
3,The Sense of Embodiment in Virtual Reality,backward,,10.1007/s00221-009-2039-3,,,N,,Crossref,,
3,The Sense of Embodiment in Virtual Reality,backward,,10.1016/j.neuropsychologia.2008.06.004,,,N,,Crossref,,
3,The Sense of Embodiment in Virtual Reality,backward,,10.1037/0096-1523.31.1.80,,,N,,Crossref,,
3,The Sense of Embodiment in Virtual Reality,backward,,10.1016/j.concog.2005.09.004,,,N,,Crossref,,
3,The Sense of Embodiment in Virtual Reality,backward,,10.1016/j.concog.2007.05.012,,,N,,Crossref,,
3,The Sense of Embodiment in Virtual Reality,backward,,10.1162/089892901564243,,,N,,Crossref,,
3,The Sense of Embodiment in Virtual Reality,backward,,10.1007/s00221-008-1562-y,,,N,,Crossref,,
3,The Sense of Embodiment in Virtual Reality,backward,,10.1016/s0010-0277(02)00100-2,,,N,,Crossref,,
3,The Sense of Embodiment in Virtual Reality,forward,Visitors' sense of presence and absence in digital cultural heritage experience: The case of the digital Forbidden City,10.1016/j.jhtm.2026.101499,2026,Journal of Hospitality and Tourism Management,N,SJR Q1,S2,,
3,The Sense of Embodiment in Virtual Reality,forward,Avatar fidelity and Co-presence in a collaborative VR educational task: a secondary analysis of the HuTwin dataset,10.3389/frvir.2026.1860866,2026,Frontiers in Virtual Reality,N,SJR Q1,S2,,
3,The Sense of Embodiment in Virtual Reality,forward,Dismantling the mechanism of VR self-compassion training: A two-session controlled trial with active controls.,10.1016/j.brat.2026.105102,2026,Behaviour Research and Therapy,N,SJR Q1,S2,,
3,The Sense of Embodiment in Virtual Reality,forward,Walking in Her Shoes: Virtual Embodiment of a Famous Female Scientist Reduces Implicit Gender–Science Associations,10.1016/j.chb.2026.109146,2026,Computers in Human Behavior,N,SJR Q1,S2,,
3,The Sense of Embodiment in Virtual Reality,forward,"Pratiche di lettura silenziosa in ambienti virtuali. Un’esperienza pilota tra corporeità, immaginazione e agency educativa",10.36253/rief-18223,2026,Rivista Italiana di Educazione Familiare,N,未照合,S2,,
3,The Sense of Embodiment in Virtual Reality,forward,A Lightweight 3DMM-CNN Pipeline for Real-Time Single-Image 3D Face Reconstruction: Prototyping Personalised Avatars for Extended Reality Applications,10.3390/informatics13080122,2026,Informatics,N,CORE National:Slovakia,S2,,
3,The Sense of Embodiment in Virtual Reality,forward,Redesigning Learning Through Immersive Technologies: An Educational Perspective on Virtual and Augmented Reality,10.3390/virtualworlds5030033,2026,Virtual Worlds,N,SJR Q1,S2,,
3,The Sense of Embodiment in Virtual Reality,forward,Who is pulling the string? The self-avatar follower effect in the context of involuntary movements in immersive and embodied virtual reality.,10.1016/j.neuroscience.2026.07.040,2026,Neuroscience,N,SJR Q3,S2,,
3,The Sense of Embodiment in Virtual Reality,forward,Multisensory Contributions to Presence in CARLA-Based Virtual Reality Bicycle Simulation,10.3390/app16147296,2026,Applied Sciences,N,SJR Q4,S2,,
3,The Sense of Embodiment in Virtual Reality,forward,Analyzing Change in VR: A Temporal–Rules–Cues Framework for Storyworld Dynamics and Authorial Intent,10.1145/3803784.3807539,2026,Creativity & Cognition,Y,CORE B,S2,,
3,The Sense of Embodiment in Virtual Reality,forward,VR as a Creative Medium for Immersive Storytelling: An Autobiographic Design Exploration,10.1145/3803784.3816833,2026,Creativity & Cognition,Y,CORE B,S2,,
3,The Sense of Embodiment in Virtual Reality,forward,Seamless interaction in VR: decoding user intent with eye gaze and passive brain–computer interfaces,10.64898/2026.07.06.736575,2026,bioRxiv,N,未照合,S2,,
3,The Sense of Embodiment in Virtual Reality,forward,The imaginary cat ears illusion: an analysis of ownership for an avatar’s cat ears via visual–auditory–haptic multimodal feedback in virtual reality,10.3389/frvir.2026.1817800,2026,Frontiers in Virtual Reality,N,SJR Q1,S2,,
3,The Sense of Embodiment in Virtual Reality,forward,Validity of Eye-Tracking Measures in Immersive Virtual Reality: Using Cognitive Theories of Learning,10.1007/s10648-026-10186-9,2026,Educational Psychology Review,N,SJR Q1,S2,,
3,The Sense of Embodiment in Virtual Reality,forward,Motion blending in avatar-mediated communication does not necessarily increase interpersonal attraction,10.3389/frvir.2026.1818260,2026,Frontiers in Virtual Reality,N,SJR Q1,S2,,
3,The Sense of Embodiment in Virtual Reality,forward,Body-technology interfaces: digital corporeality and emerging psychopathology,10.3389/fpsyt.2026.1740203,2026,Frontiers in Psychiatry,N,SJR Q1,S2,,
3,The Sense of Embodiment in Virtual Reality,forward,"The bodily self in fibromyalgia: A systematic review and meta-analysis of body image, body representation, and interoceptive dysfunction.",10.1111/pcn.70099,2026,Psychiatry and Clinical Neurosciences,N,SJR Q1,S2,,
3,The Sense of Embodiment in Virtual Reality,forward,A cartography of human experience across physical and digitally mediated environments: a scoping review,10.3389/fcomp.2026.1775185,2026,Frontiers of Computer Science,N,SJR Q2,S2,,
3,The Sense of Embodiment in Virtual Reality,forward,Embodiment in immersive virtual reality increases pupillary responses to a spider climbing a virtual arm.,10.1016/j.biopsycho.2026.109364,2026,Biological Psychology,N,SJR Q1,S2,,
3,The Sense of Embodiment in Virtual Reality,forward,Perception and Embodiment for Motion-Scaled Virtual Hands,10.3390/virtualworlds5030029,2026,Virtual Worlds,N,SJR Q1,S2,,
3,The Sense of Embodiment in Virtual Reality,forward,Sense-giving and sense-making of embodied meaning in immersive virtual reality training: a post-phenomenological analysis,10.1080/10494820.2026.2686800,2026,Interactive Learning Environments,N,SJR Q1,S2,,
3,The Sense of Embodiment in Virtual Reality,forward,Clinical Correlates of Unidimensional and Multidimensional Full-Body Illusion in Female Adolescents with Anorexia Nervosa,10.1177/21522715261463323,2026,"Cyberpsychology, Behavior, and Social Networking",N,SJR Q1,S2,,
3,The Sense of Embodiment in Virtual Reality,forward,"My avatar moves with me, so I am the one acting: Avatar responsiveness supports implicit sense of agency in virtual reality",10.1371/journal.pone.0351839,2026,PLoS ONE,N,SJR Q1,S2,,
3,The Sense of Embodiment in Virtual Reality,forward,Being Stone: Designing Nonhuman Embodiment in VR,10.1145/3802974.3808023,2026,DIS Companion,N,未照合,S2,,
3,The Sense of Embodiment in Virtual Reality,forward,Virtual Ambidextrous Hand Control: An Interaction Framework for Amplified Bimanual Coordination in Virtual Reality,10.1145/3802974.3809436,2026,DIS Companion,Y,未照合,S2,,
3,The Sense of Embodiment in Virtual Reality,forward,Tuning the Face: Modulating Facial Expressions for Realistic Self-Avatars in Virtual Reality,10.1145/3800645.3812871,2026,Symposium on Designing Interactive Systems,Y,CORE A,S2,,
3,The Sense of Embodiment in Virtual Reality,forward,Immersive creativity: a framework for expressive and creative interaction in virtual and mixed reality inspired by musical thinking,10.3389/frvir.2026.1804244,2026,Frontiers in Virtual Reality,N,SJR Q1,S2,,
3,The Sense of Embodiment in Virtual Reality,forward,Reshaping restriction: virtual embodiment modulates eating biases in anorexia nervosa,10.1038/s44184-026-00221-6,2026,npj Mental Health Research,Y,SJR Q1,S2,,
3,The Sense of Embodiment in Virtual Reality,forward,Revisiting customer loyalty in the digital age: How loyalty enhances sales performance through high-quality reviews,10.1016/j.jretconser.2026.104807,2026,Journal of Retailing and Consumer Services,N,SJR Q1,S2,,
3,The Sense of Embodiment in Virtual Reality,forward,A Multidimensional Assessment of Embodied Interaction in Large-Scale Full-Body Interactive Environments,10.1109/tg.2026.3682920,2026,IEEE Transactions on Games,N,SJR Q2,S2,,
3,The Sense of Embodiment in Virtual Reality,forward,From Statistics to Individuals: An Exploration of Zoomable Empathic Visualizations,10.48550/arxiv.2605.31026,2026,arXiv.org,N,未照合,S2,,
3,The Sense of Embodiment in Virtual Reality,forward,Embodying the other using the sixth finger illusion.,10.1016/j.cognition.2026.106601,2026,Cognition,N,SJR Q1,S2,,
3,The Sense of Embodiment in Virtual Reality,forward,Unobtrusive in-situ measurement of behavior change by deep metric similarity learning of motion patterns,10.3389/frvir.2026.1743415,2026,Frontiers in Virtual Reality,N,SJR Q1,S2,,
3,The Sense of Embodiment in Virtual Reality,forward,"Harassment in social virtual reality: frequency, harmfulness, and governance responses",10.1007/s10055-026-01388-1,2026,Virtual Reality,N,SJR Q1,S2,,
3,The Sense of Embodiment in Virtual Reality,forward,Temporal contexts in IVR strengthen spatial scaffolding and phenomenology during autobiographical mental time travel,10.3389/frvir.2026.1786824,2026,Frontiers in Virtual Reality,N,SJR Q1,S2,,
3,The Sense of Embodiment in Virtual Reality,forward,"A scoping review on haptic-mediated immersive museum experiences (HM-IMEs): trends, mechanisms and opportunities",10.1038/s40494-026-02641-1,2026,npj Heritage Science,N,SJR Q1,S2,,
3,The Sense of Embodiment in Virtual Reality,forward,I Have a Claw! Impact of Embodying a Biomimetic Avatar on Self-Perception and Task Performance in Virtual Reality,10.1109/tvcg.2026.3693261,2026,IEEE Transactions on Visualization and Computer Graphics,Y,SJR Q1,S2,,
3,The Sense of Embodiment in Virtual Reality,forward,Cross-Realm Embodied Interactions: Bridging Physical and Virtual Social Presence Through Digital Twin Environments,10.1109/icciaa68481.2026.11543606,2026,2026 2nd International Conference on Computational Intelligence Approaches and Applications (ICCIAA),N,未照合,S2,,
3,The Sense of Embodiment in Virtual Reality,forward,"Rushed by Discomfort, Trapped by Immersion: Users’ Experiences and Responses to Privacy Deceptive Design in Commercial VR Applications",10.1145/3800645.3812990,2026,Symposium on Designing Interactive Systems,Y,CORE A,S2,,
3,The Sense of Embodiment in Virtual Reality,forward,Bodyless Presence: Reconsidering the Minimal Self in Immersive Video,10.48550/arxiv.2605.03873,2026,arXiv.org,N,未照合,S2,,
3,The Sense of Embodiment in Virtual Reality,forward,Virtual Embodiment in virtual mirrors and presence: effects on adolescent self-esteem,10.3389/frvir.2026.1772574,2026,Frontiers in Virtual Reality,N,SJR Q1,S2,,
3,The Sense of Embodiment in Virtual Reality,forward,Slightly Stretching Your Arm's Reach May Improve VR Interaction: The Optimal Interaction Zone in a Memory Task,10.1109/tvcg.2026.3679873,2026,IEEE Transactions on Visualization and Computer Graphics,Y,SJR Q1,S2,,
3,The Sense of Embodiment in Virtual Reality,forward,Am I Still Me? Visual Congruence Across Reality-Virtuality and Avatar Appearance in Shaping Self-Perception and Behavior,10.1109/tvcg.2026.3679890,2026,IEEE Transactions on Visualization and Computer Graphics,N,SJR Q1,S2,,
3,The Sense of Embodiment in Virtual Reality,forward,How Harassment Shapes Self-Perception and Well-Being in Social VR: Evidence from a Controlled Lab Study,10.1109/tvcg.2026.3680575,2026,IEEE Transactions on Visualization and Computer Graphics,Y,SJR Q1,S2,,
3,The Sense of Embodiment in Virtual Reality,forward,"User-Articulated Associations in VR: A Co-Occurrence Network Map of Presence, Realism, Agency, and Time",10.1109/tvcg.2026.3679112,2026,IEEE Transactions on Visualization and Computer Graphics,Y,SJR Q1,S2,,
3,The Sense of Embodiment in Virtual Reality,forward,Evaluating Cutout Rendering Techniques for Pass-Through Embodiment Using a Real-Mirror Metaphor,10.1109/tvcg.2026.3680579,2026,IEEE Transactions on Visualization and Computer Graphics,N,SJR Q1,S2,,
3,The Sense of Embodiment in Virtual Reality,forward,Restorative VR technology: The role of embodied interactivity and environmental embeddedness in mental well-being,10.1016/j.jenvp.2026.103003,2026,Journal of Environmental Psychology,N,SJR Q1,S2,,
3,The Sense of Embodiment in Virtual Reality,forward,Between the bars: Virtual reality and physical prison simulations link to reduced prejudice against incarcerated people,10.1016/j.chb.2026.109048,2026,Computers in Human Behavior,N,SJR Q1,S2,,
3,The Sense of Embodiment in Virtual Reality,forward,“I felt like a marine organism”: Exploring underwater virtual reality experiences and their potential to foster ocean connectedness,10.1016/j.chbr.2026.101093,2026,Computers in Human Behavior Reports,N,SJR Q1,S2,,
3,The Sense of Embodiment in Virtual Reality,forward,Reorienting with the Bare Hand: Gesture-Based Techniques for Orientation-Enabled Teleportation in Virtual Reality,10.1109/tvcg.2026.3679138,2026,IEEE Transactions on Visualization and Computer Graphics,N,SJR Q1,S2,,
3,The Sense of Embodiment in Virtual Reality,forward,Letting Go of Your Real Body: Noisy Electrical Stimulation Facilitates Body Schema Transformation in Virtual Reality,10.1109/tvcg.2026.3679128,2026,IEEE Transactions on Visualization and Computer Graphics,Y,SJR Q1,S2,,
3,The Sense of Embodiment in Virtual Reality,forward,Use Case Matters: Comparing the User Experience and Task Performance Across Tasks for Embodied Interaction in VR,10.1109/tvcg.2026.3680577,2026,IEEE Transactions on Visualization and Computer Graphics,N,SJR Q1,S2,,
3,The Sense of Embodiment in Virtual Reality,forward,Investigating the Effects of Egocentric FPV vs. Exocentric TPV Perspectives and Collaboration Modes on Sense of Agency in VR Teleoperation,10.1109/tvcg.2026.3679916,2026,IEEE Transactions on Visualization and Computer Graphics,N,SJR Q1,S2,,
3,The Sense of Embodiment in Virtual Reality,forward,The Avatar as a Tool: The Critical Role of the First-Person Perspective in Linking Embodiment and Presence,10.1016/j.chbr.2026.101097,2026,Computers in Human Behavior Reports,N,SJR Q1,S2,,
3,The Sense of Embodiment in Virtual Reality,forward,The Effects of Perspective‐Based Out‐of‐Body Experience in Virtual Reality Public Speaking,10.1002/cav.70120,2026,Computer Animation and Virtual Worlds,N,SJR Q2,S2,,
3,The Sense of Embodiment in Virtual Reality,forward,Alter-Art: Exploring Embodied Artistic Creation through a Robot Avatar,10.48550/arxiv.2604.26473,2026,arXiv.org,N,未照合,S2,,
3,The Sense of Embodiment in Virtual Reality,forward,Immersive Indies: On Immersive Strategies in Independent Games for Virtual Reality (VR),10.51698/tripodos.2026.59.07,2026,Tripodos,N,SJR Q3,S2,,
3,The Sense of Embodiment in Virtual Reality,forward,Dynamic Abstract Avatars Impact Dancers' Sense of Embodiment and Movement Choices,10.1145/3802842.3802870,2026,MOCO,N,未照合,S2,,
3,The Sense of Embodiment in Virtual Reality,forward,"Moving Contexts: How Culture, Context, and Movement Histories Shape Whole-Body Interaction in Aesthetic Environments",10.1145/3802842.3802852,2026,MOCO,N,未照合,S2,,
3,The Sense of Embodiment in Virtual Reality,forward,The Effect of Photorealism Consistency Between the Virtual Hands and Environment on the Sense of Body Ownership and Presence in Virtual Reality,10.1109/tvcg.2026.3686249,2026,IEEE Transactions on Visualization and Computer Graphics,N,SJR Q1,S2,,
3,The Sense of Embodiment in Virtual Reality,forward,Investigating Self-Body Perception and Its Effect on Affordance in Augmented Reality,10.1145/3807944,2026,ACM Transactions on Applied Perception,N,CORE B,S2,,
3,The Sense of Embodiment in Virtual Reality,forward,Designing Extended Intelligence: A Taxonomy of Psychobiological Effects of XR-AI Systems for Human Capability Augmentation,10.3390/virtualworlds5020018,2026,Virtual Worlds,N,SJR Q1,S2,,
3,The Sense of Embodiment in Virtual Reality,forward,From Courtside to Console: How NBA Superfans Extend Their Identities Through MyPlayer in NBA 2K,10.1080/08838151.2026.2660922,2026,Journal of Broadcasting &amp; Electronic Media,N,未照合,S2,,
3,The Sense of Embodiment in Virtual Reality,forward,The Wetland Quest: Fostering Empathy and Literacy for Urban Herpetofauna Through VR Wetland Exploration,10.1145/3772318.3790443,2026,International Conference on Human Factors in Computing Systems,Y,CORE A*,S2,,
3,The Sense of Embodiment in Virtual Reality,forward,Out of Control: Effects of Multimodal Self-similarity on Embodiment During Autonomous Avatar Demonstrations in Virtual Reality,10.1145/3772318.3790629,2026,International Conference on Human Factors in Computing Systems,Y,CORE A*,S2,,
3,The Sense of Embodiment in Virtual Reality,forward,"Virtual Selves, Real Emotions: The Impact of Photorealistic Avatar Personalization on Emotion in Virtual Reality",10.1145/3772318.3791423,2026,International Conference on Human Factors in Computing Systems,Y,CORE A*,S2,,
3,The Sense of Embodiment in Virtual Reality,forward,"Social, Spatial, and Self-Presence as Predictors of Basic Psychological Need Satisfaction in Social VR",10.1145/3772318.3790299,2026,International Conference on Human Factors in Computing Systems,Y,CORE A*,S2,,
3,The Sense of Embodiment in Virtual Reality,forward,MomentumTouch: How Consistent Haptic Feedback Empowers VR Embodied Learning through Cognitive Resource Reconstruction,10.1145/3772318.3791751,2026,International Conference on Human Factors in Computing Systems,Y,CORE A*,S2,,
3,The Sense of Embodiment in Virtual Reality,forward,Can We Infer Object Pose Changes from Hand Movements?,10.1145/3772318.3790384,2026,International Conference on Human Factors in Computing Systems,N,CORE A*,S2,,
3,The Sense of Embodiment in Virtual Reality,forward,"Beyond ""Being There"": An Integrated Framework for Measuring Narrative Experience in Immersive Virtual Reality",10.1145/3772363.3799004,2026,CHI Extended Abstracts,Y,未照合,S2,,
3,The Sense of Embodiment in Virtual Reality,forward,Understanding Amateur Actors’ VR Rehearsal Needs: Priorities and Rationales,10.1145/3772363.3799322,2026,CHI Extended Abstracts,Y,未照合,S2,,
3,The Sense of Embodiment in Virtual Reality,forward,When Hands Meet Physics in Virtual Reality: Effects of Interaction Fidelity on User Experience,10.1145/3772318.3790483,2026,International Conference on Human Factors in Computing Systems,Y,CORE A*,S2,,
3,The Sense of Embodiment in Virtual Reality,forward,Escape From Human: An Interview Study of Social VR Players Practicing Self-Expression Through Avatars that Self-Identify as “Non-Human”,10.1145/3772318.3791235,2026,International Conference on Human Factors in Computing Systems,Y,CORE A*,S2,,
3,The Sense of Embodiment in Virtual Reality,forward,Investigating Personalised Avatars with Face Tracking in Social VR,10.1145/3772363.3799372,2026,CHI Extended Abstracts,Y,未照合,S2,,
3,The Sense of Embodiment in Virtual Reality,forward,Show Me How to Play: Exploring Self-Modeling for Onboarding in Virtual Reality Exergames,10.1145/3772318.3790333,2026,International Conference on Human Factors in Computing Systems,Y,CORE A*,S2,,
3,The Sense of Embodiment in Virtual Reality,forward,Virtual Perspectives: Effects of Spatial Presence and Agency on Affective and Cognitive Virtual Reality Perspective-Taking,10.1145/3772318.3791058,2026,International Conference on Human Factors in Computing Systems,Y,CORE A*,S2,,
3,The Sense of Embodiment in Virtual Reality,forward,Experiencing Change: A Scoping Review of Behavior Change with Extended Reality,10.1145/3772318.3790588,2026,International Conference on Human Factors in Computing Systems,N,CORE A*,S2,,
3,The Sense of Embodiment in Virtual Reality,forward,Using a virtual reality role-playing game to enhance interaction dynamics and improve social attitudes toward transgender people,10.1038/s41598-026-46402-3,2026,Scientific Reports,N,SJR Q1,S2,,
3,The Sense of Embodiment in Virtual Reality,forward,Between consenting avatars,10.1007/s10676-026-09901-5,2026,Ethics and Information Technology,N,SJR Q1,S2,,
3,The Sense of Embodiment in Virtual Reality,forward,Drone Rider: Effects of Wind Conditions on the Sense of Flight,10.3390/app16073544,2026,Applied Sciences,N,SJR Q4,S2,,
3,The Sense of Embodiment in Virtual Reality,forward,"Immersive Virtual Reality Gameplay Alters Embodiment, Time Perception, and States of Consciousness",10.3390/virtualworlds5020016,2026,Virtual Worlds,N,SJR Q1,S2,,
3,The Sense of Embodiment in Virtual Reality,forward,The impact of prototype presentation and environment on concept evaluation in early-stage design,10.1007/s10055-026-01363-w,2026,Virtual Reality,N,SJR Q1,S2,,
3,The Sense of Embodiment in Virtual Reality,forward,On the Systematic Design Framework for Intuitive Interfaces in Telerobotic Operations: A Case Study in Surgical Robotics,10.1109/toh.2026.3684095,2026,IEEE Transactions on Haptics,N,SJR Q2,S2,,
3,The Sense of Embodiment in Virtual Reality,forward,"Virtual humans in virtual reality: a scoping review on sociability, fidelity, and expression",10.3389/frvir.2026.1738000,2026,Frontiers in Virtual Reality,N,SJR Q1,S2,,
3,The Sense of Embodiment in Virtual Reality,forward,"Effects of Virtual Nature Embodiment on Compassion, Empathy, Nature Connectedness, and Symptom Burden in Patients With Psychosis or Depression: An Explorative Clinical Study",10.2196/74337,2026,JMIR Serious Games,Y,SJR Q1,S2,,
3,The Sense of Embodiment in Virtual Reality,forward,"Reliability in Focus: Trust, Agency, Ownership, and Gaze Behavior in a VR Prosthesis Simulator",10.1109/tnsre.2026.3676703,2026,IEEE transactions on neural systems and rehabilitation engineering,N,SJR Q1,S2,,
3,The Sense of Embodiment in Virtual Reality,forward,Mitigating VR Motion Sickness Through Multi-sensory Simulation of Wind Sensation (MSSWS): A Vestibular-Visual Synchronization Approach,10.1109/vr67842.2026.00089,2026,IEEE Conference on Virtual Reality and 3D User Interfaces,N,CORE A*,S2,,
3,The Sense of Embodiment in Virtual Reality,forward,Reallocation of Body Ownership Between Avatar and Omniscient Entity in Third-Person Perspective VR,10.1109/vr67842.2026.00080,2026,IEEE Conference on Virtual Reality and 3D User Interfaces,N,CORE A*,S2,,
3,The Sense of Embodiment in Virtual Reality,forward,Does your brain feel virtual touch as a physical touch? Influence of haptics and cognitive workload on touch perception in VR,10.1109/vr67842.2026.00036,2026,IEEE Conference on Virtual Reality and 3D User Interfaces,N,CORE A*,S2,,
3,The Sense of Embodiment in Virtual Reality,forward,The Interface as a Markov Blanket: Reframing VR Interaction via the Free Energy Principle,10.1109/vrw70859.2026.00124,2026,2026 IEEE Conference on Virtual Reality and 3D User Interfaces Abstracts and Workshops (VRW),N,CORE A*,S2,,
3,The Sense of Embodiment in Virtual Reality,forward,StoryBaker: Generative Memoryscapes from Personal Narratives in XR,10.1109/vrw70859.2026.00184,2026,2026 IEEE Conference on Virtual Reality and 3D User Interfaces Abstracts and Workshops (VRW),N,CORE A*,S2,,
3,The Sense of Embodiment in Virtual Reality,forward,Ink in Motion: Re-Drawing Beijing's Eight Sights Through Immersive Dance,10.1109/vrw70859.2026.00413,2026,2026 IEEE Conference on Virtual Reality and 3D User Interfaces Abstracts and Workshops (VRW),N,CORE A*,S2,,
3,The Sense of Embodiment in Virtual Reality,forward,Virtual Dai Realm: AI Mocap and XR Staging for Culturally-Situated Embodied Performance,10.1109/vrw70859.2026.00414,2026,2026 IEEE Conference on Virtual Reality and 3D User Interfaces Abstracts and Workshops (VRW),N,CORE A*,S2,,
3,The Sense of Embodiment in Virtual Reality,forward,Designing Super-Functional Virtual Arms for Quantitative Embodiment Research with Children in Virtual Reality,10.1109/vrw70859.2026.00104,2026,2026 IEEE Conference on Virtual Reality and 3D User Interfaces Abstracts and Workshops (VRW),N,CORE A*,S2,,
3,The Sense of Embodiment in Virtual Reality,forward,Being a Giraffe: Embodied Locomotion Interfaces for Understanding Non-Human Morphology in VR,10.1109/vrw70859.2026.00321,2026,2026 IEEE Conference on Virtual Reality and 3D User Interfaces Abstracts and Workshops (VRW),N,CORE A*,S2,,
3,The Sense of Embodiment in Virtual Reality,forward,A Neuroergonomic Comparison of Immersive Virtual Reality and Desktop-Based Neurofeedback During Human–Drone Interaction,10.1109/vrw70859.2026.00166,2026,2026 IEEE Conference on Virtual Reality and 3D User Interfaces Abstracts and Workshops (VRW),N,CORE A*,S2,,
3,The Sense of Embodiment in Virtual Reality,forward,A Scalable and Cost-Effective Multi-View Capture System for Photorealistic Dynamic Human Reconstruction,10.1109/vrw70859.2026.00274,2026,2026 IEEE Conference on Virtual Reality and 3D User Interfaces Abstracts and Workshops (VRW),N,CORE A*,S2,,
3,The Sense of Embodiment in Virtual Reality,forward,Educational Effects on Virtual Reality Based Exhibitions of Elementary School Students' Artworks,10.1109/vrw70859.2026.00102,2026,2026 IEEE Conference on Virtual Reality and 3D User Interfaces Abstracts and Workshops (VRW),N,CORE A*,S2,,
3,The Sense of Embodiment in Virtual Reality,forward,VR Builds Lasting Empathy & Compassion: Observation Edges Embodiment in Adolescents,10.1109/vrw70859.2026.00105,2026,2026 IEEE Conference on Virtual Reality and 3D User Interfaces Abstracts and Workshops (VRW),N,CORE A*,S2,,
3,The Sense of Embodiment in Virtual Reality,forward,VIRTOSHA - A VR Training Simulation for Osteosynthesis Procedures with Force Feedback and Tissue Simulation,10.1109/vrw70859.2026.00171,2026,2026 IEEE Conference on Virtual Reality and 3D User Interfaces Abstracts and Workshops (VRW),N,CORE A*,S2,,
3,The Sense of Embodiment in Virtual Reality,forward,EEG biomarkers of the sense of embodiment: methodological gaps and evidence-based recommendations from a systematic review,10.3389/fnsys.2026.1756407,2026,Frontiers in Systems Neuroscience,N,SJR Q1,S2,,
3,The Sense of Embodiment in Virtual Reality,forward,Enhancing safety education through empathic VR experiences: influences of first-person perspective and Victim’s background story,10.3389/frvir.2026.1728897,2026,Frontiers in Virtual Reality,N,SJR Q1,S2,,
3,The Sense of Embodiment in Virtual Reality,forward,Become the Beast: Exploring Human-Quadruped Locomotion for Exergames,,2026,,N,,S2,,
3,The Sense of Embodiment in Virtual Reality,forward,SyncArms: Gaze-Driven Implicit Assistive Control for Parallel Robot Arms in Distributed Environments,10.1145/3795011.3795048,2026,NASA/ESA Conference on Adaptive Hardware and Systems,N,未照合,S2,,
3,The Sense of Embodiment in Virtual Reality,forward,BCI Control of Virtual Supernumerary Limbs: An Investigation of Imagery Separability and Sense of Embodiment in a Multitasking,10.1145/3795011.3795015,2026,NASA/ESA Conference on Adaptive Hardware and Systems,Y,未照合,S2,,
3,The Sense of Embodiment in Virtual Reality,forward,Drifting Embodiment: A Mixed-Methods Study Exploring the Effects of Virtual Reality Experiences of Embodiment and Awe on Perceptions of Experimental Pain,10.1145/3795011.3795032,2026,NASA/ESA Conference on Adaptive Hardware and Systems,Y,未照合,S2,,
3,The Sense of Embodiment in Virtual Reality,forward,First-Person Perspective Gesture Observation in Virtual Reality: A Novel Approach for Anomia Rehabilitation in Post-Stroke Aphasia.,10.1016/j.neuropsychologia.2026.109432,2026,Neuropsychologia,N,SJR Q2,S2,,
3,The Sense of Embodiment in Virtual Reality,forward,"Effects of interactivity, immersion, and physical discomfort on learning in VR nursing education",10.1371/journal.pone.0344586,2026,PLoS ONE,N,SJR Q1,S2,,
3,The Sense of Embodiment in Virtual Reality,forward,Seeing Avatars During Social Interaction in VR May Enhance Inter-Brain Synchronization,10.1109/tvcg.2026.3671344,2026,IEEE Transactions on Visualization and Computer Graphics,N,SJR Q1,S2,,
3,The Sense of Embodiment in Virtual Reality,forward,"Characterizing Device Transitions and Their Impact on Presence, Embodiment and Avatar Identification in Cross-Platform Virtual Environments",10.1109/tvcg.2026.3668931,2026,IEEE Transactions on Visualization and Computer Graphics,Y,SJR Q1,S2,,
3,The Sense of Embodiment in Virtual Reality,forward,Development of a Virtual Reality Program for Internationally Standardized Non-Face-to-Face Nursing Practicum Education: Design and Validation of a Sensor-Integrated XR System,10.3390/s26061843,2026,Italian National Conference on Sensors,N,未照合,S2,,
3,The Sense of Embodiment in Virtual Reality,forward,Effects of Exposure to Non-Immersive Virtual Reality on Disgust and Anxiety: A Study on Non-Clinical Samples,10.3390/bs16030445,2026,Behavioral Science,N,SJR Q3,S2,,
3,The Sense of Embodiment in Virtual Reality,forward,Immersion Without Headsets: Expanding the Concept Beyond Virtual Reality Technologies,10.1016/j.chbr.2026.101019,2026,Computers in Human Behavior Reports,N,SJR Q1,S2,,
3,The Sense of Embodiment in Virtual Reality,forward,"Psychological ownership in shared AR: The roles of partner reality, object reality, controllability, and proximity",10.1016/j.cag.2026.104583,2026,Computers & graphics,N,SJR Q2,S2,,
3,The Sense of Embodiment in Virtual Reality,forward,Functional sufficiency in VR: achieving non-corporeal embodiment,10.3389/fnsys.2026.1778604,2026,Frontiers in Systems Neuroscience,N,SJR Q1,S2,,
3,The Sense of Embodiment in Virtual Reality,forward,The Invisible Artifact: Understanding Human Perception of Own Nose in Binocular Vision.,10.1016/j.neuropsychologia.2026.109413,2026,Neuropsychologia,N,SJR Q2,S2,,
3,The Sense of Embodiment in Virtual Reality,forward,Evaluating the effects of visual character-based enhancements in cognitive bias modification for depression: A proof-of-concept randomized controlled trial.,10.1016/j.jad.2026.121493,2026,Journal of Affective Disorders,N,SJR Q1,S2,,
3,The Sense of Embodiment in Virtual Reality,forward,EEG-based Forward Movement and Turning MI Classification with and without Action Observation in Virtual Reality,10.1109/bci69045.2026.11435097,2026,Balkan Conference in Informatics,N,未照合,S2,,
3,The Sense of Embodiment in Virtual Reality,forward,Smells Like Real-World Spirit – Olfactory Cues and Patient Safety Behavior in VR Medical Simulation: a Controlled Trial (Preprint),10.2196/93148,2026,JMIR Medical Education,N,SJR Q1,S2,,
3,The Sense of Embodiment in Virtual Reality,forward,Data Glove and Controller Utilized in a Ball-Catching Task With Virtual Reality Differentially Modulate Corticospinal Excitability During Combined Action Observation and Motor Imagery,10.1109/tnsre.2026.3664861,2026,IEEE transactions on neural systems and rehabilitation engineering,Y,SJR Q1,S2,,
3,The Sense of Embodiment in Virtual Reality,forward,"Social, Spatial, and Self-Presence as Predictors of Basic Psychological Need Satisfaction in Social Virtual Reality",10.48550/arxiv.2602.12764,2026,arXiv.org,N,未照合,S2,,
3,The Sense of Embodiment in Virtual Reality,forward,Building the engaging meta-workplace: serial mediation of embodied social interaction and virtual psychological support,10.1108/jsit-08-2025-0370,2026,Journal of Systems and Information Technology,N,SJR Q2,S2,,
3,The Sense of Embodiment in Virtual Reality,forward,"Movement speed of an autonomous prosthetic limb shapes embodiment, usability and robotic social attributes in virtual reality",10.1038/s41598-026-38977-8,2026,Scientific Reports,N,SJR Q1,S2,,
3,The Sense of Embodiment in Virtual Reality,forward,Align-Box: Enable Fast Bare-Hand Multi-Object Alignment in VR,10.1080/10447318.2026.2621281,2026,International Journal of Human-Computer Interaction,N,SJR Q2,S2,,
3,The Sense of Embodiment in Virtual Reality,forward,Virtual reality and embodiment: rethinking self-construction and identity in therapeutic contexts,10.3389/frvir.2026.1756137,2026,Frontiers Virtual Real.,N,未照合,S2,,
3,The Sense of Embodiment in Virtual Reality,forward,The Cognitive Affective Model of Motion Capture Training: A Theoretical Framework for Enhancing Embodied Learning and Creative Skill Development in Computer Animation Design,10.3390/computers15020100,2026,De Computis,N,未照合,S2,,
3,The Sense of Embodiment in Virtual Reality,forward,The Impact of 3D Interactive Prompts on College Students’ Learning Outcomes in Desktop Virtual Learning Environments: A Study Based on Eye-Tracking Experiments,10.3390/jemr19010019,2026,Journal of Eye Movement Research,N,SJR Q2,S2,,
3,The Sense of Embodiment in Virtual Reality,forward,Is a conscious silicon brain achievable?,10.1016/j.neuroscience.2025.12.003,2026,Neuroscience,N,SJR Q3,S2,,
3,The Sense of Embodiment in Virtual Reality,forward,Co-designing meaningful extended reality for physical rehabilitation: a stakeholder-driven approach to embodied telehealth,10.3389/frvir.2025.1675309,2026,Frontiers Virtual Real.,N,未照合,S2,,
3,The Sense of Embodiment in Virtual Reality,forward,How Do We Evaluate Experiences in Immersive Environments?,10.1145/3772318.3790724,2026,International Conference on Human Factors in Computing Systems,Y,CORE A*,S2,,
3,The Sense of Embodiment in Virtual Reality,forward,Reflective Motion and a Physical Canvas: Exploring Embodied Journaling in Virtual Reality,10.1145/3772318.3790486,2026,International Conference on Human Factors in Computing Systems,Y,CORE A*,S2,,
3,The Sense of Embodiment in Virtual Reality,forward,Resisting the Avatar: Motor Responses to Spatial Distortions in Upper- and Lower-Limb Reaching Without Visual Targets,10.1109/tvcg.2026.3656778,2026,IEEE Transactions on Visualization and Computer Graphics,N,SJR Q1,S2,,
3,The Sense of Embodiment in Virtual Reality,forward,Children's Embodiment of Non‐Human Virtual Hand Forms,10.1111/desc.70131,2026,Developmental Science,N,SJR Q1,S2,,
3,The Sense of Embodiment in Virtual Reality,forward,Technological Advances in Two Generations of Consumer-Grade VR Systems: Effects on User Experience and Task Performance,10.48550/arxiv.2601.09610,2026,arXiv.org,N,未照合,S2,,
3,The Sense of Embodiment in Virtual Reality,forward,AI-Powered Procedural Haptics for Narrative VR: A Systematic Literature Review,10.3390/mti10010009,2026,Multimodal Technologies and Interaction,N,SJR Q2,S2,,
3,The Sense of Embodiment in Virtual Reality,forward,"""Did she just tap me?"": qualifying multisensory feedback for social touch during human-agent interaction in virtual reality",10.3389/frvir.2025.1718198,2026,Frontiers Virtual Real.,Y,未照合,S2,,
3,The Sense of Embodiment in Virtual Reality,forward,LocoScooter: Designing a Stationary Scooter-Based Locomotion System for Navigation in Virtual Reality,10.1109/tvcg.2026.3679135,2026,IEEE Transactions on Visualization and Computer Graphics,N,SJR Q1,S2,,
3,The Sense of Embodiment in Virtual Reality,forward,Immersive technologies and intergroup relations: A critical review of theoretical questions and methodological challenges,10.1016/j.chb.2026.108908,2026,Computers in Human Behavior,N,SJR Q1,S2,,
3,The Sense of Embodiment in Virtual Reality,forward,"Virtual body ownership affects the processing of sensorimotor contingencies and goal-oriented information extraction, but not semantics",10.1016/j.neuroimage.2026.121715,2026,NeuroImage,N,SJR Q1,S2,,
3,The Sense of Embodiment in Virtual Reality,forward,Sensory Substitution and Embodiment Shape Performance and Immersion in Teleoperated Settings,10.1111/psyp.70244,2026,Psychophysiology,N,SJR Q3,S2,,
3,The Sense of Embodiment in Virtual Reality,forward,Non-immersive robot teleoperation does not reliably affect egocentric dishonesty but can influence altruistic dishonesty,10.1016/j.isci.2026.114645,2026,iScience,N,SJR Q1,S2,,
3,The Sense of Embodiment in Virtual Reality,forward,"Safety, Efficiency, and Mental Workload of Predictive Display in Simulated Teledriving",10.3390/s26010221,2025,Italian National Conference on Sensors,N,未照合,S2,,
3,The Sense of Embodiment in Virtual Reality,forward,Gaze strategy and sense of ownership in learning prosthetic control: a comparative study using wearable eye tracking,10.1186/s12984-025-01860-0,2025,Journal of NeuroEngineering and Rehabilitation,N,SJR Q1,S2,,
3,The Sense of Embodiment in Virtual Reality,forward,Positive narrativity enhances sense of agency toward a VR avatar,10.3389/fpsyg.2026.1775907,2025,Frontiers in Psychology,N,SJR Q1,S2,,
3,The Sense of Embodiment in Virtual Reality,forward,Inducing selflessness through a numadelic virtual reality experience: a preliminary study,10.1007/s10055-025-01293-z,2025,Virtual Reality,N,SJR Q1,S2,,
3,The Sense of Embodiment in Virtual Reality,forward,Exploration of Virtual Reality Gaming Experience Questionnaire (VRGEQ) Design and Validation for Cultural Heritage: The Mingzhi Academy Case,10.1109/icmet67594.2025.11451922,2025,2025 7th International Conference on Modern Educational Technology (ICMET),Y,未照合,S2,,
3,The Sense of Embodiment in Virtual Reality,forward,"Interactive Communication - cross-disciplinary perspectives from psychology, acoustics, and media technology",10.48550/arxiv.2512.04692,2025,arXiv.org,N,未照合,S2,,
3,The Sense of Embodiment in Virtual Reality,forward,"Enhancing spoken English skills through an immersive virtual world: a pilot study focusing on motivation, confidence and teacher presence",10.1080/09571736.2025.2552375,2025,Language Learning Journal,N,SJR Q1,S2,,
3,The Sense of Embodiment in Virtual Reality,forward,"""Virtual unreality"": unreal augmentation of perception and action must fit the task to be beneficial",10.3389/frvir.2025.1658463,2025,Frontiers Virtual Real.,N,未照合,S2,,
3,The Sense of Embodiment in Virtual Reality,forward,Social Presence in Virtual Reality: A Comparative Study of AI NPCs and Human Instructors,10.1145/3769047.3769051,2025,Motion in Games,Y,未照合,S2,,
3,The Sense of Embodiment in Virtual Reality,forward,"Reframing Human-Robot Interaction Through Extended Reality: Unlocking Safer, Smarter, and More Empathic Interactions with Virtual Robots and Foundation Models",10.70401/ec.2026.0018,2025,Empathic Computing,N,未照合,S2,,
3,The Sense of Embodiment in Virtual Reality,forward,Mattering in the metaverse: Re-imagining inclusive futures of work with immersive platforms,10.1016/j.jsis.2025.101938,2025,Journal of strategic information systems,N,SJR Q1,S2,,
3,The Sense of Embodiment in Virtual Reality,forward,Room for collaboration: Analyzing group learning in spatial digital learning environments,10.1016/j.caeo.2025.100308,2025,Computers and Education Open,N,SJR Q1,S2,,
3,The Sense of Embodiment in Virtual Reality,forward,Embodied Cognition in Virtual Reality: A Body-Environment-Tool Framework for Sensorimotor Reconfiguration in Extreme Environments,10.1109/ceii67787.2025.00037,2025,2025 8th Asia Conference on Cognitive Engineering and Intelligent Interaction (CEII),N,未照合,S2,,
3,The Sense of Embodiment in Virtual Reality,forward,Reaching further in VR: a comparative study with a novel velocity-based technique,10.1007/s10055-025-01189-y,2025,Virtual Reality,N,SJR Q1,S2,,
3,The Sense of Embodiment in Virtual Reality,forward,From Motion to Meaning: Educational and Design Perspectives on Embodied Locomotion in Virtual Reality,10.1145/3773699.3774712,2025,ARTECH,Y,未照合,S2,,
3,The Sense of Embodiment in Virtual Reality,forward,Fatigue influences embodiment perception and motor performance in multiple sclerosis subjects: a cross-sectional immersive virtual reality study,10.1186/s12984-025-01788-5,2025,Journal of NeuroEngineering and Rehabilitation,Y,SJR Q1,S2,,
3,The Sense of Embodiment in Virtual Reality,forward,Sexual Mindfulness and the Libido of Generativity: A Psychoanalytic Perspective on Future-Oriented Desire and Couple Well-Being,10.3390/sexes6040065,2025,Sexes,N,未照合,S2,,
3,The Sense of Embodiment in Virtual Reality,forward,Enhancing Mindfulness Training in Virtual Reality: A Randomized Trial of Biofeedback Integration,10.1177/21522715251397933,2025,"Cyberpsychology, Behavior, and Social Networking",N,SJR Q1,S2,,
3,The Sense of Embodiment in Virtual Reality,forward,Investigating How to Control Virtual Spiders While Embodying Them in Virtual Reality,10.1145/3756884.3765989,2025,Virtual Reality Software and Technology,Y,未照合,S2,,
3,The Sense of Embodiment in Virtual Reality,forward,Vivid illusions and realtime feedback in VR-improved motor imagery and motivation of stroke patients with impaired motor imagery,10.3389/fneur.2025.1629587,2025,Frontiers in Neurology,Y,SJR Q2,S2,,
3,The Sense of Embodiment in Virtual Reality,forward,The FOUND questionnaire: identifying stable traits associated with success in remote operations—an exploratory study,10.3389/fnsys.2025.1676412,2025,Frontiers in Systems Neuroscience,N,SJR Q1,S2,,
3,The Sense of Embodiment in Virtual Reality,forward,Spatial User Experience in VR Narrative Systems: A Taxonomy from Scoping Review,10.14236/ewic/bcshci2025.68,2025,Electronic Workshops in Computing,N,未照合,S2,,
3,The Sense of Embodiment in Virtual Reality,forward,Design heuristics for integrating the metaverse into hybrid higher education courses,10.1080/10494820.2025.2584571,2025,Interactive Learning Environments,N,SJR Q1,S2,,
3,The Sense of Embodiment in Virtual Reality,forward,Virtual reality programs targeting executive functions and social cognition evaluation and/or rehabilitation in children with ADHD or ASD—A narrative review,10.3389/fpsyg.2025.1583052,2025,Frontiers in Psychology,N,SJR Q1,S2,,
3,The Sense of Embodiment in Virtual Reality,forward,Does the peak-end rule apply to judgments of body ownership in virtual reality?,10.1016/j.ijhcs.2025.103662,2025,Int. J. Hum. Comput. Stud.,N,未照合,S2,,
3,The Sense of Embodiment in Virtual Reality,forward,Evaluating Sense of Embodiment in Virtual Reality with EEG: A Scoping Review,10.1016/j.chbr.2025.100868,2025,Computers in Human Behavior Reports,N,SJR Q1,S2,,
3,The Sense of Embodiment in Virtual Reality,forward,Foot-to-Forearm Tactile Feedback for Lower-Limb Exoskeleton Control: A Pilot Benchmarking Study in Healthy Adults,10.3390/s25227050,2025,Italian National Conference on Sensors,N,未照合,S2,,
3,The Sense of Embodiment in Virtual Reality,forward,Moderating Role of Presence in EEG Responses to Visuo-haptic Prediction Error in Virtual Reality,10.48550/arxiv.2510.23262,2025,arXiv.org,N,未照合,S2,,
3,The Sense of Embodiment in Virtual Reality,forward,Embodiment in Nature: How Avatar Choice Shapes an Underwater Virtual Reality Experience,10.1109/metroxraine66377.2025.11340450,2025,"2025 IEEE International Conference on Metrology for eXtended Reality, Artificial Intelligence and Neural Engineering (MetroXRAINE)",Y,未照合,S2,,
3,The Sense of Embodiment in Virtual Reality,forward,When left is right: The perception of the action capabilities of mirrored hands,10.1080/13506285.2026.2669902,2025,Visual Cognition,Y,SJR Q1,S2,,
3,The Sense of Embodiment in Virtual Reality,forward,Effects of Virtual Controller Representation and Virtuality on Selection Performance in Extended Reality,10.1145/3756884.3766004,2025,Virtual Reality Software and Technology,Y,未照合,S2,,
3,The Sense of Embodiment in Virtual Reality,forward,Dissecting User Experience of Social Virtual Reality: A Tale of Five Platforms,10.1145/3757405,2025,Proc. ACM Hum. Comput. Interact.,Y,未照合,S2,,
3,The Sense of Embodiment in Virtual Reality,forward,"Recommendations for Combining Brain-Computer Interface, Motor Imagery, and Virtual Reality in Upper Limb Stroke Rehabilitation: Qualitative Participatory Design Study",10.2196/71789,2025,JMIR Rehabilitation and Assistive Technologies,N,SJR Q1,S2,,
3,The Sense of Embodiment in Virtual Reality,forward,Embodied Natural Language Interaction (NLI): Speech Input Patterns in Immersive Analytics,10.1109/tvcg.2025.3634798,2025,IEEE Transactions on Visualization and Computer Graphics,N,SJR Q1,S2,,
3,The Sense of Embodiment in Virtual Reality,forward,TouchWalker: Real-Time Avatar Locomotion from Touchscreen Finger Walking,10.1109/ismar67309.2025.00068,2025,International Symposium on Mixed and Augmented Reality,N,未照合,S2,,
3,The Sense of Embodiment in Virtual Reality,forward,Robustness of Self-Avatar Animation Beyond Sparse Tracking: Effects of Pose Estimator Discrepancies and Inaccuracies,10.1109/ismar67309.2025.00039,2025,International Symposium on Mixed and Augmented Reality,N,未照合,S2,,
3,The Sense of Embodiment in Virtual Reality,forward,The Impact of Performance-Specific Feedback from a Virtual Coach in a Virtual Reality Exercise Application,10.1109/ismar67309.2025.00110,2025,International Symposium on Mixed and Augmented Reality,N,未照合,S2,,
3,The Sense of Embodiment in Virtual Reality,forward,A Holistic Framework for Promoting Work Life Balance and Well-being in the Metaverse Era,10.1109/ismar-adjunct68609.2025.00055,2025,2025 IEEE International Symposium on Mixed and Augmented Reality Adjunct (ISMAR-Adjunct),Y,未照合,S2,,
3,The Sense of Embodiment in Virtual Reality,forward,A Virtual Room for Rett Syndrome: Design and Implementation of an Exergame for Upper-Limb Rehabilitation,10.1109/ismar-adjunct68609.2025.00079,2025,2025 IEEE International Symposium on Mixed and Augmented Reality Adjunct (ISMAR-Adjunct),N,未照合,S2,,
3,The Sense of Embodiment in Virtual Reality,forward,Customizing Stylized Avatars for Self-Compassion: Design Impacts in Virtual Reality Therapy,10.1109/ismar-adjunct68609.2025.00112,2025,2025 IEEE International Symposium on Mixed and Augmented Reality Adjunct (ISMAR-Adjunct),Y,未照合,S2,,
3,The Sense of Embodiment in Virtual Reality,forward,Designing Hand and Forearm Gestures to Control Virtual Forearm for User-Initiated Forearm Deformation,10.1109/tvcg.2025.3616825,2025,IEEE Transactions on Visualization and Computer Graphics,N,SJR Q1,S2,,
3,The Sense of Embodiment in Virtual Reality,forward,The Role of Visual Augmentation on Embodied Skill Acquisition Across Perspectives and Body Representations,10.1109/tvcg.2025.3616832,2025,IEEE Transactions on Visualization and Computer Graphics,N,SJR Q1,S2,,
3,The Sense of Embodiment in Virtual Reality,forward,"Customer inspiration in the metaverse: Antecedents, mechanisms, and outcomes",10.1016/j.jretconser.2025.104439,2025,Journal of Retailing and Consumer Services,N,SJR Q1,S2,,
3,The Sense of Embodiment in Virtual Reality,forward,"How Digital Doppelgänger Ignites Unstoppable Brand Love, Loyalty & Word-of-Mouth in the Metaverse",10.1080/10447318.2025.2564271,2025,International journal of human computer interactions,N,未照合,S2,,
3,The Sense of Embodiment in Virtual Reality,forward,When embodiment matters most: a confirmatory study on VR priming in motor imagery brain-computer interfaces training,10.3389/fnhum.2025.1681538,2025,Frontiers in Human Neuroscience,Y,SJR Q1,S2,,
3,The Sense of Embodiment in Virtual Reality,forward,"Merging Bodies, Dividing Conflict: Body-Swapping in Mixed Reality Increases Closeness Yet Weakens the Joint Simon Effect",10.1109/ismar67309.2025.00156,2025,International Symposium on Mixed and Augmented Reality,N,未照合,S2,,
3,The Sense of Embodiment in Virtual Reality,forward,Unobtrusive In-Situ Measurement of Behavior Change by Deep Metric Similarity Learning of Motion Patterns,10.48550/arxiv.2509.04174,2025,arXiv.org,N,未照合,S2,,
3,The Sense of Embodiment in Virtual Reality,forward,Increasing immersive virtual reality platform loyalty: The role of embodiment,10.1016/j.im.2025.104255,2025,Information Manager (The),N,未照合,S2,,
3,The Sense of Embodiment in Virtual Reality,forward,Mediated Ecological Validity in Anthropomorphic Avatar Dyad Parasocial Interactions,10.1109/mc.2025.3577043,2025,Computer,N,SJR Q2,S2,,
3,The Sense of Embodiment in Virtual Reality,forward,Body Ownership Affects the Processing of Sensorimotor Contingencies in Virtual Reality,10.48550/arxiv.2509.01420,2025,arXiv.org,N,未照合,S2,,
3,The Sense of Embodiment in Virtual Reality,forward,Self-shape congruency in the metaverse: How avatar geometry modulates emotional engagement and virtual consumption,10.1016/j.chb.2025.108788,2025,Computers in Human Behavior,Y,SJR Q1,S2,,
3,The Sense of Embodiment in Virtual Reality,forward,Impact of Multiple Sensory Cues in Immersive Virtual Reality: Evidence From a Full-Body Haptic Suit,10.1109/tg.2025.3534571,2025,IEEE Transactions on Games,N,SJR Q2,S2,,
3,The Sense of Embodiment in Virtual Reality,forward,Comparing hand-based and controller-based interactions in virtual reality learning: effects on presence and interaction performance,10.7717/peerj-cs.3168,2025,PeerJ Computer Science,N,SJR Q2,S2,,
3,The Sense of Embodiment in Virtual Reality,forward,Optimizing Avatar Realism for Positive User Experiences in Immersive Virtual Fitting Environments,10.1177/0887302x251361964,2025,Clothing & Textiles Research Journal,N,SJR Q2,S2,,
3,The Sense of Embodiment in Virtual Reality,forward,Visuo-Tactile Feedback with Hand Outline Styles for Modulating Affective Roughness Perception,10.1109/tvcg.2025.3616805,2025,IEEE Transactions on Visualization and Computer Graphics,N,SJR Q1,S2,,
3,The Sense of Embodiment in Virtual Reality,forward,Immersive Teleoperation of Beyond-Human-Scale Robotic Manipulators: Challenges and Future Directions,10.1109/telepresence66096.2025.11521389,2025,2025 IEEE Conference on Telepresence,Y,未照合,S2,,
3,The Sense of Embodiment in Virtual Reality,forward,Human bodies in virtual worlds: a systematic review of implicit sense of agency and ownership measured in immersive virtual reality environments,10.3389/fnhum.2025.1553574,2025,Frontiers in Human Neuroscience,N,SJR Q1,S2,,
3,The Sense of Embodiment in Virtual Reality,forward,Game-Based Biofeedback Increases Subjective Ratings of Interoceptive Awareness,10.1109/segah65397.2025.11168297,2025,International Conference on Serious Games and Applications for Health,N,未照合,S2,,
3,The Sense of Embodiment in Virtual Reality,forward,Reflective Realities: Exploring the Mechanisms of Mirror Dwelling in Social Virtual Reality,10.1080/15213269.2025.2538145,2025,Media Psychology,N,SJR Q1,S2,,
3,The Sense of Embodiment in Virtual Reality,forward,The digital transformation of music events: from being there to the feeling of being there,10.1108/jhtt-08-2024-0485,2025,Journal of Hospitality and Tourism Technology,N,SJR Q1,S2,,
3,The Sense of Embodiment in Virtual Reality,forward,Designing effective VR experiences for pro-environmental outcomes: Enhancing self-efficacy through mastering solutions,10.1016/j.chbr.2025.100783,2025,Computers in Human Behavior Reports,N,SJR Q1,S2,,
3,The Sense of Embodiment in Virtual Reality,forward,Previous VR experience increases embodiment in immersive VR safety training: an exploratory mixed-methods study,10.1007/s10055-025-01196-z,2025,Virtual Reality,N,SJR Q1,S2,,
3,The Sense of Embodiment in Virtual Reality,forward,The interwoven nature of spatial presence and virtual embodiment: a comprehensive perspective,10.3389/frvir.2025.1616662,2025,Frontiers Virtual Real.,N,未照合,S2,,
3,The Sense of Embodiment in Virtual Reality,forward,Augmented Reality–Assisted Training Tool for Mental Health Task-Sharers: Pilot Mixed Methods Usability Study,10.2196/80711,2025,JMIR XR and spatial computing,Y,SJR Q2,S2,,
3,The Sense of Embodiment in Virtual Reality,forward,Body ownership and vicarious Agency: Behavioural consequences in a virtual reality rock concert.,10.1016/j.concog.2025.103903,2025,Consciousness and Cognition,N,SJR Q1,S2,,
3,The Sense of Embodiment in Virtual Reality,forward,Analysis of the Sense of Embodiment in Virtual Co-Embodiment Rehabilitation: A Structural Equation Modeling Approach,10.1109/tvcg.2025.3589111,2025,IEEE Transactions on Visualization and Computer Graphics,N,SJR Q1,S2,,
3,The Sense of Embodiment in Virtual Reality,forward,How a lack of haptic feedback affects eye-hand coordination and embodiment in virtual reality,10.1038/s41598-025-10319-0,2025,Scientific Reports,N,SJR Q1,S2,,
3,The Sense of Embodiment in Virtual Reality,forward,Positive or Negative? Exploring the Effect of Self-Motion Speed on Flow Experience Based on an Educational Game,10.1080/10447318.2025.2526562,2025,International journal of human computer interactions,N,未照合,S2,,
3,The Sense of Embodiment in Virtual Reality,forward,Walk on Hands: Can Vibrations in the Hands Support Walking Experience in Virtual Reality?,10.1109/whc64065.2025.11123244,2025,World Haptics Conference,Y,未照合,S2,,
3,The Sense of Embodiment in Virtual Reality,forward,Shocking Realities: VR Horror Games as a Tool for Raising Wheelchair Accessibility Awareness,10.1145/3715336.3735809,2025,Conference on Designing Interactive Systems,Y,CORE A,S2,,
3,The Sense of Embodiment in Virtual Reality,forward,MindFlow: Breathing-Integrated Progressive Muscle Relaxation with a Full-Body Self-Avatar in Virtual Reality,10.1145/3715336.3735713,2025,Conference on Designing Interactive Systems,Y,CORE A,S2,,
3,The Sense of Embodiment in Virtual Reality,forward,HapticWings: Enhancing the Experience of Extra Wing Motions in Virtual Reality through Dynamic 2D Weight Shifting,10.1145/3715336.3735755,2025,Conference on Designing Interactive Systems,Y,CORE A,S2,,
3,The Sense of Embodiment in Virtual Reality,forward,Bodies in the metaverse: Is there “someone” out there?,10.1007/s00146-025-02439-y,2025,Ai & Society,N,SJR Q1,S2,,
3,The Sense of Embodiment in Virtual Reality,forward,Generation Mechanism of Collective Emotional Resonance: A Study on Group Emotions and Cultural Identity in Digital Exhibitions of Intangible Cultural Heritage Costumes,10.1080/10447318.2025.2520920,2025,International journal of human computer interactions,N,未照合,S2,,
3,The Sense of Embodiment in Virtual Reality,forward,VirtuNarrator: Crafting museum narratives via spatial layout in creating customized virtual museums,10.1016/j.visinf.2025.100257,2025,Visual Informatics,N,SJR Q2,S2,,
3,The Sense of Embodiment in Virtual Reality,forward,Virtual reality as an engagement driver in professional meetings,10.1108/itp-12-2024-1558,2025,Information Technology &amp; People,N,未照合,S2,,
3,The Sense of Embodiment in Virtual Reality,forward,Self-conversation with a sporting celebrity enhances later physical exercise: an exploratory study,10.1007/s10055-025-01154-9,2025,Virtual Reality,N,SJR Q1,S2,,
3,The Sense of Embodiment in Virtual Reality,forward,Exploring experience design features in the metaverse concerts: a mixed-method approach,10.1007/s40558-025-00323-5,2025,Information Technology & Tourism,N,SJR Q1,S2,,
3,The Sense of Embodiment in Virtual Reality,forward,Considerations on user identity within metaverse environments,10.12688/openreseurope.20411.1,2025,Open Research Europe,N,SJR Q2,S2,,
3,The Sense of Embodiment in Virtual Reality,forward,A Survey on Methodological Approaches to Collaborative Embodiment in Virtual Reality,10.48550/arxiv.2507.18877,2025,arXiv.org,N,未照合,S2,,
3,The Sense of Embodiment in Virtual Reality,forward,The Body and its Place in Immersive Journalism,10.1080/1461670x.2025.2514449,2025,Journalism Studies,N,SJR Q1,S2,,
3,The Sense of Embodiment in Virtual Reality,forward,VR Bicycle to Teach Science,10.1145/3706370.3731704,2025,IMX,Y,CORE C,S2,,
3,The Sense of Embodiment in Virtual Reality,forward,"Me, pet, and robot: How home-based surveillance robot constructed different types of telepresence",10.1177/13548565251345603,2025,Convergence: The International Journal of Research into New Media Technologies,N,未照合,S2,,
3,The Sense of Embodiment in Virtual Reality,forward,Charting Out Safety Training Goals for Developing a Pedagogical Model for Immersive Virtual Reality Safety Training: A Qualitative Study,10.16993/dfl.237,2025,Designs for Learning,N,SJR Q4,S2,,
3,The Sense of Embodiment in Virtual Reality,forward,Reactivity to Smoking Cues in a Social Context: Virtual Reality Experiment,10.2196/71285,2025,JMIR Formative Research,N,SJR Q2,S2,,
3,The Sense of Embodiment in Virtual Reality,forward,Digital twin embodied interactions design: Synchronized and aligned physical sensation in location-based social VR,10.3389/frvir.2025.1499845,2025,Frontiers Virtual Real.,N,未照合,S2,,
3,The Sense of Embodiment in Virtual Reality,forward,Avatars for the masses: smartphone-based reconstruction of humans for virtual reality,10.3389/frvir.2025.1583474,2025,Frontiers Virtual Real.,N,未照合,S2,,
3,The Sense of Embodiment in Virtual Reality,forward,Robust Immersive Bilateral Teleoperation of Beyond-Human-Scale Systems with Enhanced Transparency and Sense of Embodiment,10.48550/arxiv.2505.14486,2025,arXiv.org,N,未照合,S2,,
3,The Sense of Embodiment in Virtual Reality,forward,Assessing visuospatial perception in clinical and healthy populations: Test–retest reliability and smallest real difference of hill steepness estimation and the distance-on-hill task in virtual reality,10.1007/s00426-025-02125-0,2025,Psychological Research,Y,SJR Q3,S2,,
3,The Sense of Embodiment in Virtual Reality,forward,Virtual embodiment training is associated with relative alpha power modulation,10.3389/fnhum.2025.1537463,2025,Frontiers in Human Neuroscience,Y,SJR Q1,S2,,
3,The Sense of Embodiment in Virtual Reality,forward,A pilot study on treatment content in virtual reality-assisted aggression therapy at a maximum-security forensic psychiatric clinic,10.1038/s41598-025-01194-w,2025,Scientific Reports,N,SJR Q1,S2,,
3,The Sense of Embodiment in Virtual Reality,forward,Virtual Reality and Gamification in Rehabilitation: Enhancing Patient Engagement in the Buzz-Wire Maze Task,10.1109/aieee66149.2025.11050863,2025,"2025 IEEE 12th Workshop on Advances in Information, Electronic and Electrical Engineering (AIEEE)",Y,未照合,S2,,
3,The Sense of Embodiment in Virtual Reality,forward,Visual Disturbances to Avatar Foot Position Increase Step-Width Variability in Immersive VR Treadmill Walking,10.1109/tnsre.2025.3570241,2025,IEEE transactions on neural systems and rehabilitation engineering,Y,SJR Q1,S2,,
3,The Sense of Embodiment in Virtual Reality,forward,“It Felt Like a Dream”: Understanding En-Roling and De-Roling in Virtual Reality Through the Affect Lens,10.1080/10447318.2025.2498476,2025,International journal of human computer interactions,N,未照合,S2,,
3,The Sense of Embodiment in Virtual Reality,forward,Identifying EEG biomarkers of sense of embodiment in virtual reality: insights from spatio-spectral features,10.3389/fnrgo.2025.1572851,2025,Frontiers in Neuroergonomics,N,SJR Q2,S2,,
3,The Sense of Embodiment in Virtual Reality,forward,Beyond Task Performance: Human Experience in Human-Robot Collaboration,10.48550/arxiv.2505.04182,2025,arXiv.org,N,未照合,S2,,
3,The Sense of Embodiment in Virtual Reality,forward,Audio Personas: Augmenting Social Perception via Body-Anchored Audio Cues,10.1145/3762814,2025,ACM Trans. Comput. Hum. Interact.,N,未照合,S2,,
3,The Sense of Embodiment in Virtual Reality,forward,Mirror Dwellers in Social VR: Investigating Reasons and Perception of Mirror Watching,10.1145/3711033,2025,Proc. ACM Hum. Comput. Interact.,Y,未照合,S2,,
3,The Sense of Embodiment in Virtual Reality,forward,Tracked but not trapped: Negotiating body tracking technologies for embodiment and privacy protection in VR,10.1016/j.chb.2025.108706,2025,Computers in Human Behavior,N,SJR Q1,S2,,
3,The Sense of Embodiment in Virtual Reality,forward,Differentiating presence in virtual reality using physiological signals,10.1016/j.pmcj.2025.102065,2025,Pervasive and Mobile Computing,N,SJR Q1,S2,,
3,The Sense of Embodiment in Virtual Reality,forward,Grief and virtual reality: continuing bonds with virtual avatars,10.1007/s11097-025-10072-9,2025,Phenomenology and the Cognitive Sciences,N,SJR Q1,S2,,
3,The Sense of Embodiment in Virtual Reality,forward,Being in Virtual Worlds: How Interaction Environment and Touch Shape Embodiment in Immersive Experiences,10.1145/3706598.3713586,2025,International Conference on Human Factors in Computing Systems,Y,CORE A*,S2,,
3,The Sense of Embodiment in Virtual Reality,forward,Breaking Immersion Barriers: Smartphone Viability in Asymmetric Virtual Collaboration,10.1145/3706599.3719814,2025,CHI Extended Abstracts,Y,未照合,S2,,
3,The Sense of Embodiment in Virtual Reality,forward,Does Random Movements mean Random Results? Why Asynchrony in Experiments on Body Ownership does not Work as Intended,10.1145/3706598.3713506,2025,International Conference on Human Factors in Computing Systems,N,CORE A*,S2,,
3,The Sense of Embodiment in Virtual Reality,forward,"InterFACE: Establishing a Facial Action Unit Input Vocabulary for Hands-Free Extended Reality Interactions, From VR Gaming to AR Web Browsing",10.1145/3706598.3713694,2025,International Conference on Human Factors in Computing Systems,Y,CORE A*,S2,,
3,The Sense of Embodiment in Virtual Reality,forward,Owning the (Virtual) World: A Systematic Review of Psychological Ownership of Interactive Virtual Objects and Environments,10.1145/3706598.3713750,2025,International Conference on Human Factors in Computing Systems,N,CORE A*,S2,,
3,The Sense of Embodiment in Virtual Reality,forward,Your Hands Can Tell: Detecting Redirected Hand Movements in Virtual Reality,10.1145/3706598.3713679,2025,International Conference on Human Factors in Computing Systems,Y,CORE A*,S2,,
3,The Sense of Embodiment in Virtual Reality,forward,"Meditating Together: Practices, Benefits and Challenges of Meditation on Social Virtual Reality",10.1145/3706598.3713172,2025,International Conference on Human Factors in Computing Systems,Y,CORE A*,S2,,
3,The Sense of Embodiment in Virtual Reality,forward,TravelGalleria: Supporting Remembrance and Reflection of Travel Experiences through Digital Storytelling in Virtual Reality,10.1145/3706598.3713398,2025,International Conference on Human Factors in Computing Systems,Y,CORE A*,S2,,
3,The Sense of Embodiment in Virtual Reality,forward,The Philosopher's Corner: The 'Immersed Flesh': A Phenomenological Conceptualization of Immersive Virtual Reality Embodiment,10.1145/3733612.3733615,2025,ACM Sigmis Database,Y,未照合,S2,,
3,The Sense of Embodiment in Virtual Reality,forward,LUIDA: Large-scale Unified Infrastructure for Digital Assessments based on Commercial Metaverse Platform,10.48550/arxiv.2504.17705,2025,arXiv.org,N,未照合,S2,,
3,The Sense of Embodiment in Virtual Reality,forward,Unveiling the power of educational media: enhancing immersion and affective engagement in holocaust education through virtual reality,10.1080/09523987.2025.2490914,2025,Educational Media International,N,SJR Q2,S2,,
3,The Sense of Embodiment in Virtual Reality,forward,Virtual body continuity during action observation affects motor cortical excitability,10.1038/s41598-025-97695-9,2025,Scientific Reports,N,SJR Q1,S2,,
3,The Sense of Embodiment in Virtual Reality,forward,The Fidelity-based Presence Scale (FPS): Modeling the Effects of Fidelity on Sense of Presence,10.1145/3706598.3713566,2025,International Conference on Human Factors in Computing Systems,Y,CORE A*,S2,,
3,The Sense of Embodiment in Virtual Reality,forward,On virtual reality: A thematic analysis from a dance movement therapy perspective,10.1016/j.aip.2025.102292,2025,The Arts in Psychotherapy,N,SJR Q2,S2,,
3,The Sense of Embodiment in Virtual Reality,forward,Sensing the Inside Out: An Embodied Perspective on Digital Animation Through Motion Capture and Wearables,10.3390/s25072314,2025,Italian National Conference on Sensors,N,未照合,S2,,
3,The Sense of Embodiment in Virtual Reality,forward,The Feasibility and Test‐Retest Reliability of Wireless Dry‐Electrode EEG During a Dynamic Psychomotor Virtual Reality Task,10.1002/brb3.70448,2025,Brain and Behavior,N,SJR Q2,S2,,
3,The Sense of Embodiment in Virtual Reality,forward,Evaluation of Segmentation Algorithms for Embodiment Improvement in an XR Application,10.1145/3712677.3720463,2025,MMVE@MMSys,Y,未照合,S2,,
3,The Sense of Embodiment in Virtual Reality,forward,HCI methods supporting urban design evaluation using virtual environments,10.1093/iwc/iwaf014,2025,Interacting with computers,N,SJR Q2,S2,,
3,The Sense of Embodiment in Virtual Reality,forward,"The affordances and constraints of mathematics tutoring in immersive, collaborative, and dynamic virtual reality environments",10.1007/s10055-025-01122-3,2025,Virtual Reality,Y,SJR Q1,S2,,
3,The Sense of Embodiment in Virtual Reality,forward,Virtual reflections: self-mirroring and its influence on self-presence in virtual reality environments,10.1007/s00371-025-03868-y,2025,The Visual Computer,N,SJR Q2,S2,,
3,The Sense of Embodiment in Virtual Reality,forward,Ease over effort: achieving consistent learning outcomes through a more relaxed approach in immersive virtual reality for hands-on education,10.1080/10494820.2025.2479179,2025,Interactive Learning Environments,N,SJR Q1,S2,,
3,The Sense of Embodiment in Virtual Reality,forward,An embodied body morphology task for investigating self-avatar proportions perception in Virtual Reality,10.1109/tvcg.2025.3549123,2025,IEEE Transactions on Visualization and Computer Graphics,Y,SJR Q1,S2,,
3,The Sense of Embodiment in Virtual Reality,forward,Relaxmr: a mixed reality-based semi-physical high-fidelity digital human massage system,10.1007/s10055-025-01133-0,2025,Virtual Reality,N,SJR Q1,S2,,
3,The Sense of Embodiment in Virtual Reality,forward,Self-Similarity Beats Motor Control in Augmented Reality Body Weight Perception,10.1109/tvcg.2025.3549851,2025,IEEE Transactions on Visualization and Computer Graphics,N,SJR Q1,S2,,
3,The Sense of Embodiment in Virtual Reality,forward,Conceptualizing a pedagogical model for immersive virtual reality safety training: pedagogical practices in trainer interviews,10.1007/s11423-025-10490-1,2025,Educational technology research and development,N,SJR Q1,S2,,
3,The Sense of Embodiment in Virtual Reality,forward,Redirection Detection Thresholds for Avatar Manipulation with Different Body Parts,10.1109/tvcg.2025.3549161,2025,IEEE Transactions on Visualization and Computer Graphics,N,SJR Q1,S2,,
3,The Sense of Embodiment in Virtual Reality,forward,Implementasi Augmented Reality Berbasis Android dalam Pengenalan Rumah Adat Sulawesi Tenggara,10.71234/jistech.v2i1.57,2025,JISTech : Journal of Information Systems and Technology,N,未照合,S2,,
3,The Sense of Embodiment in Virtual Reality,forward,A virtual reality environment to study work-related objectification.,10.1016/j.actpsy.2025.104902,2025,Acta Psychologica,N,SJR Q1,S2,,
3,The Sense of Embodiment in Virtual Reality,forward,Narrative virtual reality as a memory machine,10.1177/13548565251320727,2025,Convergence: The International Journal of Research into New Media Technologies,Y,未照合,S2,,
3,The Sense of Embodiment in Virtual Reality,forward,It's My Fingers' Fault: Investigating the Effect of Shared Avatar Control on Agency and Responsibility Attribution,10.1109/tvcg.2025.3549868,2025,IEEE Transactions on Visualization and Computer Graphics,N,SJR Q1,S2,,
3,The Sense of Embodiment in Virtual Reality,forward,"“One Body, But Four Hands”: Exploring the Role of Virtual Hands in Virtual Co-embodiment",10.1109/tvcg.2025.3549883,2025,IEEE Transactions on Visualization and Computer Graphics,N,SJR Q1,S2,,
3,The Sense of Embodiment in Virtual Reality,forward,"The Hidden Face of the Proteus Effect: Deindividuation, Embodiment and Identification",10.1109/tvcg.2025.3549849,2025,IEEE Transactions on Visualization and Computer Graphics,Y,SJR Q1,S2,,
3,The Sense of Embodiment in Virtual Reality,forward,Time course of the rubber hand illusion–induced analgesia,10.1097/pr9.0000000000001252,2025,PAIN Reports,N,SJR Q1,S2,,
3,The Sense of Embodiment in Virtual Reality,forward,"Coverage of Facial Expressions and Its Effects on Avatar Embodiment, Self-Identification, and Uncanniness",10.1109/tvcg.2025.3549887,2025,IEEE Transactions on Visualization and Computer Graphics,N,SJR Q1,S2,,
3,The Sense of Embodiment in Virtual Reality,forward,"Avatars, Should We Look at Them Directly or Through a Mirror?: Effects of Avatar Display Method on Sense of Embodiment and Gaze",10.1109/tvcg.2025.3549545,2025,IEEE Transactions on Visualization and Computer Graphics,Y,SJR Q1,S2,,
3,The Sense of Embodiment in Virtual Reality,forward,Investigating the Impact of Video Pass-Through Embodiment on Presence and Performance in Virtual Reality,10.1109/tvcg.2025.3549891,2025,IEEE Transactions on Visualization and Computer Graphics,N,SJR Q1,S2,,
3,The Sense of Embodiment in Virtual Reality,forward,Effective VR Intervention to Reduce Implicit Bias Towards People with Physical Disabilities: The Interplay Between Experience Design and Individual Characteristics,10.1109/tvcg.2025.3549532,2025,IEEE Transactions on Visualization and Computer Graphics,N,SJR Q1,S2,,
3,The Sense of Embodiment in Virtual Reality,forward,Effects of Proprioceptive Attenuation with Noisy Tendon Electrical Stimulation on Adaptation to Beyond-Real Interaction,10.1109/tvcg.2025.3549562,2025,IEEE Transactions on Visualization and Computer Graphics,N,SJR Q1,S2,,
3,The Sense of Embodiment in Virtual Reality,forward,Does Hand Size Matter? The Effect of Avatar Hand Size on Non-verbal Communication in Virtual Reality,10.1109/tvcg.2025.3549894,2025,IEEE Transactions on Visualization and Computer Graphics,Y,SJR Q1,S2,,
3,The Sense of Embodiment in Virtual Reality,forward,The Reliability and Validity of the Avatar Embodiment Questionnaire,10.1109/vr59515.2025.00095,2025,IEEE Conference on Virtual Reality and 3D User Interfaces,N,CORE A*,S2,,
3,The Sense of Embodiment in Virtual Reality,forward,What You See is What You Get: Exploring Novel Hands-Free Methods of Virtual Body Control for Avatars,10.1109/vrw66409.2025.00029,2025,2025 IEEE Conference on Virtual Reality and 3D User Interfaces Abstracts and Workshops (VRW),N,CORE A*,S2,,
3,The Sense of Embodiment in Virtual Reality,forward,Assessing the Impact of Visual and Auditory Perspectives on Performance and Pseudo-Haptics in a Virtual Drilling Task,10.1109/vrw66409.2025.00105,2025,2025 IEEE Conference on Virtual Reality and 3D User Interfaces Abstracts and Workshops (VRW),N,CORE A*,S2,,
3,The Sense of Embodiment in Virtual Reality,forward,Does Task Matter? Task-Dependent Effects of Cross-Device Collaboration on Social Presence,10.1109/vrw66409.2025.00116,2025,2025 IEEE Conference on Virtual Reality and 3D User Interfaces Abstracts and Workshops (VRW),N,CORE A*,S2,,
3,The Sense of Embodiment in Virtual Reality,forward,Observations on Virtual Reality Avatar Alignment with Research Participants’ Skin Tone and Gender,10.1109/vr59515.2025.00053,2025,IEEE Conference on Virtual Reality and 3D User Interfaces,Y,CORE A*,S2,,
3,The Sense of Embodiment in Virtual Reality,forward,The Impact of Avatar Clothing on the Proteus Effect and Stereotype Threat,10.1109/vr59515.2025.00054,2025,IEEE Conference on Virtual Reality and 3D User Interfaces,N,CORE A*,S2,,
3,The Sense of Embodiment in Virtual Reality,forward,Implicit Learning of Professional Skills through Immersive Virtual Reality: a Media Comparison Study,10.1109/vr59515.2025.00068,2025,IEEE Conference on Virtual Reality and 3D User Interfaces,N,CORE A*,S2,,
3,The Sense of Embodiment in Virtual Reality,forward,Evaluating VR and AR Mirror Exposure for Anorexia Nervosa Therapy in Adolescents: A Method Proposal for Understanding Stakeholder Perspectives,10.1109/vrw66409.2025.00196,2025,2025 IEEE Conference on Virtual Reality and 3D User Interfaces Abstracts and Workshops (VRW),N,CORE A*,S2,,
3,The Sense of Embodiment in Virtual Reality,forward,Towards Understanding Harassment in Social Virtual Reality: A Study Design on the Impact of Avatar Self-Similarity,10.1109/vrw66409.2025.00043,2025,2025 IEEE Conference on Virtual Reality and 3D User Interfaces Abstracts and Workshops (VRW),Y,CORE A*,S2,,
3,The Sense of Embodiment in Virtual Reality,forward,Proprioception Drift in Virtual Reality: An Experiment with an Unrealistically Long Leg,10.1109/vrw66409.2025.00389,2025,2025 IEEE Conference on Virtual Reality and 3D User Interfaces Abstracts and Workshops (VRW),N,CORE A*,S2,,
3,The Sense of Embodiment in Virtual Reality,forward,User identification based on conversational gestures,10.1109/vrw66409.2025.00068,2025,2025 IEEE Conference on Virtual Reality and 3D User Interfaces Abstracts and Workshops (VRW),N,CORE A*,S2,,
3,The Sense of Embodiment in Virtual Reality,forward,Do You Feel Better? The Impact of Embodying Photorealistic Avatars with Ideal Body Weight on Attractiveness and Self-Esteem in Virtual Reality,10.1109/vrw66409.2025.00348,2025,2025 IEEE Conference on Virtual Reality and 3D User Interfaces Abstracts and Workshops (VRW),N,CORE A*,S2,,
3,The Sense of Embodiment in Virtual Reality,forward,Am I (Not) a Ghost? Leveraging Affordances to Study the Impact of Avatar/Interaction Coherence on Embodiment and Plausibility in Virtual Reality,10.1109/tvcg.2025.3549136,2025,IEEE Transactions on Visualization and Computer Graphics,N,SJR Q1,S2,,
3,The Sense of Embodiment in Virtual Reality,forward,Seeing is Not Thinking: Testing Capabilities of VR to Promote Perspective-Taking,10.1109/tvcg.2025.3549137,2025,IEEE Transactions on Visualization and Computer Graphics,N,SJR Q1,S2,,
3,The Sense of Embodiment in Virtual Reality,forward,"Measuring the Impact of Objects' Physicalization, Avatar Appearance, and their Consistency on Pick-and-Place Performance in Augmented Reality",10.1109/tvcg.2025.3549151,2025,IEEE Transactions on Visualization and Computer Graphics,N,SJR Q1,S2,,
3,The Sense of Embodiment in Virtual Reality,forward,Digital doppelgänger: navigating consumer brand engagement in the metaverse,10.1108/jrim-07-2024-0344,2025,Journal of Research in Interactive Marketing,N,SJR Q1,S2,,
3,The Sense of Embodiment in Virtual Reality,forward,Can improving climate change perception lead to more environmentally friendly choices? Evidence from an immersive virtual environment experiment,10.1016/j.ecolecon.2024.108475,2025,Ecological Economics,N,SJR Q1,S2,,
3,The Sense of Embodiment in Virtual Reality,forward,Simuler une victime de catastrophe : quels enjeux psychologiques ?,10.1016/j.pxur.2025.02.006,2025,Médecine de catastrophe urgences collectives,N,未照合,S2,,
3,The Sense of Embodiment in Virtual Reality,forward,Capturing the Experiences of Simulated Writing for Novice Virtual Reality Users,10.1109/tpc.2025.3529095,2025,IEEE Transactions on Professional Communication,N,SJR Q1,S2,,
3,The Sense of Embodiment in Virtual Reality,forward,Building confidence in the metaverse: Implementation and evaluation of a multi-user virtual reality application for overcoming fear of public speaking,10.1016/j.ijhcs.2025.103487,2025,Int. J. Hum. Comput. Stud.,N,未照合,S2,,
3,The Sense of Embodiment in Virtual Reality,forward,Emerging virtual reality technologies and opportunities for public health programming.,10.1016/j.evalprogplan.2025.102596,2025,Evaluation and Program Planning,N,SJR Q2,S2,,
3,The Sense of Embodiment in Virtual Reality,forward,The Impact of Navigation on Proxemics in an Immersive Virtual Environment with Conversational Agents,10.1109/tvcg.2025.3550231,2025,IEEE Transactions on Visualization and Computer Graphics,Y,SJR Q1,S2,,
3,The Sense of Embodiment in Virtual Reality,forward,"Metaverse, implemented. A philosophical perspective on agenda-setting ethical tools for the development of immersive technologies",10.3389/frvir.2025.1503015,2025,Frontiers Virtual Real.,N,未照合,S2,,
3,The Sense of Embodiment in Virtual Reality,forward,Going Beyond the Ordinary - User Perceptions of the Impact of Multisensory Elements on Presence in Virtual Reality at the Royal Opera House.,10.1163/22134808-bja10141,2025,Multisensory Research,N,SJR Q2,S2,,
3,The Sense of Embodiment in Virtual Reality,forward,Virtual Encounters of the Haptic Kind: Towards a Multi-User VR System for Real-Time Social Touch,10.1109/whc64065.2025.11123375,2025,World Haptics Conference,N,未照合,S2,,
3,The Sense of Embodiment in Virtual Reality,forward,A Novel Mutual Information-Based Approach for Neurophysiological Characterization of Sense of Presence in Virtual Reality,10.1109/tbme.2025.3541438,2025,IEEE Transactions on Biomedical Engineering,N,SJR Q1,S2,,
3,The Sense of Embodiment in Virtual Reality,forward,Immersive virtual reality in the rehabilitation of athlete nerve entrapments,10.1007/s00264-025-06433-3,2025,International Orthopaedics,N,SJR Q2,S2,,
3,The Sense of Embodiment in Virtual Reality,forward,‘It felt like the digital hands were my hands’: Spotlines and rhythm in the habituation of virtual reality and meta-spaces,10.1177/13548565251318181,2025,Convergence: The International Journal of Research into New Media Technologies,N,未照合,S2,,
3,The Sense of Embodiment in Virtual Reality,forward,Sadness is reduced by virtual hugging.,10.1111/aphw.70007,2025,Applied Psychology: Health and Well-Being,N,SJR Q1,S2,,
3,The Sense of Embodiment in Virtual Reality,forward,Evaluating user perception toward physics-adapted avatar in remote heterogeneous spaces,10.1016/j.cag.2025.104185,2025,Computers & graphics,Y,SJR Q2,S2,,
3,The Sense of Embodiment in Virtual Reality,forward,The visuomotor synchronization immersive virtual reality of a depression avatar in a stigma context experience mobilizes the fronto-parietal cortex and anterior insula,10.3389/fnbeh.2025.1526684,2025,Frontiers in Behavioral Neuroscience,N,SJR Q1,S2,,
3,The Sense of Embodiment in Virtual Reality,forward,Impact of 3D Cartesian Positions and Occlusion on Self-Avatar Full-Body Animation in Virtual Reality,10.1109/aixvr63409.2025.00044,2025,2025 IEEE International Conference on Artificial Intelligence and eXtended and Virtual Reality (AIxVR),N,未照合,S2,,
3,The Sense of Embodiment in Virtual Reality,forward,Simulated breathing in virtual reality does not affect perceived effort during the physical rehabilitation of people with long COVID.,10.1016/j.rehab.2024.101922,2025,Annals of Physical and Rehabilitation Medicine,Y,SJR Q1,S2,,
3,The Sense of Embodiment in Virtual Reality,forward,Could Empathy Be Taught? The Role of Advanced Technologies to Foster Empathy in Medical Students and Healthcare Professionals: A Systematic Review,10.1007/s10916-025-02144-9,2025,Journal of medical systems,N,SJR Q1,S2,,
3,The Sense of Embodiment in Virtual Reality,forward,Metaverse Public Lab -1.0,10.1109/icce63647.2025.10930215,2025,IEEE International Conference on Consumer Electronics,N,SJR Q1,S2,,
3,The Sense of Embodiment in Virtual Reality,forward,Avatar Customization and Embodiment in Virtual Reality Self-Compassion Therapy for Depressive Symptoms: Three-Part Mixed Methods Study,10.2196/71004,2025,JMIR Formative Research,Y,SJR Q2,S2,,
3,The Sense of Embodiment in Virtual Reality,forward,Embodied time travel in VR: from witnessing climate change to action for prevention,10.3389/frvir.2024.1499835,2025,Frontiers Virtual Real.,N,未照合,S2,,
3,The Sense of Embodiment in Virtual Reality,forward,"Virtual spaces, real interactions - Analyzing communication in virtual reality",10.1016/j.langcom.2024.12.004,2025,Language &amp; Communication,N,未照合,S2,,
3,The Sense of Embodiment in Virtual Reality,forward,Effects of an Avatar Control on VR Embodiment,10.3390/bioengineering12010032,2025,Bioengineering,N,SJR Q2,S2,,
3,The Sense of Embodiment in Virtual Reality,forward,Compassion is key: how virtually embodying nature increases connectedness to nature,10.1016/j.jenvp.2025.102521,2025,Journal of Environmental Psychology,N,SJR Q1,S2,,
3,The Sense of Embodiment in Virtual Reality,forward,Objective agency measurement of different hand appearances in virtual reality with intentional binding,10.1007/s10055-024-01085-x,2024,Virtual Reality,N,SJR Q1,S2,,
3,The Sense of Embodiment in Virtual Reality,forward,Evaluating Customer Satisfaction on Indonesian Banking Artificial Intelligence-Driven Chatbot Services,10.1109/icicyta64807.2024.10913449,2024,2024 International Conference on Intelligent Cybernetics Technology & Applications (ICICyTA),N,未照合,S2,,
3,The Sense of Embodiment in Virtual Reality,forward,"Restructuring Situated Bodily Practices: Understanding the Relationship of Dress, Body, and Identity in Virtual Dressing Practice",10.1080/17569370.2024.2427330,2024,Fashion Practice,N,SJR Q1,S2,,
3,The Sense of Embodiment in Virtual Reality,forward,The influence of perspective on VR job interview training,10.3389/frvir.2024.1506070,2024,Frontiers Virtual Real.,N,未照合,S2,,
3,The Sense of Embodiment in Virtual Reality,forward,Development of Immersive 360° Virtual Reality Videos for Intervention with Test Anxiety,10.1080/10447318.2024.2434959,2024,International journal of human computer interactions,N,未照合,S2,,
3,The Sense of Embodiment in Virtual Reality,forward,Does mixed reality influence joint action? Impact of the mixed reality setup on users’ behavior and spatial interaction,10.1007/s12193-024-00445-w,2024,Journal on Multimodal User Interfaces,N,SJR Q2,S2,,
3,The Sense of Embodiment in Virtual Reality,forward,Assessing the Impact of Embodiment on a Pseudo-Haptic Virtual Drilling Task Using Physiological Measures,10.1109/icir64558.2024.10976958,2024,International Conference Industrial Revolution,N,未照合,S2,,
3,The Sense of Embodiment in Virtual Reality,forward,How virtual reality influences collaboration performance: a team-level analysis,10.1108/itp-10-2023-1040,2024,Information Technology &amp; People,N,未照合,S2,,
3,The Sense of Embodiment in Virtual Reality,forward,Textile-Based Soft Wearable Robots to Improve Quality of Life Across Wide Spectrum of Applications,10.1109/honet63146.2024.10822887,2024,International Symposium on High-capacity Optical Networks and Enabling Technologies,N,未照合,S2,,
3,The Sense of Embodiment in Virtual Reality,forward,Engage and learn: Improved learning of cellular structures using a virtual reality-based learning experience,10.1016/j.cexr.2024.100089,2024,Computers & Education: X Reality,N,SJR Q1,S2,,
3,The Sense of Embodiment in Virtual Reality,forward,"Immediate effect of alone and combined virtual reality, gait-like muscle vibration and transcranial direct current stimulation on neuropathic pain after spinal cord injury: a pilot study",10.1038/s41394-024-00696-5,2024,Spinal Cord Series and Cases,Y,SJR Q4,S2,,
3,The Sense of Embodiment in Virtual Reality,forward,Avatar Design in Virtual Retail Environments: A Scoping Review and Proposed Framework,10.1145/3726986.3726991,2024,Australasian Computer-Human Interaction Conference,Y,未照合,S2,,
3,The Sense of Embodiment in Virtual Reality,forward,Navigating the in-between: liminal spaces in video game georaphies,10.1007/s10708-024-11249-6,2024,GeoJournal,N,SJR Q2,S2,,
3,The Sense of Embodiment in Virtual Reality,forward,Dog Code: Human to Quadruped Embodiment using Shared Codebooks,10.1145/3677388.3696339,2024,Motion in Games,Y,未照合,S2,,
3,The Sense of Embodiment in Virtual Reality,forward,Embodied echoes: navigating the familiarity in continued intention to play VR game,10.3389/fnhum.2024.1495845,2024,Frontiers in Human Neuroscience,N,SJR Q1,S2,,
3,The Sense of Embodiment in Virtual Reality,forward,The Impact of Transferring Embodiment and Work Efficiency Between Natural Body and Modular Body Systems,10.1007/s41133-024-00078-4,2024,Augmented Human Research,N,未照合,S2,,
3,The Sense of Embodiment in Virtual Reality,forward,Impact of minimal self disorders on naturalistic episodic memory in first-episode psychosis and parallels in healthy individuals with schizotypal traits,10.3389/fpsyt.2024.1469390,2024,Frontiers in Psychiatry,Y,SJR Q1,S2,,
3,The Sense of Embodiment in Virtual Reality,forward,An Equitable Experience? How HCI Research Conceptualizes Accessibility of Virtual Reality in the Context of Disability,10.1145/3770755,2024,ACM Transactions on Accessible Computing,Y,SJR Q3,S2,,
3,The Sense of Embodiment in Virtual Reality,forward,First-Person Perspective Induces Stronger Feelings of Awe and Presence Compared to Third-Person Perspective in Virtual Reality,10.1145/3678957.3685753,2024,International Conference on Multimodal Interaction,Y,CORE B,S2,,
3,The Sense of Embodiment in Virtual Reality,forward,Social relations and spatiality in VR - Making spaces meaningful in VRChat,10.1016/j.emospa.2024.101038,2024,"Emotion, Space and Society",N,SJR Q1,S2,,
3,The Sense of Embodiment in Virtual Reality,forward,Immersive virtual reality for learning exoskeleton-like virtual walking: a feasibility study,10.1186/s12984-024-01482-y,2024,Journal of NeuroEngineering and Rehabilitation,N,SJR Q1,S2,,
3,The Sense of Embodiment in Virtual Reality,forward,Understanding the Role of Virtual Mobility on How and What People Create in Virtual Reality,10.1016/j.tsc.2024.101699,2024,Thinking Skills and Creativity,N,SJR Q1,S2,,
3,The Sense of Embodiment in Virtual Reality,forward,Exploring the Viewer’s Role in Narrative-Based Animated Virtual Reality Experiences: Strategies for Role Activation and Immersive Storytelling,10.1177/17468477241281635,2024,Animation,N,SJR Q1,S2,,
3,The Sense of Embodiment in Virtual Reality,forward,The presence of an avatar can reduce cybersickness in Virtual Reality,10.1007/s10055-024-01057-1,2024,Virtual Reality,N,SJR Q1,S2,,
3,The Sense of Embodiment in Virtual Reality,forward,Overlaps between neuroscientific and philosophical perspectives on bodily resistance in the digital,10.17161/aion.v1i1.22402,2024,Aion. Journal of Philosophy and Science,N,未照合,S2,,
3,The Sense of Embodiment in Virtual Reality,forward,Embodiment in Virtual Environments - Analyzing the Effects of Latency and Avatar Representation,10.1109/cw64301.2024.00012,2024,International Conference on Cyberworlds,Y,CORE C,S2,,
3,The Sense of Embodiment in Virtual Reality,forward,Augmented Reality based Action Observation Facilitates Mu Suppression,10.1109/cw64301.2024.00067,2024,International Conference on Cyberworlds,N,CORE C,S2,,
3,The Sense of Embodiment in Virtual Reality,forward,What makes spherical video virtual reality popular in education? Evidence from a meta-analysis employing Stata,10.1007/s10639-024-13106-y,2024,Education and Information Technologies : Official Journal of the IFIP technical committee on Education,N,未照合,S2,,
3,The Sense of Embodiment in Virtual Reality,forward,Common Cues? Toward the Relationship of Spatial Presence and the Sense of Embodiment,10.1109/ismar62088.2024.00128,2024,International Symposium on Mixed and Augmented Reality,N,未照合,S2,,
3,The Sense of Embodiment in Virtual Reality,forward,"“Not my fault!” “All thanks to me!”: Studying Agency, Satisfaction and Self-Serving Attributional Bias with Rigged Archery in Virtual Reality",10.1109/ismar62088.2024.00059,2024,International Symposium on Mixed and Augmented Reality,N,未照合,S2,,
3,The Sense of Embodiment in Virtual Reality,forward,Avatar-Centered Feedback: Dynamic Avatar Alterations Can Induce Avoidance Behaviors to Virtual Dangers,10.1109/ismar62088.2024.00023,2024,International Symposium on Mixed and Augmented Reality,N,未照合,S2,,
3,The Sense of Embodiment in Virtual Reality,forward,I Feel You: Impact of Shared Body Sensations on Social Interactions in Virtual Reality,10.1109/ismar62088.2024.00126,2024,International Symposium on Mixed and Augmented Reality,Y,未照合,S2,,
3,The Sense of Embodiment in Virtual Reality,forward,Does Voice Matter? The Effect of Verbal Communication and Asymmetry on the Experience of Collaborative Social XR,10.1109/ismar62088.2024.00129,2024,International Symposium on Mixed and Augmented Reality,N,未照合,S2,,
3,The Sense of Embodiment in Virtual Reality,forward,Exploring the Effects of Viewpoint Height & Fluctuation on Walking Perception in Panoramic Tours,10.1109/ismar62088.2024.00072,2024,International Symposium on Mixed and Augmented Reality,N,未照合,S2,,
3,The Sense of Embodiment in Virtual Reality,forward,VibroArm: Enhancing the Sensation of Forearm Deformation in Virtual Reality Using Vibrotactile Funneling Illusion,10.1109/ismar62088.2024.00066,2024,International Symposium on Mixed and Augmented Reality,Y,未照合,S2,,
3,The Sense of Embodiment in Virtual Reality,forward,First or Third-Person Hearing? A Controlled Evaluation of Auditory Perspective on Embodiment and Sound Localization Performance,10.1109/ismar62088.2024.00022,2024,International Symposium on Mixed and Augmented Reality,N,未照合,S2,,
3,The Sense of Embodiment in Virtual Reality,forward,Self-Avatar Recognition in Virtual Reality: the Self Advantage Phenomenon and the Relative Importance of Motion and Visual Congruence,10.1109/ismar62088.2024.00079,2024,International Symposium on Mixed and Augmented Reality,N,未照合,S2,,
3,The Sense of Embodiment in Virtual Reality,forward,Enhancing Teleoperation: Personalized Design Through Psychological Profiling,10.1109/metroxraine62247.2024.10796707,2024,"2024 IEEE International Conference on Metrology for eXtended Reality, Artificial Intelligence and Neural Engineering (MetroXRAINE)",N,未照合,S2,,
3,The Sense of Embodiment in Virtual Reality,forward,The Influence of Avatar Realism and Similarity in Shaping Group Dynamics in Collaborative Virtual Environments,10.1109/ismar-adjunct64951.2024.00173,2024,2024 IEEE International Symposium on Mixed and Augmented Reality Adjunct (ISMAR-Adjunct),N,未照合,S2,,
3,The Sense of Embodiment in Virtual Reality,forward,Mixed or Misperceived Reality? Flusserian Media Freedom through Surreal Me,10.1145/3689050.3705992,2024,"International Conference on Tangible, Embedded, and Embodied Interaction",N,CORE B,S2,,
3,The Sense of Embodiment in Virtual Reality,forward,Press A or Wave: User Expectations for NPC Interactions and Nonverbal Behaviour in Virtual Reality,10.1145/3677098,2024,Proc. ACM Hum. Comput. Interact.,Y,未照合,S2,,
3,The Sense of Embodiment in Virtual Reality,forward,Exploring the Influence of Avatar Skin Tone in VR Educational Games,10.1145/3665463.3678799,2024,ACM SIGCHI Annual Symposium on Computer-Human Interaction in Play,Y,未照合,S2,,
3,The Sense of Embodiment in Virtual Reality,forward,Embodied Learning in Virtual Reality: Comparing Direct and Indirect Interaction Effects on Educational Outcomes,10.1109/fie61694.2024.10892964,2024,Frontiers in Education Conference,N,未照合,S2,,
3,The Sense of Embodiment in Virtual Reality,forward,Detection threshold of distorted self-avatar step length during gait and the effects on the sense of embodiment,10.3389/frvir.2024.1339296,2024,Frontiers Virtual Real.,N,未照合,S2,,
3,The Sense of Embodiment in Virtual Reality,forward,Exploring Visual Conditions in Virtual Reality for the Teleoperation of Robots,10.1145/3641825.3687750,2024,Virtual Reality Software and Technology,Y,未照合,S2,,
3,The Sense of Embodiment in Virtual Reality,forward,Out-Of-Virtual-Body Experiences: Virtual Disembodiment Effects on Time Perception in VR,10.1145/3641825.3687717,2024,Virtual Reality Software and Technology,Y,未照合,S2,,
3,The Sense of Embodiment in Virtual Reality,forward,"A Critical Review of Virtual and Extended Reality Immersive Police Training: Application Areas, Benefits & Vulnerabilities",10.1145/3641825.3687707,2024,Virtual Reality Software and Technology,Y,未照合,S2,,
3,The Sense of Embodiment in Virtual Reality,forward,Exploring User Placement for VR Remote Collaboration in a Constrained Passenger Space,10.1145/3641825.3687722,2024,Virtual Reality Software and Technology,Y,未照合,S2,,
3,The Sense of Embodiment in Virtual Reality,forward,Effects of Immersion and Embodiment on Memory in Virtual Reality,10.1145/3681716.3681724,2024,International Conference on Entertainment and Media in the Ubiquitous Era,Y,未照合,S2,,
3,The Sense of Embodiment in Virtual Reality,forward,The Avatar Dressing Room - a VR environment for strengthening physical and psychological embodiment with avatars,10.1145/3677386.3688895,2024,Symposium on Spatial User Interaction,Y,未照合,S2,,
3,The Sense of Embodiment in Virtual Reality,forward,LegSense: Inducing Walking Sensation in Seated VR by Providing Movement Illusion via Electrical Muscle Stimulation,10.1145/3675094.3678375,2024,UbiComp Companion,Y,未照合,S2,,
3,The Sense of Embodiment in Virtual Reality,forward,Does Embodiment in Virtual Reality Boost Learning Transfer? Testing an Immersion-Interactivity Framework,10.1007/s10648-024-09956-0,2024,Educational Psychology Review,N,SJR Q1,S2,,
3,The Sense of Embodiment in Virtual Reality,forward,Questionnaires for Evaluating Virtual Reality: a Systematic Scoping Review,10.1016/j.chbr.2024.100505,2024,Computers in Human Behavior Reports,N,SJR Q1,S2,,
3,The Sense of Embodiment in Virtual Reality,forward,Pushing Yourself to the Limit - Influence of Emotional Virtual Environment Design on Physical Training in VR,10.1145/3696447,2024,Games Res. Pract.,Y,未照合,S2,,
3,The Sense of Embodiment in Virtual Reality,forward,Effect of vibrotactile feedback and perception induced by transcranial magnetic stimulation over the primary motor cortex in virtual hand illusion,10.1007/s10055-024-01052-6,2024,Virtual Reality,N,SJR Q1,S2,,
3,The Sense of Embodiment in Virtual Reality,forward,Can Multi-Sensory Affordance Mitigate the Shortcomings of Metaverse offerings?,10.1080/10696679.2024.2404422,2024,Journal of Marketing Theory and Practice,N,SJR Q1,S2,,
3,The Sense of Embodiment in Virtual Reality,forward,A preliminary study of a co-embodiment approach for welding training,10.1109/aict61888.2024.10740441,2024,Advanced Industrial Conference on Telecommunications,N,未照合,S2,,
3,The Sense of Embodiment in Virtual Reality,forward,Sense of Agency during Encoding Predicts Subjective Reliving,10.1523/eneuro.0256-24.2024,2024,eNeuro,N,SJR Q1,S2,,
3,The Sense of Embodiment in Virtual Reality,forward,A study on the influence of situations on personal avatar characteristics,10.1186/s42492-024-00174-7,2024,"Visual Computing for Industry, Biomedicine, and Art",N,SJR Q1,S2,,
3,The Sense of Embodiment in Virtual Reality,forward,Extended Reality and Artificial Intelligence for Exergaming: Opportunities and Open Challenges for Rehabilitation and Cognitive Training,10.1109/rtsi61910.2024.10761257,2024,International Forum on Research and Technologies for Society and Industry Leveraging a better tomorrow,N,未照合,S2,,
3,The Sense of Embodiment in Virtual Reality,forward,Machine learning based classification of presence utilizing psychophysiological signals in immersive virtual environments,10.1038/s41598-024-72376-1,2024,Scientific Reports,N,SJR Q1,S2,,
3,The Sense of Embodiment in Virtual Reality,forward,"From Embodied Abuse to Mass Disruption: Generative, Inter-Reality Threats in Social, Mixed-Reality Platforms",10.1145/3696015,2024,Digital Threats: Research and Practice,Y,SJR Q1,S2,,
3,The Sense of Embodiment in Virtual Reality,forward,Immersed in Art: The Impact of Affinity for Technology Interaction and Hedonic Motivation on Aesthetic Experiences in Virtual Reality,10.1177/02762374241282938,2024,Empirical Studies of the Arts,N,SJR Q1,S2,,
3,The Sense of Embodiment in Virtual Reality,forward,From Avatars to Agents: Self-Related Cues Through Embodiment and Personalization Affect Body Perception in Virtual Reality,10.1109/tvcg.2024.3456211,2024,IEEE Transactions on Visualization and Computer Graphics,Y,SJR Q1,S2,,
3,The Sense of Embodiment in Virtual Reality,forward,How Immersed Are You? State of the Art of the Neurophysiological Characterization of Embodiment in Mixed Reality for Out-of-the-Lab Applications,10.3390/app14188192,2024,Applied Sciences,N,SJR Q4,S2,,
3,The Sense of Embodiment in Virtual Reality,forward,Sense of embodiment with synchronized avatar during walking in mixed reality,10.1038/s41598-024-72095-7,2024,Scientific Reports,N,SJR Q1,S2,,
3,The Sense of Embodiment in Virtual Reality,forward,A Sense of Urgency on the Sense of Agency: Challenges in Evaluating Agency and Embodiment in Virtual Reality,10.1109/tvcg.2024.3456139,2024,IEEE Transactions on Visualization and Computer Graphics,N,SJR Q1,S2,,
3,The Sense of Embodiment in Virtual Reality,forward,TouchMark: Partial Tactile Feedback Design for Upper Limb Rehabilitation in Virtual Reality,10.1109/tvcg.2024.3456173,2024,IEEE Transactions on Visualization and Computer Graphics,N,SJR Q1,S2,,
3,The Sense of Embodiment in Virtual Reality,forward,"The effects of right temporoparietal junction stimulation on embodiment, presence, and performance in teleoperation",10.3934/neuroscience.2024022,2024,AIMS Neuroscience,N,SJR Q2,S2,,
3,The Sense of Embodiment in Virtual Reality,forward,Embodiment in episodic memory through premotor-hippocampal coupling,10.1038/s42003-024-06757-7,2024,Communications Biology,N,SJR Q1,S2,,
3,The Sense of Embodiment in Virtual Reality,forward,Educational Virtual Field Trips based on Social VR and 360° Spaces,10.1007/978-3-031-78269-5_38,2024,International Conference Games and Learning Alliance,N,未照合,S2,,
3,The Sense of Embodiment in Virtual Reality,forward,Avatars of Influence: Embracing Customer Experience in Virtual Realms,10.35629/3002-12095664,2024,Journal of Research in Business and Management,N,未照合,S2,,
3,The Sense of Embodiment in Virtual Reality,forward,Digital kinship in a Glasshouse,10.1080/14794713.2024.2429531,2024,International Journal of Performance Arts and Digital Media,N,SJR Q1,S2,,
3,The Sense of Embodiment in Virtual Reality,forward,Review of the Application of Virtual Reality in Neuromotor Rehabilitation,10.3724/sp.j.1089.2024.2024-00278,2024,Journal of Computer-Aided Design &amp; Computer Graphics,N,未照合,S2,,
3,The Sense of Embodiment in Virtual Reality,forward,A holistic quality taxonomy for virtual reality experiences,10.3389/frvir.2024.1434016,2024,Frontiers Virtual Real.,N,未照合,S2,,
3,The Sense of Embodiment in Virtual Reality,forward,Motor Skill Learning by Virtual Co-embodiment with an AI Teacher Trained in Human Teaching Behavior,10.1145/3675231.3675237,2024,ACM Symposium on Applied Perception,Y,CORE B,S2,,
3,The Sense of Embodiment in Virtual Reality,forward,Embodiment of Virtual Body and Extremities With Movement Control in Reaching Tasks Using Virtual Reality,10.1177/10711813241273495,2024,Proceedings of the Human Factors and Ergonomics Society Annual Meeting,N,未照合,S2,,
3,The Sense of Embodiment in Virtual Reality,forward,Exploring sex differences in collaborative virtual environments for participation equality and user experience,10.1007/s10055-024-01022-y,2024,Virtual Reality,N,SJR Q1,S2,,
3,The Sense of Embodiment in Virtual Reality,forward,Objetos simbólicos y su doble realidad. Un recorrido hacia la comprensión simbólica de imágenes de realidad virtual en la infancia,10.26439/persona2024.n27(1).6632,2024,Persona,N,未照合,S2,,
3,The Sense of Embodiment in Virtual Reality,forward,The impact of first-person avatar customization on embodiment in immersive virtual reality,10.3389/frvir.2024.1436752,2024,Frontiers Virtual Real.,N,未照合,S2,,
3,The Sense of Embodiment in Virtual Reality,forward,Sense of Embodiment Supports Motor Learning and Adaptation in Tele-Robotics,10.1145/3688858,2024,ACM Trans. Hum. Robot Interact.,N,未照合,S2,,
3,The Sense of Embodiment in Virtual Reality,forward,Effectiveness of a Virtual Reality rehabilitation in stroke patients with sensory-motor and proprioception upper limb deficit: A study protocol,10.1371/journal.pone.0307408,2024,PLoS ONE,N,SJR Q1,S2,,
3,The Sense of Embodiment in Virtual Reality,forward,Delivering Bad News: VR Embodiment of Self Evaluation in Medical Communication Training,10.1109/segah61285.2024.10639600,2024,International Conference on Serious Games and Applications for Health,N,未照合,S2,,
3,The Sense of Embodiment in Virtual Reality,forward,To Use or Not to Use Viewpoint Oscillations When Walking in VR? State of the Art and Perspectives,10.1109/tvcg.2024.3436858,2024,IEEE Transactions on Visualization and Computer Graphics,Y,SJR Q1,S2,,
3,The Sense of Embodiment in Virtual Reality,forward,What is ‘Being There’? An ontology of the immersive experience,10.1080/23808985.2024.2382752,2024,Annals of the International Communication Association,N,SJR Q1,S2,,
3,The Sense of Embodiment in Virtual Reality,forward,Multiple Self-Avatar Effect: Effects of Using Diverse Self-Avatars on Memory Acquisition and Retention of Sign-Language Gestures,10.1109/tvcg.2024.3433498,2024,IEEE Transactions on Visualization and Computer Graphics,Y,SJR Q1,S2,,
3,The Sense of Embodiment in Virtual Reality,forward,Cultural Reflections in Virtual Reality: The Effects of User Ethnicity in Avatar Matching Experiences on Sense of Embodiment,10.1109/tvcg.2024.3456196,2024,IEEE Transactions on Visualization and Computer Graphics,N,SJR Q1,S2,,
3,The Sense of Embodiment in Virtual Reality,forward,"Eliciting guilt in virtual reality games: interplay of self-attribution, presence, and morality",10.3389/fpsyg.2024.1416258,2024,Frontiers in Psychology,N,SJR Q1,S2,,
3,The Sense of Embodiment in Virtual Reality,forward,Another You – Virtual Embodiment Creative Practice,10.37130/7jqxfp92,2024,Concept,N,未照合,S2,,
3,The Sense of Embodiment in Virtual Reality,forward,Intentional binding for noninvasive BCI control,10.1088/1741-2552/ad628c,2024,Journal of Neural Engineering,N,SJR Q1,S2,,
3,The Sense of Embodiment in Virtual Reality,forward,Experimenting on the metaverse to foster innovation,10.1108/sjme-05-2023-0117,2024,Spanish Journal of Marketing-ESIC,N,SJR Q2,S2,,
3,The Sense of Embodiment in Virtual Reality,forward,Explicit and implicit sense of agency in depersonalisation experiences,10.1038/s41598-024-65862-z,2024,Scientific Reports,N,SJR Q1,S2,,
3,The Sense of Embodiment in Virtual Reality,forward,"Presence, (re)focused and explicated",10.1080/10714421.2024.2366684,2024,The Communication Review,N,SJR Q2,S2,,
3,The Sense of Embodiment in Virtual Reality,forward,Experimental study on the effect of adopting humanized and non-humanized chatbots on the factors measure the intensity of the user's perceived trust in the Yellow September campaign,10.1016/j.techfore.2024.123414,2024,Technological forecasting & social change,N,SJR Q1,S2,,
3,The Sense of Embodiment in Virtual Reality,forward,Designing for Embodied Sense-making of Mathematics: Perspectives on Directed and Spontaneous Bodily Actions,10.1145/3643834.3661571,2024,Conference on Designing Interactive Systems,Y,CORE A,S2,,
3,The Sense of Embodiment in Virtual Reality,forward,Virtual reality in functional neurological disorder: a theoretical framework and research agenda for use in the real world,10.1136/bmjno-2023-000622,2024,BMJ Neurology Open,N,SJR Q2,S2,,
3,The Sense of Embodiment in Virtual Reality,forward,Shaping health behaviors beyond reality: A full body illusion to experience the consequences of unhealthy snacking,10.1016/j.chb.2024.108376,2024,Computers in Human Behavior,Y,SJR Q1,S2,,
3,The Sense of Embodiment in Virtual Reality,forward,XR4ED: An Extended Reality Platform for Education,10.1109/mcg.2024.3406139,2024,IEEE Computer Graphics and Applications,N,SJR Q3,S2,,
3,The Sense of Embodiment in Virtual Reality,forward,Focus on Cooperation: A Face-to-Face VR Serious Game for Relationship Enhancement,10.1109/taffc.2023.3306198,2024,IEEE Transactions on Affective Computing,N,SJR Q1,S2,,
3,The Sense of Embodiment in Virtual Reality,forward,Virtual reality cue-exposure therapy in reducing cocaine craving: the Promoting Innovative COgnitive behavioral therapy for Cocaine use disorder (PICOC) study protocol for a randomized controlled trial,10.1186/s13063-024-08275-7,2024,Trials,N,SJR Q2,S2,,
3,The Sense of Embodiment in Virtual Reality,forward,A theoretical review of the Proteus effect: understanding the underlying processes,10.3389/fpsyg.2024.1379599,2024,Frontiers in Psychology,N,SJR Q1,S2,,
3,The Sense of Embodiment in Virtual Reality,forward,Cognitive Representations and Personal Experiences of COVID-19 Using Social Virtual Reality,10.1162/pres_a_00429,2024,PRESENCE: Virtual and Augmented Reality,N,未照合,S2,,
3,The Sense of Embodiment in Virtual Reality,forward,Centering Bodies in Space and Place through Virtual Reality Dance Performance: A Practice-Based Research Perspective,10.1145/3635636.3656194,2024,Creativity & Cognition,Y,CORE B,S2,,
3,The Sense of Embodiment in Virtual Reality,forward,"Virtual, Augmented, and Mixed Reality for Motor Neurorehabilitation: Scoping Review Focused on the Role of Body Representation",10.2196/63487,2024,JMIR XR and spatial computing,Y,SJR Q2,S2,,
3,The Sense of Embodiment in Virtual Reality,forward,Perspective matters: a systematic review of immersive virtual reality to reduce racial prejudice,10.1007/s10055-024-01024-w,2024,Virtual Reality,N,SJR Q1,S2,,
3,The Sense of Embodiment in Virtual Reality,forward,Editorial “Embodiment in the Metaverse: How Real and Virtual Bodies in Interaction Affect Cognition”,10.5334/joc.374,2024,Journal of Cognition,N,SJR Q1,S2,,
3,The Sense of Embodiment in Virtual Reality,forward,"Immersive Analytics: The Influence of Flow, Sense of Agency, and Presence on Performance and Satisfaction",10.1145/3661144,2024,Proc. ACM Hum. Comput. Interact.,N,未照合,S2,,
3,The Sense of Embodiment in Virtual Reality,forward,Bound by Experience: Updating the Body Representation When Using Virtual Objects,10.1177/00187208241258315,2024,Hum. Factors,N,未照合,S2,,
3,The Sense of Embodiment in Virtual Reality,forward,Investigating body perception of multiple virtual hands in synchronized and asynchronized conditions,10.3389/frvir.2024.1383957,2024,Frontiers Virtual Real.,Y,未照合,S2,,
3,The Sense of Embodiment in Virtual Reality,forward,Safe Spaces for Immersive Safety Training in Virtual Reality: A Phenomenological Conceptualization,10.20870/ijvr.2024.24.1.7860,2024,International Journal of Virtual Reality,N,SJR Q1,S2,,
3,The Sense of Embodiment in Virtual Reality,forward,How do differences in native language affect out-of-body experiences?,10.3389/fpsyg.2024.1350980,2024,Frontiers in Psychology,N,SJR Q1,S2,,
3,The Sense of Embodiment in Virtual Reality,forward,Hand Me This: Exploring the Effects of Gaze-driven Animations and Hand Representations in Users’ Sense of Presence and Embodiment,10.1145/3649902.3656362,2024,Eye Tracking Research & Application,Y,未照合,S2,,
3,The Sense of Embodiment in Virtual Reality,forward,Optimizing Camera Setup for In-Home First-Person Rendering Mixed-Reality Gaming System,10.1109/tg.2023.3277399,2024,IEEE Transactions on Games,Y,SJR Q2,S2,,
3,The Sense of Embodiment in Virtual Reality,forward,Bridging Divide with Innovative Media: Telexistence and Human Augmentation,10.1177/27523543241266075,2024,Emerging Media,N,未照合,S2,,
3,The Sense of Embodiment in Virtual Reality,forward,First-Person Experience in Virtual Reality Sport Advertisements: Transportation of Embodied Empathy,10.1162/pres_a_00426,2024,PRESENCE: Virtual and Augmented Reality,N,未照合,S2,,
3,The Sense of Embodiment in Virtual Reality,forward,Narrative Review of Emotional Expression Support in XR: Psychophysiology of Speech-to-Text Interfaces,,2024,,N,,S2,,
3,The Sense of Embodiment in Virtual Reality,forward,VR-assisted aggression treatment in forensic psychiatry: a qualitative study in patients with severe mental disorders,10.3389/fpsyt.2024.1307633,2024,Frontiers in Psychiatry,N,SJR Q1,S2,,
3,The Sense of Embodiment in Virtual Reality,forward,The Mental Abuse Matters Virtual Reality Project: creative practice in cinematic VR and immersive sound,10.1080/25741136.2024.2352807,2024,Media Practice and Education,N,SJR Q3,S2,,
3,The Sense of Embodiment in Virtual Reality,forward,Effects of Visual Realism on Avatar Perception in Immersive and Non-Immersive Virtual Environments,10.1080/10447318.2024.2351713,2024,International Journal of Human-Computer Interaction,N,SJR Q2,S2,,
3,The Sense of Embodiment in Virtual Reality,forward,Virtual Body Swapping: A VR-Based Approach to Embodied Third-Person Self-Processing in Mind-Body Therapy,10.1145/3613904.3642328,2024,International Conference on Human Factors in Computing Systems,Y,CORE A*,S2,,
3,The Sense of Embodiment in Virtual Reality,forward,Self-Avatar Motion Retargeting for Virtual Reality Post-Stroke Rehabilitation Therapy,10.1145/3613905.3651131,2024,CHI Extended Abstracts,Y,未照合,S2,,
3,The Sense of Embodiment in Virtual Reality,forward,“I’d rather drink in VRChat”: Understanding Drinking in Social Virtual Reality,10.1145/3613904.3642405,2024,International Conference on Human Factors in Computing Systems,Y,CORE A*,S2,,
3,The Sense of Embodiment in Virtual Reality,forward,ArmDeformation: Inducing the Sensation of Arm Deformation in Virtual Reality Using Skin-Stretching,10.1145/3613904.3642518,2024,International Conference on Human Factors in Computing Systems,Y,CORE A*,S2,,
3,The Sense of Embodiment in Virtual Reality,forward,Does Digital Intergroup Contact Reduce Prejudice? A Meta-Analysis,10.1089/cyber.2023.0591,2024,"Cyberpsychology, Behavior, and Social Networking",N,SJR Q1,S2,,
3,The Sense of Embodiment in Virtual Reality,forward,Narrative transportation: A systematic literature review and future research agenda,10.1002/mar.22011,2024,Psychology &amp; Marketing,N,未照合,S2,,
3,The Sense of Embodiment in Virtual Reality,forward,“People are Way too Obsessed with Rank”: Trust System in Social Virtual Reality,10.1007/s10606-024-09498-7,2024,Computer Supported Cooperative Work  (CSCW),N,SJR Q2,S2,,
3,The Sense of Embodiment in Virtual Reality,forward,Effects of Realism and Representation on Self-Embodied Avatars in Immersive Virtual Environments,10.48550/arxiv.2405.02672,2024,arXiv.org,N,未照合,S2,,
3,The Sense of Embodiment in Virtual Reality,forward,“I just embodied you”: Psychological Ownership of Personalized Photorealistic Avatars,10.1145/3613905.3651065,2024,CHI Extended Abstracts,N,未照合,S2,,
3,The Sense of Embodiment in Virtual Reality,forward,"Virtual Games, Real Interactions: A Look at Cross-reality Asymmetrical Co-located Social Games",10.1145/3613905.3650824,2024,CHI Extended Abstracts,Y,未照合,S2,,
3,The Sense of Embodiment in Virtual Reality,forward,The human-factors’ challenges of (tele)drivers of Autonomous Vehicles,10.1080/00140139.2024.2346552,2024,Ergonomics,N,SJR Q2,S2,,
3,The Sense of Embodiment in Virtual Reality,forward,Experiencing the body as play: Cultivating older adults' exergame experiences using embodied metaphors and multimodal feedback,10.1016/j.chb.2024.108280,2024,Computers in Human Behavior,N,SJR Q1,S2,,
3,The Sense of Embodiment in Virtual Reality,forward,“A Place Where “You can be who you've always wanted to be…”Examining the Ethics of Intelligent Virtual Environments,10.1016/j.jrt.2024.100085,2024,Journal of Responsible Technology,N,SJR Q1,S2,,
3,The Sense of Embodiment in Virtual Reality,forward,"Mixed-reality art as shared experience for cross-device users: Materialize, understand, and explore",10.1016/j.ijhcs.2024.103291,2024,Int. J. Hum. Comput. Stud.,N,未照合,S2,,
3,The Sense of Embodiment in Virtual Reality,forward,Surrealism Me: Interactive Virtual Embodying Experiences in Mixed Reality,,2024,,N,,S2,,
3,The Sense of Embodiment in Virtual Reality,forward,The use of virtual reality as a perspective-taking manipulation to improve self-awareness in Alzheimer’s disease,10.3389/fnagi.2024.1376413,2024,Frontiers in Aging Neuroscience,Y,SJR Q1,S2,,
3,The Sense of Embodiment in Virtual Reality,forward,Development and validation of a pictographic assessment embodiment scale,10.1177/17470218241252557,2024,Quarterly Journal of Experimental Psychology,N,SJR Q2,S2,,
3,The Sense of Embodiment in Virtual Reality,forward,Authenticity and presence: defining perceived quality in VR experiences,10.3389/fpsyg.2024.1291650,2024,Frontiers in Psychology,N,SJR Q1,S2,,
3,The Sense of Embodiment in Virtual Reality,forward,The effects of positive and negative intergroup contact in virtual reality on outgroup attitudes: Testing the contact hypothesis and its mediators,10.1177/13684302241237747,2024,Social Science Research Network,N,未照合,S2,,
3,The Sense of Embodiment in Virtual Reality,forward,Young skeptics: exploring the perceptions of virtual worlds and the metaverse in generations Y and Z,10.3389/frvir.2024.1330358,2024,Frontiers Virtual Real.,N,未照合,S2,,
3,The Sense of Embodiment in Virtual Reality,forward,Diving into a Heritage Metaverse: Learning from End User-driven Experiences and Perspectives to Enhance Virtual Heritage Interpretation,10.1145/3637322,2024,Proc. ACM Hum. Comput. Interact.,Y,未照合,S2,,
3,The Sense of Embodiment in Virtual Reality,forward,"Simulating Virtual Organizations for Research: A Comparative Empirical Evaluation of Text-Based, Video, and Virtual Reality Video Vignettes",10.1177/10944281241246770,2024,Organizational Research Methods,N,SJR Q1,S2,,
3,The Sense of Embodiment in Virtual Reality,forward,Experimental evaluation of the impact of sEMG interfaces in enhancing embodiment of virtual myoelectric prostheses,10.1186/s12984-024-01352-7,2024,Journal of NeuroEngineering and Rehabilitation,Y,SJR Q1,S2,,
3,The Sense of Embodiment in Virtual Reality,forward,Clustering user preferences for personalized teleoperation control schemes via trajectory similarity analysis,10.3389/frobt.2024.1330812,2024,Frontiers Robotics AI,N,SJR Q2,S2,,
3,The Sense of Embodiment in Virtual Reality,forward,PalmSpace: Leveraging the palm for touchless interaction on public touch screen devices,10.1016/j.ijhcs.2024.103219,2024,Int. J. Hum. Comput. Stud.,N,未照合,S2,,
3,The Sense of Embodiment in Virtual Reality,forward,Interacting in virtual reality: When the Proteus effect stimulates 3D MMORPG players to buy,10.1016/j.techfore.2024.123205,2024,Technological forecasting & social change,N,SJR Q1,S2,,
3,The Sense of Embodiment in Virtual Reality,forward,A Pragmatic Approach to Bi-Directional Impedance Reflection Telemanipulation Control: Design and User Study,10.1109/lra.2024.3368792,2024,IEEE Robotics and Automation Letters,N,SJR Q1,S2,,
3,The Sense of Embodiment in Virtual Reality,forward,Measuring Virtual Embodiment: A Psychometric Investigation of a Standardised Questionnaire for the Psychological Sciences,10.1016/j.chbr.2024.100422,2024,Computers in Human Behavior Reports,N,SJR Q1,S2,,
3,The Sense of Embodiment in Virtual Reality,forward,"Facing, mirroring and echoing in human–avatar symbiosis",10.1386/tear_00124_1,2024,Technoetic Arts,N,SJR Q2,S2,,
3,The Sense of Embodiment in Virtual Reality,forward,Sense of Agency and Skills Learning in Virtual-Mediated Environment: A Systematic Review,10.3390/brainsci14040350,2024,Brain Science,Y,SJR Q4,S2,,
3,The Sense of Embodiment in Virtual Reality,forward,Graphically representing covariational functional situations in an interactive embodied digital learning environment,10.1080/0020739x.2024.2327552,2024,International Journal of Mathematical Education in Science and Technology,N,SJR Q1,S2,,
3,The Sense of Embodiment in Virtual Reality,forward,What my bias meant for my embodiment: an investigation on virtual embodiment in desktop-based virtual reality,10.3389/frvir.2024.1251564,2024,Frontiers Virtual Real.,N,未照合,S2,,
3,The Sense of Embodiment in Virtual Reality,forward,Study of the Impact of Visual and Haptic Sensory Sensitivities on the Detection of Visuo-Haptic Illusions in Virtual Reality,10.1145/3649792.3649803,2024,Interaction Homme-Machine,Y,未照合,S2,,
3,The Sense of Embodiment in Virtual Reality,forward,Proteus effect or bodily affordance? The influence of virtual high-heels on gait behavior,10.1007/s10055-024-00966-5,2024,Virtual Reality,N,SJR Q1,S2,,
3,The Sense of Embodiment in Virtual Reality,forward,Brain Dynamics of Balance Loss in Virtual Reality and Real-world Beam Walking,10.1109/vrw62533.2024.00291,2024,2024 IEEE Conference on Virtual Reality and 3D User Interfaces Abstracts and Workshops (VRW),N,CORE A*,S2,,
3,The Sense of Embodiment in Virtual Reality,forward,Influence of Virtual Shoe Formality on Gait and Cognitive Performance in a VR Walking Task,10.1109/vr58804.2024.00122,2024,IEEE Conference on Virtual Reality and 3D User Interfaces,N,CORE A*,S2,,
3,The Sense of Embodiment in Virtual Reality,forward,Universal Access for Social XR Across Devices: The Impact of Immersion on the Experience in Asymmetric Virtual Collaboration,10.1109/vr58804.2024.00105,2024,IEEE Conference on Virtual Reality and 3D User Interfaces,N,CORE A*,S2,,
3,The Sense of Embodiment in Virtual Reality,forward,Extended Realities and the Future of Knowledge Work: Opportunities and Challenges,10.1109/vrw62533.2024.00130,2024,2024 IEEE Conference on Virtual Reality and 3D User Interfaces Abstracts and Workshops (VRW),Y,CORE A*,S2,,
3,The Sense of Embodiment in Virtual Reality,forward,Repeat Body-Ownership Illusions in Commodity Virtual Reality,10.1109/vrw62533.2024.00209,2024,2024 IEEE Conference on Virtual Reality and 3D User Interfaces Abstracts and Workshops (VRW),N,CORE A*,S2,,
3,The Sense of Embodiment in Virtual Reality,forward,Towards Full Body Co-Embodiment of Human and Non-Human Avatars in Virtual Reality,10.1109/vrw62533.2024.00084,2024,2024 IEEE Conference on Virtual Reality and 3D User Interfaces Abstracts and Workshops (VRW),N,CORE A*,S2,,
3,The Sense of Embodiment in Virtual Reality,forward,Exposing Movement Correlates of Presence Experience in Virtual Reality Using Parametric Maps,10.1109/vrw62533.2024.00073,2024,2024 IEEE Conference on Virtual Reality and 3D User Interfaces Abstracts and Workshops (VRW),Y,CORE A*,S2,,
3,The Sense of Embodiment in Virtual Reality,forward,[DC] Enhancing Accessibility and Emotional Expression in Educational Extended Reality for Deaf and Hard of Hearing: A User-Centric Investigation,10.1109/vrw62533.2024.00362,2024,2024 IEEE Conference on Virtual Reality and 3D User Interfaces Abstracts and Workshops (VRW),N,CORE A*,S2,,
3,The Sense of Embodiment in Virtual Reality,forward,The Potential Impact of VR Classroom Style on Learning Efficacy,10.1109/vrw62533.2024.00030,2024,2024 IEEE Conference on Virtual Reality and 3D User Interfaces Abstracts and Workshops (VRW),N,CORE A*,S2,,
3,The Sense of Embodiment in Virtual Reality,forward,Towards an Altered Body Image Through the Exposure to a Modulated Self in Virtual Reality,10.1109/vrw62533.2024.00225,2024,2024 IEEE Conference on Virtual Reality and 3D User Interfaces Abstracts and Workshops (VRW),Y,CORE A*,S2,,
3,The Sense of Embodiment in Virtual Reality,forward,ShareYourReality: Investigating Haptic Feedback and Agency in Virtual Avatar Co-embodiment,10.1145/3613904.3642425,2024,International Conference on Human Factors in Computing Systems,Y,CORE A*,S2,,
3,The Sense of Embodiment in Virtual Reality,forward,Am I the Odd One? Exploring (In)Congruencies in the Realism of Avatars and Virtual Others in Virtual Reality,10.3389/frvir.2024.1417066,2024,Frontiers Virtual Real.,N,未照合,S2,,
3,The Sense of Embodiment in Virtual Reality,forward,"In Case of Doubt, One Follows One's Self: The Implicit Guidance of the Embodied Self-Avatar",10.1109/tvcg.2024.3372042,2024,IEEE Transactions on Visualization and Computer Graphics,N,SJR Q1,S2,,
3,The Sense of Embodiment in Virtual Reality,forward,The Utilitarian Virtual Self – Using Embodied Personalized Avatars to Investigate Moral Decision-Making in Semi-Autonomous Vehicle Dilemmas,10.1109/tvcg.2024.3372121,2024,IEEE Transactions on Visualization and Computer Graphics,Y,SJR Q1,S2,,
3,The Sense of Embodiment in Virtual Reality,forward,Immersive virtual reality in the treatment of auditory hallucinations: A PRISMA scoping review.,10.1016/j.psychres.2024.115834,2024,Psychiatry Research,Y,SJR Q1,S2,,
3,The Sense of Embodiment in Virtual Reality,forward,Enhancement of sense of ownership using virtual and haptic feedback,10.1038/s41598-024-55162-x,2024,Scientific Reports,N,SJR Q1,S2,,
3,The Sense of Embodiment in Virtual Reality,forward,Activation of a Rhythmic Lower Limb Movement Pattern during the Use of a Multimodal Brain–Computer Interface: A Case Study of a Clinically Complete Spinal Cord Injury,10.3390/life14030396,2024,Life,N,SJR Q1,S2,,
3,The Sense of Embodiment in Virtual Reality,forward,Research on three-dimensional visualization technology based on electric power meta-universe technology,10.1109/epece63428.2024.00041,2024,"2024 3rd International Conference on Energy and Power Engineering, Control Engineering (EPECE)",N,未照合,S2,,
3,The Sense of Embodiment in Virtual Reality,forward,Customizing the human-avatar mapping based on EEG error related potentials,10.1088/1741-2552/ad2c02,2024,Journal of Neural Engineering,N,SJR Q1,S2,,
3,The Sense of Embodiment in Virtual Reality,forward,Sensorimotor adaptation in virtual reality: Do instructions and body representation influence aftereffects?,10.1007/s10055-024-00957-6,2024,Virtual Reality,N,SJR Q1,S2,,
3,The Sense of Embodiment in Virtual Reality,forward,Another Body in the World: Flusserian Freedom in Mixed Reality,10.48550/arxiv.2402.10751,2024,arXiv.org,N,未照合,S2,,
3,The Sense of Embodiment in Virtual Reality,forward,Real human touch: performer-facilitated touch enhances presence and embodiment in immersive performance,10.3389/frvir.2023.1336581,2024,Frontiers Virtual Real.,N,未照合,S2,,
3,The Sense of Embodiment in Virtual Reality,forward,Wizard of Props: Mixed Reality Prototyping with Physical Props to Design Responsive Environments,10.1145/3623509.3633395,2024,"International Conference on Tangible, Embedded, and Embodied Interaction",N,CORE B,S2,,
3,The Sense of Embodiment in Virtual Reality,forward,Augmenting Embodied Learning in Welding Training: The Co-Design of an XR- and tinyML-Enabled Welding System for Creative Arts and Manufacturing Training,10.1145/3623509.3633398,2024,"International Conference on Tangible, Embedded, and Embodied Interaction",N,CORE B,S2,,
3,The Sense of Embodiment in Virtual Reality,forward,Stepping into the Right Shoes: The Effects of User-Matched Avatar Ethnicity and Gender on Sense of Embodiment in Virtual Reality,10.1109/tvcg.2024.3372067,2024,IEEE Transactions on Visualization and Computer Graphics,N,SJR Q1,S2,,
3,The Sense of Embodiment in Virtual Reality,forward,Visions for digital integrated cardiovascular care: HRS Digital Health Committee perspectives,10.1016/j.cvdhj.2024.02.003,2024,Cardiovascular Digital Health Journal,N,SJR Q1,S2,,
3,The Sense of Embodiment in Virtual Reality,forward,Michelangelo Effect in Virtual Sculpturing: Prospective for Motor Neurorehabilitation in the Metaverse,10.5334/joc.345,2024,Journal of Cognition,N,SJR Q1,S2,,
3,The Sense of Embodiment in Virtual Reality,forward,Using narrative 360° video as a tool to promote breast self-examination,10.1007/s10055-023-00918-5,2024,Virtual Reality,N,SJR Q1,S2,,
3,The Sense of Embodiment in Virtual Reality,forward,Exploring the implications of the metaverse: opportunities and challenges for dance movement therapy,10.1080/17432979.2024.2306581,2024,"Body, Movement and Dance in Psychotherapy: An International Journal for Theory, Research and Practice",N,未照合,S2,,
3,The Sense of Embodiment in Virtual Reality,forward,Exploring students’ acceptance and continuance intention in using immersive virtual reality and metaverse integrated learning environments: The case of an Italian university course,10.1007/s10639-023-12436-7,2024,Education and Information Technologies : Official Journal of the IFIP technical committee on Education,N,未照合,S2,,
3,The Sense of Embodiment in Virtual Reality,forward,Avatar embodiment prior to motor imagery training in VR does not affect the induced event-related desynchronization: a pilot study,10.3389/frvir.2023.1265010,2024,Frontiers Virtual Real.,N,未照合,S2,,
3,The Sense of Embodiment in Virtual Reality,forward,"A Review of Immersive Technologies, Knowledge Representation, and AI for Human-Centered Digital Experiences",10.3390/electronics13020269,2024,Electronics,N,SJR Q4,S2,,
3,The Sense of Embodiment in Virtual Reality,forward,Exploring the Role of TPACK in Promoting Inquiry-based Learning in 21,10.18502/kss.v9i2.14925,2024,KnE Social Sciences,N,未照合,S2,,
3,The Sense of Embodiment in Virtual Reality,forward,The Visual Information Available in Virtual Reality,10.1080/10407413.2024.2322992,2024,Ecological psychology,N,SJR Q2,S2,,
3,The Sense of Embodiment in Virtual Reality,forward,Body ownership and kinaesthetic illusions: Dissociated bodily experiences for distinct levels of body consciousness?,10.1016/j.concog.2023.103630,2024,Consciousness and Cognition,N,SJR Q1,S2,,
3,The Sense of Embodiment in Virtual Reality,forward,Exploring cultural heritage and archaeological research from a VR-based approach,10.1016/j.daach.2024.e00318,2024,Digital Applications in Archaeology and Cultural Heritage,N,SJR Q1,S2,,
3,The Sense of Embodiment in Virtual Reality,forward,Using In Death: Unchained as case to investigate embodiment-related elements in VR game design,10.54097/8n334j73,2023,Highlights in Science Engineering and Technology,N,未照合,S2,,
3,The Sense of Embodiment in Virtual Reality,forward,Virtual Reality for the Rehabilitation of Acquired Cognitive Disorders: A Narrative Review,10.3390/bioengineering11010035,2023,Bioengineering,N,SJR Q2,S2,,
3,The Sense of Embodiment in Virtual Reality,forward,Systematic review of spatial abilities and virtual reality: The role of interaction,10.1002/jee.20568,2023,Journal of Engineering Education,N,SJR Q2,S2,,
3,The Sense of Embodiment in Virtual Reality,forward,Design of an Immersive Virtual Reality Framework to Enhance the Sense of Agency Using Affective Computing Technologies,10.3390/app132413322,2023,Applied Sciences,N,SJR Q4,S2,,
3,The Sense of Embodiment in Virtual Reality,forward,Sensorial Feedback Contribution to the Sense of Embodiment in Brain–Machine Interfaces: A Systematic Review,10.3390/app132413011,2023,Applied Sciences,N,SJR Q4,S2,,
3,The Sense of Embodiment in Virtual Reality,forward,The sense of embodiment in Virtual Reality and its assessment methods,10.3389/frvir.2023.1141683,2023,Frontiers Virtual Real.,N,未照合,S2,,
3,The Sense of Embodiment in Virtual Reality,forward,Enhancing Training and Learning in Virtual Reality: The Influence of Alien Motion on Sense of Embodiment,10.1145/3623809.3623944,2023,International Conference on Human-Agent Interaction,Y,CORE B,S2,,
3,The Sense of Embodiment in Virtual Reality,forward,Ethical Challenges of Virtual Reality Technology Interventions for the Vulnerabilities of Patients With Chronic Pain: Exploration of Technician Responsibility,10.2196/49237,2023,Journal of Medical Internet Research,N,SJR Q1,S2,,
3,The Sense of Embodiment in Virtual Reality,forward,Eye and Face Tracking in VR: Avatar Embodiment and Enfacement with Realistic and Cartoon Avatars,10.1145/3626705.3627793,2023,International Conference on Mobile and Ubiquitous Multimedia,Y,CORE B,S2,,
3,The Sense of Embodiment in Virtual Reality,forward,A configurational analysis of the causes of the discontinuance behavior of augmented reality (AR) apps in e-commerce,10.1016/j.elerap.2023.101355,2023,Electronic Commerce Research and Applications,N,SJR Q1,S2,,
3,The Sense of Embodiment in Virtual Reality,forward,Hands-on or hands-off: Deciphering the impact of interactivity on embodied learning in VR,10.1016/j.cexr.2023.100037,2023,Computers & Education: X Reality,N,SJR Q1,S2,,
3,The Sense of Embodiment in Virtual Reality,forward,Human Life is Like a Virtual Game with an Evolutionary Aim,10.55529/jmc.41.1.9,2023,Journal of Multidisciplinary Cases,N,未照合,S2,,
3,The Sense of Embodiment in Virtual Reality,forward,Metaverse for Education: Technical Framework and Design Criteria,10.1109/tlt.2023.3276760,2023,IEEE Transactions on Learning Technologies,N,SJR Q1,S2,,
3,The Sense of Embodiment in Virtual Reality,forward,"Examining the Proteus Effect in the Context of Healthy Food Choices and Intentions to Eat Healthy: The Role of Avatar Body Size, Avatar Allocation Type, and Visual Perspective",10.1162/pres_a_00410,2023,PRESENCE: Virtual and Augmented Reality,Y,未照合,S2,,
3,The Sense of Embodiment in Virtual Reality,forward,Beyond ‘heightism’ and ‘height premium’: An anthropology and sociology of human stature,10.1111/soc4.13178,2023,Sociology Compass,N,SJR Q1,S2,,
3,The Sense of Embodiment in Virtual Reality,forward,Fusing exocentric and egocentric real-time reconstructions for embodied immersive experiences,10.1109/ivcnz61134.2023.10343817,2023,Image and Vision Computing New Zealand,Y,未照合,S2,,
3,The Sense of Embodiment in Virtual Reality,forward,Exploring Embodiment and Usability of Autonomous Prosthetic Limbs through Virtual Reality,10.1145/3610542.3626115,2023,SIGGRAPH ASIA Posters,Y,CORE A*,S2,,
3,The Sense of Embodiment in Virtual Reality,forward,Virtual Reality in Empathy Towards Non-Human Being,10.1145/3632776.3632804,2023,ARTECH,Y,未照合,S2,,
3,The Sense of Embodiment in Virtual Reality,forward,A Framework For Presence Maintenance: Evoking Synesthesia and Empathy in Cinematic Virtual Reality,10.1109/gem59776.2023.10389829,2023,IEEE Games Entertainment Media Conference,N,未照合,S2,,
3,The Sense of Embodiment in Virtual Reality,forward,Embodying nature in immersive virtual reality: Are multisensory stimuli vital to affect nature connectedness and pro-environmental behaviour?,10.1016/j.compedu.2023.104964,2023,Comput. Educ.,N,未照合,S2,,
3,The Sense of Embodiment in Virtual Reality,forward,Out-of-body illusion induced by visual-vestibular stimulation,10.1016/j.isci.2023.108547,2023,iScience,N,SJR Q1,S2,,
3,The Sense of Embodiment in Virtual Reality,forward,Sensory substitution increases robotic surgical performance and sets the ground for a mediating role of the sense of embodiment: a systematic review,10.1016/j.heliyon.2023.e21665,2023,Heliyon,N,SJR Q1,S2,,
3,The Sense of Embodiment in Virtual Reality,forward,Temporal visuomotor synchrony induces embodiment towards an avatar with biomechanically impossible arm movements,10.1177/20416695231211699,2023,i-Perception,N,SJR Q3,S2,,
3,The Sense of Embodiment in Virtual Reality,forward,"Pericles, Prince of Tyre: Transforming a Shakespeare Play for Gamified Experience",10.15291/sic/3.13.lc.4,2023,SiC!,N,SJR Q4,S2,,
3,The Sense of Embodiment in Virtual Reality,forward,The Theory of Immersive Collaborative Learning (TICOL),10.1007/s10648-023-09822-5,2023,Educational Psychology Review,N,SJR Q1,S2,,
3,The Sense of Embodiment in Virtual Reality,forward,Importance and implementation of virtual reality for organic photovoltaic educational purposes,10.1109/iceta61311.2023.10343640,2023,International Conference on Emerging eLearning Technologies and Applications,Y,未照合,S2,,
3,The Sense of Embodiment in Virtual Reality,forward,VR for Vocational and Ecological Rehabilitation of Patients With Cognitive Impairment: A Survey,10.1109/tnsre.2023.3324131,2023,IEEE transactions on neural systems and rehabilitation engineering,N,SJR Q1,S2,,
3,The Sense of Embodiment in Virtual Reality,forward,Exploring the Relationship Between Attribute Discrepancy and Avatar Embodiment in Immersive Social Virtual Reality,10.1089/cyber.2023.0210,2023,"Cyberpsychology, Behavior, and Social Networking",N,SJR Q1,S2,,
3,The Sense of Embodiment in Virtual Reality,forward,“If It’s Not Me It Doesn’t Make a Difference” - The Impact of Avatar Personalization on user Experience and Body Awareness in Virtual Reality,10.1109/ismar59233.2023.00063,2023,International Symposium on Mixed and Augmented Reality,N,未照合,S2,,
3,The Sense of Embodiment in Virtual Reality,forward,Now I Wanna Be a Dog: Exploring the Impact of Audio and Tactile Feedback on Animal Embodiment,10.1109/ismar59233.2023.00107,2023,International Symposium on Mixed and Augmented Reality,N,未照合,S2,,
3,The Sense of Embodiment in Virtual Reality,forward,Enhancing Auditory Immersion in Interactive Virtual Reality Environments,10.1109/ismar-adjunct60411.2023.00174,2023,2023 IEEE International Symposium on Mixed and Augmented Reality Adjunct (ISMAR-Adjunct),N,未照合,S2,,
3,The Sense of Embodiment in Virtual Reality,forward,RC-SMPL: Real-time Cumulative SMPL-based Avatar Body Generation,10.1109/ismar59233.2023.00023,2023,International Symposium on Mixed and Augmented Reality,N,未照合,S2,,
3,The Sense of Embodiment in Virtual Reality,forward,Tangible Avatar : Enhancing Presence and Embodiment During Seated Virtual Experiences with a Prop-Based Controller,10.1109/ismar-adjunct60411.2023.00121,2023,2023 IEEE International Symposium on Mixed and Augmented Reality Adjunct (ISMAR-Adjunct),N,未照合,S2,,
3,The Sense of Embodiment in Virtual Reality,forward,MultiVibes: What if your VR Controller had 10 Times more Vibrotactile Actuators?,10.1109/ismar59233.2023.00085,2023,International Symposium on Mixed and Augmented Reality,N,未照合,S2,,
3,The Sense of Embodiment in Virtual Reality,forward,Joint Action in Collaborative Mixed Reality: Effects of Immersion Type and Physical Location,10.1145/3607822.3614541,2023,Symposium on Spatial User Interaction,N,未照合,S2,,
3,The Sense of Embodiment in Virtual Reality,forward,From Clocks to Pendulums: A Study on the Influence of External Moving Objects on Time Perception in Virtual Environments,10.1145/3611659.3615703,2023,Virtual Reality Software and Technology,Y,未照合,S2,,
3,The Sense of Embodiment in Virtual Reality,forward,ACE: how Artificial Character Embodiment shapes user behaviour in multi-modal interaction,10.1145/3577190.3617134,2023,International Conference on Multimodal Interaction,N,CORE B,S2,,
3,The Sense of Embodiment in Virtual Reality,forward,Beyond Mirrors: Exploring Behavioral Changes through Comparative Avatar Design in VR Taiko Drumming,10.1145/3611659.3615690,2023,Virtual Reality Software and Technology,Y,未照合,S2,,
3,The Sense of Embodiment in Virtual Reality,forward,“To be or Not to be Me?”: Exploration of Self-Similar Effects of Avatars on Social Virtual Reality Experiences,10.1109/tvcg.2023.3320240,2023,IEEE Transactions on Visualization and Computer Graphics,N,SJR Q1,S2,,
3,The Sense of Embodiment in Virtual Reality,forward,WeightMorphy: A Dynamic Weight-Shifting Method to Enhance the Virtual Experience with Body Deformation,10.1145/3594738.3611367,2023,International Workshop on the Semantic Web,Y,SJR Q2,S2,,
3,The Sense of Embodiment in Virtual Reality,forward,The Sea Is a Sky: Towards a Poetry of Motion,10.1145/3573382.3616056,2023,ACM SIGCHI Annual Symposium on Computer-Human Interaction in Play,Y,未照合,S2,,
3,The Sense of Embodiment in Virtual Reality,forward,Encouraging participant embodiment during VR-assisted public speaking training improves persuasiveness and charisma and reduces anxiety in secondary school students,10.3389/frvir.2023.1074062,2023,Frontiers Virtual Real.,N,未照合,S2,,
3,The Sense of Embodiment in Virtual Reality,forward,Controllers or Bare Hands? A Controlled Evaluation of Input Techniques on Interaction Performance and Exertion in Virtual Reality,10.1109/tvcg.2023.3320211,2023,IEEE Transactions on Visualization and Computer Graphics,N,SJR Q1,S2,,
3,The Sense of Embodiment in Virtual Reality,forward,Injured Avatars: The Impact of Embodied Anatomies and Virtual Injuries on Well-Being and Performance,10.1109/tvcg.2023.3320224,2023,IEEE Transactions on Visualization and Computer Graphics,Y,SJR Q1,S2,,
3,The Sense of Embodiment in Virtual Reality,forward,I am a Genius! Influence of Virtually Embodying Leonardo da Vinci on Creative Performance,10.1109/tvcg.2023.3320225,2023,IEEE Transactions on Visualization and Computer Graphics,N,SJR Q1,S2,,
3,The Sense of Embodiment in Virtual Reality,forward,Predictors of Engagement in Virtual Reality Storytelling Environments about Migration,10.3390/app131910915,2023,Applied Sciences,N,SJR Q4,S2,,
3,The Sense of Embodiment in Virtual Reality,forward,"Beyond my Real Body: Characterization, Impacts, Applications and Perspectives of “Dissimilar” Avatars in Virtual Reality",10.1109/tvcg.2023.3320209,2023,IEEE Transactions on Visualization and Computer Graphics,N,SJR Q1,S2,,
3,The Sense of Embodiment in Virtual Reality,forward,Inside the virtual art classroom: Using VR design software to support drawing courses in higher education,10.1386/drtp_00116_1,2023,Drawing Research Theory Practice,N,SJR Q3,S2,,
3,The Sense of Embodiment in Virtual Reality,forward,The Effects of Hand Representation on Experience and Performance for 3D Interactions in Virtual Reality Games,10.1145/3611066,2023,Proc. ACM Hum. Comput. Interact.,Y,未照合,S2,,
3,The Sense of Embodiment in Virtual Reality,forward,Metaverse Applications in Power Systems,10.61369/jpgt.0570,2023,Journal of Power Generation Technology,N,SJR Q2,S2,,
3,The Sense of Embodiment in Virtual Reality,forward,Virtual embodiment for improving range of motion in patients with movement-related shoulder pain: an experimental study,10.1186/s13018-023-04158-w,2023,Journal of Orthopaedic Surgery and Research,N,SJR Q1,S2,,
3,The Sense of Embodiment in Virtual Reality,forward,A Cyberpunk 2077 perspective on the prediction and understanding of future technology,10.48550/arxiv.2309.13970,2023,Entertainment Computing,N,CORE C,S2,,
3,The Sense of Embodiment in Virtual Reality,forward,Embodiment in episodic memory through premotor-hippocampal coupling,10.1101/2023.09.23.559108,2023,bioRxiv,N,未照合,S2,,
3,The Sense of Embodiment in Virtual Reality,forward,Phantom Illusion Based Vibrotactile Rendering of Affective Touch Patterns,10.1109/toh.2023.3315964,2023,IEEE Transactions on Haptics,N,SJR Q2,S2,,
3,The Sense of Embodiment in Virtual Reality,forward,Virtual reality in managing Complex Regional Pain Syndrome (CRPS): a scoping review,10.3389/fneur.2023.1069381,2023,Frontiers in Neurology,Y,SJR Q2,S2,,
3,The Sense of Embodiment in Virtual Reality,forward,Joint Moment Responses to Different Modes of Augmented Visual Feedback of Joint Kinematics during Two-Legged Squat Training,10.3390/biomechanics3030035,2023,Biomechanics,N,SJR Q3,S2,,
3,The Sense of Embodiment in Virtual Reality,forward,Critical Factors of Immersive Learning in Higher Education: A Systematic Literature Review,10.1109/iciss59129.2023.10291434,2023,International Conferences on Information Science and System,N,未照合,S2,,
3,The Sense of Embodiment in Virtual Reality,forward,Measuring the influence of audio on immersive experience in extended reality and digital games: a systematic review,10.1109/i3da57090.2023.10289267,2023,2023 Immersive and 3D Audio: from Architecture to Automotive (I3DA),N,未照合,S2,,
3,The Sense of Embodiment in Virtual Reality,forward,Exploring the association between the Proteus effect and intention to play massive multiplayer online role-playing games (MMORPGs),10.1108/intr-07-2022-0487,2023,Internet Research,N,SJR Q1,S2,,
3,The Sense of Embodiment in Virtual Reality,forward,From reader to experiencer: Design and evaluation of a VR data story for promoting the situation awareness of public health threats,10.1016/j.ijhcs.2023.103137,2023,Int. J. Hum. Comput. Stud.,N,未照合,S2,,
3,The Sense of Embodiment in Virtual Reality,forward,"Beyond the Game Itself: Understanding Authorial Intent, Player Agency, and Materiality as Degrees of Paratextuality",10.1177/15554120231181193,2023,Games Cult.,N,未照合,S2,,
3,The Sense of Embodiment in Virtual Reality,forward,How good are virtual hands? Influences of input modality on motor tasks in virtual reality,10.1016/j.jenvp.2023.102137,2023,Journal of Environmental Psychology,N,SJR Q1,S2,,
3,The Sense of Embodiment in Virtual Reality,forward,Imperceptible body transformation in virtual reality: Saliency of self representation,10.1016/j.isci.2023.107938,2023,iScience,N,SJR Q1,S2,,
3,The Sense of Embodiment in Virtual Reality,forward,Embodied perspective-taking enhances interpersonal synchronization: A body-swap study,10.1016/j.isci.2023.108099,2023,iScience,N,SJR Q1,S2,,
3,The Sense of Embodiment in Virtual Reality,forward,Redefining Redirected Movement for Wheelchair Based Interaction for Virtual Reality,10.1109/segah57547.2023.10253796,2023,International Conference on Serious Games and Applications for Health,Y,未照合,S2,,
3,The Sense of Embodiment in Virtual Reality,forward,Virtual human driving method based on motion capture,10.1109/cipae60493.2023.00030,2023,"International Conferences on Computers, Information Processing and Advanced Education",N,未照合,S2,,
3,The Sense of Embodiment in Virtual Reality,forward,Queering the ethics of AI,10.48550/arxiv.2308.13591,2023,arXiv.org,N,未照合,S2,,
3,The Sense of Embodiment in Virtual Reality,forward,"VR content and its prosocial impact: predictors, moderators, and mediators of media effects. A systematic literature review",10.3389/fcomm.2023.1203242,2023,Frontiers in Communication,N,SJR Q2,S2,,
3,The Sense of Embodiment in Virtual Reality,forward,NeuroDog,10.1145/3606936,2023,Proceedings of the ACM on Computer Graphics and Interactive Techniques,Y,SJR Q1,S2,,
3,The Sense of Embodiment in Virtual Reality,forward,Bodylab,10.1145/3597631,2023,Proceedings of the ACM on Computer Graphics and Interactive Techniques,Y,SJR Q1,S2,,
3,The Sense of Embodiment in Virtual Reality,forward,Immersive virtual reality in orthopaedics—a narrative review,10.1007/s00264-023-05911-w,2023,International Orthopaedics,N,SJR Q2,S2,,
3,The Sense of Embodiment in Virtual Reality,forward,“I Feel Like I’m in a Box”: Contrasting Virtual Reality “Imaginaries” in the Context of Academic Innovation Labs,10.1080/10572252.2023.2245442,2023,Technical Communication Quarterly,N,SJR Q2,S2,,
3,The Sense of Embodiment in Virtual Reality,forward,The virtual drum circle: polyrhythmic music interactions in mixed reality,10.1080/09298215.2024.2339244,2023,Journal of New Music Research,N,SJR Q1,S2,,
3,The Sense of Embodiment in Virtual Reality,forward,A systematic scoping review of 360-degree videos in teacher education,10.1108/jrit-03-2023-0029,2023,Journal of Research in Innovative Teaching &amp; Learning,N,未照合,S2,,
3,The Sense of Embodiment in Virtual Reality,forward,The Effect of Sense of Agency on Self-Efficacy Beliefs: A Virtual Reality Paradigm,10.1145/3605495.3605795,2023,ACM Symposium on Applied Perception,Y,CORE B,S2,,
3,The Sense of Embodiment in Virtual Reality,forward,The virtual drum circle: polyrhythmic music interactions in extended reality,10.48550/arxiv.2308.01889,2023,arXiv.org,N,未照合,S2,,
3,The Sense of Embodiment in Virtual Reality,forward,Design and feasibility study of a HCPS framework-based VR alpine skiing decision-making training system,10.1016/j.cag.2023.06.007,2023,Computers & graphics,N,SJR Q2,S2,,
3,The Sense of Embodiment in Virtual Reality,forward,Ownership of the affected leg is further reduced following deceptive behaviors in body integrity dysphoria,10.1016/j.isci.2023.107551,2023,iScience,N,SJR Q1,S2,,
3,The Sense of Embodiment in Virtual Reality,forward,Can non-humanlike avatars induce the Proteus effect? The roles of avatar identification and embodiment in influencing social participation,10.1016/j.chbah.2023.100020,2023,Comput. Hum. Behav. Artif. Humans,N,未照合,S2,,
3,The Sense of Embodiment in Virtual Reality,forward,The cognitive basis for virtual reality rehabilitation of upper-extremity motor function after neurotraumas,10.1007/s12193-023-00406-9,2023,Journal on Multimodal User Interfaces,N,SJR Q2,S2,,
3,The Sense of Embodiment in Virtual Reality,forward,An Investigation of the Advantages and Disadvantages of University Students as Avatars in Virtual Learning Spaces,10.62608/2831-3550.1004,2023,International Journal of Emerging and Disruptive Innovation in Education : VISIONARIUM,N,未照合,S2,,
3,The Sense of Embodiment in Virtual Reality,forward,SinkInSync: A Brainwave Synchronization Experience in VR Towards Enhancing Social Connectedness: A Brainwave Synchronization Experience in VR Towards Enhancing Social Connectedness,10.1145/3588027.3595597,2023,SIGGRAPH Immersive Pavilion,N,未照合,S2,,
3,The Sense of Embodiment in Virtual Reality,forward,The Design of a Virtual Prototyping System for Authoring Interactive Virtual Reality Environments From Real-World Scans,10.1115/1.4062970,2023,Journal of Computing and Information Science in Engineering,N,SJR Q1,S2,,
3,The Sense of Embodiment in Virtual Reality,forward,Embodiment of virtual feet correlates with motor performance in a target-stepping task: a pilot study,10.3389/frvir.2023.1104638,2023,Frontiers Virtual Real.,Y,未照合,S2,,
3,The Sense of Embodiment in Virtual Reality,forward,Designing immersive stories with novice VR creators: a study of autobiographical VR storytelling during the COVID-19 pandemic,10.3389/frvir.2023.1174701,2023,Frontiers Virtual Real.,N,未照合,S2,,
3,The Sense of Embodiment in Virtual Reality,forward,To Stick or Not to Stick? Studying the Impact of Offset Recovery Techniques During Mid-Air Interactions,10.1109/tvcg.2023.3295209,2023,IEEE Transactions on Visualization and Computer Graphics,Y,SJR Q1,S2,,
3,The Sense of Embodiment in Virtual Reality,forward,Fitted avatars: automatic skeleton adjustment for self-avatars in virtual reality,10.1007/s10055-023-00821-z,2023,Virtual Reality,Y,SJR Q1,S2,,
3,The Sense of Embodiment in Virtual Reality,forward,Virtual embodiment in fibromyalgia,10.1038/s41598-023-36861-3,2023,Scientific Reports,N,SJR Q1,S2,,
3,The Sense of Embodiment in Virtual Reality,forward,Virtual reality simulation-enhanced blood transfusion education for undergraduate nursing students: A randomised controlled trial.,10.1016/j.nedt.2023.105903,2023,Nurse Education Today,N,SJR Q1,S2,,
3,The Sense of Embodiment in Virtual Reality,forward,Boosting Creativity through Users’ Avatars and Contexts in Virtual Environments—A Systematic Review of Recent Research,10.3390/jintelligence11070144,2023,Journal of Intelligence,N,SJR Q1,S2,,
3,The Sense of Embodiment in Virtual Reality,forward,Entangled cognition in immersive learning experience,10.1177/10597123231183996,2023,Adaptive Behavior,N,SJR Q1,S2,,
3,The Sense of Embodiment in Virtual Reality,forward,Body ownership illusion through virtual reality as modulator variable for limbs rehabilitation after stroke: a systematic review,10.1007/s10055-023-00820-0,2023,Virtual Reality,N,SJR Q1,S2,,
3,The Sense of Embodiment in Virtual Reality,forward,VRBodyMem: A Virtual Full-Body Illusion for the Study of Episodic Memory,10.1089/cyber.2023.29287.ceu,2023,"Cyberpsychology, Behavior, and Social Networking",N,SJR Q1,S2,,
3,The Sense of Embodiment in Virtual Reality,forward,EFFECTS OF EMBODIED AND SELF-REFLECTED VIRTUAL REALITY ON ENGINEERING STUDENTS’ DESIGN COGNITION ABOUT NATURE,10.1017/pds.2023.158,2023,Proceedings of the Design Society,Y,SJR Q2,S2,,
3,The Sense of Embodiment in Virtual Reality,forward,Group Adapted Avatar Recommendations for Exergames,10.1145/3563359.3597389,2023,"User Modeling, Adaptation, and Personalization",N,未照合,S2,,
3,The Sense of Embodiment in Virtual Reality,forward,Does multisensory stimulation with virtual reality (VR) and smell improve learning? An educational experience in recall and creativity,10.3389/fpsyg.2023.1176697,2023,Frontiers in Psychology,N,SJR Q1,S2,,
3,The Sense of Embodiment in Virtual Reality,forward,Multiple embodiment relations: sense-making in dissociative experiences,10.1080/10253866.2023.2221635,2023,Consumption Markets &amp; Culture,N,未照合,S2,,
3,The Sense of Embodiment in Virtual Reality,forward,"Immersive Multisensory Digital Twins: concept, methods and case study",10.1145/3604321.3604377,2023,IMX Workshops,N,CORE C,S2,,
3,The Sense of Embodiment in Virtual Reality,forward,Using virtual reality to assess gesture performance deficits in schizophrenia patients,10.3389/fpsyt.2023.1191601,2023,Frontiers in Psychiatry,N,SJR Q1,S2,,
3,The Sense of Embodiment in Virtual Reality,forward,Virtual and Augmented Reality for Building,10.3390/buildings13061475,2023,Buildings,N,SJR Q1,S2,,
3,The Sense of Embodiment in Virtual Reality,forward,A novel mixed reality system to manage phantom pain in-home: results of a pilot clinical trial,10.3389/fpain.2023.1183954,2023,Frontiers in Pain Research,N,SJR Q1,S2,,
3,The Sense of Embodiment in Virtual Reality,forward,Digital modality richness drives vivid memory experience,10.1108/jrim-10-2022-0334,2023,Journal of Research in Interactive Marketing,Y,SJR Q1,S2,,
3,The Sense of Embodiment in Virtual Reality,forward,Mirror-Brush Illusion: Creating Phantom Tactile Percepts on Intact Limbs,10.1109/toh.2023.3279012,2023,IEEE Transactions on Haptics,N,SJR Q2,S2,,
3,The Sense of Embodiment in Virtual Reality,forward,Exploring the effects of virtual hand appearance on midair typing efficiency,10.1002/cav.2189,2023,Comput. Animat. Virtual Worlds,N,未照合,S2,,
3,The Sense of Embodiment in Virtual Reality,forward,Movement kinematic and postural control differences when performing a visuomotor skill in real and virtual environments,10.1007/s00221-023-06639-0,2023,Experimental Brain Research,N,SJR Q3,S2,,
3,The Sense of Embodiment in Virtual Reality,forward,Electroencephalographic Signature of Out-of-Body Experiences Induced by Virtual Reality: A Novel Methodological Approach,10.1162/jocn_a_02011,2023,Journal of Cognitive Neuroscience,N,SJR Q4,S2,,
3,The Sense of Embodiment in Virtual Reality,forward,TechnoSapiens: merging humans with technology in augmented reality,10.1007/s00371-023-02829-7,2023,The Visual Computer,N,SJR Q2,S2,,
3,The Sense of Embodiment in Virtual Reality,forward,EnVisioning CoRals: Embodying Coral Reef Inhabitants to Raise Awareness on Climate Changes Impacts on Remote Environments,10.1109/icvr57957.2023.10169419,2023,International Conference on Virtual Reality,Y,SJR Q1,S2,,
3,The Sense of Embodiment in Virtual Reality,forward,Impact of Physical Tool Designs on User Embodiment of Tools in Virtual Reality,10.1109/icvr57957.2023.10169686,2023,International Conference on Virtual Reality,N,SJR Q1,S2,,
3,The Sense of Embodiment in Virtual Reality,forward,Feeling of Control in Augmented Reality and Virtual Reality for Virtual Object Manipulation,10.1109/icvr57957.2023.10169460,2023,International Conference on Virtual Reality,N,SJR Q1,S2,,
3,The Sense of Embodiment in Virtual Reality,forward,Quantifying body ownership information processing and perceptual bias in the rubber hand illusion.,10.1016/j.cognition.2023.105491,2023,Cognition,N,SJR Q1,S2,,
3,The Sense of Embodiment in Virtual Reality,forward,Effects of personalized movement models in virtual reality on pain expectancy and motor behavior in patients with chronic back pain: a feasibility study,10.1007/s10055-023-00800-4,2023,Virtual Reality,N,SJR Q1,S2,,
3,The Sense of Embodiment in Virtual Reality,forward,Easily applicable social virtual reality and social presence in online higher education during the covid-19 pandemic: A qualitative study,10.1016/j.cexr.2023.100024,2023,Computers & Education: X Reality,N,SJR Q1,S2,,
3,The Sense of Embodiment in Virtual Reality,forward,Using Virtual Objects With Hand-Tracking: The Effects of Visual Congruence and Mid-Air Haptics on Sense of Agency,10.1109/toh.2023.3274304,2023,IEEE Transactions on Haptics,N,SJR Q2,S2,,
3,The Sense of Embodiment in Virtual Reality,forward,"Facilitating writing performance of EFL learners via virtual reality: Immersion, presence, embodiment",10.3389/fpsyg.2023.1134242,2023,Frontiers in Psychology,N,SJR Q1,S2,,
3,The Sense of Embodiment in Virtual Reality,forward,Exploring the use of social virtual reality for virtual exchange,10.1017/s0958344023000125,2023,ReCALL,N,SJR Q1,S2,,
3,The Sense of Embodiment in Virtual Reality,forward,Assisted walking-in-place: Introducing assisted motion to walking-by-cycling in embodied virtual reality,10.1109/tvcg.2023.3247070,2023,IEEE Transactions on Visualization and Computer Graphics,N,SJR Q1,S2,,
3,The Sense of Embodiment in Virtual Reality,forward,Proprioceptive uncertainty promotes the rubber hand illusion,10.1016/j.cortex.2023.04.005,2023,Cortex; a journal devoted to the study of the nervous system and behavior,N,未照合,S2,,
3,The Sense of Embodiment in Virtual Reality,forward,Utilizing virtual reality to assist social competence education and social support for children from under-represented backgrounds,10.1016/j.compedu.2023.104815,2023,Comput. Educ.,N,未照合,S2,,
3,The Sense of Embodiment in Virtual Reality,forward,The physical body as a computing interface: Theoretical conceptualization of embodied affordances and empirical validation,10.1016/j.tele.2023.101997,2023,Telematics and informatics,N,SJR Q1,S2,,
3,The Sense of Embodiment in Virtual Reality,forward,Virtual reality for the rehabilitation and prevention of intimate partner violence – From brain to behavior: A narrative review,10.3389/fpsyg.2022.788608,2023,Frontiers in Psychology,N,SJR Q1,S2,,
3,The Sense of Embodiment in Virtual Reality,forward,Measuring Embodiment: Movement Complexity and the Impact of Personal Characteristics,10.1109/tvcg.2023.3270725,2023,IEEE Transactions on Visualization and Computer Graphics,N,SJR Q1,S2,,
3,The Sense of Embodiment in Virtual Reality,forward,Embodied learning in a virtual mathematics classroom: an example lesson,10.1080/0020739x.2023.2197906,2023,International Journal of Mathematical Education in Science and Technology,N,SJR Q1,S2,,
3,The Sense of Embodiment in Virtual Reality,forward,"Embodiment, immersion, and enjoyment in virtual reality marketing experiences",10.1002/mar.21822,2023,Psychology &amp; Marketing,N,未照合,S2,,
3,The Sense of Embodiment in Virtual Reality,forward,The Benefits of Passive Haptics and Perceptual Manipulation for Extended Reality Interactions in Constrained Passenger Spaces,10.1145/3544548.3581079,2023,International Conference on Human Factors in Computing Systems,N,CORE A*,S2,,
3,The Sense of Embodiment in Virtual Reality,forward,Three Perspectives on Embodied Learning in Virtual Reality: Opportunities for Interaction Design,10.1145/3544549.3585805,2023,CHI Extended Abstracts,Y,未照合,S2,,
3,The Sense of Embodiment in Virtual Reality,forward,HandAvatar: Embodying Non-Humanoid Virtual Avatars through Hands,10.1145/3544548.3581027,2023,International Conference on Human Factors in Computing Systems,Y,CORE A*,S2,,
3,The Sense of Embodiment in Virtual Reality,forward,Drifting Off in Paradise: Why People Sleep in Virtual Reality,10.1145/3544548.3580947,2023,International Conference on Human Factors in Computing Systems,Y,CORE A*,S2,,
3,The Sense of Embodiment in Virtual Reality,forward,DreamVR: Curating an Interactive Exhibition in Social VR Through an Autobiographical Design Study,10.1145/3544548.3581362,2023,International Conference on Human Factors in Computing Systems,Y,CORE A*,S2,,
3,The Sense of Embodiment in Virtual Reality,forward,"Meeting Your Virtual Twin: Effects of Photorealism and Personalization on Embodiment, Self-Identification and Perception of Self-Avatars in Virtual Reality",10.1145/3544548.3581182,2023,International Conference on Human Factors in Computing Systems,Y,CORE A*,S2,,
3,The Sense of Embodiment in Virtual Reality,forward,AI in the Shell: Towards an Understanding of Integrated Embodiment,10.1145/3544549.3585867,2023,CHI Extended Abstracts,N,未照合,S2,,
3,The Sense of Embodiment in Virtual Reality,forward,Exploring the impact of VR and embodiment on environmental literacy,10.1145/3544549.3583903,2023,CHI Extended Abstracts,Y,未照合,S2,,
3,The Sense of Embodiment in Virtual Reality,forward,Are Embodied Avatars Harmful to our Self-Experience? The Impact of Virtual Embodiment on Body Awareness,10.1145/3544548.3580918,2023,International Conference on Human Factors in Computing Systems,Y,CORE A*,S2,,
3,The Sense of Embodiment in Virtual Reality,forward,Breathing based immersive interactions for enhanced agency and body awareness: a claustrophobia motivated study,10.1145/3544549.3585897,2023,CHI Extended Abstracts,N,未照合,S2,,
3,The Sense of Embodiment in Virtual Reality,forward,VR Almost There: Simulating Co-located Multiplayer Experiences in Social Virtual Reality,10.1145/3544548.3581230,2023,International Conference on Human Factors in Computing Systems,Y,CORE A*,S2,,
3,The Sense of Embodiment in Virtual Reality,forward,Embodied Telepresent Connection (ETC): Exploring Virtual Social Touch Through Pseudohaptics,10.1145/3544549.3585843,2023,CHI Extended Abstracts,Y,未照合,S2,,
3,The Sense of Embodiment in Virtual Reality,forward,VRisbee: How Hand Visibility Impacts Throwing Accuracy and Experience in Virtual Reality,10.1145/3544549.3585868,2023,CHI Extended Abstracts,Y,未照合,S2,,
3,The Sense of Embodiment in Virtual Reality,forward,The unembodied metaphor: comprehension and production of tactile metaphors without somatosensation,10.3389/fcomm.2023.1144018,2023,Frontiers in Communication,N,SJR Q2,S2,,
3,The Sense of Embodiment in Virtual Reality,forward,Présence et incarnation dans les jeux sérieux : Une revue de la littérature,10.1145/3583961.3583982,2023,Interaction Homme-Machine,N,未照合,S2,,
3,The Sense of Embodiment in Virtual Reality,forward,Immersive virtual patient simulation compared with traditional education for clinical reasoning: a pilot randomised controlled study,10.1080/17453054.2023.2216243,2023,Journal of Visual Communication in Medicine,N,SJR Q1,S2,,
3,The Sense of Embodiment in Virtual Reality,forward,"The emerging science of Glioception: Contribution of glia in sensing, transduction, circuit integration of interoception.",10.1016/j.pharmthera.2023.108403,2023,Pharmacology and Therapeutics,N,SJR Q1,S2,,
3,The Sense of Embodiment in Virtual Reality,forward,"Fractured and fragmented selves: Queer approaches to designing virtual experiences1,2",10.1386/vcr_00072_1,2023,Virtual Creativity,N,SJR Q4,S2,,
3,The Sense of Embodiment in Virtual Reality,forward,Modeling online adaptive navigation in virtual environments based on PID control,10.48550/arxiv.2303.16635,2023,International Conference on Neural Information Processing,N,CORE B,S2,,
3,The Sense of Embodiment in Virtual Reality,forward,The Influence of Avatar Personalization on Emotions in VR,10.3390/mti7040038,2023,Multimodal Technologies and Interaction,N,SJR Q2,S2,,
3,The Sense of Embodiment in Virtual Reality,forward,Immersive competence and immersive literacy: Exploring how users learn about immersive experiences,10.3389/frvir.2023.1129242,2023,Frontiers in Virtual Reality,N,SJR Q1,S2,,
3,The Sense of Embodiment in Virtual Reality,forward,Supporting Piggybacked Co-Located Leisure Activities via Augmented Reality,10.1145/3544548.3580833,2023,International Conference on Human Factors in Computing Systems,N,CORE A*,S2,,
3,The Sense of Embodiment in Virtual Reality,forward,Sensing the Virtual,10.54337/ojs.jos.v8i2.7365,2023,Journal of Somaesthetics,N,SJR Q4,S2,,
3,The Sense of Embodiment in Virtual Reality,forward,The Impact of Embodiment on Training Effectiveness,10.1109/iciet56899.2023.10111344,2023,International Conference Innovation Engineering and Technology,N,未照合,S2,,
3,The Sense of Embodiment in Virtual Reality,forward,Effect of Weight Adjustment in Virtual Co-embodiment During Collaborative Training,10.1145/3582700.3582703,2023,NASA/ESA Conference on Adaptive Hardware and Systems,Y,未照合,S2,,
3,The Sense of Embodiment in Virtual Reality,forward,Distance Validation and Role of High Fidelity VR Environments on Embodiment and Enjoyment,10.1109/iccike58312.2023.10131855,2023,2023 International Conference on Computational Intelligence and Knowledge Economy (ICCIKE),Y,未照合,S2,,
3,The Sense of Embodiment in Virtual Reality,forward,A Categorical Framework of General Intelligence,10.48550/arxiv.2303.04571,2023,arXiv.org,N,未照合,S2,,
3,The Sense of Embodiment in Virtual Reality,forward,A Lack of Restraint: Comparing Virtual Reality Interaction Techniques for Constrained Transport Seating,10.1109/tvcg.2023.3247084,2023,IEEE Transactions on Visualization and Computer Graphics,N,SJR Q1,S2,,
3,The Sense of Embodiment in Virtual Reality,forward,Down to Earth: Investigating Barefooted Experiences in Seated Virtual Reality Scenarios,10.1145/3603421.3603427,2023,International Conference Virtual and Augmented Reality Simulations,Y,未照合,S2,,
3,The Sense of Embodiment in Virtual Reality,forward,Understanding the effects of hand design on embodiment in virtual reality,10.1017/s0890060423000045,2023,"Artificial intelligence for engineering design, analysis and manufacturing",N,未照合,S2,,
3,The Sense of Embodiment in Virtual Reality,forward,Animation Fidelity in Self-Avatars: Impact on User Performance and Sense of Agency,10.1109/vr55154.2023.00044,2023,IEEE Conference on Virtual Reality and 3D User Interfaces,N,CORE A*,S2,,
3,The Sense of Embodiment in Virtual Reality,forward,"Persuasive Vibrations: Effects of Speech-Based Vibrations on Persuasion, Leadership, and Co-Presence During Verbal Communication in VR",10.1109/vr55154.2023.00070,2023,IEEE Conference on Virtual Reality and 3D User Interfaces,N,CORE A*,S2,,
3,The Sense of Embodiment in Virtual Reality,forward,"DC-“Born Again”: En/De-Roling, Character Identification, & VR Effects",10.1109/vrw58643.2023.00329,2023,2023 IEEE Conference on Virtual Reality and 3D User Interfaces Abstracts and Workshops (VRW),N,CORE A*,S2,,
3,The Sense of Embodiment in Virtual Reality,forward,I'm Transforming! Effects of Visual Transitions to Change of Avatar on the Sense of Embodiment in AR,10.1109/vr55154.2023.00024,2023,IEEE Conference on Virtual Reality and 3D User Interfaces,N,CORE A*,S2,,
3,The Sense of Embodiment in Virtual Reality,forward,The Funneling Effect: A prototype implementation of an illusory sense of touch in virtual reality,10.1109/vrw58643.2023.00076,2023,2023 IEEE Conference on Virtual Reality and 3D User Interfaces Abstracts and Workshops (VRW),N,CORE A*,S2,,
3,The Sense of Embodiment in Virtual Reality,forward,Impact of Spatial Environment Design on Cognitive Load,10.1109/vrw58643.2023.00267,2023,2023 IEEE Conference on Virtual Reality and 3D User Interfaces Abstracts and Workshops (VRW),N,CORE A*,S2,,
3,The Sense of Embodiment in Virtual Reality,forward,Embodiment and Personalization for Self-Identification with Virtual Humans,10.1109/vrw58643.2023.00242,2023,2023 IEEE Conference on Virtual Reality and 3D User Interfaces Abstracts and Workshops (VRW),N,CORE A*,S2,,
3,The Sense of Embodiment in Virtual Reality,forward,Chatbot-Based Services: A Study on Customers' Reuse Intention,10.3390/jtaer18010024,2023,Journal of Theoretical and Applied Electronic Commerce Research,N,SJR Q1,S2,,
3,The Sense of Embodiment in Virtual Reality,forward,FingerMapper: Mapping Finger Motions onto Virtual Arms to Enable Safe Virtual Reality Interaction in Confined Spaces,10.1145/3544548.3580736,2023,International Conference on Human Factors in Computing Systems,Y,CORE A*,S2,,
3,The Sense of Embodiment in Virtual Reality,forward,Unintentional synchronization with self-avatar for upper- and lower-body movements,10.3389/frvir.2023.1073549,2023,Frontiers in Virtual Reality,N,SJR Q1,S2,,
3,The Sense of Embodiment in Virtual Reality,forward,Comparing Different Grasping Visualizations for Object Manipulation in VR using Controllers,10.1109/tvcg.2023.3247039,2023,IEEE Transactions on Visualization and Computer Graphics,N,SJR Q1,S2,,
3,The Sense of Embodiment in Virtual Reality,forward,"The Impact of Avatar and Environment Congruence on Plausibility, Embodiment, Presence, and the Proteus Effect in Virtual Reality",10.1109/tvcg.2023.3247089,2023,IEEE Transactions on Visualization and Computer Graphics,Y,SJR Q1,S2,,
3,The Sense of Embodiment in Virtual Reality,forward,How Virtual Hand Representations Affect the Perceptions of Dynamic Affordances in Virtual Reality,10.1109/tvcg.2023.3247041,2023,IEEE Transactions on Visualization and Computer Graphics,Y,SJR Q1,S2,,
3,The Sense of Embodiment in Virtual Reality,forward,Effects of Collaborative Training Using Virtual Co-embodiment on Motor Skill Learning,10.1109/tvcg.2023.3247112,2023,IEEE Transactions on Visualization and Computer Graphics,N,SJR Q1,S2,,
3,The Sense of Embodiment in Virtual Reality,forward,Body and Time: Virtual Embodiment and its Effect on Time Perception,10.1109/tvcg.2023.3247040,2023,IEEE Transactions on Visualization and Computer Graphics,N,SJR Q1,S2,,
3,The Sense of Embodiment in Virtual Reality,forward,Upper Body Pose Estimation Using Deep Learning for a Virtual Reality Avatar,10.3390/app13042460,2023,Applied Sciences,N,SJR Q4,S2,,
3,The Sense of Embodiment in Virtual Reality,forward,The neuroscience of body memory: Recent findings and conceptual advances,10.17179/excli2023-5877,2023,EXCLI Journal : Experimental and Clinical Sciences,N,未照合,S2,,
3,The Sense of Embodiment in Virtual Reality,forward,Extended reality in language learning: A cognitive affective model of immersive learning perspective,10.3389/fpsyg.2023.1109025,2023,Frontiers in Psychology,N,SJR Q1,S2,,
3,The Sense of Embodiment in Virtual Reality,forward,Using case study analysis to develop heuristics to guide new filmmaking techniques in embodied virtual reality films,10.1080/17510694.2023.2171336,2023,Creative Industries Journal,N,SJR Q1,S2,,
3,The Sense of Embodiment in Virtual Reality,forward,An eXtended Reality Offloading IP Traffic Dataset and Models,10.1109/tmc.2023.3326893,2023,IEEE Transactions on Mobile Computing,N,SJR Q1,S2,,
3,The Sense of Embodiment in Virtual Reality,forward,Developing a framework for heterotopias as discursive playgrounds: a comparative analysis of non-immersive and immersive technologies,10.1007/s10055-023-00905-w,2023,Virtual Reality,N,SJR Q1,S2,,
3,The Sense of Embodiment in Virtual Reality,forward,Establishing conversational engagement and being effective: The role of body movement in mediated communication.,10.1016/j.actpsy.2023.103840,2023,Acta Psychologica,N,SJR Q1,S2,,
3,The Sense of Embodiment in Virtual Reality,forward,Journey through a virtual tunnel: Simulated motion and its effects on the experience of time,10.3389/frvir.2022.1059971,2023,Frontiers in Virtual Reality,N,SJR Q1,S2,,
3,The Sense of Embodiment in Virtual Reality,forward,Introducing wearable haptics for rendering velocity feedback in VR serious games for neuro-rehabilitation of children,10.3389/frvir.2022.1019302,2023,Frontiers in Virtual Reality,N,SJR Q1,S2,,
3,The Sense of Embodiment in Virtual Reality,forward,Effect of connection induced upper body movements on embodiment towards a limb controlled by another during virtual co-embodiment,10.1371/journal.pone.0278022,2023,PLoS ONE,N,SJR Q1,S2,,
3,The Sense of Embodiment in Virtual Reality,forward,Representing mental disorders with virtual reality applications: Designing for multimodality and complex participation,10.3389/frvir.2022.881766,2023,Frontiers in Virtual Reality,N,SJR Q1,S2,,
3,The Sense of Embodiment in Virtual Reality,forward,Examining the Effects of Gender Transfer in Virtual Reality on Implicit Gender Bias,10.1177/00187208221145264,2022,Hum. Factors,N,未照合,S2,,
3,The Sense of Embodiment in Virtual Reality,forward,Touch Trick the mind: Haptic Display Augmented the Mind-Map of internal locus of control,10.1145/3574131.3574449,2022,International Conference on Virtual Reality Continuum and its Applications in Industry,Y,未照合,S2,,
3,The Sense of Embodiment in Virtual Reality,forward,Evaluating the Sense of Embodiment through Out-of-Body Experience and Tactile Feedback,10.1145/3574131.3574456,2022,International Conference on Virtual Reality Continuum and its Applications in Industry,Y,未照合,S2,,
3,The Sense of Embodiment in Virtual Reality,forward,Curating the Widerstandsaviso: three cases of ethnographic intravention in R&D consortia,10.1080/09505431.2022.2158073,2022,Science as Culture,N,SJR Q1,S2,,
3,The Sense of Embodiment in Virtual Reality,forward,Does distance matter? Embodiment and perception of personalized avatars in relation to the self-observation distance in virtual reality,10.3389/frvir.2022.1031093,2022,Frontiers in Virtual Reality,Y,SJR Q1,S2,,
3,The Sense of Embodiment in Virtual Reality,forward,Active upper limb prostheses: a review on current state and upcoming breakthroughs,10.1088/2516-1091/acac57,2022,Progress in Biomedical Engineering,N,SJR Q1,S2,,
3,The Sense of Embodiment in Virtual Reality,forward,The impact of learning support facilitated by a robot and IoT-based tangible objects on children’s game-based language learning,10.1080/09588221.2022.2152053,2022,Computer Assisted Language Learning,N,SJR Q1,S2,,
3,The Sense of Embodiment in Virtual Reality,forward,The potential of remote XR experimentation: Defining benefits and limitations through expert survey and case study,10.3389/fcomp.2022.952996,2022,Frontiers of Computer Science,N,SJR Q2,S2,,
3,The Sense of Embodiment in Virtual Reality,forward,The virtual body in a design exercise: a conceptual framework for embodied cognition,10.1007/s10798-022-09793-8,2022,International Journal of Technology and Design Education,N,SJR Q1,S2,,
3,The Sense of Embodiment in Virtual Reality,forward,Sensory disclosure in an augmented environment: memory of touch and willingness to buy,10.1007/s43039-022-00060-1,2022,Italian Journal of Marketing,N,SJR Q2,S2,,
3,The Sense of Embodiment in Virtual Reality,forward,Virtual reality for geospatial education: immersive technologies enhance sense of embodiment,10.1080/15230406.2022.2122569,2022,Cartography and Geographic Information Science,N,SJR Q2,S2,,
3,The Sense of Embodiment in Virtual Reality,forward,Neuro-cognitive assessment of intentional control methods for a soft elbow exosuit using error-related potentials,10.1186/s12984-022-01098-0,2022,Journal of NeuroEngineering and Rehabilitation,N,SJR Q1,S2,,
3,The Sense of Embodiment in Virtual Reality,forward,Hooked on the metaverse? Exploring the prevalence of addiction to virtual reality applications,10.3389/frvir.2022.1031697,2022,Frontiers in Virtual Reality,N,SJR Q1,S2,,
3,The Sense of Embodiment in Virtual Reality,forward,"""Acting Out"" Queer Identity: The Embodied Visibility in Social Virtual Reality",10.1145/3555153,2022,Proc. ACM Hum. Comput. Interact.,Y,未照合,S2,,
3,The Sense of Embodiment in Virtual Reality,forward,"""I've talked without intending to"": Self-disclosure and Reciprocity via Embodied Avatar",10.1145/3555583,2022,Proc. ACM Hum. Comput. Interact.,Y,未照合,S2,,
3,The Sense of Embodiment in Virtual Reality,forward,The Presentation of Self in Virtual Reality: A Cognitive Load Study,10.1111/joid.12234,2022,Journal of Interior Design,N,SJR Q1,S2,,
3,The Sense of Embodiment in Virtual Reality,forward,Enriched environments enhance the development of explicit memory in an incidental learning task,10.1038/s41598-022-23226-5,2022,Scientific Reports,N,SJR Q1,S2,,
3,The Sense of Embodiment in Virtual Reality,forward,How immersive virtual reality can become a key tool to advance research and psychotherapy of eating and weight disorders,10.3389/fpsyt.2022.1011620,2022,Frontiers in Psychiatry,N,SJR Q1,S2,,
3,The Sense of Embodiment in Virtual Reality,forward,Investigating features in augmented visual feedback for virtual reality rehabilitation of upper-extremity function through isometric muscle control,10.3389/frvir.2022.943693,2022,Frontiers in Virtual Reality,N,SJR Q1,S2,,
3,The Sense of Embodiment in Virtual Reality,forward,The Virtual “Enfacement Illusion” on Pain Perception in Patients Suffering from Chronic Migraine: A Study Protocol for a Randomized Controlled Trial,10.3390/jcm11226876,2022,Journal of Clinical Medicine,N,SJR Q2,S2,,
3,The Sense of Embodiment in Virtual Reality,forward,The promise of the metaverse in mental health: the new era of MEDverse,10.1016/j.heliyon.2022.e11762,2022,Heliyon,N,SJR Q1,S2,,
3,The Sense of Embodiment in Virtual Reality,forward,Augmented Reality and Mixed Reality Measurement Under Different Environments: A Survey on Head-Mounted Devices,10.1109/tim.2022.3218303,2022,IEEE Transactions on Instrumentation and Measurement,N,SJR Q1,S2,,
3,The Sense of Embodiment in Virtual Reality,forward,Socially Interactive Agents for Supporting Aging,10.1145/3563659.3563671,2022,The Handbook on Socially Interactive Agents,N,未照合,S2,,
3,The Sense of Embodiment in Virtual Reality,forward,An easy Hand Gesture Recognition System for XR-based collaborative purposes,10.1109/metroxraine54828.2022.9967592,2022,"2022 IEEE International Conference on Metrology for Extended Reality, Artificial Intelligence and Neural Engineering (MetroXRAINE)",Y,未照合,S2,,
3,The Sense of Embodiment in Virtual Reality,forward,Enhancing Motor-Imagery Brain-Computer Interface Training With Embodied Virtual Reality: A Pilot Study With Older Adults,10.1109/metroxraine54828.2022.9967664,2022,"2022 IEEE International Conference on Metrology for Extended Reality, Artificial Intelligence and Neural Engineering (MetroXRAINE)",N,未照合,S2,,
3,The Sense of Embodiment in Virtual Reality,forward,Clinical feasibility and preliminary outcomes of a novel mixed reality system to manage phantom pain: a pilot study,10.1186/s40814-022-01187-w,2022,Pilot and Feasibility Studies,N,SJR Q2,S2,,
3,The Sense of Embodiment in Virtual Reality,forward,Effect of Social Actors Perceived Agency on Social Presence in Computer-Mediated Communication,10.1155/2022/9632119,2022,Adv. Hum. Comput. Interact.,N,未照合,S2,,
3,The Sense of Embodiment in Virtual Reality,forward,3D Human Body Pose Estimation in Virtual Reality: A survey,10.1109/ictc55196.2022.9952586,2022,Information and Communication Technology Convergence,N,未照合,S2,,
3,The Sense of Embodiment in Virtual Reality,forward,First insights in perception of feet and lower-body stimuli for proximity and collision feedback in 3D user interfaces,10.3389/frvir.2022.954587,2022,Frontiers in Virtual Reality,Y,SJR Q1,S2,,
3,The Sense of Embodiment in Virtual Reality,forward,Virtual Reality Embodiment in Motor Imagery Brain–Computer Interface Training,10.1007/s42979-022-01402-8,2022,SN Computer Science,N,SJR Q2,S2,,
3,The Sense of Embodiment in Virtual Reality,forward,Spatial Augmented Respiratory Cardiofeedback Design for Prosthetic Embodiment Training: a Pilot Study,10.1109/smc53654.2022.9945493,2022,"IEEE International Conference on Systems, Man and Cybernetics",N,CORE B,S2,,
3,The Sense of Embodiment in Virtual Reality,forward,"What Comes After Telepresence? Embodiment, Social Presence and Transporting One’s Functional and Social Self",10.1109/smc53654.2022.9945544,2022,"IEEE International Conference on Systems, Man and Cybernetics",N,CORE B,S2,,
3,The Sense of Embodiment in Virtual Reality,forward,Feasibility and psychophysical effects of immersive virtual reality-based mirror therapy,10.1186/s12984-022-01086-4,2022,Journal of NeuroEngineering and Rehabilitation,N,SJR Q1,S2,,
3,The Sense of Embodiment in Virtual Reality,forward,Effect of Vibrations on Impression of Walking and Embodiment With First- and Third-Person Avatar,10.1109/tvcg.2022.3212089,2022,IEEE Transactions on Visualization and Computer Graphics,N,SJR Q1,S2,,
3,The Sense of Embodiment in Virtual Reality,forward,Feelings of presence and perceived social support in social virtual reality platforms,10.1016/j.chb.2022.107523,2022,Computers in Human Behavior,N,SJR Q1,S2,,
3,The Sense of Embodiment in Virtual Reality,forward,Experiencing herd immunity in virtual reality increases COVID-19 vaccination intention: Evidence from a large-scale field intervention study,10.1016/j.chb.2022.107533,2022,Computers in Human Behavior,N,SJR Q1,S2,,
3,The Sense of Embodiment in Virtual Reality,forward,Virtually secure: A taxonomic assessment of cybersecurity challenges in virtual reality environments,10.1016/j.cose.2022.102951,2022,Computers & security,N,SJR Q1,S2,,
3,The Sense of Embodiment in Virtual Reality,forward,"The Effects of Avatar and Environment Design on Embodiment, Presence, Activation, and Task Load in a Virtual Reality Exercise Application",10.1109/ismar55827.2022.00041,2022,International Symposium on Mixed and Augmented Reality,N,未照合,S2,,
3,The Sense of Embodiment in Virtual Reality,forward,"Social VR and multi-party holographic communications: Opportunities, Challenges and Impact in the Education and Training Sectors",10.48550/arxiv.2210.00330,2022,arXiv.org,N,未照合,S2,,
3,The Sense of Embodiment in Virtual Reality,forward,"Social, Affective, and Non-Motoric Bodily Cues to the Sense of Agency: a Systematic Review of the Experience of Control.",10.1016/j.neubiorev.2022.104900,2022,Neuroscience and Biobehavioral Reviews,N,SJR Q1,S2,,
3,The Sense of Embodiment in Virtual Reality,forward,"Virtual Reality and Exercise Training Enhance Brain, Cognitive, and Physical Health in Older Adults with Mild Cognitive Impairment",10.3390/ijerph192013300,2022,International Journal of Environmental Research and Public Health,N,SJR Q1,S2,,
3,The Sense of Embodiment in Virtual Reality,forward,Full body illusion and cognition: A systematic review of the literature.,10.1016/j.neubiorev.2022.104926,2022,Neuroscience and Biobehavioral Reviews,N,SJR Q1,S2,,
3,The Sense of Embodiment in Virtual Reality,forward,The Effect of Out-of-Body Experience and Tactile Feedback on the Sense of Embodiment in Virtual Reality,10.1109/ismar-adjunct57072.2022.00205,2022,2022 IEEE International Symposium on Mixed and Augmented Reality Adjunct (ISMAR-Adjunct),N,未照合,S2,,
3,The Sense of Embodiment in Virtual Reality,forward,Stroke Rehabilitation through Proxy Agency and Embodiment in Mixed Reality,10.1109/ismar-adjunct57072.2022.00216,2022,2022 IEEE International Symposium on Mixed and Augmented Reality Adjunct (ISMAR-Adjunct),N,未照合,S2,,
3,The Sense of Embodiment in Virtual Reality,forward,Investigating The Effect of Direction on The Limits of Haptic Retargeting,10.1109/ismar55827.2022.00078,2022,International Symposium on Mixed and Augmented Reality,N,未照合,S2,,
3,The Sense of Embodiment in Virtual Reality,forward,Petting a cat helps you incarnate the avatar: Influence of the emotions over embodiment in VR,10.1109/ismar55827.2022.00028,2022,International Symposium on Mixed and Augmented Reality,Y,未照合,S2,,
3,The Sense of Embodiment in Virtual Reality,forward,Investigating User Embodiment of Inverse-Kinematic Avatars in Smartphone Augmented Reality,10.1109/ismar55827.2022.00084,2022,International Symposium on Mixed and Augmented Reality,N,未照合,S2,,
3,The Sense of Embodiment in Virtual Reality,forward,Parallel Adaptation: Switching between Two Virtual Bodies with Different Perspectives Enables Dual Motor Adaptation,10.1109/ismar55827.2022.00031,2022,International Symposium on Mixed and Augmented Reality,N,未照合,S2,,
3,The Sense of Embodiment in Virtual Reality,forward,Enhancing the Sense of Agency by Transitional Weight Control in Virtual Co-Embodiment,10.1109/ismar55827.2022.00043,2022,International Symposium on Mixed and Augmented Reality,N,未照合,S2,,
3,The Sense of Embodiment in Virtual Reality,forward,Editorial: Novel applications of virtual and mixed reality in pain research and treatment,10.3389/frvir.2022.1018804,2022,Frontiers in Virtual Reality,N,SJR Q1,S2,,
3,The Sense of Embodiment in Virtual Reality,forward,AvatarGo: Plug and Play self-avatars for VR,10.2312/egs.20221037,2022,Eurographics,N,未照合,S2,,
3,The Sense of Embodiment in Virtual Reality,forward,QuickVR: A standard library for virtual embodiment in unity,10.3389/frvir.2022.937191,2022,Frontiers in Virtual Reality,N,SJR Q1,S2,,
3,The Sense of Embodiment in Virtual Reality,forward,Assessing attentional bias for alcohol-related cues using eye tracking in a virtual reality environment,10.3389/frvir.2022.849840,2022,Frontiers in Virtual Reality,N,SJR Q1,S2,,
3,The Sense of Embodiment in Virtual Reality,forward,The impact of interoceptive accuracy and stimulation type on the out-of-body experience,10.1177/17470218221128285,2022,Quarterly Journal of Experimental Psychology,N,SJR Q2,S2,,
3,The Sense of Embodiment in Virtual Reality,forward,"Respiratory sinus arrhythmia during biofeedback is linked to persistent improvements in attention, short-term memory, and positive self-referential episodic memory",10.3389/fnins.2022.791498,2022,Frontiers in Neuroscience,N,SJR Q2,S2,,
3,The Sense of Embodiment in Virtual Reality,forward,Usability and User Experience of Virtual Objects Supporting Learning and Communicating in Virtual Reality,10.1145/3543758.3547568,2022,Message Understanding Conference,Y,未照合,S2,,
3,The Sense of Embodiment in Virtual Reality,forward,Use Virtual Reality to Enhance Intercultural Sensitivity: A Randomised Parallel Longitudinal Study,10.1109/tvcg.2022.3203091,2022,IEEE Transactions on Visualization and Computer Graphics,Y,SJR Q1,S2,,
3,The Sense of Embodiment in Virtual Reality,forward,Full body video-based self-avatars for mixed reality: from E2E system to user study,10.1007/s10055-023-00785-0,2022,Virtual Reality,N,SJR Q1,S2,,
3,The Sense of Embodiment in Virtual Reality,forward,Effects of Frequent Changes in Extended Self-Avatar Movements on Adaptation Performance,10.20965/jrm.2022.p0756,2022,J. Robotics Mechatronics,N,未照合,S2,,
3,The Sense of Embodiment in Virtual Reality,forward,Demand characteristics challenge effects in embodiment and presence,10.1038/s41598-022-18160-5,2022,Scientific Reports,N,SJR Q1,S2,,
3,The Sense of Embodiment in Virtual Reality,forward,Remote evaluation of augmented reality interaction with personal health information,10.3389/fcomp.2022.934694,2022,Frontiers of Computer Science,N,SJR Q2,S2,,
3,The Sense of Embodiment in Virtual Reality,forward,EEG signature of breaks in embodiment in VR,10.1371/journal.pone.0282967,2022,bioRxiv,N,未照合,S2,,
3,The Sense of Embodiment in Virtual Reality,forward,"Time in schizophrenia: a link between psychopathology, psychophysics and technology",10.1038/s41398-022-02101-x,2022,Translational Psychiatry,N,SJR Q1,S2,,
3,The Sense of Embodiment in Virtual Reality,forward,Enhance affective expression and social reciprocity for children with autism spectrum disorder: using virtual reality headsets at schools,10.1080/10494820.2022.2107681,2022,Interactive Learning Environments,N,SJR Q1,S2,,
3,The Sense of Embodiment in Virtual Reality,forward,Mitigating negative emotions through virtual reality and embodiment,10.3389/fnhum.2022.916227,2022,Frontiers in Human Neuroscience,N,SJR Q1,S2,,
3,The Sense of Embodiment in Virtual Reality,forward,How Virtual Body Continuity with Different Hand Representations Influence on User Perceptions and Task Performance,10.1109/hsi55341.2022.9869486,2022,International Conference on Human System Interaction,N,CORE C,S2,,
3,The Sense of Embodiment in Virtual Reality,forward,Sense of Embodiment Inducement for People with Reduced Lower-body Mobility and Sensations with Partial-Visuomotor Stimulation,10.1145/3532721.3535568,2022,SIGGRAPH Emerging Technologies,Y,未照合,S2,,
3,The Sense of Embodiment in Virtual Reality,forward,Knowing the intention behind limb movements of a partner increases embodiment towards the limb of joint avatar,10.1038/s41598-022-15932-x,2022,Scientific Reports,N,SJR Q1,S2,,
3,The Sense of Embodiment in Virtual Reality,forward,Immersive virtual reality in STEM: is IVR an effective learning medium and does adding self-explanation after a lesson improve learning outcomes?,10.1007/s11423-022-10139-3,2022,Educational technology research and development,N,SJR Q1,S2,,
3,The Sense of Embodiment in Virtual Reality,forward,Why we Should Rethink Our Approach to Embodiment and Presence,10.3389/frvir.2022.838369,2022,Frontiers in Virtual Reality,N,SJR Q1,S2,,
3,The Sense of Embodiment in Virtual Reality,forward,Involvement of visual signals in kinaesthesia: a virtual reality study.,10.1016/j.neulet.2022.136814,2022,Neuroscience Letters,N,SJR Q3,S2,,
3,The Sense of Embodiment in Virtual Reality,forward,LET'S CONNECT IN METAVERSE. BRAND'S NEW DESTINATION TO INCREASE CONSUMERS' AFFECTIVE BRAND ENGAGEMENT & THEIR SATISFACTION AND ADVOCACY,10.31620/jccc.06.22/19,2022,Journal of Content Community and Communication,N,SJR Q2,S2,,
3,The Sense of Embodiment in Virtual Reality,forward,Analyzing the Use of Heuristics in a Virtual Reality Learning Context: A Literature Review,10.3390/informatics9030051,2022,Informatics,N,CORE National:Slovakia,S2,,
3,The Sense of Embodiment in Virtual Reality,forward,Role-Exchange Playing: An Exploration of Role-Playing Effects for Anti-Bullying in Immersive Virtual Environments,10.1109/tvcg.2022.3184986,2022,IEEE Transactions on Visualization and Computer Graphics,N,SJR Q1,S2,,
3,The Sense of Embodiment in Virtual Reality,forward,TCP-Based Distributed Offloading Architecture for the Future of Untethered Immersive Experiences in Wireless Networks,10.1145/3505284.3529963,2022,IMX,N,CORE C,S2,,
3,The Sense of Embodiment in Virtual Reality,forward,Scientific Landscape of Embodied Experience in the Virtual Environment: A Bibliometric Analysis,10.3390/buildings12060844,2022,Buildings,N,SJR Q1,S2,,
3,The Sense of Embodiment in Virtual Reality,forward,Does having a virtual body make a difference during cinematic vr experiences?,10.1145/3534086.3534329,2022,MMVE@MMSys,Y,未照合,S2,,
3,The Sense of Embodiment in Virtual Reality,forward,Designing public VR installations:,10.1145/3532106.3533454,2022,Conference on Designing Interactive Systems,Y,CORE A,S2,,
3,The Sense of Embodiment in Virtual Reality,forward,A SLAM-based 6DoF controller with smooth auto-calibration for virtual reality,10.1007/s00371-022-02530-1,2022,The Visual Computer,N,SJR Q2,S2,,
3,The Sense of Embodiment in Virtual Reality,forward,Multiparty Holomeetings: Toward a New Era of Low-Cost Volumetric Holographic Meetings in Virtual Reality,10.48550/arxiv.2206.05426,2022,IEEE Access,N,SJR Q1,S2,,
3,The Sense of Embodiment in Virtual Reality,forward,Interview with an avatar: Comparing online and virtual reality perspective taking for gender bias in STEM hiring decisions,10.1371/journal.pone.0269430,2022,PLoS ONE,N,SJR Q1,S2,,
3,The Sense of Embodiment in Virtual Reality,forward,Investigating the Non-verbal Behavior Features of Bullying for the Development of an Automatic Recognition System in Social Virtual Reality,10.1145/3531073.3534492,2022,International Working Conference on Advanced Visual Interfaces,Y,未照合,S2,,
3,The Sense of Embodiment in Virtual Reality,forward,"REC: A Unity Tool to Replay, Export and Capture Tracked Movements for 3D and Virtual Reality Applications",10.1145/3531073.3534472,2022,International Working Conference on Advanced Visual Interfaces,Y,未照合,S2,,
3,The Sense of Embodiment in Virtual Reality,forward,Data Collection Framework for Context-Aware Virtual Reality Application Development in Unity: Case of Avatar Embodiment,10.3390/s22124623,2022,Italian National Conference on Sensors,Y,未照合,S2,,
3,The Sense of Embodiment in Virtual Reality,forward,Immersive virtual reality in the age of the Metaverse: A hybrid-narrative review based on the technology affordance perspective,10.1016/j.jsis.2022.101717,2022,Journal of strategic information systems,N,SJR Q1,S2,,
3,The Sense of Embodiment in Virtual Reality,forward,MultiSoma: Motor and Gaze Analysis on Distributed Embodiment With Synchronized Behavior and Perception,10.3389/fcomp.2022.788014,2022,Frontiers of Computer Science,N,SJR Q2,S2,,
3,The Sense of Embodiment in Virtual Reality,forward,Immersive Virtual Reality Avatars for Embodiment Illusions in People With Mild to Borderline Intellectual Disability: User-Centered Development and Feasibility Study,10.2196/39966,2022,JMIR Serious Games,N,SJR Q1,S2,,
3,The Sense of Embodiment in Virtual Reality,forward,Editorial: User-Avatar Bond: Risk and Opportunities in Gaming and Beyond,10.3389/fpsyg.2022.923146,2022,Frontiers in Psychology,N,SJR Q1,S2,,
3,The Sense of Embodiment in Virtual Reality,forward,Embodiment Comfort Levels During Motor Imagery Training Combined With Immersive Virtual Reality in a Spinal Cord Injury Patient,10.3389/fnhum.2022.909112,2022,Frontiers in Human Neuroscience,Y,SJR Q1,S2,,
3,The Sense of Embodiment in Virtual Reality,forward,Epistemic Rhetoric in Virtual Reality Interactive Factual Narratives,10.3389/frvir.2022.845489,2022,Frontiers in Virtual Reality,N,SJR Q1,S2,,
3,The Sense of Embodiment in Virtual Reality,forward,"Emerging Immersive Communication Systems: Overview, Taxonomy, and Good Practices for QoE Assessment",10.3389/frsip.2022.917684,2022,Frontiers in Signal Processing,N,SJR Q2,S2,,
3,The Sense of Embodiment in Virtual Reality,forward,Points of View and Readers’ Immersion in Translation: A Neurocognitive Interpretation of Poetic Translatability,10.3389/fpsyg.2022.877150,2022,Frontiers in Psychology,N,SJR Q1,S2,,
3,The Sense of Embodiment in Virtual Reality,forward,Assessing reactive violence using Immersive Virtual Reality,10.1371/journal.pone.0268191,2022,PLoS ONE,N,SJR Q1,S2,,
3,The Sense of Embodiment in Virtual Reality,forward,What is it like to be a bot? Variable perspective embodied telepresence for crowdsourcing robot movements,10.1007/s00779-022-01684-y,2022,Personal and Ubiquitous Computing,N,SJR Q2,S2,,
3,The Sense of Embodiment in Virtual Reality,forward,Approaching metaverses: Mixed reality interfaces in youth media platforms,10.1016/j.techum.2022.04.004,2022,New Techno Humanities,N,SJR Q3,S2,,
3,The Sense of Embodiment in Virtual Reality,forward,Situated VR: Toward a Congruent Hybrid Reality Without Experiential Artifacts,10.1109/mcg.2022.3154358,2022,IEEE Computer Graphics and Applications,N,SJR Q3,S2,,
3,The Sense of Embodiment in Virtual Reality,forward,Driving is believing: Using telepresence robots to access makerspace for teachers in rural areas,10.1111/bjet.13225,2022,British Journal of Educational Technology,N,SJR Q1,S2,,
3,The Sense of Embodiment in Virtual Reality,forward,There Is No First- or Third-Person View in Virtual Reality: Understanding the Perspective Continuum,10.1145/3491102.3517447,2022,International Conference on Human Factors in Computing Systems,Y,CORE A*,S2,,
3,The Sense of Embodiment in Virtual Reality,forward,AirRes Mask: A Precise and Robust Virtual Reality Breathing Interface Utilizing Breathing Resistance as Output Modality,10.1145/3491102.3502090,2022,International Conference on Human Factors in Computing Systems,Y,CORE A*,S2,,
3,The Sense of Embodiment in Virtual Reality,forward,Hand Interfaces: Using Hands to Imitate Objects in AR/VR for Expressive Interactions,10.1145/3491102.3501898,2022,International Conference on Human Factors in Computing Systems,Y,CORE A*,S2,,
3,The Sense of Embodiment in Virtual Reality,forward,OVRlap: Perceiving Multiple Locations Simultaneously to Improve Interaction in VR,10.1145/3491102.3501873,2022,International Conference on Human Factors in Computing Systems,Y,CORE A*,S2,,
3,The Sense of Embodiment in Virtual Reality,forward,Visual Delegate Generalization Frame – Evaluating Impact of Visual Effects and Elements on Player and User Experiences in Video Games and Interactive Virtual Environments,10.1145/3491102.3501885,2022,International Conference on Human Factors in Computing Systems,Y,CORE A*,S2,,
3,The Sense of Embodiment in Virtual Reality,forward,(Re)discovering the Physical Body Online: Strategies and Challenges to Approach Non-Cisgender Identity in Social Virtual Reality,10.1145/3491102.3502082,2022,International Conference on Human Factors in Computing Systems,Y,CORE A*,S2,,
3,The Sense of Embodiment in Virtual Reality,forward,Virtual Reality for Mind and Body: Does the Sense of Embodiment Towards a Virtual Body Affect Physical Body Awareness?,10.1145/3491101.3519613,2022,CHI Extended Abstracts,Y,未照合,S2,,
3,The Sense of Embodiment in Virtual Reality,forward,Designing and Assessing a Virtual Reality Simulation to Build Resilience to Street Harassment,10.1145/3491102.3502129,2022,International Conference on Human Factors in Computing Systems,Y,CORE A*,S2,,
3,The Sense of Embodiment in Virtual Reality,forward,A Model Predictive Control Approach for Reach Redirection in Virtual Reality,10.1145/3491102.3501907,2022,International Conference on Human Factors in Computing Systems,Y,CORE A*,S2,,
3,The Sense of Embodiment in Virtual Reality,forward,Toward Handling the Complexities of Non-Anthropomorphic Hands,10.1145/3491101.3519871,2022,CHI Extended Abstracts,Y,未照合,S2,,
3,The Sense of Embodiment in Virtual Reality,forward,Evaluating Soft Organ-Shaped Tangibles for Medical Virtual Reality,10.1145/3491101.3519715,2022,CHI Extended Abstracts,Y,未照合,S2,,
3,The Sense of Embodiment in Virtual Reality,forward,Virtual Transcendent Dream: Empowering People through Embodied Flying in Virtual Reality,10.1145/3491102.3517677,2022,International Conference on Human Factors in Computing Systems,Y,CORE A*,S2,,
3,The Sense of Embodiment in Virtual Reality,forward,Motor Imagery and Action Observation: A Case for the Integration of 360°VR,10.3389/fpsyg.2022.880185,2022,Frontiers in Psychology,N,SJR Q1,S2,,
3,The Sense of Embodiment in Virtual Reality,forward,How Immersion and Self-Avatars in VR Affect Learning Programming and Computational Thinking in Middle School Education,10.1109/tvcg.2022.3169426,2022,IEEE Transactions on Visualization and Computer Graphics,N,SJR Q1,S2,,
3,The Sense of Embodiment in Virtual Reality,forward,Attitude of Nutrition Experts Toward Psychotherapy and Virtual Reality as Part of Obesity Treatment—An Online Survey,10.3389/fpsyt.2022.787832,2022,Frontiers in Psychiatry,N,SJR Q1,S2,,
3,The Sense of Embodiment in Virtual Reality,forward,Neural sources of prediction errors detect unrealistic VR interactions,10.1088/1741-2552/ac69bc,2022,Journal of Neural Engineering,N,SJR Q1,S2,,
3,The Sense of Embodiment in Virtual Reality,forward,Influence of hand-arm self-avatar motion delay on the directional perception induced by an illusory sensation of being twisted,10.1038/s41598-022-10543-y,2022,Scientific Reports,N,SJR Q1,S2,,
3,The Sense of Embodiment in Virtual Reality,forward,Sonic Interactions in Virtual Environments: the Egocentric Audio Perspective of the Digital Twin,10.48550/arxiv.2204.09919,2022,arXiv.org,N,未照合,S2,,
3,The Sense of Embodiment in Virtual Reality,forward,The effects of embodying wildlife in virtual reality on conservation behaviors,10.1038/s41598-022-10268-y,2022,Scientific Reports,Y,SJR Q1,S2,,
3,The Sense of Embodiment in Virtual Reality,forward,Beyond Being Real: A Sensorimotor Control Perspective on Interactions in Virtual Reality,10.1145/3491102.3517706,2022,International Conference on Human Factors in Computing Systems,Y,CORE A*,S2,,
3,The Sense of Embodiment in Virtual Reality,forward,A study of how immersion and interactivity drive VR learning,10.1016/j.compedu.2021.104429,2022,Comput. Educ.,N,未照合,S2,,
3,The Sense of Embodiment in Virtual Reality,forward,Process and Outcome-based Evaluation between Virtual Reality-driven and Traditional Construction Safety Training,10.1016/j.aei.2022.101634,2022,Advanced Engineering Informatics,N,SJR Q1,S2,,
3,The Sense of Embodiment in Virtual Reality,forward,Disturbing the Peace: Experiencing and Mitigating Emerging Harassment in Social Virtual Reality,10.1145/3512932,2022,Proc. ACM Hum. Comput. Interact.,Y,未照合,S2,,
3,The Sense of Embodiment in Virtual Reality,forward,Influence of User Posture and Virtual Exercise on Impression of Locomotion During VR Observation,10.1109/tvcg.2022.3161130,2022,IEEE Transactions on Visualization and Computer Graphics,N,SJR Q1,S2,,
3,The Sense of Embodiment in Virtual Reality,forward,Impact of an overweight body representation in virtual reality on locomotion in a motor imagery task,10.1007/s00426-022-01675-x,2022,Psychological Research,Y,SJR Q3,S2,,
3,The Sense of Embodiment in Virtual Reality,forward,vexptoolbox: A software toolbox for human behavior studies using the Vizard virtual reality platform,10.3758/s13428-022-01831-6,2022,Behavior Research Methods,N,SJR Q1,S2,,
3,The Sense of Embodiment in Virtual Reality,forward,Toward Standard Guidelines to Design the Sense of Embodiment in Teleoperation Applications: A Review and Toolbox,10.1080/07370024.2022.2039147,2022,Hum. Comput. Interact.,N,未照合,S2,,
3,The Sense of Embodiment in Virtual Reality,forward,Perspective Taking and Avatar-Self Merging,10.3389/fpsyg.2022.714464,2022,Frontiers in Psychology,N,SJR Q1,S2,,
3,The Sense of Embodiment in Virtual Reality,forward,Parallel Ping-Pong: Exploring Parallel Embodiment through Multiple Bodies by a Single User,10.1145/3519391.3519408,2022,NASA/ESA Conference on Adaptive Hardware and Systems,Y,未照合,S2,,
3,The Sense of Embodiment in Virtual Reality,forward,"Cyborgs, Human Augmentation, Cybernetics, and JIZAI Body",10.1145/3519391.3519401,2022,NASA/ESA Conference on Adaptive Hardware and Systems,Y,未照合,S2,,
3,The Sense of Embodiment in Virtual Reality,forward,Resize Me! Exploring the user experience of embodied realistic modulatable avatars for body image intervention in virtual reality,10.3389/frvir.2022.935449,2022,Frontiers in Virtual Reality,N,SJR Q1,S2,,
3,The Sense of Embodiment in Virtual Reality,forward,Contiguous identities The virtual self in the supposed Metaverse,10.5210/fm.v27i3.12471,2022,First Monday,N,SJR Q1,S2,,
3,The Sense of Embodiment in Virtual Reality,forward,“In the shoes of another”: immersive technology for social and emotional learning,10.1007/s10639-022-10938-4,2022,Education and Information Technologies : Official Journal of the IFIP technical committee on Education,N,未照合,S2,,
3,The Sense of Embodiment in Virtual Reality,forward,Within or Between? Comparing Experimental Designs for Virtual Embodiment Studies,10.1109/vr51125.2022.00037,2022,IEEE Conference on Virtual Reality and 3D User Interfaces,Y,CORE A*,S2,,
3,The Sense of Embodiment in Virtual Reality,forward,"Exploring Presence, Avatar Embodiment, and Body Perception with a Holographic Augmented Reality Mirror",10.1109/vr51125.2022.00054,2022,IEEE Conference on Virtual Reality and 3D User Interfaces,N,CORE A*,S2,,
3,The Sense of Embodiment in Virtual Reality,forward,Body Warping Versus Change Blindness Remapping: A Comparison of Two Approaches to Repurposing Haptic Proxies for Virtual Reality,10.1109/vr51125.2022.00039,2022,IEEE Conference on Virtual Reality and 3D User Interfaces,Y,CORE A*,S2,,
3,The Sense of Embodiment in Virtual Reality,forward,Kicking in Virtual Reality: The Influence of Foot Visibility on the Shooting Experience and Accuracy,10.1109/vr51125.2022.00092,2022,IEEE Conference on Virtual Reality and 3D User Interfaces,Y,CORE A*,S2,,
3,The Sense of Embodiment in Virtual Reality,forward,Exploring the Design Space for Immersive Embodiment in Dance,10.1109/vr51125.2022.00027,2022,IEEE Conference on Virtual Reality and 3D User Interfaces,N,CORE A*,S2,,
3,The Sense of Embodiment in Virtual Reality,forward,An Evaluation of Virtual Reality Maintenance Training for Industrial Hydraulic Machines,10.1109/vr51125.2022.00077,2022,IEEE Conference on Virtual Reality and 3D User Interfaces,N,CORE A*,S2,,
3,The Sense of Embodiment in Virtual Reality,forward,Virtual Reality for Surgical Planning – Evaluation Based on Two Liver Tumor Resections,10.3389/fsurg.2022.821060,2022,Frontiers in Surgery,N,SJR Q2,S2,,
3,The Sense of Embodiment in Virtual Reality,forward,BIMFlexi-VR: A Virtual Reality Framework for Early-Stage Collaboration in Flexible Industrial Building Design,10.3389/frvir.2022.782169,2022,Frontiers in Virtual Reality,N,SJR Q1,S2,,
3,The Sense of Embodiment in Virtual Reality,forward,The Hitchhiker's Guide to Fused Twins: A Review of Access to Digital Twins In Situ in Smart Cities,10.3390/rs14133095,2022,Remote Sensing,N,SJR Q2,S2,,
3,The Sense of Embodiment in Virtual Reality,forward,Do You Need Another Hand? Investigating Dual Body Representations During Anisomorphic 3D Manipulation,10.1109/tvcg.2022.3150501,2022,IEEE Transactions on Visualization and Computer Graphics,N,SJR Q1,S2,,
3,The Sense of Embodiment in Virtual Reality,forward,Performative prototyping in collaborative mixed reality environments: an embodied design method for ideation and development in virtual reality.,10.1145/3490149.3501316,2022,"International Conference on Tangible, Embedded, and Embodied Interaction",Y,CORE B,S2,,
3,The Sense of Embodiment in Virtual Reality,forward,Effects of Transparency on Perceived Humanness: Implications for Rendering Skin Tones Using Optical See-Through Displays,10.1109/tvcg.2022.3150521,2022,IEEE Transactions on Visualization and Computer Graphics,N,SJR Q1,S2,,
3,The Sense of Embodiment in Virtual Reality,forward,"Embodied Gambling—Investigating the Influence of Level of Embodiment, Avatar Appearance, and Virtual Environment Design on an Online VR Slot Machine",10.3389/frvir.2022.828553,2022,Frontiers in Virtual Reality,Y,SJR Q1,S2,,
3,The Sense of Embodiment in Virtual Reality,forward,The effect of reducing distraction on the flow-performance link in virtual experiential learning environment,10.1007/s10055-021-00621-3,2022,Virtual Reality,N,SJR Q1,S2,,
3,The Sense of Embodiment in Virtual Reality,forward,“Tricking the Brain” Using Immersive Virtual Reality: Modifying the Self-Perception Over Embodied Avatar Influences Motor Cortical Excitability and Action Initiation,10.3389/fnhum.2021.787487,2022,Frontiers in Human Neuroscience,N,SJR Q1,S2,,
3,The Sense of Embodiment in Virtual Reality,forward,Augmenting Immersive Telepresence Experience with a Virtual Body,10.1109/tvcg.2022.3150473,2022,IEEE Transactions on Visualization and Computer Graphics,N,SJR Q1,S2,,
3,The Sense of Embodiment in Virtual Reality,forward,Embodiment of supernumerary robotic limbs in virtual reality,10.1101/2022.01.31.478373,2022,Scientific Reports,N,SJR Q1,S2,,
3,The Sense of Embodiment in Virtual Reality,forward,A Virtual Reality Application of the Rubber Hand Illusion Induced by Ultrasonic Mid-air Haptic Stimulation,10.1145/3487563,2022,ACM Transactions on Applied Perception,Y,CORE B,S2,,
3,The Sense of Embodiment in Virtual Reality,forward,Human Augmentation Technologies for Employee Well-Being: A Research and Development Agenda,10.3390/ijerph19031195,2022,International Journal of Environmental Research and Public Health,N,SJR Q1,S2,,
3,The Sense of Embodiment in Virtual Reality,forward,Design Considerations for Supporting Mindfulness in Virtual Reality,10.3389/frvir.2021.672556,2022,Frontiers in Virtual Reality,N,SJR Q1,S2,,
3,The Sense of Embodiment in Virtual Reality,forward,"A state of the art and scoping review of embodied information behavior in shared, co-present extended reality experiences",10.2352/ei.2022.34.12.ervr-298,2022,The Engineering Reality of Virtual Reality,N,未照合,S2,,
3,The Sense of Embodiment in Virtual Reality,forward,Hand dominance in the performance and perceptions of virtual reach control,10.1016/j.actpsy.2022.103494,2022,Acta Psychologica,N,SJR Q1,S2,,
3,The Sense of Embodiment in Virtual Reality,forward,Survey of Movement Reproduction in Immersive Virtual Rehabilitation,10.1109/tvcg.2022.3142198,2022,IEEE Transactions on Visualization and Computer Graphics,N,SJR Q1,S2,,
3,The Sense of Embodiment in Virtual Reality,forward,Interpersonal Affective Touch in a Virtual World: Feeling the Social Presence of Others to Overcome Loneliness,10.3389/fpsyg.2021.795283,2022,Frontiers in Psychology,N,SJR Q1,S2,,
3,The Sense of Embodiment in Virtual Reality,forward,Social Interaction With Agents and Avatars in Immersive Virtual Environments: A Survey,10.3389/frvir.2021.786665,2022,Frontiers in Virtual Reality,N,SJR Q1,S2,,
3,The Sense of Embodiment in Virtual Reality,forward,Affecting Explicit and Implicit Body Image with Thin-Idealized Avatars in Virtual Reality: The Role of Sense of Embodiment,10.1089/cyber.2021.0091,2022,"Cyberpsychology, Behavior, and Social Networking",N,SJR Q1,S2,,
3,The Sense of Embodiment in Virtual Reality,forward,Virtual body anthropomorphism increases drift in self‐location: Further support for the humanoid shape rule,10.1002/cav.2038,2022,Comput. Animat. Virtual Worlds,N,未照合,S2,,
3,The Sense of Embodiment in Virtual Reality,forward,The role of the Embodiment Director in virtual reality film production,10.1080/17510694.2021.2017634,2022,Creative Industries Journal,N,SJR Q1,S2,,
3,The Sense of Embodiment in Virtual Reality,forward,Changing social attitudes with virtual reality: a systematic review and meta-analysis,10.1080/23808985.2022.2064324,2022,Annals of the International Communication Association,N,SJR Q1,S2,,
3,The Sense of Embodiment in Virtual Reality,forward,An immersive virtual reality-based application for treating ADHD: A remote evaluation of acceptance and usability,10.1177/20552076221143242,2022,Digital Health,N,SJR Q1,S2,,
3,The Sense of Embodiment in Virtual Reality,forward,“Mine Works Better”: Examining the Influence of Embodiment in Virtual Reality on the Sense of Agency During a Binary Motor Imagery Task With a Brain-Computer Interface,10.3389/fpsyg.2021.806424,2021,Frontiers in Psychology,N,SJR Q1,S2,,
3,The Sense of Embodiment in Virtual Reality,forward,Active inference unifies intentional and conflict-resolution imperatives of motor control,10.1371/journal.pcbi.1010095,2021,PLoS Comput. Biol.,N,未照合,S2,,
3,The Sense of Embodiment in Virtual Reality,forward,Presenting Sense of Loud Vocalization Using Vibratory Stimuli to the Larynx and Auditory Stimuli,10.1145/3489849.3489891,2021,Virtual Reality Software and Technology,Y,未照合,S2,,
3,The Sense of Embodiment in Virtual Reality,forward,Virtual Reality platform for functional magnetic resonance imaging in ecologically valid conditions,10.1145/3489849.3489894,2021,Virtual Reality Software and Technology,Y,未照合,S2,,
3,The Sense of Embodiment in Virtual Reality,forward,The systematic evaluation of an embodied control interface for virtual reality,10.1371/journal.pone.0259977,2021,PLoS ONE,N,SJR Q1,S2,,
3,The Sense of Embodiment in Virtual Reality,forward,Application of virtual reality in neurosurgery: Patient missing. A systematic review.,10.1016/j.jocn.2021.11.031,2021,Journal of clinical neuroscience,N,SJR Q2,S2,,
3,The Sense of Embodiment in Virtual Reality,forward,Playing videogames is associated with reduced awareness of bodily sensations,10.1016/j.chb.2021.106953,2021,Computers in Human Behavior,N,SJR Q1,S2,,
3,The Sense of Embodiment in Virtual Reality,forward,In search of a naturalistic neuroimaging approach: Exploration of general feasibility through the case of VR-fMRI and application in the domain of episodic memory.,10.1016/j.neubiorev.2021.12.022,2021,Neuroscience and Biobehavioral Reviews,N,SJR Q1,S2,,
3,The Sense of Embodiment in Virtual Reality,forward,Development of an affective database made of interactive virtual environments,10.1038/s41598-021-03380-y,2021,Scientific Reports,N,SJR Q1,S2,,
3,The Sense of Embodiment in Virtual Reality,forward,AR Cinema: Visual Storytelling and Embodied Experiences with Augmented Reality Filters and Backgrounds,10.1162/pres_a_00376,2021,PRESENCE: Virtual and Augmented Reality,N,未照合,S2,,
3,The Sense of Embodiment in Virtual Reality,forward,Voxel-Based Immersive Mixed Reality: A Framework for Ad Hoc Immersive Storytelling,10.1162/pres_a_00364,2021,PRESENCE: Virtual and Augmented Reality,Y,未照合,S2,,
3,The Sense of Embodiment in Virtual Reality,forward,Do Object Affordances Modulate the Sense of Embodiment in Virtual Human--Tool Interaction? Reflection for the Interactive Artificial Environment,10.1162/pres_a_00382,2021,PRESENCE: Virtual and Augmented Reality,N,未照合,S2,,
3,The Sense of Embodiment in Virtual Reality,forward,Quantitative and Qualitative Exploration of the Effect of a Wearable Item on Non-Organic Virtual Limb Embodiment and User Behavior in Immersive Environments,10.1162/pres_a_00389,2021,PRESENCE: Virtual and Augmented Reality,N,未照合,S2,,
3,The Sense of Embodiment in Virtual Reality,forward,Extending the Cognitive-Affective Theory of Learning with Media in Virtual Reality Learning: A Structural Equation Modeling Approach,10.1177/07356331211053630,2021,Journal of educational computing research,N,SJR Q1,S2,,
3,The Sense of Embodiment in Virtual Reality,forward,Insights on embodiment induced by visuo-tactile stimulation during robotic telepresence,10.1038/s41598-021-02091-8,2021,Scientific Reports,N,SJR Q1,S2,,
3,The Sense of Embodiment in Virtual Reality,forward,Solid and Effective Upper Limb Segmentation in Egocentric Vision,10.1145/3485444.3495179,2021,International Conference on 3D Technologies for the World Wide Web,Y,未照合,S2,,
3,The Sense of Embodiment in Virtual Reality,forward,"Fundamental Clock of Biological Aging: Convergence of Molecular, Neurodegenerative, Cognitive and Psychiatric Pathways: Non-Equilibrium Thermodynamics Meet Psychology",10.3390/ijms23010285,2021,International Journal of Molecular Sciences,N,SJR Q1,S2,,
3,The Sense of Embodiment in Virtual Reality,forward,Virtual reality marketing and customer advocacy: Transforming experiences from story-telling to story-doing,10.1016/j.jbusres.2021.08.004,2021,,N,,S2,,
3,The Sense of Embodiment in Virtual Reality,forward,Towards multimodal BCIs: the impact of peripheral control on motor cortex activity and sense of agency,10.1109/embc46164.2021.9630021,2021,Annual International Conference of the IEEE Engineering in Medicine and Biology Society,N,未照合,S2,,
3,The Sense of Embodiment in Virtual Reality,forward,"Visual–haptic integration, action and embodiment in virtual reality",10.1007/s00426-021-01613-3,2021,Psychological Research,N,SJR Q3,S2,,
3,The Sense of Embodiment in Virtual Reality,forward,Move The Object or Move The User: The Role of Interaction Techniques on Embodied Learning in VR,10.3389/frvir.2021.695312,2021,Frontiers in Virtual Reality,N,SJR Q1,S2,,
3,The Sense of Embodiment in Virtual Reality,forward,Effects of Embodiment in Virtual Reality for Treatment of Chronic Pain: Pilot Open-Label Study,10.2196/34162,2021,JMIR Formative Research,Y,SJR Q2,S2,,
3,The Sense of Embodiment in Virtual Reality,forward,The Influence of Embodiment as a Cartoon Character on Public Speaking Anxiety,10.3389/frvir.2021.695673,2021,Frontiers in Virtual Reality,N,SJR Q1,S2,,
3,The Sense of Embodiment in Virtual Reality,forward,Embodiment in Virtual Reality for Treatment of Chronic Pain: A Feasibility Study (Preprint),10.2196/preprints.34162,2021,,N,,S2,,
3,The Sense of Embodiment in Virtual Reality,forward,A Paradigm to Enhance Motor Imagery through Immersive Virtual Reality with Visuo-Tactile Stimulus,10.1109/smc52423.2021.9658878,2021,"IEEE International Conference on Systems, Man and Cybernetics",N,CORE B,S2,,
3,The Sense of Embodiment in Virtual Reality,forward,Using an Embodiment Technique in Psychological Experiments with Virtual Reality: A Scoping Review of the Embodiment Configurations and their Scientific Purpose,10.2174/1874350102114010198,2021,Open Psychology Journal,N,SJR Q3,S2,,
3,The Sense of Embodiment in Virtual Reality,forward,The Effect of VR Avatar Embodiment on Improving Attitudes and Closeness Toward Immigrants,10.3389/fpsyg.2021.705574,2021,Frontiers in Psychology,N,SJR Q1,S2,,
3,The Sense of Embodiment in Virtual Reality,forward,How Multi-Sensory Animal Embodiment in Virtual Reality Influences Environmental Threat Processing and Conservation Behaviors,10.21203/rs.3.rs-957911/v1,2021,,N,,S2,,
3,The Sense of Embodiment in Virtual Reality,forward,Human Factors Research in Immersive Virtual Reality Firefighter Training: A Systematic Review,10.3389/frvir.2021.671664,2021,Frontiers in Virtual Reality,N,SJR Q1,S2,,
3,The Sense of Embodiment in Virtual Reality,forward,Hafnia Hands: A Multi-Skin Hand Texture Resource for Virtual Reality Research,10.3389/frvir.2022.719506,2021,Frontiers in Virtual Reality,N,SJR Q1,S2,,
3,The Sense of Embodiment in Virtual Reality,forward,Psychological benefits of using social virtual reality platforms during the covid-19 pandemic: The role of social and spatial presence,10.1016/j.chb.2021.107047,2021,Computers in Human Behavior,N,SJR Q1,S2,,
3,The Sense of Embodiment in Virtual Reality,forward,The Effects of Virtual Avatar Visibility on Pointing Interpretation by Observers in 3D Environments,10.1109/ismar52148.2021.00019,2021,International Symposium on Mixed and Augmented Reality,N,未照合,S2,,
3,The Sense of Embodiment in Virtual Reality,forward,Game and Simulation Design for Studying Pedestrian-Automated Vehicle Interactions,,2021,arXiv.org,N,未照合,S2,,
3,The Sense of Embodiment in Virtual Reality,forward,Shared Diminished Reality: A New VR Framework for the Study of Embodied Intersubjectivity,10.3389/frvir.2021.646930,2021,Frontiers in Virtual Reality,N,SJR Q1,S2,,
3,The Sense of Embodiment in Virtual Reality,forward,360-degree video in education: An overview and a comparative social media data analysis of the last decade,10.1186/s40561-021-00165-8,2021,Smart Learning Environments,N,SJR Q1,S2,,
3,The Sense of Embodiment in Virtual Reality,forward,Affordable But Not Cheap: A Case Study of the Effects of Two 3D-Reconstruction Methods of Virtual Humans,10.3389/frvir.2021.694617,2021,Frontiers in Virtual Reality,N,SJR Q1,S2,,
3,The Sense of Embodiment in Virtual Reality,forward,ROOM FOR IMPROVEMENT IN THE VIDEO CONFERENCING ‘SPACE',10.5210/spir.v2021i0.12188,2021,AoIR Selected Papers of Internet Research,N,未照合,S2,,
3,The Sense of Embodiment in Virtual Reality,forward,Appearance,10.1145/3477322.3477327,2021,The Handbook on Socially Interactive Agents,N,未照合,S2,,
3,The Sense of Embodiment in Virtual Reality,forward,Embodiment in Virtual Reality Intensifies Emotional Responses to Virtual Stimuli,10.3389/fpsyg.2021.674179,2021,Frontiers in Psychology,N,SJR Q1,S2,,
3,The Sense of Embodiment in Virtual Reality,forward,More Plausible Models of Body Ownership Could Benefit Virtual Reality Applications,10.3390/computers10090108,2021,De Computis,N,未照合,S2,,
3,The Sense of Embodiment in Virtual Reality,forward,Arousing a wide range of emotions within educational virtual reality simulation about major depressive disorder affects knowledge retention,10.1007/s10055-021-00568-5,2021,Virtual Reality,N,SJR Q1,S2,,
3,The Sense of Embodiment in Virtual Reality,forward,Arousing a wide range of emotions within educational virtual reality simulation about major depressive disorder affects knowledge retention,10.1007/s10055-021-00568-5,2021,Virtual Reality,N,SJR Q1,S2,,
3,The Sense of Embodiment in Virtual Reality,forward,Exploring the Embodiment of a Virtual Hand in a Spatially Augmented Respiratory Biofeedback Setting,10.3389/fnbot.2021.683653,2021,Frontiers in Neurorobotics,N,SJR Q2,S2,,
3,The Sense of Embodiment in Virtual Reality,forward,Virtual reality as a communication medium: a comparative study of forced compliance in virtual reality versus physical world,10.1007/s10055-021-00564-9,2021,Virtual Reality,N,SJR Q1,S2,,
3,The Sense of Embodiment in Virtual Reality,forward,A comparison between chatbot and human service: customer perception and reuse intention,10.1108/ijchm-12-2020-1399,2021,International Journal of Contemporary Hospitality Management,N,SJR Q1,S2,,
3,The Sense of Embodiment in Virtual Reality,forward,"Effect of immersive visualization technologies on cognitive load, motivation, usability, and embodiment",10.1007/s10055-021-00565-8,2021,Virtual Reality,N,SJR Q1,S2,,
3,The Sense of Embodiment in Virtual Reality,forward,The benchmark framework and exploratory study to investigate the feasibility of 360-degree video-based virtual reality to induce a full body illusion,10.1007/s10055-021-00567-6,2021,Virtual Reality,N,SJR Q1,S2,,
3,The Sense of Embodiment in Virtual Reality,forward,EXTENDED REALITY (XR) ENVIRONMENTS,10.1002/9781119636113.ch30,2021,Handbook of Human Factors and Ergonomics,N,未照合,S2,,
3,The Sense of Embodiment in Virtual Reality,forward,The use of virtual reality in studying prejudice and its reduction: A systematic review,10.1371/journal.pone.0270748,2021,PLoS ONE,N,SJR Q1,S2,,
3,The Sense of Embodiment in Virtual Reality,forward,Embodiment and Performance in the Supernumerary Hand Illusion in Augmented Reality,10.3389/fcomp.2021.694916,2021,Frontiers of Computer Science,N,SJR Q2,S2,,
3,The Sense of Embodiment in Virtual Reality,forward,Reaching articular limits can negatively impact embodiment in virtual reality,10.1101/2021.08.04.455114,2021,bioRxiv,N,未照合,S2,,
3,The Sense of Embodiment in Virtual Reality,forward,Experiencing organ failure in virtual reality: Effects of self- versus other-embodied perspective taking on empathy and prosocial outcomes,10.1177/1461444821993122,2021,New Media & Society,N,SJR Q1,S2,,
3,The Sense of Embodiment in Virtual Reality,forward,"Impact of avatar facial anthropomorphism on body ownership, attractiveness and social presence in collaborative tasks in immersive virtual environments",10.1016/j.cag.2021.08.011,2021,Computers & graphics,N,SJR Q2,S2,,
3,The Sense of Embodiment in Virtual Reality,forward,Perspective-Taking in Virtual Reality and Reduction of Biases against Minorities,10.3390/mti5080042,2021,Multimodal Technologies and Interaction,N,SJR Q2,S2,,
3,The Sense of Embodiment in Virtual Reality,forward,Effects of a virtual gender swap on social and temporal decision-making,10.1038/s41598-021-94869-z,2021,Scientific Reports,N,SJR Q1,S2,,
3,The Sense of Embodiment in Virtual Reality,forward,Being an Avatar “for Real”: A Survey on Virtual Embodiment in Augmented Reality,10.1109/tvcg.2021.3099290,2021,IEEE Transactions on Visualization and Computer Graphics,N,SJR Q1,S2,,
3,The Sense of Embodiment in Virtual Reality,forward,The Influence of Avatar Embodiment on Time Perception - Towards VR for Time-Based Therapy,10.3389/frvir.2021.658509,2021,Frontiers in Virtual Reality,N,SJR Q1,S2,,
3,The Sense of Embodiment in Virtual Reality,forward,Perception and Motion in Real and Virtual Environments: A Narrative Review of Autism Spectrum Disorders,10.3389/fpsyg.2021.708229,2021,Frontiers in Psychology,N,SJR Q1,S2,,
3,The Sense of Embodiment in Virtual Reality,forward,"From Readership to Usership: Communicating Heritage Digitally Through Presence, Embodiment and Aesthetic Experience",10.3389/fcomm.2021.676446,2021,Frontiers in Communication,N,SJR Q2,S2,,
3,The Sense of Embodiment in Virtual Reality,forward,Congruency of Information Rather Than Body Ownership Enhances Motor Performance in Highly Embodied Virtual Reality,10.3389/fnins.2021.678909,2021,Frontiers in Neuroscience,N,SJR Q2,S2,,
3,The Sense of Embodiment in Virtual Reality,forward,Changing your body changes your eating attitudes: embodiment of a slim virtual avatar induces avoidance of high-calorie food,10.1016/j.heliyon.2021.e07515,2021,Heliyon,Y,SJR Q1,S2,,
3,The Sense of Embodiment in Virtual Reality,forward,Does virtual threat harm VR experience?: Impact of threat occurrence and repeatability on virtual embodiment and threat response,10.1016/j.cag.2021.07.017,2021,Computers & graphics,N,SJR Q2,S2,,
3,The Sense of Embodiment in Virtual Reality,forward,Immersive Stories for Health Information: Design Considerations from Binge Drinking in VR,10.1007/978-3-030-71292-1_25,2021,iConference,N,未照合,S2,,
3,The Sense of Embodiment in Virtual Reality,forward,Behavioral Framework of Immersive Technologies (BehaveFIT): How and Why Virtual Reality can Support Behavioral Change Processes,10.3389/frvir.2021.627194,2021,Frontiers in Virtual Reality,N,SJR Q1,S2,,
3,The Sense of Embodiment in Virtual Reality,forward,CoolMoves,10.1145/3463499,2021,Proceedings of the ACM on Interactive Mobile Wearable and Ubiquitous Technologies,Y,SJR Q1,S2,,
3,The Sense of Embodiment in Virtual Reality,forward,Exploring the Role of Distraction in Weak Flow-Performance Link Based on VR Searching Tasks,10.3390/app11135799,2021,Applied Sciences,N,SJR Q4,S2,,
3,The Sense of Embodiment in Virtual Reality,forward,Hugging from A Distance: Building Interpersonal Relationships in Social Virtual Reality,10.1145/3452918.3458805,2021,IMX,Y,CORE C,S2,,
3,The Sense of Embodiment in Virtual Reality,forward,An on-site and remote study during the COVID-19 pandemic on virtual hand appearance and tactile feedback,10.1080/0144929x.2021.1938679,2021,Behavior and Information Technology,N,未照合,S2,,
3,The Sense of Embodiment in Virtual Reality,forward,Distributed Cognition and the Experience of Presence in the Mars Exploration Rover Mission,10.3389/fpsyg.2021.689932,2021,Frontiers in Psychology,N,SJR Q1,S2,,
3,The Sense of Embodiment in Virtual Reality,forward,HearMeVirtual Reality: Using Virtual Reality to Facilitate Empathy Between Hearing Impaired Children and Their Parents,10.3389/frvir.2021.691984,2021,Frontiers in Virtual Reality,N,SJR Q1,S2,,
3,The Sense of Embodiment in Virtual Reality,forward,Embodied gesture interaction for immersive maps,10.1080/15230406.2021.1929492,2021,Cartography and Geographic Information Science,N,SJR Q2,S2,,
3,The Sense of Embodiment in Virtual Reality,forward,A Methodological Framework for Assessing Social Presence in Music Interactions in Virtual Reality,10.3389/fpsyg.2021.663725,2021,Frontiers in Psychology,N,SJR Q1,S2,,
3,The Sense of Embodiment in Virtual Reality,forward,Virtual reality as a tool to investigate and predict occupant behaviour in the real world: the example of wayfinding,10.36680/j.itcon.2021.016,2021,Journal of Information Technology in Construction,N,SJR Q1,S2,,
3,The Sense of Embodiment in Virtual Reality,forward,"Virtual, Real or Mixed: How Surrounding Objects Influence the Sense of Embodiment in Optical See-Through Experiences?",10.3389/frvir.2021.679902,2021,Frontiers in Virtual Reality,N,SJR Q1,S2,,
3,The Sense of Embodiment in Virtual Reality,forward,Proprioceptive Stimulation Added to a Walking Self-Avatar Enhances the Illusory Perception of Walking in Static Participants,10.3389/frvir.2021.557783,2021,Frontiers in Virtual Reality,N,SJR Q1,S2,,
3,The Sense of Embodiment in Virtual Reality,forward,Remotely Perceived: Investigating the Influence of Valence on Self-Perception and Social Experience for Dyadic Video-Conferencing With Personalized Avatars,10.3389/frvir.2021.668499,2021,Frontiers in Virtual Reality,N,SJR Q1,S2,,
3,The Sense of Embodiment in Virtual Reality,forward,The Impact of Self-Representation and Consistency in Collaborative Virtual Environments,10.3389/frvir.2021.648601,2021,Frontiers in Virtual Reality,N,SJR Q1,S2,,
3,The Sense of Embodiment in Virtual Reality,forward,Grasping Embodiment: Haptic Feedback for Artificial Limbs,10.3389/fnbot.2021.662397,2021,Frontiers in Neurorobotics,N,SJR Q2,S2,,
3,The Sense of Embodiment in Virtual Reality,forward,Social Virtual Reality Platform Comparison and Evaluation Using a Guided Group Walkthrough Method,10.3389/frvir.2021.668181,2021,Frontiers in Virtual Reality,N,SJR Q1,S2,,
3,The Sense of Embodiment in Virtual Reality,forward,Virtual Reality design-build-test games with physics simulation: opportunities for researching design cognition,10.1080/21650349.2021.1929500,2021,International Journal of Design Creativity and Innovation,N,SJR Q1,S2,,
3,The Sense of Embodiment in Virtual Reality,forward,Evaluation of the impact of different levels of self-representation and body tracking on the sense of presence and embodiment in immersive VR,10.1007/s10055-021-00530-5,2021,Virtual Reality,N,SJR Q1,S2,,
3,The Sense of Embodiment in Virtual Reality,forward,Comparing physiological responses during cognitive tests in virtual environments vs. in identical real-world environments,10.1038/s41598-021-89297-y,2021,Scientific Reports,N,SJR Q1,S2,,
3,The Sense of Embodiment in Virtual Reality,forward,"Fundamental Clock of Biological Aging: Convergence of Molecular, Neurodegenerative, Cognitive, and Psychiatric Pathways",10.26420/austinchildadolescpsychiatry.2021.1015,2021,Austin Child & Adolescent Psychiatry,N,未照合,S2,,
3,The Sense of Embodiment in Virtual Reality,forward,Surrogate-Aloud: A Human Surrogate Method for Remote Usability Evaluation and Ideation in Virtual Reality,10.1145/3411763.3451764,2021,CHI Extended Abstracts,Y,未照合,S2,,
3,The Sense of Embodiment in Virtual Reality,forward,You Are (Not) The Robot: Variable Perspective Motion Control of a Social Telepresence Robot,10.1145/3411763.3451571,2021,CHI Extended Abstracts,N,未照合,S2,,
3,The Sense of Embodiment in Virtual Reality,forward,VRFromX: From Scanned Reality to Interactive Virtual Experience with Human-in-the-Loop,10.1145/3411763.3451747,2021,CHI Extended Abstracts,Y,未照合,S2,,
3,The Sense of Embodiment in Virtual Reality,forward,Towards “Avatar-Friendly” 3D Manipulation Techniques: Bridging the Gap Between Sense of Embodiment and Interaction in Virtual Reality,10.1145/3411764.3445379,2021,International Conference on Human Factors in Computing Systems,Y,CORE A*,S2,,
3,The Sense of Embodiment in Virtual Reality,forward,Understanding User Identification in Virtual Reality Through Behavioral Biometrics and the Effect of Body Normalization,10.1145/3411764.3445528,2021,International Conference on Human Factors in Computing Systems,Y,CORE A*,S2,,
3,The Sense of Embodiment in Virtual Reality,forward,How to Get There When You Are There Already? Defining Presence in Virtual Reality and the Importance of Perceived Realism,10.3389/fpsyg.2021.628298,2021,Frontiers in Psychology,N,SJR Q1,S2,,
3,The Sense of Embodiment in Virtual Reality,forward,Ninja Hands: Using Many Hands to Improve Target Selection in VR,10.1145/3411764.3445759,2021,International Conference on Human Factors in Computing Systems,Y,CORE A*,S2,,
3,The Sense of Embodiment in Virtual Reality,forward,Exploring the effectiveness of immersive Virtual Reality interventions in the management of musculoskeletal pain: a state-of-the-art review,10.1080/10833196.2021.1903209,2021,Physical Therapy Reviews,N,SJR Q2,S2,,
3,The Sense of Embodiment in Virtual Reality,forward,Taking an Extended Embodied Perspective of Touch: Connection-Disconnection in iVR,10.3389/frvir.2021.642782,2021,Frontiers in Virtual Reality,N,SJR Q1,S2,,
3,The Sense of Embodiment in Virtual Reality,forward,Virtual Reality as a Reflection Technique for Public Speaking Training,10.3390/app11093988,2021,Applied Sciences,N,SJR Q4,S2,,
3,The Sense of Embodiment in Virtual Reality,forward,Challenges and Opportunities of Immersive Technologies for Mindfulness Meditation: A Systematic Review,10.3389/frvir.2021.644683,2021,Frontiers in Virtual Reality,N,SJR Q1,S2,,
3,The Sense of Embodiment in Virtual Reality,forward,Bodily ownership and agency sensations in a natural state,10.1038/s41598-021-87843-2,2021,Scientific Reports,N,SJR Q1,S2,,
3,The Sense of Embodiment in Virtual Reality,forward,My Virtual Self: The Role of Movement in Children's Sense of Embodiment,10.1109/tvcg.2021.3073906,2021,IEEE Transactions on Visualization and Computer Graphics,N,SJR Q1,S2,,
3,The Sense of Embodiment in Virtual Reality,forward,Multisensory integration of visual cues from first- to third-person perspective avatars in the perception of self-motion,10.3758/s13414-021-02276-3,2021,"Attention, Perception, & Psychophysics",N,SJR Q1,S2,,
3,The Sense of Embodiment in Virtual Reality,forward,Expertise and Experience in VR-supported learning: Achieving a deep non-verbal comprehension of four-dimensional space,10.1016/j.ijhcs.2021.102649,2021,Int. J. Hum. Comput. Stud.,N,未照合,S2,,
3,The Sense of Embodiment in Virtual Reality,forward,What We Measure in Mixed Reality Experiments,,2021,arXiv.org,N,未照合,S2,,
3,The Sense of Embodiment in Virtual Reality,forward,Towards socialVR: evaluating a novel technology for watching videos together,10.1007/s10055-022-00651-5,2021,Virtual Reality,Y,SJR Q1,S2,,
3,The Sense of Embodiment in Virtual Reality,forward,"How preadolescents and adults remember and experience virtual reality: The role of avatar incarnation, emotion, and sense of presence",10.1016/j.ijcci.2021.100299,2021,Int. J. Child Comput. Interact.,N,未照合,S2,,
3,The Sense of Embodiment in Virtual Reality,forward,A Preliminary Embodiment Short Questionnaire,10.3389/frvir.2021.647896,2021,Frontiers in Virtual Reality,N,SJR Q1,S2,,
3,The Sense of Embodiment in Virtual Reality,forward,A Survey on Immersive Visualization,10.3724/sp.j.1089.2021.18809,2021,Journal of Computer-Aided Design & Computer Graphics,N,未照合,S2,,
3,The Sense of Embodiment in Virtual Reality,forward,Hand Tracking for Immersive Virtual Reality: Opportunities and Challenges,10.3389/frvir.2021.728461,2021,Frontiers in Virtual Reality,N,SJR Q1,S2,,
3,The Sense of Embodiment in Virtual Reality,forward,Considerations and Challenges of Measuring Operator Performance in Telepresence and Teleoperation Entailing Mixed Reality Technologies,,2021,arXiv.org,N,未照合,S2,,
3,The Sense of Embodiment in Virtual Reality,forward,Brain mechanisms of visuospatial perspective-taking in relation to object mental rotation and the theory of mind.,10.1016/j.bbr.2021.113247,2021,Behavioural Brain Research,N,SJR Q2,S2,,
3,The Sense of Embodiment in Virtual Reality,forward,"The relationships between the exploration of virtual space, its presence and entertainment in virtual reality, 360º and 2D",10.1007/s10055-021-00510-9,2021,Virtual Reality,N,SJR Q1,S2,,
3,The Sense of Embodiment in Virtual Reality,forward,A multi-modal modified feedback self-paced BCI to control the gait of an avatar,10.1088/1741-2552/abee51,2021,Journal of Neural Engineering,N,SJR Q1,S2,,
3,The Sense of Embodiment in Virtual Reality,forward,"Virtual reality as a versatile tool for research, dissemination and mediation in the humanities",10.4995/var.2021.14880,2021,Virtual Archaeology Review,N,SJR Q1,S2,,
3,The Sense of Embodiment in Virtual Reality,forward,The Embodiment of Photorealistic Avatars Influences Female Body Weight Perception in Virtual Reality,10.1109/vr50410.2021.00027,2021,IEEE Conference on Virtual Reality and 3D User Interfaces,Y,CORE A*,S2,,
3,The Sense of Embodiment in Virtual Reality,forward,The Impact of Implicit and Explicit Feedback on Performance and Experience during VR-Supported Motor Rehabilitation,10.1109/vr50410.2021.00061,2021,IEEE Conference on Virtual Reality and 3D User Interfaces,N,CORE A*,S2,,
3,The Sense of Embodiment in Virtual Reality,forward,Magnoramas: Magnifying Dioramas for Precise Annotations in Asymmetric 3D Teleconsultation,10.1109/vr50410.2021.00062,2021,IEEE Conference on Virtual Reality and 3D User Interfaces,Y,CORE A*,S2,,
3,The Sense of Embodiment in Virtual Reality,forward,Evidence for a Relationship Between Self-Avatar Fixations and Perceived Avatar Similarity within Low-Cost Virtual Reality Embodiment,10.1109/vrw52623.2021.00031,2021,2021 IEEE Conference on Virtual Reality and 3D User Interfaces Abstracts and Workshops (VRW),N,CORE A*,S2,,
3,The Sense of Embodiment in Virtual Reality,forward,Towards understanding the design of bodily integration,10.1016/j.ijhcs.2021.102643,2021,Int. J. Hum. Comput. Stud.,N,未照合,S2,,
3,The Sense of Embodiment in Virtual Reality,forward,Exploiting Voice Transformation to Promote Interaction in Virtual Environments,10.1109/vrw52623.2021.00021,2021,2021 IEEE Conference on Virtual Reality and 3D User Interfaces Abstracts and Workshops (VRW),N,CORE A*,S2,,
3,The Sense of Embodiment in Virtual Reality,forward,The Most Social Platform Ever? A Survey about Activities & Motives of Social VR Users,10.1109/vr50410.2021.00079,2021,IEEE Conference on Virtual Reality and 3D User Interfaces,N,CORE A*,S2,,
3,The Sense of Embodiment in Virtual Reality,forward,"The influence of hand visualization in tool-based motor-skills training, a longitudinal study",10.1109/vr50410.2021.00031,2021,IEEE Conference on Virtual Reality and 3D User Interfaces,N,CORE A*,S2,,
3,The Sense of Embodiment in Virtual Reality,forward,Freehand Grasping: An Analysis of Grasping for Docking Tasks in Virtual Reality,10.1109/vr50410.2021.00102,2021,IEEE Conference on Virtual Reality and 3D User Interfaces,N,CORE A*,S2,,
3,The Sense of Embodiment in Virtual Reality,forward,Using Virtual Reality to Support Acting in Motion Capture with Differently Scaled Characters,10.1109/vr50410.2021.00063,2021,IEEE Conference on Virtual Reality and 3D User Interfaces,Y,CORE A*,S2,,
3,The Sense of Embodiment in Virtual Reality,forward,Dynamic Shared Limbs: An Adaptive Shared Body Control Method Using EMG Sensors,10.1145/3458709.3458932,2021,NASA/ESA Conference on Adaptive Hardware and Systems,N,未照合,S2,,
3,The Sense of Embodiment in Virtual Reality,forward,"Exploring a Dynamic Change of Muscle Perception in VR, Based on Muscle Electrical Activity and/or Joint Angle",10.1145/3458709.3459007,2021,NASA/ESA Conference on Adaptive Hardware and Systems,Y,未照合,S2,,
3,The Sense of Embodiment in Virtual Reality,forward,MultiSoma: Distributed Embodiment with Synchronized Behavior and Perception,10.1145/3458709.3458878,2021,NASA/ESA Conference on Adaptive Hardware and Systems,Y,未照合,S2,,
3,The Sense of Embodiment in Virtual Reality,forward,A Comparison between Virtual Reality and Augmented Reality on Upper-limb Prosthesis Control,10.1145/3459104.3459189,2021,"International Symposium on Electrical, Electronics and Information Engineering",Y,未照合,S2,,
3,The Sense of Embodiment in Virtual Reality,forward,Avatar Embodiment. A Standardized Questionnaire,10.3389/frvir.2020.575943,2021,Frontiers in Virtual Reality,Y,SJR Q1,S2,,
3,The Sense of Embodiment in Virtual Reality,forward,Adapting Virtual Embodiment Through Reinforcement Learning,10.1109/tvcg.2021.3057797,2021,IEEE Transactions on Visualization and Computer Graphics,N,SJR Q1,S2,,
3,The Sense of Embodiment in Virtual Reality,forward,A comparative study on inter-brain synchrony in real and virtual environments using hyperscanning,10.1016/j.cag.2020.10.003,2021,Computers & graphics,N,SJR Q2,S2,,
3,The Sense of Embodiment in Virtual Reality,forward,Virtual Reality for Neurorehabilitation and Cognitive Enhancement,10.3390/brainsci11020221,2021,Brain Science,N,SJR Q4,S2,,
3,The Sense of Embodiment in Virtual Reality,forward,Study of Full-body Virtual Embodiment Using noninvasive Brain Stimulation and Imaging,10.1080/10447318.2020.1870827,2021,International journal of human computer interactions,N,未照合,S2,,
3,The Sense of Embodiment in Virtual Reality,forward,The Impact of Virtual Reality and Viewpoints in Body Motion Based Drone Teleoperation,10.1109/vr50410.2021.00075,2021,IEEE Conference on Virtual Reality and 3D User Interfaces,N,CORE A*,S2,,
3,The Sense of Embodiment in Virtual Reality,forward,"Interacting With Virtual Objects via Embodied Avatar Hands Increases the Illusion of Presence, Increases Distraction, and Modulates VR Analgesia Effectiveness: A Randomized Crossover Trial.",10.21203/rs.3.rs-145582/v1,2021,,N,,S2,,
3,The Sense of Embodiment in Virtual Reality,forward,Multimodality in VR: A Survey,10.1145/3508361,2021,ACM Computing Surveys,Y,SJR Q1,S2,,
3,The Sense of Embodiment in Virtual Reality,forward,Extended Reality (XR) Remote Research: a Survey of Drawbacks and Opportunities,10.1145/3411764.3445170,2021,International Conference on Human Factors in Computing Systems,Y,CORE A*,S2,,
3,The Sense of Embodiment in Virtual Reality,forward,Studying the Role of Haptic Feedback on Virtual Embodiment in a Drawing Task,10.3389/frvir.2020.573167,2021,Frontiers in Virtual Reality,N,SJR Q1,S2,,
3,The Sense of Embodiment in Virtual Reality,forward,Promoting eco-driving behavior through multisensory stimulation: a preliminary study on the use of visual and haptic feedback in a virtual reality driving simulator,10.1007/s10055-021-00499-1,2021,Virtual Reality,N,SJR Q1,S2,,
3,The Sense of Embodiment in Virtual Reality,forward,Control Modification of Grasp Force Covaries Agency and Performance on Rigid and Compliant Surfaces,10.3389/fbioe.2020.574006,2021,Frontiers in Bioengineering and Biotechnology,N,SJR Q1,S2,,
3,The Sense of Embodiment in Virtual Reality,forward,The Cognitive Affective Model of Immersive Learning (CAMIL): a Theoretical Research-Based Model of Learning in Immersive Virtual Reality,10.1007/s10648-020-09586-2,2021,Educational Psychology Review,N,SJR Q1,S2,,
3,The Sense of Embodiment in Virtual Reality,forward,"Does an agent’s touch always matter? Study on virtual Midas touch, masculinity, social status, and compliance in Polish men",10.1007/s12193-020-00351-x,2021,Journal on Multimodal User Interfaces,N,SJR Q2,S2,,
3,The Sense of Embodiment in Virtual Reality,forward,"Embodiment in Virtual Reality: The Body, Thought, Present, and Felt in the Space of Virtuality",10.4018/ijcicg.2021010103,2021,Int. J. Creative Interfaces Comput. Graph.,N,未照合,S2,,
3,The Sense of Embodiment in Virtual Reality,forward,Mind the Gap: A Framework (BehaveFIT) Guiding The Use of Immersive Technologies in Behavior Change Processes,,2020,arXiv.org,N,未照合,S2,,
3,The Sense of Embodiment in Virtual Reality,forward,Self-Illusion: A Study on Cognition of Role-Playing in Immersive Virtual Environments,10.1109/tvcg.2020.3044563,2020,IEEE Transactions on Visualization and Computer Graphics,N,SJR Q1,S2,,
3,The Sense of Embodiment in Virtual Reality,forward,Effects of Emotion and Agency on Presence in Virtual Reality,10.1145/3411764.3445588,2020,International Conference on Human Factors in Computing Systems,Y,CORE A*,S2,,
3,The Sense of Embodiment in Virtual Reality,forward,Autobiographical and episodic memory deficits in schizophrenia: A narrative review and proposed agenda for research.,10.1016/j.cpr.2020.101956,2020,Clinical Psychology Review,N,SJR Q1,S2,,
3,The Sense of Embodiment in Virtual Reality,forward,The Induced Finger Movements Effect,10.1145/3415264.3425448,2020,SIGGRAPH Asia Posters,N,CORE A*,S2,,
3,The Sense of Embodiment in Virtual Reality,forward,Effects of Avatar’s Symbolic Gesture in Virtual Reality Brainstorming,10.1145/3441000.3441081,2020,Australasian Computer-Human Interaction Conference,Y,未照合,S2,,
3,The Sense of Embodiment in Virtual Reality,forward,Influence of Threat Occurrence and Repeatability on the Sense of Embodiment and Threat Response in VR,10.2312/egve.20201262,2020,ICAT-EGVE,N,未照合,S2,,
3,The Sense of Embodiment in Virtual Reality,forward,Influence of Hand Representation Design on Presence and Embodiment in Virtual Environment,10.1109/iscid51228.2020.00088,2020,International Symposium on Computational Intelligence and Design,N,未照合,S2,,
3,The Sense of Embodiment in Virtual Reality,forward,MoveBox: Democratizing MoCap for the Microsoft Rocketbox Avatar Library,10.1109/aivr50618.2020.00026,2020,International Conference on Artificial Intelligence and Virtual Reality,N,未照合,S2,,
3,The Sense of Embodiment in Virtual Reality,forward,High-quality First-person Rendering Mixed Reality Gaming System for In Home Setting,10.1109/aivr50618.2020.00070,2020,International Conference on Artificial Intelligence and Virtual Reality,Y,未照合,S2,,
3,The Sense of Embodiment in Virtual Reality,forward,Egocentric and Allocentric Spatial Memory in Mild Cognitive Impairment with Real-World and Virtual Navigation Tasks: A Systematic Review,10.3233/jad-201017,2020,Journal of Alzheimer's Disease,N,SJR Q1,S2,,
3,The Sense of Embodiment in Virtual Reality,forward,The Rocketbox Library and the Utility of Freely Available Rigged Avatars,10.3389/frvir.2020.561558,2020,Frontiers in Virtual Reality,N,SJR Q1,S2,,
3,The Sense of Embodiment in Virtual Reality,forward,Magic and Immersion in VR,10.1007/978-3-030-62516-0_29,2020,International Conference on Interactive Digital Storytelling,N,CORE C,S2,,
3,The Sense of Embodiment in Virtual Reality,forward,"Like in the Good Old Times, but Virtual - A Case for Simulating Co-located Multiplayer Games in VR",10.1145/3383668.3419885,2020,ACM SIGCHI Annual Symposium on Computer-Human Interaction in Play,Y,未照合,S2,,
3,The Sense of Embodiment in Virtual Reality,forward,Visual Delegates - Enhancing Player Perception by Visually Delegating Player Character Sensation,10.1145/3410404.3414238,2020,ACM SIGCHI Annual Symposium on Computer-Human Interaction in Play,N,未照合,S2,,
3,The Sense of Embodiment in Virtual Reality,forward,DigiGlo: Exploring the Palm as an Input and Display Mechanism through Digital Gloves,10.1145/3410404.3414260,2020,ACM SIGCHI Annual Symposium on Computer-Human Interaction in Play,N,未照合,S2,,
3,The Sense of Embodiment in Virtual Reality,forward,The Experience of Social Touch in Multi-User Virtual Reality,10.1145/3385956.3418944,2020,Virtual Reality Software and Technology,Y,未照合,S2,,
3,The Sense of Embodiment in Virtual Reality,forward,The Effects of Full-Body Avatar Movement Predictions in Virtual Reality using Neural Networks,10.1145/3385956.3418941,2020,Virtual Reality Software and Technology,Y,未照合,S2,,
3,The Sense of Embodiment in Virtual Reality,forward,Game Over: death representations in Virtual Reality Environments,10.1109/svr51698.2020.00052,2020,Symposium on Virtual and Augmented Reality,N,未照合,S2,,
3,The Sense of Embodiment in Virtual Reality,forward,Embodiment in Virtual Reality for the Treatment of Chronic Low Back Pain: A Case Series,10.2147/jpr.s275312,2020,Journal of Pain Research,Y,SJR Q2,S2,,
3,The Sense of Embodiment in Virtual Reality,forward,Rock or Roll – Locomotion Techniques with a Handheld Spherical Device in Virtual Reality,10.1109/ismar50242.2020.00089,2020,International Symposium on Mixed and Augmented Reality,N,未照合,S2,,
3,The Sense of Embodiment in Virtual Reality,forward,Influence of hand visualization on tool-based motor skills training in an immersive VR simulator,10.1109/ismar50242.2020.00049,2020,International Symposium on Mixed and Augmented Reality,N,未照合,S2,,
3,The Sense of Embodiment in Virtual Reality,forward,Body Weight Perception of Females using Photorealistic Avatars in Virtual and Augmented Reality,10.1109/ismar50242.2020.00071,2020,International Symposium on Mixed and Augmented Reality,Y,未照合,S2,,
3,The Sense of Embodiment in Virtual Reality,forward,Studying the Inter-Relation Between Locomotion Techniques and Embodiment in Virtual Reality,10.1109/ismar50242.2020.00070,2020,International Symposium on Mixed and Augmented Reality,Y,未照合,S2,,
3,The Sense of Embodiment in Virtual Reality,forward,The Effects of Body Tracking Fidelity on Embodiment of an Inverse-Kinematic Avatar for Male Participants,10.1109/ismar50242.2020.00025,2020,International Symposium on Mixed and Augmented Reality,N,未照合,S2,,
3,The Sense of Embodiment in Virtual Reality,forward,Real-Time Gait Reconstruction For Virtual Reality Using a Single Sensor,10.1109/ismar-adjunct51615.2020.00037,2020,2020 IEEE International Symposium on Mixed and Augmented Reality Adjunct (ISMAR-Adjunct),N,未照合,S2,,
3,The Sense of Embodiment in Virtual Reality,forward,The Action Consistency of Casting in Virtual Environment*,10.1109/icvrv51359.2020.00029,2020,International Conference on Virtual Reality and Visualization,N,未照合,S2,,
3,The Sense of Embodiment in Virtual Reality,forward,Presence Promotes Performance on a Virtual Spatial Cognition Task: Impact of Human Factors on Virtual Reality Assessment,10.3389/frvir.2020.571713,2020,Frontiers in Virtual Reality,N,SJR Q1,S2,,
3,The Sense of Embodiment in Virtual Reality,forward,Science in Times of COVID-19: Remembering to Tread the Side Paths,10.24989/dp.v1i2.1932,2020,Digital Psychology,N,未照合,S2,,
3,The Sense of Embodiment in Virtual Reality,forward,Towards a Common Framework for Mediated Embodiment,10.24989/dp.v1i2.1824,2020,Digital Psychology,N,未照合,S2,,
3,The Sense of Embodiment in Virtual Reality,forward,"Virtual reality advertising with brand experiences: the effects of media devices, virtual representation of the self, and self-presence",10.1080/02650487.2020.1834210,2020,International Journal of Advertising,N,SJR Q1,S2,,
3,The Sense of Embodiment in Virtual Reality,forward,“I just went into it assuming that I wouldn't be able to have the full experience”: Understanding the Accessibility of Virtual Reality for People with Limited Mobility,10.1145/3373625.3416998,2020,International ACM SIGACCESS Conference on Computers and Accessibility,Y,CORE A,S2,,
3,The Sense of Embodiment in Virtual Reality,forward,Virtual Womb: Experiencing Human Sensory Development From a Fetal Point-of-View in Virtual Reality,10.1145/3419249.3420159,2020,Nordic Conference on Human-Computer Interaction,Y,CORE Regional:Scandinavia,S2,,
3,The Sense of Embodiment in Virtual Reality,forward,The Cross-modal Congruency Effect as an Objective Measure of Embodiment,10.1145/3395035.3425264,2020,ICMI Companion,Y,未照合,S2,,
3,The Sense of Embodiment in Virtual Reality,forward,Improving performance in motor imagery BCI-based control applications via virtually embodied feedback,10.1016/j.compbiomed.2020.104079,2020,Comput. Biol. Medicine,N,未照合,S2,,
3,The Sense of Embodiment in Virtual Reality,forward,Reflecting on Attitudes Towards Death Through the use of Immersive Virtual Reality Commercial Video Games,10.1145/3434780.3436559,2020,Technological Ecosystem for Enhancing Multiculturality,Y,未照合,S2,,
3,The Sense of Embodiment in Virtual Reality,forward,Enhancement of perceived body ownership in virtual reality-based teleoperation may backfire in the execution of high-risk tasks,10.1016/j.chb.2020.106605,2020,Computers in Human Behavior,N,SJR Q1,S2,,
3,The Sense of Embodiment in Virtual Reality,forward,Immersive Virtual Reality for Clinical Pain: Considerations for Effective Therapy,10.3389/frvir.2020.00009,2020,Frontiers in Virtual Reality,N,SJR Q1,S2,,
3,The Sense of Embodiment in Virtual Reality,forward,"""Talking without a Voice""",10.1145/3415246,2020,Proc. ACM Hum. Comput. Interact.,Y,未照合,S2,,
3,The Sense of Embodiment in Virtual Reality,forward,Teaching About Homelessness Through Multicultural Picture Books and Virtual Reality in Preservice Teacher Education,10.1177/0047239520958696,2020,,N,,S2,,
3,The Sense of Embodiment in Virtual Reality,forward,A Survey of Full-Body Motion Reconstruction in Immersive Virtual Reality Applications,10.1109/tvcg.2019.2912607,2020,IEEE Transactions on Visualization and Computer Graphics,N,SJR Q1,S2,,
3,The Sense of Embodiment in Virtual Reality,forward,Design and evaluation of an educational virtual reality application for learning how to perform on a stage,10.1145/3399715.3399919,2020,International Working Conference on Advanced Visual Interfaces,Y,未照合,S2,,
3,The Sense of Embodiment in Virtual Reality,forward,Controlling the Sense of Embodiment for Virtual Avatar Applications: Methods and Empirical Study,10.2196/21879,2020,JMIR Serious Games,N,SJR Q1,S2,,
3,The Sense of Embodiment in Virtual Reality,forward,Effects of body visualization on performance in head-mounted display virtual reality,10.1371/journal.pone.0239226,2020,PLoS ONE,N,SJR Q1,S2,,
3,The Sense of Embodiment in Virtual Reality,forward,On the Plausibility of Virtual Body Animation Features in Virtual Reality,10.1109/tvcg.2020.3025175,2020,IEEE Transactions on Visualization and Computer Graphics,N,SJR Q1,S2,,
3,The Sense of Embodiment in Virtual Reality,forward,Construction of the Virtual Embodiment Questionnaire (VEQ),10.1109/tvcg.2020.3023603,2020,IEEE Transactions on Visualization and Computer Graphics,Y,SJR Q1,S2,,
3,The Sense of Embodiment in Virtual Reality,forward,Intensifying Stress Perception Using Visual Effects in VR Games,10.1145/3402942.3409781,2020,International Conference on Foundations of Digital Games,Y,CORE C,S2,,
3,The Sense of Embodiment in Virtual Reality,forward,A Conceptual Model of Immersive Experience in Extended Reality,10.31234/osf.io/sefkh,2020,Computers in Human Behavior Reports,N,SJR Q1,S2,,
3,The Sense of Embodiment in Virtual Reality,forward,Effect of Sense of Embodiment on Curvature Redirected Walking Thresholds,10.1145/3385955.3407932,2020,ACM Symposium on Applied Perception,Y,CORE B,S2,,
3,The Sense of Embodiment in Virtual Reality,forward,"The Effect of an Adaptive Simulated Inner Voice on User's Eye-gaze Behaviour, Ownership Perception and Plausibility Judgement in Virtual Reality",10.1093/iwcomp/iwab008,2020,Interacting with computers,N,SJR Q2,S2,,
3,The Sense of Embodiment in Virtual Reality,forward,Magic Carpet: Interaction Fidelity for Flying in VR,10.1109/tvcg.2019.2905200,2020,IEEE Transactions on Visualization and Computer Graphics,N,SJR Q1,S2,,
3,The Sense of Embodiment in Virtual Reality,forward,Implementing Remote Audio as a Diagnostics Tool for Maritime Autonomous Surface Ships,10.23919/fruct49677.2020.9211029,2020,Conference of the Open Innovations Association,N,未照合,S2,,
3,The Sense of Embodiment in Virtual Reality,forward,On the possible phenomenological autonomy of virtual realities,10.1080/20797222.2020.1857945,2020,,N,,S2,,
3,The Sense of Embodiment in Virtual Reality,forward,"Avatar’s Lip Synchronization in Talking Involved Virtual
 Reality",10.15701/kcgs.2020.26.4.9,2020,Journal of the Korea Computer Graphics Society,N,未照合,S2,,
3,The Sense of Embodiment in Virtual Reality,forward,Virtual reality approaches to pain: toward a state of the science.,10.1097/j.pain.0000000000002060,2020,Pain,N,SJR Q1,S2,,
3,The Sense of Embodiment in Virtual Reality,forward,The Effects of Immersive Virtual Reality in Reducing Public Stigma of Mental Illness in the University Population of Hong Kong: Randomized Controlled Trial,10.2196/23683,2020,Journal of Medical Internet Research,N,SJR Q1,S2,,
3,The Sense of Embodiment in Virtual Reality,forward,Changing Body Representation Through Full Body Ownership Illusions Might Foster Motor Rehabilitation Outcome in Patients With Stroke,10.3389/fpsyg.2020.01962,2020,Frontiers in Psychology,N,SJR Q1,S2,,
3,The Sense of Embodiment in Virtual Reality,forward,The Developing Bodily Self: How Posture Constrains Body Representation in Childhood.,10.1111/cdev.13425,2020,Child Development,N,SJR Q1,S2,,
3,The Sense of Embodiment in Virtual Reality,forward,The Effects of Dynamic Product Presentation and Contextual Backgrounds on Consumer Purchase Intentions: Perspectives from the Load Theory of Attention and Cognitive Control,10.1080/00913367.2020.1789014,2020,Journal of Advertising,N,SJR Q1,S2,,
3,The Sense of Embodiment in Virtual Reality,forward,appRaiseVR – An Evaluation Framework for Immersive Experiences,10.1515/icom-2020-0008,2020,i-com,N,SJR Q2,S2,,
3,The Sense of Embodiment in Virtual Reality,forward,Trick the body trick the mind: avatar representation affects the perception of available action possibilities in virtual reality,10.1007/s10055-021-00511-8,2020,Virtual Reality,N,SJR Q1,S2,,
3,The Sense of Embodiment in Virtual Reality,forward,The Hitchhiker’s Guide to Neurophenomenology – The Case of Studying Self Boundaries With Meditators,10.3389/fpsyg.2020.01680,2020,Frontiers in Psychology,N,SJR Q1,S2,,
3,The Sense of Embodiment in Virtual Reality,forward,Cutting the Cord: Key Performance Indicators for the Future of Wireless Virtual Reality Applications,10.1109/csndsp49049.2020.9249445,2020,"International Symposium on Communication Systems, Networks and Digital Signal Processing",Y,未照合,S2,,
3,The Sense of Embodiment in Virtual Reality,forward,Influence of Visual Gap of Avatar Joint Angle on Sense of Embodiment in VR Space Adjusted via C/D Ratio,10.1007/978-3-030-59990-4_21,2020,Interacción,N,未照合,S2,,
3,The Sense of Embodiment in Virtual Reality,forward,Virtual Environment Assessment for Tasks Based on Sense of Embodiment,10.1007/978-3-030-59990-4_28,2020,Interacción,N,未照合,S2,,
3,The Sense of Embodiment in Virtual Reality,forward,Immersive Telepresence Framework for Remote Educational Scenarios,10.1007/978-3-030-50506-6_26,2020,Interacción,N,未照合,S2,,
3,The Sense of Embodiment in Virtual Reality,forward,The Effects of Visual Feedback Complexity on Training the Two-Legged Squat Exercise,10.1145/3401956.3404243,2020,MOCO,N,未照合,S2,,
3,The Sense of Embodiment in Virtual Reality,forward,My hands? Importance of personalised virtual hands in a neurorehabilitation scenario,10.1007/s10055-020-00456-4,2020,Virtual Reality,Y,SJR Q1,S2,,
3,The Sense of Embodiment in Virtual Reality,forward,Point-cloud avatars to improve spatial communication in immersive collaborative virtual environments,10.1007/s00779-020-01431-1,2020,Personal and Ubiquitous Computing,N,SJR Q2,S2,,
3,The Sense of Embodiment in Virtual Reality,forward,Assistive VR Gym: Interactions with Real People to Improve Virtual Assistive Robots,10.1109/ro-man47096.2020.9223609,2020,IEEE International Symposium on Robot and Human Interactive Communication,Y,CORE B,S2,,
3,The Sense of Embodiment in Virtual Reality,forward,Let's Resonate: How to Elicit Improvisation and Letting Go in Interactive Digital Art,10.1145/3401956.3404194,2020,MOCO,Y,未照合,S2,,
3,The Sense of Embodiment in Virtual Reality,forward,Manipulating The Body Representation: Assessment Of A Novel Platform,10.1109/embc44109.2020.9176659,2020,Annual International Conference of the IEEE Engineering in Medicine and Biology Society,N,未照合,S2,,
3,The Sense of Embodiment in Virtual Reality,forward,Eye fixations and electrodermal activity during low‐budget virtual reality embodiment,10.1002/cav.1941,2020,Comput. Animat. Virtual Worlds,N,未照合,S2,,
3,The Sense of Embodiment in Virtual Reality,forward,Controlling the Sense of Embodiment for Virtual Avatar Applications: Methods and Empirical Study (Preprint),10.2196/preprints.21879,2020,,N,,S2,,
3,The Sense of Embodiment in Virtual Reality,forward,Introducing 360-Degree Video in Higher Education: An Overview of the Literature,10.38069/edenconf-2020-ac0032,2020,,N,,S2,,
3,The Sense of Embodiment in Virtual Reality,forward,Comparing touch-based and head-tracking navigation techniques in a virtual reality biopsy simulator,10.1007/s10055-020-00445-7,2020,Virtual Reality,N,SJR Q1,S2,,
3,The Sense of Embodiment in Virtual Reality,forward,Effects of Visual Feedback Complexity on the Performance of a Movement Task for Rehabilitation,10.1080/00222895.2020.1770670,2020,Journal of Motor Behavior,N,SJR Q3,S2,,
3,The Sense of Embodiment in Virtual Reality,forward,Incarner un Avatar en Réalité Augmentée : Revue de la Littérature,,2020,,N,,S2,,
3,The Sense of Embodiment in Virtual Reality,forward,"Avatar et Sentiment d'Incarnation : Étude de la préférence relative entre l'apparence, le contrôle et le point de vue",,2020,,N,,S2,,
3,The Sense of Embodiment in Virtual Reality,forward,"Embodiment, Presence, and Their Intersections",10.1145/3389210,2020,ACM Trans. Hum. Robot Interact.,Y,未照合,S2,,
3,The Sense of Embodiment in Virtual Reality,forward,The medical avatar and its role in neurorehabilitation and neuroplasticity: A review,10.3233/nre-203063,2020,"NeuroRehabilitation (Reading, MA)",N,SJR Q2,S2,,
3,The Sense of Embodiment in Virtual Reality,forward,Virtual reality and augmented reality in social learning spaces: a literature review,10.1007/s10055-020-00444-8,2020,Virtual Reality,N,SJR Q1,S2,,
3,The Sense of Embodiment in Virtual Reality,forward,Disproportionate positive feedback facilitates sense of agency and performance for a reaching movement task with a virtual hand,10.1371/journal.pone.0233175,2020,PLoS ONE,N,SJR Q1,S2,,
3,The Sense of Embodiment in Virtual Reality,forward,Mixing realities: reflections on presence and embodiment in intermedial performance design of Blue Hour VR,10.1080/23322551.2020.1785710,2020,,N,,S2,,
3,The Sense of Embodiment in Virtual Reality,forward,Virtual Reality–Based Executive Function Rehabilitation System for Children With Traumatic Brain Injury: Design and Usability Study,10.2196/16947,2020,JMIR Serious Games,N,SJR Q1,S2,,
3,The Sense of Embodiment in Virtual Reality,forward,Improving Virtual Reality Ergonomics Through Reach-Bounded Non-Linear Input Amplification,10.1145/3313831.3376687,2020,International Conference on Human Factors in Computing Systems,Y,CORE A*,S2,,
3,The Sense of Embodiment in Virtual Reality,forward,Too Hot to Handle: An Evaluation of the Effect of Thermal Visual Representation on User Grasping Interaction in Virtual Reality,10.1145/3313831.3376554,2020,International Conference on Human Factors in Computing Systems,Y,CORE A*,S2,,
3,The Sense of Embodiment in Virtual Reality,forward,Do You Feel Like Passing Through Walls?: Effect of Self-Avatar Appearance on Facilitating Realistic Behavior in Virtual Environments,10.1145/3313831.3376562,2020,International Conference on Human Factors in Computing Systems,Y,CORE A*,S2,,
3,The Sense of Embodiment in Virtual Reality,forward,Inducing and Mitigating Stereotype Threat Through Gendered Virtual Body-Swap Illusions,10.1145/3313831.3376419,2020,International Conference on Human Factors in Computing Systems,Y,CORE A*,S2,,
3,The Sense of Embodiment in Virtual Reality,forward,Effectiveness of 360° virtual reality and match broadcast video to improve decision-making skill,10.1080/24733938.2020.1754449,2020,,N,,S2,,
3,The Sense of Embodiment in Virtual Reality,forward,Usability Issues of Clinical and Research Applications of Virtual Reality in Older People: A Systematic Review,10.3389/fnhum.2020.00093,2020,Frontiers in Human Neuroscience,N,SJR Q1,S2,,
3,The Sense of Embodiment in Virtual Reality,forward,Embodied virtual reality for the study of real-world motor learning,10.1371/journal.pone.0245717,2020,bioRxiv,N,未照合,S2,,
3,The Sense of Embodiment in Virtual Reality,forward,Re-association of Body Parts: Illusory Ownership of a Virtual Arm Associated With the Contralateral Real Finger by Visuo-Motor Synchrony,10.3389/frobt.2020.00026,2020,Frontiers in Robotics and AI,N,SJR Q2,S2,,
3,The Sense of Embodiment in Virtual Reality,forward,"Expanding Simulation Models of Emotional Understanding: The Case for Different Modalities, Body-State Simulation Prominence, and Developmental Trajectories",10.3389/fpsyg.2020.00309,2020,Frontiers in Psychology,N,SJR Q1,S2,,
3,The Sense of Embodiment in Virtual Reality,forward,3DUI and the Phantom Limb: multisensory experience for embodiment of amputation,10.1109/vrw50115.2020.00110,2020,2020 IEEE Conference on Virtual Reality and 3D User Interfaces Abstracts and Workshops (VRW),N,CORE A*,S2,,
3,The Sense of Embodiment in Virtual Reality,forward,Touch & Live. An immersive experience for acting in others’ bodies,10.1109/vrw50115.2020.00105,2020,2020 IEEE Conference on Virtual Reality and 3D User Interfaces Abstracts and Workshops (VRW),N,CORE A*,S2,,
3,The Sense of Embodiment in Virtual Reality,forward,The Eye of the Beholder - Experiencing ASD Through a VR Play,10.1109/vrw50115.2020.00115,2020,2020 IEEE Conference on Virtual Reality and 3D User Interfaces Abstracts and Workshops (VRW),N,CORE A*,S2,,
3,The Sense of Embodiment in Virtual Reality,forward,Determining Peripersonal Space Boundaries and Their Plasticity in Relation to Object and Agent Characteristics in an Immersive Virtual Environment,10.1109/vr46266.2020.1581103473496,2020,IEEE Conference on Virtual Reality and 3D User Interfaces,N,CORE A*,S2,,
3,The Sense of Embodiment in Virtual Reality,forward,Effects of Virtual Hand Representation on Interaction and Embodiment in HMD-based Virtual Environments Using Controllers,10.1109/vr46266.2020.1581086151885,2020,IEEE Conference on Virtual Reality and 3D User Interfaces,N,CORE A*,S2,,
3,The Sense of Embodiment in Virtual Reality,forward,"Learning in the Field: Comparison of Desktop, Immersive Virtual Reality, and Actual Field Trips for Place-Based STEM Education",10.1109/vr46266.2020.1581091793502,2020,IEEE Conference on Virtual Reality and 3D User Interfaces,N,CORE A*,S2,,
3,The Sense of Embodiment in Virtual Reality,forward,Realistic training in VR using physical manipulation,10.1109/vrw50115.2020.00025,2020,2020 IEEE Conference on Virtual Reality and 3D User Interfaces Abstracts and Workshops (VRW),N,CORE A*,S2,,
3,The Sense of Embodiment in Virtual Reality,forward,Another day at the office: Visuohaptic schizophrenia VR simulation,10.1109/vrw50115.2020.00109,2020,2020 IEEE Conference on Virtual Reality and 3D User Interfaces Abstracts and Workshops (VRW),N,CORE A*,S2,,
3,The Sense of Embodiment in Virtual Reality,forward,A Model for Virtual Hand Ownership in Augmented Reality,10.1109/vrw50115.2020.00048,2020,2020 IEEE Conference on Virtual Reality and 3D User Interfaces Abstracts and Workshops (VRW),N,CORE A*,S2,,
3,The Sense of Embodiment in Virtual Reality,forward,Three Common Misconceptions about Visual Impairments,10.1109/vrw50115.2020.00113,2020,2020 IEEE Conference on Virtual Reality and 3D User Interfaces Abstracts and Workshops (VRW),N,CORE A*,S2,,
3,The Sense of Embodiment in Virtual Reality,forward,Color Blindness Bartender: An Embodied VR Game Experience,10.1109/vrw50115.2020.00111,2020,2020 IEEE Conference on Virtual Reality and 3D User Interfaces Abstracts and Workshops (VRW),N,CORE A*,S2,,
3,The Sense of Embodiment in Virtual Reality,forward,Immersive VR and Embodied Learning: The Role of Embodied Affordances in The Long-term Retention of Semantic Knowledge,10.1109/vrw50115.2020.00120,2020,2020 IEEE Conference on Virtual Reality and 3D User Interfaces Abstracts and Workshops (VRW),N,CORE A*,S2,,
3,The Sense of Embodiment in Virtual Reality,forward,Developing preservice teachers’ interpersonal knowledge with 360-degree videos in teacher education,10.1016/j.tate.2019.102992,2020,Teaching and Teacher Education : An International Journal of Research and Studies,N,未照合,S2,,
3,The Sense of Embodiment in Virtual Reality,forward,Impact of Information Placement and User Representations in VR on Performance and Embodiment,10.1109/tvcg.2020.3021342,2020,IEEE Transactions on Visualization and Computer Graphics,Y,SJR Q1,S2,,
3,The Sense of Embodiment in Virtual Reality,forward,Impact of visuomotor feedback on the embodiment of virtual hands detached from the body,10.1038/s41598-020-79255-5,2020,Scientific Reports,N,SJR Q1,S2,,
3,The Sense of Embodiment in Virtual Reality,forward,User Representations in Human-Computer Interaction,10.1080/07370024.2020.1724790,2020,Hum. Comput. Interact.,N,未照合,S2,,
3,The Sense of Embodiment in Virtual Reality,forward,"Avatar and Sense of Embodiment: Studying the Relative Preference Between Appearance, Control and Point of View",10.1109/tvcg.2020.2973077,2020,IEEE Transactions on Visualization and Computer Graphics,Y,SJR Q1,S2,,
3,The Sense of Embodiment in Virtual Reality,forward,Using Facial Animation to Increase the Enfacement Illusion and Avatar Self-Identification,10.1109/tvcg.2020.2973075,2020,IEEE Transactions on Visualization and Computer Graphics,N,SJR Q1,S2,,
3,The Sense of Embodiment in Virtual Reality,forward,"The Impact of a Self-Avatar, Hand Collocation, and Hand Proximity on Embodiment and Stroop Interference",10.1109/tvcg.2020.2973061,2020,IEEE Transactions on Visualization and Computer Graphics,N,SJR Q1,S2,,
3,The Sense of Embodiment in Virtual Reality,forward,Can virtual reality act as an affective machine? The wild animal embodiment experience and the importance of appearance,10.29007/dc7s,2020,,N,,S2,,
3,The Sense of Embodiment in Virtual Reality,forward,Toward Enhanced Teleoperation Through Embodiment,10.3389/frobt.2020.00014,2020,Frontiers in Robotics and AI,N,SJR Q2,S2,,
3,The Sense of Embodiment in Virtual Reality,forward,Effects of Human Synchronous Hand Movements in Eliciting a Sense of Agency and Ownership,10.1038/s41598-020-59014-2,2020,Scientific Reports,N,SJR Q1,S2,,
3,The Sense of Embodiment in Virtual Reality,forward,"The Effects of VR Environments on the Acceptance, Experience, and Expectations of Cultural Heritage Learning",10.1145/3352933,2020,ACM Journal on Computing and Cultural Heritage,Y,未照合,S2,,
3,The Sense of Embodiment in Virtual Reality,forward,Embodiment Is Related to Better Performance on a Brain–Computer Interface in Immersive Virtual Reality: A Pilot Study,10.3390/s20041204,2020,Italian National Conference on Sensors,N,未照合,S2,,
3,The Sense of Embodiment in Virtual Reality,forward,The Self-Avatar Follower Effect in Virtual Reality,10.1109/vr46266.2020.1580500165557,2020,IEEE Conference on Virtual Reality and 3D User Interfaces,N,CORE A*,S2,,
3,The Sense of Embodiment in Virtual Reality,forward,Manipulating the Perceived Shape and Color of a Virtual Limb Can Modulate Pain Responses,10.3390/jcm9020291,2020,Journal of Clinical Medicine,N,SJR Q2,S2,,
3,The Sense of Embodiment in Virtual Reality,forward,My body until proven otherwise: Exploring the time course of the full body illusion.,10.1016/j.concog.2020.102882,2020,Consciousness and Cognition,N,SJR Q1,S2,,
3,The Sense of Embodiment in Virtual Reality,forward,System to Evaluate the Skill of Operating Hydraulic Excavators Using a Remote Controlled Excavator and Virtual Reality,10.3389/frobt.2019.00142,2020,Frontiers in Robotics and AI,N,SJR Q2,S2,,
3,The Sense of Embodiment in Virtual Reality,forward,Effect of Avatar Appearance on Detection Thresholds for Remapped Hand Movements,10.1109/tvcg.2020.2964758,2020,IEEE Transactions on Visualization and Computer Graphics,N,SJR Q1,S2,,
3,The Sense of Embodiment in Virtual Reality,forward,Mid-Air Haptics in Aviation - creating the sensation of touch where there is nothing but thin air,,2020,arXiv.org,N,未照合,S2,,
3,The Sense of Embodiment in Virtual Reality,forward,Interoceptive Awareness: The 'Being' Dimension of 'Being There' in Virtual Worlds,10.1093/iwc/iwaa001,2020,Interacting with computers,Y,SJR Q2,S2,,
3,The Sense of Embodiment in Virtual Reality,forward,The Effect of Social Presence and Chatbot Errors on Trust,10.3390/su12010256,2019,Sustainability,N,SJR -,S2,,
3,The Sense of Embodiment in Virtual Reality,forward,Analyse en réalité virtuelle de la coopération lors d'une interception de balle: interaction et interférence. (Analysis in virtual reality of cooperation during ball interception: interaction and interference),10.70675/7d9adbabzb416z448bzbce7z9a9bae05c77b,2019,,N,,S2,,
3,The Sense of Embodiment in Virtual Reality,forward,An investigation of performer embodiment and performative interaction on an augmented stage,,2019,,N,,S2,,
3,The Sense of Embodiment in Virtual Reality,forward,Perceptions of Thai Aviation Students on Consumer Grade VR Flight Experiences,10.3390/proceedings2019039008,2019,Proceedings,N,未照合,S2,,
3,The Sense of Embodiment in Virtual Reality,forward,The Role of Visual Detail during Situated Memory Recall within a Virtual Reality Environment,10.1145/3369457.3369469,2019,Australasian Computer-Human Interaction Conference,Y,未照合,S2,,
3,The Sense of Embodiment in Virtual Reality,forward,Heat pain modulation with virtual water during a virtual hand illusion,10.1038/s41598-019-55407-0,2019,Scientific Reports,N,SJR Q1,S2,,
3,The Sense of Embodiment in Virtual Reality,forward,Towards a Māori Telepresence System,10.1109/ivcnz48456.2019.8961016,2019,Image and Vision Computing New Zealand,N,未照合,S2,,
3,The Sense of Embodiment in Virtual Reality,forward,Construction of a Validated Virtual Embodiment Questionnaire,,2019,arXiv.org,N,未照合,S2,,
3,The Sense of Embodiment in Virtual Reality,forward,Who You Are is What You Tell: Effects of Perspectives on Virtual Reality Story Experiences,10.1145/3355355.3361879,2019,SIGGRAPH Asia XR,Y,未照合,S2,,
3,The Sense of Embodiment in Virtual Reality,forward,A review of current trends on visual perception studies in virtual and augmented reality,10.1145/3415263.3419144,2019,,Y,,S2,,
3,The Sense of Embodiment in Virtual Reality,forward,Virtual reality to assess and train team ball sports performance: A scoping review,10.1080/02640414.2019.1689807,2019,Jurnal sport science,N,未照合,S2,,
3,The Sense of Embodiment in Virtual Reality,forward,Try-on experience with augmented reality comforts your decision,10.1108/itp-02-2019-0092,2019,Information Technology and People,N,SJR Q1,S2,,
3,The Sense of Embodiment in Virtual Reality,forward,Exploring the Use of a Robust Depth-sensor-based Avatar Control System and its Effects on Communication Behaviors,10.1145/3359996.3364267,2019,Virtual Reality Software and Technology,Y,未照合,S2,,
3,The Sense of Embodiment in Virtual Reality,forward,Virtual and Real Body Representation in Mixed Reality: An Analysis of Self-presence and Immersive Environments,10.1007/978-3-030-34644-7_4,2019,ICEC-JCSG,N,未照合,S2,,
3,The Sense of Embodiment in Virtual Reality,forward,Virtual Co-Embodiment: Evaluation of the Sense of Agency While Sharing the Control of a Virtual Body Among Two Individuals,10.1109/tvcg.2020.2999197,2019,IEEE Transactions on Visualization and Computer Graphics,N,SJR Q1,S2,,
3,The Sense of Embodiment in Virtual Reality,forward,Synchronous stimulation with light and heat induces body ownership and reduces pain perception.,10.1016/j.jpain.2019.10.009,2019,Journal of Pain,N,SJR Q1,S2,,
3,The Sense of Embodiment in Virtual Reality,forward,Evaluation of different body tracking configurations in the sense of presence and embodiment,10.1109/icgi47575.2019.8955076,2019,International Conference on Graphics and Interaction,Y,未照合,S2,,
3,The Sense of Embodiment in Virtual Reality,forward,Dyadic Interference Leads to Area of Uncertainty During Face-to-Face Cooperative Interception Task,10.3389/fict.2019.00020,2019,Frontiers in ICT,N,未照合,S2,,
3,The Sense of Embodiment in Virtual Reality,forward,"From Readership to Usership and Education, Entertainment, Consumption to Valuation: Embodiment and Aesthetic Experience in Literature-based MR Presence",,2019,arXiv.org,N,未照合,S2,,
3,The Sense of Embodiment in Virtual Reality,forward,"There Is No Spoon: Evaluating Performance, Space Use, and Presence with Expert Domain Users in Immersive Analytics",10.1109/tvcg.2019.2934803,2019,IEEE Transactions on Visualization and Computer Graphics,N,SJR Q1,S2,,
3,The Sense of Embodiment in Virtual Reality,forward,A SWOT Analysis of the Field of Virtual Reality for Firefighter Training,10.3389/frobt.2019.00101,2019,Frontiers in Robotics and AI,N,SJR Q2,S2,,
3,The Sense of Embodiment in Virtual Reality,forward,Évaluation de l'impact de l'incarnation d'un égo-avatar temps réel sur la marche,,2019,,N,,S2,,
3,The Sense of Embodiment in Virtual Reality,forward,Influence of Personality Traits and Body Awareness on the Sense of Embodiment in Virtual Reality,10.1109/ismar.2019.00-12,2019,International Symposium on Mixed and Augmented Reality,N,未照合,S2,,
3,The Sense of Embodiment in Virtual Reality,forward,Progressive Training for Motor Imagery Brain-Computer Interfaces Using Gamification and Virtual Reality Embodiment,10.3389/fnhum.2019.00329,2019,Frontiers in Human Neuroscience,Y,SJR Q1,S2,,
3,The Sense of Embodiment in Virtual Reality,forward,The first co-drive experience prototype,10.1145/3349263.3351318,2019,International Conference on Automotive User Interfaces and Interactive Vehicular Applications,N,未照合,S2,,
3,The Sense of Embodiment in Virtual Reality,forward,"How latency, action modality and display modality influence the sense of agency: a virtual reality study",10.1007/s10055-019-00403-y,2019,Virtual Reality,N,SJR Q1,S2,,
3,The Sense of Embodiment in Virtual Reality,forward,Virtual Grasping Feedback and Virtual Hand Ownership,10.1145/3343036.3343132,2019,ACM Symposium on Applied Perception,Y,CORE B,S2,,
3,The Sense of Embodiment in Virtual Reality,forward,Towards a formative instrument to evaluate user experience in virtual reality serious games,10.1145/3364138.3364152,2019,Workshop on ICTs for improving Patients Rehabilitation Research Techniques,Y,未照合,S2,,
3,The Sense of Embodiment in Virtual Reality,forward,Embodying the homunculus in virtual reality: creating an interactive laboratory procedure for brain mapping and visualization,10.1145/3364138.3364168,2019,Workshop on ICTs for improving Patients Rehabilitation Research Techniques,Y,未照合,S2,,
3,The Sense of Embodiment in Virtual Reality,forward,Body Influences on Social Cognition Through Interoception,10.3389/fpsyg.2019.02066,2019,Frontiers in Psychology,N,SJR Q1,S2,,
3,The Sense of Embodiment in Virtual Reality,forward,Understanding Visual-Haptic Integration of Avatar Hands Using a Fitts' Law Task in Virtual Reality,10.1145/3340764.3340769,2019,Message Understanding Conference,Y,未照合,S2,,
3,The Sense of Embodiment in Virtual Reality,forward,Enhance Engine Room Diagnostics Through Audio-Focused VR Simulation,10.1007/978-3-030-29390-1_21,2019,IFIP TC13 International Conference on Human-Computer Interaction,N,CORE B,S2,,
3,The Sense of Embodiment in Virtual Reality,forward,"Exergaming in VR: The Impact of Immersive Embodiment on Motivation, Performance, and Perceived Exertion",10.1109/vs-games.2019.8864579,2019,International Conference on Games and Virtual Worlds for Serious Applications,Y,未照合,S2,,
3,The Sense of Embodiment in Virtual Reality,forward,Development of a Directed Teleport Function for Immersive Training in Virtual Reality,10.1109/vs-games.2019.8864599,2019,International Conference on Games and Virtual Worlds for Serious Applications,N,未照合,S2,,
3,The Sense of Embodiment in Virtual Reality,forward,The utilization of immersive virtual environments for the investigation of environmental preferences,10.1016/j.landurbplan.2019.04.011,2019,Landscape and Urban Planning,N,SJR Q1,S2,,
3,The Sense of Embodiment in Virtual Reality,forward,User perspective and higher cognitive task-loads influence movement and performance in immersive training environments,10.1186/s42490-019-0021-0,2019,BMC Biomedical Engineering,N,未照合,S2,,
3,The Sense of Embodiment in Virtual Reality,forward,Immersive Virtual Reality and Virtual Embodiment for Pain Relief,10.3389/fnhum.2019.00279,2019,Frontiers in Human Neuroscience,N,SJR Q1,S2,,
3,The Sense of Embodiment in Virtual Reality,forward,The Supernumerary Hand Illusion in Augmented Reality,10.1145/3341225,2019,ACM Transactions on Applied Perception,Y,CORE B,S2,,
3,The Sense of Embodiment in Virtual Reality,forward,Analysis of Inverse Kinematics Solutions for Full-Body Reconstruction in Virtual Reality,10.1109/segah.2019.8882429,2019,International Conference on Serious Games and Applications for Health,N,未照合,S2,,
3,The Sense of Embodiment in Virtual Reality,forward,Effect of Artificial Haptic Characteristics on Virtual Reality Performance,10.1007/978-3-030-22649-7_3,2019,Interacción,N,未照合,S2,,
3,The Sense of Embodiment in Virtual Reality,forward,Human-Robot Interaction During Virtual Reality Mediated Teleoperation: How Environment Information Affects Spatial Task Performance and Operator Situation Awareness,10.1007/978-3-030-21565-1_11,2019,Interacción,N,未照合,S2,,
3,The Sense of Embodiment in Virtual Reality,forward,Beyond Human: Animals as an Escape from Stereotype Avatars in Virtual Reality Games,10.1145/3311350.3347172,2019,ACM SIGCHI Annual Symposium on Computer-Human Interaction in Play,Y,未照合,S2,,
3,The Sense of Embodiment in Virtual Reality,forward,The Illusion of Animal Body Ownership and Its Potential for Virtual Reality Games,10.1109/cig.2019.8848005,2019,2019 IEEE Conference on Games (CoG),N,SJR Q2,S2,,
3,The Sense of Embodiment in Virtual Reality,forward,"Being Touched by a Virtual Human.: Relationships Between Heart Rate, Gender, Social Status, and Compliance.",10.1145/3308532.3329467,2019,International Conference on Intelligent Virtual Agents,Y,CORE B,S2,,
3,The Sense of Embodiment in Virtual Reality,forward,Subjective Effects of Flying With an Autoscopic Self-Avatar in Third-Person Perspective Within an Immersive Mixed Reality,10.1145/3328756.3328764,2019,International Conference on Computer Animation and Social Agents,Y,未照合,S2,,
3,The Sense of Embodiment in Virtual Reality,forward,Seven HCI Grand Challenges,10.1080/10447318.2019.1619259,2019,International journal of human computer interactions,N,未照合,S2,,
3,The Sense of Embodiment in Virtual Reality,forward,Покращення працездатності у віртуальній реальності шляхом підсилення почуття аген-ції,10.20535/2523-4455.2019.24.3.167089,2019,,N,,S2,,
3,The Sense of Embodiment in Virtual Reality,forward,Improvement of User Performance in Virtual Reality by Boosting Sense of Agency,10.20535/2523-4455.2019.24.3.167089,2019,"Microsystems, Electronics and Acoustics",N,未照合,S2,,
3,The Sense of Embodiment in Virtual Reality,forward,Superimposed Skilled Performance in a Virtual Mirror Improves Motor Performance and Cognitive Representation of a Full Body Motor Action,10.3389/frobt.2019.00043,2019,Frontiers in Robotics and AI,Y,SJR Q2,S2,,
3,The Sense of Embodiment in Virtual Reality,forward,Virtually the Same Experience?: Learning from User Experience Evaluation of In-vehicle Systems in VR and in the Field,10.1145/3322276.3322288,2019,Conference on Designing Interactive Systems,Y,CORE A,S2,,
3,The Sense of Embodiment in Virtual Reality,forward,A Preliminary Evaluation of Transferring the Approach Avoidance Task into Virtual Reality,10.1007/978-3-030-23762-2_14,2019,International Conference on Information Technologies in Biomedicine,N,未照合,S2,,
3,The Sense of Embodiment in Virtual Reality,forward,Development of sense of self-location based on somatosensory feedback from finger tips for extra robotic thumb control,10.1186/s40648-019-0135-0,2019,ROBOMECH Journal,N,SJR Q3,S2,,
3,The Sense of Embodiment in Virtual Reality,forward,How to Turn Yourself into a Virtual Travel Companion in Someone Else's Car: Drawing Design Approaches from the Philosophy of Mind,10.1007/978-3-030-20216-3_59,2019,International Conference on Applied Human Factors and Ergonomics,N,SJR Q4,S2,,
3,The Sense of Embodiment in Virtual Reality,forward,Avatar Selection for Live Performance in Virtual Reality: A Case Study,10.1109/gem.2019.8811548,2019,IEEE Games Entertainment Media Conference,N,未照合,S2,,
3,The Sense of Embodiment in Virtual Reality,forward,The use of different feedback modalities and verbal collaboration in tele-robotic assistance,10.1109/rose.2019.8790412,2019,International Symposium on Robotic and Sensors Environments,N,未照合,S2,,
3,The Sense of Embodiment in Virtual Reality,forward,Exploring players' user experience in a high-embodied virtual reality game,10.1109/gem.2019.8902148,2019,IEEE Games Entertainment Media Conference,N,未照合,S2,,
3,The Sense of Embodiment in Virtual Reality,forward,A komputer által létrehozott virtuális valóság pszichológiai mechanizmusai: téri reprezentációs sajátosságok,10.1556/0016.2019.74.2.4,2019,Magyar Pszichológiai Szemle,N,未照合,S2,,
3,The Sense of Embodiment in Virtual Reality,forward,Measuring presence in video games: An investigation of the potential use of physiological measures as indicators of presence,10.1016/j.ijhcs.2019.02.006,2019,Int. J. Hum. Comput. Stud.,N,未照合,S2,,
3,The Sense of Embodiment in Virtual Reality,forward,Development of a Virtual Reality-Based Game Approach for Supporting Sensory Processing Disorders Treatment,10.3390/info10050177,2019,Inf.,N,未照合,S2,,
3,The Sense of Embodiment in Virtual Reality,forward,Quantitative Measurement of Tool Embodiment for Virtual Reality Input Alternatives,10.1145/3290605.3300673,2019,International Conference on Human Factors in Computing Systems,Y,CORE A*,S2,,
3,The Sense of Embodiment in Virtual Reality,forward,From real to virtual embodied performance - a case study between dance and technology.,,2019,,N,,S2,,
3,The Sense of Embodiment in Virtual Reality,forward,Immersive analytics,10.1109/mcg.2019.2906513,2019,IEEE Computer Graphics and Applications,N,SJR Q3,S2,,
3,The Sense of Embodiment in Virtual Reality,forward,Embodiment in Socially Interactive Robots,10.1561/2300000056,2019,Found. Trends Robotics,N,未照合,S2,,
3,The Sense of Embodiment in Virtual Reality,forward,The Effects of Motion Artifacts on Self-Avatar Agency,10.3390/informatics6020018,2019,Informatics,N,CORE National:Slovakia,S2,,
3,The Sense of Embodiment in Virtual Reality,forward,Using 360-degree videos in teacher education to improve preservice teachers' professional interpersonal vision,10.1111/jcal.12361,2019,Journal of Computer Assisted Learning,N,SJR Q1,S2,,
3,The Sense of Embodiment in Virtual Reality,forward,Cinemacraft: exploring fidelity cues in collaborative virtual world interactions,10.1007/s10055-019-00382-0,2019,Virtual Reality,N,SJR Q1,S2,,
3,The Sense of Embodiment in Virtual Reality,forward,User experience evaluation focused on viewpoints and embodiment,10.1145/3297280.3299749,2019,ACM Symposium on Applied Computing,Y,CORE Multiconference,S2,,
3,The Sense of Embodiment in Virtual Reality,forward,Embodying Senescence,10.1080/13528165.2019.1579023,2019,Performance Research: A Journal of the Performing Arts,N,未照合,S2,,
3,The Sense of Embodiment in Virtual Reality,forward,Reconciling Being in-Control vs. Being Helped for the Execution of Complex Movements in VR,10.1109/vr.2019.8797716,2019,IEEE Conference on Virtual Reality and 3D User Interfaces,N,CORE A*,S2,,
3,The Sense of Embodiment in Virtual Reality,forward,Using Immersive Audio and Vibration to Enhance Remote Diagnosis of Mechanical Failure in Uncrewed Vessels,,2019,,N,,S2,,
3,The Sense of Embodiment in Virtual Reality,forward,Impact sur l'expérience utilisateur en environnement virtuel immersif de l'utilisation d'objets connectés portés pour la rétroaction physiologique,10.70675/d3c685d1z1ac7z4574zacd2zb220ec3a37a8,2019,,N,,S2,,
3,The Sense of Embodiment in Virtual Reality,forward,Virtual Hand Realism Affects Object Size Perception in Body-Based Scaling,10.1109/vr.2019.8798040,2019,IEEE Conference on Virtual Reality and 3D User Interfaces,Y,CORE A*,S2,,
3,The Sense of Embodiment in Virtual Reality,forward,Studying the Mental Effort in Virtual Versus Real Environments,10.1109/vr.2019.8798029,2019,IEEE Conference on Virtual Reality and 3D User Interfaces,N,CORE A*,S2,,
3,The Sense of Embodiment in Virtual Reality,forward,EEG Can Be Used to Measure Embodiment When Controlling a Walking Self-Avatar,10.1109/vr.2019.8798263,2019,IEEE Conference on Virtual Reality and 3D User Interfaces,N,CORE A*,S2,,
3,The Sense of Embodiment in Virtual Reality,forward,Embodying an Extra Virtual Body in Augmented Reality,10.1109/vr.2019.8798055,2019,IEEE Conference on Virtual Reality and 3D User Interfaces,N,CORE A*,S2,,
3,The Sense of Embodiment in Virtual Reality,forward,Virtual Hand Illusion: The Alien Finger Motion Experiment,10.1109/vr.2019.8798193,2019,IEEE Conference on Virtual Reality and 3D User Interfaces,N,CORE A*,S2,,
3,The Sense of Embodiment in Virtual Reality,forward,"The Role of Visual Feedback and Age When Grasping, Transferring and Passing Objects in Virtual Environments",10.1080/10447318.2019.1574101,2019,International journal of human computer interactions,N,未照合,S2,,
3,The Sense of Embodiment in Virtual Reality,forward,AAT Meets Virtual Reality,10.1007/978-3-030-41590-7_7,2019,VISIGRAPP,N,CORE Multiconference,S2,,
3,The Sense of Embodiment in Virtual Reality,forward,From Robot to Virtual Doppelganger: Impact of Visual Fidelity of Avatars Controlled in Third-Person Perspective on Embodiment and Behavior in Immersive Virtual Environments,10.3389/frobt.2019.00008,2019,Frontiers in Robotics and AI,N,SJR Q2,S2,,
3,The Sense of Embodiment in Virtual Reality,forward,Interpersonal Affordances and Social Dynamics in Collaborative Immersive Virtual Environments: Passing Together Through Apertures,10.1109/tvcg.2019.2899232,2019,IEEE Transactions on Visualization and Computer Graphics,Y,SJR Q1,S2,,
3,The Sense of Embodiment in Virtual Reality,forward,Virtual Reality Training in Organizations,10.1017/9781108649636.015,2019,The Cambridge Handbook of Technology and Employee Behavior,N,未照合,S2,,
3,The Sense of Embodiment in Virtual Reality,forward,Games 4 VRains: affective gaming for working memory training in virtual reality,,2019,,N,,S2,,
3,The Sense of Embodiment in Virtual Reality,forward,Presence and Cybersickness in Virtual Reality Are Negatively Related: A Review,10.3389/fpsyg.2019.00158,2019,Frontiers in Psychology,N,SJR Q1,S2,,
3,The Sense of Embodiment in Virtual Reality,forward,Reflecting on the Design Process for Virtual Reality Applications,10.1080/10447318.2018.1443898,2019,International journal of human computer interactions,N,未照合,S2,,
3,The Sense of Embodiment in Virtual Reality,forward,Exploring the Effects of VR Gameplay Videos on Performance and Experience,10.26503/dl.v2019i1.1068,2019,DiGRA Conference,N,未照合,S2,,
3,The Sense of Embodiment in Virtual Reality,forward,"Understanding the diffusion of virtual reality glasses: The role of media, fashion and technology",10.1016/j.techfore.2018.09.008,2019,Technological forecasting & social change,N,SJR Q1,S2,,
3,The Sense of Embodiment in Virtual Reality,forward,Virtual Reality as a New Approach for Risk Taking Assessment,10.3389/fpsyg.2018.02532,2018,Frontiers in Psychology,N,SJR Q1,S2,,
3,The Sense of Embodiment in Virtual Reality,forward,Virtualized Violence and Anonymous Juries: Unpacking Steubenville’s “Big Red” Sexual Assault Case and the Role of Social Media,10.1177/1557085116687032,2018,,N,,S2,,
3,The Sense of Embodiment in Virtual Reality,forward,Immersive Virtual Reality Field Trips Facilitate Learning About Climate Change,10.3389/fpsyg.2018.02364,2018,Frontiers in Psychology,N,SJR Q1,S2,,
3,The Sense of Embodiment in Virtual Reality,forward,Robotic interfaces for cognitive psychology and embodiment research: A research roadmap.,10.1002/wcs.1486,2018,Wiley Interdisciplinary Reviews: Cognitive Science,N,SJR Q1,S2,,
3,The Sense of Embodiment in Virtual Reality,forward,Co-presence and proxemics in shared walkable virtual environments with mixed colocation,10.1145/3281505.3281523,2018,Virtual Reality Software and Technology,Y,未照合,S2,,
3,The Sense of Embodiment in Virtual Reality,forward,Human upper-body inverse kinematics for increased embodiment in consumer-grade virtual reality,10.1145/3281505.3281529,2018,Virtual Reality Software and Technology,Y,未照合,S2,,
3,The Sense of Embodiment in Virtual Reality,forward,Keep my head on my shoulders!: why third-person is bad for navigation in VR,10.1145/3281505.3281511,2018,Virtual Reality Software and Technology,Y,未照合,S2,,
3,The Sense of Embodiment in Virtual Reality,forward,HFX studio: haptic editor for full-body immersive experiences,10.1145/3281505.3281518,2018,Virtual Reality Software and Technology,Y,未照合,S2,,
3,The Sense of Embodiment in Virtual Reality,forward,The Social Brain in Virtual Reality. Changing Perspective on Self and Others in Immersive Virtual Environments,,2018,,N,,S2,,
3,The Sense of Embodiment in Virtual Reality,forward,"Virtual reality experiences, embodiment, videogames and their dimensions in neurorehabilitation",10.1186/s12984-018-0461-0,2018,Journal of NeuroEngineering and Rehabilitation,N,SJR Q1,S2,,
3,The Sense of Embodiment in Virtual Reality,forward,The developing bodily self: Posture constrains embodiment in children and adults,10.17605/osf.io/gtu6e,2018,,N,,S2,,
3,The Sense of Embodiment in Virtual Reality,forward,Self-attribution of distorted reaching movements in immersive virtual reality,10.1016/j.cag.2018.09.001,2018,Computers & graphics,Y,SJR Q2,S2,,
3,The Sense of Embodiment in Virtual Reality,forward,Spatial Asynchronous Visuo-Tactile Stimuli Influence Ownership of Virtual Wings,10.1109/vr.2018.8446569,2018,IEEE Conference on Virtual Reality and 3D User Interfaces,N,CORE A*,S2,,
3,The Sense of Embodiment in Virtual Reality,forward,Contribution to the Study of Projection-based Systems for Industrial Applications in Mixed Reality. (Contribution à l'étude des systèmes de projection pour des applications industrielles en réalité mixte),10.70675/3bb7917ez3253z4db2zb679z1fcb937789e4,2018,,N,,S2,,
3,The Sense of Embodiment in Virtual Reality,forward,An Interactive Multisensory Virtual Environment for Developmentally Disabled,10.1007/978-3-030-06134-0_44,2018,ArtsIT/DLI,N,未照合,S2,,
3,The Sense of Embodiment in Virtual Reality,forward,Violent Video Games in Virtual Reality: Re-Evaluating the Impact and Rating of Interactive Experiences,10.1145/3242671.3242684,2018,ACM SIGCHI Annual Symposium on Computer-Human Interaction in Play,Y,未照合,S2,,
3,The Sense of Embodiment in Virtual Reality,forward,Fidelity of the remote partner's avatar in an immersive virtual environment: effects on spatial interactions,10.1145/3286689.3286708,2018,Interaction Homme-Machine,Y,未照合,S2,,
3,The Sense of Embodiment in Virtual Reality,forward,Fidélité de l'avatar du partenaire distant dans un environnement virtuel immersif : effets sur les interactions spatiales,,2018,,N,,S2,,
3,The Sense of Embodiment in Virtual Reality,forward,Reconnaissance des changements comportementaux des utilisateurs de réalité virtuelle à l'aide de capteurs de mouvements et de capteurs physiologiques,,2018,,N,,S2,,
3,The Sense of Embodiment in Virtual Reality,forward,Ownershift: Facilitating Overhead Interaction in Virtual Reality with an Ownership-Preserving Hand Space Shift,10.1145/3242587.3242594,2018,ACM Symposium on User Interface Software and Technology,Y,CORE A*,S2,,
3,The Sense of Embodiment in Virtual Reality,forward,Influence of Being Embodied in an Obese Virtual Body on Shopping Behavior and Products Perception in VR,10.3389/frobt.2018.00113,2018,Frontiers in Robotics and AI,Y,SJR Q2,S2,,
3,The Sense of Embodiment in Virtual Reality,forward,User Experience in Games with HMD Glasses through First and Third Person Viewpoints with Emphasis on Embodiment,10.1109/svr.2018.00022,2018,Symposium on Virtual and Augmented Reality,N,未照合,S2,,
3,The Sense of Embodiment in Virtual Reality,forward,Embodied VR environment facilitates motor imagery brain-computer interface training,10.1016/j.cag.2018.05.024,2018,Computers & graphics,N,SJR Q2,S2,,
3,The Sense of Embodiment in Virtual Reality,forward,Is That Me?—Embodiment and Body Perception with an Augmented Reality Mirror,10.1109/ismar-adjunct.2018.00057,2018,2018 IEEE International Symposium on Mixed and Augmented Reality Adjunct (ISMAR-Adjunct),Y,未照合,S2,,
3,The Sense of Embodiment in Virtual Reality,forward,A.R.M. - Augmented Reality Muscularity,10.1007/978-3-319-99426-0_23,2018,International Conference on Evolutionary Computation,N,SJR Q2,S2,,
3,The Sense of Embodiment in Virtual Reality,forward,Walking in someone else’s shoes: creating empathy in the practice of immersive film,10.1080/25741136.2018.1520538,2018,Media Practice and Education,N,SJR Q3,S2,,
3,The Sense of Embodiment in Virtual Reality,forward,Virtual shadows for real humans in a CAVE: influence on virtual embodiment and 3D interaction,10.1145/3225153.3225165,2018,ACM Symposium on Applied Perception,Y,CORE B,S2,,
3,The Sense of Embodiment in Virtual Reality,forward,Effects of anthropomorphic fidelity of self-avatars on reach boundary estimation in immersive virtual environments,10.1145/3225153.3225170,2018,ACM Symposium on Applied Perception,Y,CORE B,S2,,
3,The Sense of Embodiment in Virtual Reality,forward,Perception of height in virtual reality: a study of climbing stairs,10.1145/3225153.3225171,2018,ACM Symposium on Applied Perception,Y,CORE B,S2,,
3,The Sense of Embodiment in Virtual Reality,forward,Is mediated embodiment the response to embodied cognition?,10.1016/j.newideapsych.2018.02.003,2018,New Ideas in Psychology,N,SJR Q1,S2,,
3,The Sense of Embodiment in Virtual Reality,forward,Using Perspective to Reduce Stimulus Response in Virtual Reality,10.1109/gem.2018.8516541,2018,IEEE Games Entertainment Media Conference,N,未照合,S2,,
3,The Sense of Embodiment in Virtual Reality,forward,Exploring immersive experience in journalism,10.1177/1461444817733133,2018,New Media & Society,N,SJR Q1,S2,,
3,The Sense of Embodiment in Virtual Reality,forward,Construction of Experimental System SPIDAR-HS for Designing VR Guidelines Based on Physiological Behavior Measurement,10.1007/978-3-319-91581-4_18,2018,Interacción,N,未照合,S2,,
3,The Sense of Embodiment in Virtual Reality,forward,The Nature of Difference in User Behavior Between Real and Virtual Environment: A Preliminary Study,10.1007/978-3-319-92043-6_38,2018,Interacción,N,未照合,S2,,
3,The Sense of Embodiment in Virtual Reality,forward,Simulating a Virtual Journey on Italian Alps through a Multisensory Mixed Reality Environment,10.14733/cadaps.2019.755-765,2018,Computer-Aided Design and Applications,N,SJR -,S2,,
3,The Sense of Embodiment in Virtual Reality,forward,Using Several Types of Virtual Characters in Sports - a Literature Survey,10.2478/ijcss-2018-0001,2018,International Journal of Computer Science in Sport,N,SJR Q2,S2,,
3,The Sense of Embodiment in Virtual Reality,forward,Avatar Embodiment. Towards a Standardized Questionnaire,10.3389/frobt.2018.00074,2018,Frontiers in Robotics and AI,Y,SJR Q2,S2,,
3,The Sense of Embodiment in Virtual Reality,forward,"Immersive Teleoperation of the Eye Gaze of Social Robots Assessing Gaze-Contingent Control of Vergence, Yaw and Pitch of Robotic Eyes",,2018,,N,,S2,,
3,The Sense of Embodiment in Virtual Reality,forward,Embodied involvement in virtual worlds: the case of eSports practitioners,10.1080/17511321.2018.1475418,2018,"Sport, Ethics and Philosophy",N,SJR Q1,S2,,
3,The Sense of Embodiment in Virtual Reality,forward,Body as a Canvas: An Exploration on the Role of the Body as Display of Digital Information,10.1145/3196709.3196724,2018,Conference on Designing Interactive Systems,N,CORE A,S2,,
3,The Sense of Embodiment in Virtual Reality,forward,From robot to virtual doppelganger: impact of avatar visual fidelity and self-esteem on perceived attractiveness,10.1145/3206505.3206525,2018,International Working Conference on Advanced Visual Interfaces,Y,未照合,S2,,
3,The Sense of Embodiment in Virtual Reality,forward,Virtual and Augmented Reality: New Frontiers for Clinical Psychology,10.5772/intechopen.74344,2018,,N,,S2,,
3,The Sense of Embodiment in Virtual Reality,forward,Using Recent BCI Literature to Deepen our Understanding of Clinical Neurofeedback: A Short Review.,10.1016/j.neuroscience.2018.03.013,2018,Neuroscience,N,SJR Q3,S2,,
3,The Sense of Embodiment in Virtual Reality,forward,Mutual collision avoidance during walking in real and collaborative virtual environments,10.1145/3190834.3190845,2018,ACM Symposium on Interactive 3D Graphics and Games,Y,未照合,S2,,
3,The Sense of Embodiment in Virtual Reality,forward,Action Augmented Real Virtuality: A Design for Presence,10.1109/tcds.2018.2828865,2018,IEEE Transactions on Cognitive and Developmental Systems,N,SJR Q1,S2,,
3,The Sense of Embodiment in Virtual Reality,forward,Study of self-avatar's influence on motor skills training in immersive virtual environments,10.1145/3234253.3234304,2018,Virtual Reality International Conference,Y,未照合,S2,,
3,The Sense of Embodiment in Virtual Reality,forward,Prototyping proactive and adaptive techniques for human-robot collaboration in manufacturing using virtual reality,10.1016/j.rcim.2017.09.005,2018,,N,,S2,,
3,The Sense of Embodiment in Virtual Reality,forward,Learning Empathy Through Virtual Reality: Multiple Strategies for Training Empathy-Related Abilities Using Body Ownership Illusions in Embodied Virtual Reality,10.3389/frobt.2018.00026,2018,Frontiers in Robotics and AI,N,SJR Q2,S2,,
3,The Sense of Embodiment in Virtual Reality,forward,Studying the Sense of Embodiment in VR Shared Experiences,10.1109/vr.2018.8448293,2018,IEEE Conference on Virtual Reality and 3D User Interfaces,N,CORE A*,S2,,
3,The Sense of Embodiment in Virtual Reality,forward,Any “Body” There? Avatar Visibility Effects in a Virtual Reality Game,10.1109/vr.2018.8446229,2018,IEEE Conference on Virtual Reality and 3D User Interfaces,N,CORE A*,S2,,
3,The Sense of Embodiment in Virtual Reality,forward,Investigating the Effects of Anthropomorphic Fidelity of Self-Avatars on Near Field Depth Perception in Immersive Virtual Environments,10.1109/vr.2018.8446539,2018,IEEE Conference on Virtual Reality and 3D User Interfaces,Y,CORE A*,S2,,
3,The Sense of Embodiment in Virtual Reality,forward,"Understanding Virtual Reality: Presence, Embodiment, and Professional Practice",10.1109/tpc.2018.2804238,2018,IEEE Transactions on Professional Communication,N,SJR Q1,S2,,
3,The Sense of Embodiment in Virtual Reality,forward,The Effects of Avatars' Age on Older Adults' Self-Disclosure and Trust,10.1089/cyber.2017.0451,2018,"Cyberpsychology, Behavior, and Social Networking",N,SJR Q1,S2,,
3,The Sense of Embodiment in Virtual Reality,forward,Brain-computer interface control in a virtual reality environment and applications for the internet of things,10.1109/access.2018.2809453,2018,IEEE Access,N,SJR Q1,S2,,
3,The Sense of Embodiment in Virtual Reality,forward,The Critical Role of Self-Contact for Embodiment in Virtual Reality,10.1109/tvcg.2018.2794658,2018,IEEE Transactions on Visualization and Computer Graphics,N,SJR Q1,S2,,
3,The Sense of Embodiment in Virtual Reality,forward,What We Learned from Mediated Embodiment Experiments and Why It Should Matter to Policymakers,10.1162/pres_a_00312,2018,PRESENCE: Virtual and Augmented Reality,N,未照合,S2,,
3,The Sense of Embodiment in Virtual Reality,forward,The Integration of Realistic Episodic Memories Relies on Different Working Memory Processes: Evidence from Virtual Navigation,10.3389/fpsyg.2018.00047,2018,Frontiers in Psychology,N,SJR Q1,S2,,
3,The Sense of Embodiment in Virtual Reality,forward,"“Do You Feel in Control?”: Towards Novel Approaches to Characterise, Manipulate and Measure the Sense of Agency in Virtual Environments",10.1109/tvcg.2018.2794598,2018,IEEE Transactions on Visualization and Computer Graphics,N,SJR Q1,S2,,
3,The Sense of Embodiment in Virtual Reality,forward,The Use of 3D Body Scanner in Medicine and Psychology: A Narrative Review,10.1007/978-3-030-01093-5_10,2018,International Symposium on Pervasive Computing Paradigms for Mental Health,N,未照合,S2,,
3,The Sense of Embodiment in Virtual Reality,forward,Characterizing first and third person viewpoints and their alternation for embodied interaction in virtual reality,10.1371/journal.pone.0190109,2017,PLoS ONE,N,SJR Q1,S2,,
3,The Sense of Embodiment in Virtual Reality,forward,Évaluation de l'impact de la modification du retour visuel présenté par un égo-avatar temps réel sur la cinématique de la marche,,2017,,N,,S2,,
3,The Sense of Embodiment in Virtual Reality,forward,Creating a Theatrical Experience on a Virtual Stage,10.1007/978-3-319-76270-8_49,2017,IFAC Symposium on Advances in Control Education,N,未照合,S2,,
3,The Sense of Embodiment in Virtual Reality,forward,Somatosensory feedback from fingers accelerates body representation update,10.1109/mhs.2017.8305216,2017,Micro-NanoMechatronics and Human Science,N,未照合,S2,,
3,The Sense of Embodiment in Virtual Reality,forward,User experience evaluation of human representation in collaborative virtual environments,10.1007/s00779-017-1075-4,2017,Personal and Ubiquitous Computing,N,SJR Q2,S2,,
3,The Sense of Embodiment in Virtual Reality,forward,Virtual world continuance intention,10.1016/j.tele.2017.06.009,2017,Telematics and informatics,N,SJR Q1,S2,,
3,The Sense of Embodiment in Virtual Reality,forward,Hybrid Learning in Higher Education: The Potential of Teaching and Learning With Robot-Mediated Communication,10.24059/olj.v21i4.1276,2017,,N,,S2,,
3,The Sense of Embodiment in Virtual Reality,forward,A Survey of Presence and Related Concepts,10.1145/3134301,2017,ACM Computing Surveys,Y,SJR Q1,S2,,
3,The Sense of Embodiment in Virtual Reality,forward,a Framework for Low-Cost Multi-Platform VR and AR Site Experiences,10.5194/isprs-archives-xlii-2-w8-263-2017,2017,,N,,S2,,
3,The Sense of Embodiment in Virtual Reality,forward,Effects of virtual arm representations on interaction in virtual environments,10.1145/3139131.3139149,2017,Virtual Reality Software and Technology,Y,未照合,S2,,
3,The Sense of Embodiment in Virtual Reality,forward,ImAxes: Immersive Axes as Embodied Affordances for Interactive Multivariate Data Visualisation,10.1145/3126594.3126613,2017,ACM Symposium on User Interface Software and Technology,N,CORE A*,S2,,
3,The Sense of Embodiment in Virtual Reality,forward,"""Where's Pinky?"": The Effects of a Reduced Number of Fingers in Virtual Reality",10.1145/3116595.3116596,2017,ACM SIGCHI Annual Symposium on Computer-Human Interaction in Play,Y,未照合,S2,,
3,The Sense of Embodiment in Virtual Reality,forward,Virtual reality for inducing empathy and reducing prejudice towards stigmatized groups: A survey,10.1109/vsmm.2017.8346252,2017,International Conference on Virtual Systems and MultiMedia,Y,未照合,S2,,
3,The Sense of Embodiment in Virtual Reality,forward,The effect of an avatar's emotional expressions on players' fear reactions: The mediating role of embodiment,10.1016/j.chb.2017.06.024,2017,Computers in Human Behavior,N,SJR Q1,S2,,
3,The Sense of Embodiment in Virtual Reality,forward,"Mixed Voxel Reality: Presence and Embodiment in Low Fidelity, Visually Coherent, Mixed Reality Environments",10.1109/ismar.2017.26,2017,International Symposium on Mixed and Augmented Reality,N,未照合,S2,,
3,The Sense of Embodiment in Virtual Reality,forward,"Exploring affection-oriented virtual pet game design strategies in VR attachment, motivations and expectations of users of pet games",10.1109/acii.2017.8273625,2017,Affective Computing and Intelligent Interaction,N,未照合,S2,,
3,The Sense of Embodiment in Virtual Reality,forward,The use of immersive virtual reality in neurorehabilitation and its impact in neuroplasticity,,2017,,N,,S2,,
3,The Sense of Embodiment in Virtual Reality,forward,"Experimenting with PlayVR, a virtual reality experience for the world of theater",10.1145/3125571.3125596,2017,ACM SIGCHI Italian Chapter International Conference on Computer-Human Interaction,Y,未照合,S2,,
3,The Sense of Embodiment in Virtual Reality,forward,A User Trust System for Online Games—Part I: An Activity Theory Approach for Trust Representation,10.1109/tciaig.2016.2592965,2017,IEEE Transactions on Computational Intelligence and AI in Games,N,未照合,S2,,
3,The Sense of Embodiment in Virtual Reality,forward,First- and Third-Person Perspectives in Immersive Virtual Environments: Presence and Performance Analysis of Embodied Users,10.3389/frobt.2017.00033,2017,Frontiers in Robotics and AI,N,SJR Q2,S2,,
3,The Sense of Embodiment in Virtual Reality,forward,Paths to Prejudice Reduction Utilizing Virtual Avatars and Agents,,2017,,N,,S2,,
3,The Sense of Embodiment in Virtual Reality,forward,Enabling embodiment and interaction in omnidirectional videos,10.1109/icme.2017.8019388,2017,IEEE International Conference on Multimedia and Expo,N,CORE A,S2,,
3,The Sense of Embodiment in Virtual Reality,forward,Object Touch by a Humanoid Robot Avatar Induces Haptic Sensation in the Real Hand,10.1111/jcc4.12188,2017,J. Comput. Mediat. Commun.,N,未照合,S2,,
3,The Sense of Embodiment in Virtual Reality,forward,"The Creative Proteus Effect: How Self-Similarity, Embodiment, and Priming of Creative Stereotypes with Avatars Influences Creative Ideation",10.1145/3059454.3078856,2017,Creativity & Cognition,Y,CORE B,S2,,
3,The Sense of Embodiment in Virtual Reality,forward,Capabilities of Current Generation Virtual Reality to Enhance the Design Process,10.1115/1.4036921,2017,,N,,S2,,
3,The Sense of Embodiment in Virtual Reality,forward,Alpha IVBO - Construction of a Scale to Measure the Illusion of Virtual Body Ownership,10.1145/3027063.3053272,2017,CHI Extended Abstracts,Y,未照合,S2,,
3,The Sense of Embodiment in Virtual Reality,forward,Effectiveness and acceptability of a virtual environment for assessing human–robot collaboration in manufacturing,10.1007/s00170-017-0428-5,2017,The International Journal of Advanced Manufacturing Technology,N,SJR Q4,S2,,
3,The Sense of Embodiment in Virtual Reality,forward,Exploring users views on immersive adult entertainment applications,10.1109/qomex.2017.7965642,2017,International Workshop on Quality of Multimedia Experience,N,CORE B,S2,,
3,The Sense of Embodiment in Virtual Reality,forward,Goal-recognition-based adaptive brain-computer interface for navigating immersive robotic systems,10.1088/1741-2552/aa66e0,2017,Journal of Neural Engineering,N,SJR Q1,S2,,
3,The Sense of Embodiment in Virtual Reality,forward,Mid-air modeling with Boolean operations in VR,10.1109/3dui.2017.7893332,2017,IEEE Symposium on 3D User Interfaces,N,未照合,S2,,
3,The Sense of Embodiment in Virtual Reality,forward,Prism aftereffects for throwing with a self-avatar in an immersive virtual environment,10.1109/vr.2017.7892241,2017,IEEE Conference on Virtual Reality and 3D User Interfaces,N,CORE A*,S2,,
3,The Sense of Embodiment in Virtual Reality,forward,The effect of lip and arm synchronization on embodiment: A pilot study,10.1109/vr.2017.7892272,2017,IEEE Conference on Virtual Reality and 3D User Interfaces,N,CORE A*,S2,,
3,The Sense of Embodiment in Virtual Reality,forward,Non-human Looking Robot Arms Induce Illusion of Embodiment,10.1007/s12369-017-0397-8,2017,International Journal of Social Robotics,N,SJR Q1,S2,,
3,The Sense of Embodiment in Virtual Reality,forward,The mechanisms underlying altered somatoperception and somatosensation in healthy and subclinical populations,,2017,,N,,S2,,
3,The Sense of Embodiment in Virtual Reality,forward,A Virtual Out-of-Body Experience Reduces Fear of Death,10.1371/journal.pone.0169343,2017,PLoS ONE,N,SJR Q1,S2,,
3,The Sense of Embodiment in Virtual Reality,forward,Toward a Molecular Profile of Self-Representation,10.3389/fnhum.2016.00602,2016,Frontiers in Human Neuroscience,N,SJR Q1,S2,,
3,The Sense of Embodiment in Virtual Reality,forward,Assessing Facial Expressions in Virtual Reality Environments,10.5220/0005716604860497,2016,VISIGRAPP,N,CORE Multiconference,S2,,
3,The Sense of Embodiment in Virtual Reality,forward,The second me: Seeing the real body during humanoid robot embodiment produces an illusion of bi-location.,10.1016/j.concog.2016.09.017,2016,Consciousness and Cognition,N,SJR Q1,S2,,
3,The Sense of Embodiment in Virtual Reality,forward,Breaking Bad Behaviors: A New Tool for Learning Classroom Management Using Virtual Reality,10.3389/fict.2016.00026,2016,Frontiers in ICT,N,未照合,S2,,
3,The Sense of Embodiment in Virtual Reality,forward,Interacting with Simulated Archaeological Assets,10.1007/978-3-319-48496-9_23,2016,International Euro-Mediterranean Conference,N,未照合,S2,,
3,The Sense of Embodiment in Virtual Reality,forward,Can visual stimulus induce proprioceptive drift in the upper arm using virtual reality,,2016,,N,,S2,,
3,The Sense of Embodiment in Virtual Reality,forward,The Sense of Agency Is More Sensitive to Manipulations of Outcome than Movement-Related Feedback Irrespective of Sensory Modality,10.1371/journal.pone.0161156,2016,PLoS ONE,N,SJR Q1,S2,,
3,The Sense of Embodiment in Virtual Reality,forward,Awareness Model for Asymmetric Remote Collaboration in Mixed Reality. (Modèle de conscience situationnelle pour la collaboration distante asymétrique en réalité mixte),10.70675/4a2c6cc3zc451z44e9zbb2cz9fd2c7253c1f,2016,,N,,S2,,
3,The Sense of Embodiment in Virtual Reality,forward,It’s About Time: The Illusions of Time Perception and Travel in Immersive Virtual Reality,,2016,,N,,S2,,
3,The Sense of Embodiment in Virtual Reality,forward,"Real, rubber or virtual: The vision of ""one's own"" body as a means for pain modulation. A narrative review.",10.1016/j.concog.2016.06.005,2016,Consciousness and Cognition,N,SJR Q1,S2,,
3,The Sense of Embodiment in Virtual Reality,forward,“Wow! I Have Six Fingers!”: Would You Accept Structural Changes of Your Hand in VR?,10.3389/frobt.2016.00027,2016,Frontiers in Robotics and AI,N,SJR Q2,S2,,
3,The Sense of Embodiment in Virtual Reality,forward,How the Perceived Identity of a NPC Companion Influences Player Behavior,10.1007/978-3-662-53090-0_5,2016,IFIP International Conference on Theoretical Computer Science,N,未照合,S2,,
3,The Sense of Embodiment in Virtual Reality,forward,Modelling simple human-robot collaborative manufacturing tasks in interactive virtual environments,10.1145/2927929.2927948,2016,Virtual Reality International Conference,Y,未照合,S2,,
3,The Sense of Embodiment in Virtual Reality,forward,The role of interaction in virtual embodiment: Effects of the virtual hand representation,10.1109/vr.2016.7504682,2016,IEEE Conference on Virtual Reality and 3D User Interfaces,N,CORE A*,S2,,
3,The Sense of Embodiment in Virtual Reality,forward,The impact of a self-avatar on cognitive load in immersive virtual reality,10.1109/vr.2016.7504689,2016,IEEE Conference on Virtual Reality and 3D User Interfaces,N,CORE A*,S2,,
3,The Sense of Embodiment in Virtual Reality,forward,The role of functionality in the body model for self-attribution.,10.1016/j.neures.2015.11.001,2016,Neurosciences research,N,未照合,S2,,
3,The Sense of Embodiment in Virtual Reality,forward,Consumer-Level Virtual Reality Motion Capture,10.1007/978-3-319-64870-5_18,2016,VISIGRAPP,N,CORE Multiconference,S2,,
3,The Sense of Embodiment in Virtual Reality,forward,Predictive Analysis of Hip-Hop Dancers’ Motivation for Choreographing from Choreography Components (Body-Thinking-Space-Time),10.24123/aipj.v31i1.559,2015,,N,,S2,,
3,The Sense of Embodiment in Virtual Reality,forward,USING AUGMENTED REALITY TO REINFORCE VIVID MEMORIES AND PRODUCE A DIGITAL INTERACTIVE EXPERIENCE,,2015,,N,,S2,,
3,The Sense of Embodiment in Virtual Reality,forward,Anthropomorphism and Illusion of Virtual Body Ownership,10.2312/egve.20151303,2015,ICAT-EGVE,N,未照合,S2,,
3,The Sense of Embodiment in Virtual Reality,forward,Digital Cloning for an Increased Feeling of Presence in Collaborative Virtual Reality Environments,10.15221/15.251,2015,,N,,S2,,
3,The Sense of Embodiment in Virtual Reality,forward,"The REVERIE Human Representation Addresses Issues Related to Virtual Presence, Communication, and Interaction in Collaborative Virtual Environments",10.1109/cit/iucc/dasc/picom.2015.238,2015,"2015 IEEE International Conference on Computer and Information Technology; Ubiquitous Computing and Communications; Dependable, Autonomic and Secure Computing; Pervasive Intelligence and Computing",N,未照合,S2,,
3,The Sense of Embodiment in Virtual Reality,forward,Does the Perceived Identity of Non-player Characters Change How We Interact with Them?,10.1109/cw.2015.35,2015,International Conference on Cyberworlds,N,CORE C,S2,,
3,The Sense of Embodiment in Virtual Reality,forward,The body fades away: investigating the effects of transparency of an embodied virtual body on pain threshold and body ownership,10.1038/srep13948,2015,Scientific Reports,N,SJR Q1,S2,,
3,The Sense of Embodiment in Virtual Reality,forward,"Visuo-spatial perspective-taking, avatar embodiment and the ability to cultivate compassion using virtual reality and mental imagery",,2015,,N,,S2,,
3,The Sense of Embodiment in Virtual Reality,forward,Action-Transferred Navigation Technique Design Approach Supporting Human Spatial Learning,10.1145/2811258,2015,TCHI,Y,未照合,S2,,
3,The Sense of Embodiment in Virtual Reality,forward,Leveling up on stereotype threat: The role of avatar customization and avatar embodiment,10.1016/j.chb.2015.04.010,2015,Computers in Human Behavior,N,SJR Q1,S2,,
3,The Sense of Embodiment in Virtual Reality,forward,Creativity and Embodied Fluid Movements,,2015,,N,,S2,,
3,The Sense of Embodiment in Virtual Reality,forward,Creating e-shopping multisensory flow experience through augmented-reality interactive technology,10.1108/intr-11-2015-0321,2015,Internet Research,N,SJR Q1,S2,,
3,The Sense of Embodiment in Virtual Reality,forward,"Effects of arm embodiment on implicit coordination, co-presence, and awareness in mixed-focus distributed tabletop tasks",,2015,Graphics Interface,N,CORE B,S2,,
3,The Sense of Embodiment in Virtual Reality,forward,Embodiment of a humanoid robot is preserved during partial and delayed control,10.1109/arso.2015.7428218,2015,Workshop on Advanced Robotics and its Social Impacts,N,未照合,S2,,
3,The Sense of Embodiment in Virtual Reality,forward,Affordance Judgments in HMD-Based Virtual Environments: Stepping over a Pole and Stepping off a Ledge,10.1145/2720020,2015,On Tap,Y,CORE C,S2,,
3,The Sense of Embodiment in Virtual Reality,forward,Characterizing embodied interaction in First and Third Person Perspective viewpoints,10.1109/3dui.2015.7131728,2015,IEEE Symposium on 3D User Interfaces,Y,未照合,S2,,
3,The Sense of Embodiment in Virtual Reality,forward,Influence of avatar realism on stressful situation in VR,10.1109/vr.2015.7223378,2015,IEEE Conference on Virtual Reality and 3D User Interfaces,N,CORE A*,S2,,
3,The Sense of Embodiment in Virtual Reality,forward,Applying latency to half of a self-avatar's body to change real walking patterns,10.1109/vr.2015.7223329,2015,IEEE Conference on Virtual Reality and 3D User Interfaces,N,CORE A*,S2,,
3,The Sense of Embodiment in Virtual Reality,forward,Avatar embodiment realism and virtual fitness training,10.1109/vr.2015.7223377,2015,IEEE Conference on Virtual Reality and 3D User Interfaces,N,CORE A*,S2,,
3,The Sense of Embodiment in Virtual Reality,forward,"Embodied information behavior, mixed reality and big data",10.1117/12.2083519,2015,Electronic imaging,N,SJR Q3,S2,,
3,The Sense of Embodiment in Virtual Reality,forward,Avatar anthropomorphism and illusion of body ownership in VR,10.1109/vr.2015.7223379,2015,IEEE Conference on Virtual Reality and 3D User Interfaces,N,CORE A*,S2,,
3,The Sense of Embodiment in Virtual Reality,forward,Immersive teleoperation of a robot arm using electro-tactile feedback,10.1109/icara.2015.7081164,2015,"International Conference on Automation, Robotics and Applications",N,未照合,S2,,
3,The Sense of Embodiment in Virtual Reality,forward,Neurophysiological signatures of the body representation in the brain using Immersive Virtual Reality,,2014,,N,,S2,,
3,The Sense of Embodiment in Virtual Reality,forward,Electro-tactile feedback system for achieving embodiment in a tele-operated robot,10.1109/icarcv.2014.7064573,2014,"International Conference on Control, Automation, Robotics and Vision",N,CORE C,S2,,
3,The Sense of Embodiment in Virtual Reality,forward,How to Build an Embodiment Lab: Achieving Body Representation Illusions in Virtual Reality,10.3389/frobt.2014.00009,2014,Frontiers in Robotics and AI,N,SJR Q2,S2,,
3,The Sense of Embodiment in Virtual Reality,forward,The Relationship between Virtual Self Similarity and Social Anxiety,10.3389/fnhum.2014.00944,2014,Frontiers in Human Neuroscience,N,SJR Q1,S2,,
3,The Sense of Embodiment in Virtual Reality,forward,Multisensory Feedback Can Enhance Embodiment Within an Enriched Virtual Walking Scenario,10.1162/pres_a_00190,2014,Presence - Teleoperators and Virtual Environments,N,SJR Q3,S2,,
3,The Sense of Embodiment in Virtual Reality,forward,Group reaching over digital tabletops with digital arm embodiments,,2014,,N,,S2,,
3,The Sense of Embodiment in Virtual Reality,forward,"The effects of dissociation, game controllers, and 3D versus 2D on presence and enjoyment",10.1016/j.chb.2014.05.040,2014,Computers in Human Behavior,N,SJR Q1,S2,,
3,The Sense of Embodiment in Virtual Reality,forward,DOMUS: Cyber-Archeology in Three-Dimensional Virtual Environment,10.1109/svr.2014.15,2014,2014 XVI Symposium on Virtual and Augmented Reality,N,未照合,S2,,
3,The Sense of Embodiment in Virtual Reality,forward,The Effects of Rotating the Self Out of the Body in the Full Virtual Body Ownership Illusion,10.1068/p7618,2014,Perception,N,SJR Q3,S2,,
3,The Sense of Embodiment in Virtual Reality,forward,Drumming in Immersive Virtual Reality: The Body Shapes the Way We Play,10.1109/vr.2013.6549442,2013,IEEE Transactions on Visualization and Computer Graphics,N,SJR Q1,S2,,
3,The Sense of Embodiment in Virtual Reality,forward,Exploring gender equality in the metaverse,10.1016/j.clsr.2025.106254,2026,Computer Law &amp; Security Review,N,未照合,S2,,
3,The Sense of Embodiment in Virtual Reality,forward,Better Information Understanding through Virtual Technologies? A VR Experiment on Data Interpretation,10.24251/hicss.2026.357,2026,Hawaii International Conference on System Sciences,N,SJR -,S2,,
3,The Sense of Embodiment in Virtual Reality,forward,From Black Myth Wukong to Xiaoxitian: Person–place dynamics in synthetic tourism,10.1016/j.tourman.2026.105437,2026,Tourism Management,N,SJR Q1,S2,,
3,The Sense of Embodiment in Virtual Reality,forward,"CARMEn: CARla-Based, Multi-Agent Immersive Road Environment Simulation",10.5220/0014467600004728,2026,GRIVAPP,N,未照合,S2,,
3,The Sense of Embodiment in Virtual Reality,forward,Guidance Framework for Selecting Virtual Hand Illusion Paradigms to Enhance Motor Imagery via Sense of Ownership in Stroke Rehabilitation,10.1109/tnsre.2026.3691422,2026,IEEE transactions on neural systems and rehabilitation engineering,N,SJR Q1,S2,,
3,The Sense of Embodiment in Virtual Reality,forward,DIGITAL ECOLOGY: INTERACTIVE INSTALLATIONS AND ENVIRONMENTAL CONSCIOUSNESS,10.15666/aeer/2402_20892113,2026,Applied Ecology and Environmental Research,N,SJR Q3,S2,,
3,The Sense of Embodiment in Virtual Reality,forward,Does Viewing a Full-Body Self-Avatar in a Mirror Affect Visual Delay Detection in Virtual Reality?,10.1109/access.2026.3705052,2026,IEEE Access,N,SJR Q1,S2,,
3,The Sense of Embodiment in Virtual Reality,forward,The Dissonance between Disengagement and Emergence: The Case of Using VR for Learning English in Higher Education,10.4236/jss.2026.146043,2026,Open Journal of Social Sciences,N,未照合,S2,,
3,The Sense of Embodiment in Virtual Reality,forward,Having the Heart in the Right Place: Exploring Visual Heartbeat Cues in Virtual Avatar Design,10.1109/access.2026.3712953,2026,IEEE Access,N,SJR Q1,S2,,
3,The Sense of Embodiment in Virtual Reality,forward,Designing and Analyzing Virtual Avatar Based on Rigid-Body Tracking in Immersive Virtual Environments,10.1109/access.2025.3525630,2025,IEEE Access,N,SJR Q1,S2,,
3,The Sense of Embodiment in Virtual Reality,forward,Enhancing Immersive Virtual Reality Games with Gamified Learning Analytics: The Effects on Learning Value and Enjoyment,10.24251/hicss.2025.009,2025,Hawaii International Conference on System Sciences,N,SJR -,S2,,
3,The Sense of Embodiment in Virtual Reality,forward,A Head-Driven Algorithm for Estimating Upper and Lower Body Motion in Virtual Reality Environments,10.1109/access.2025.3565232,2025,IEEE Access,N,SJR Q1,S2,,
3,The Sense of Embodiment in Virtual Reality,forward,An Empirical Study of Immersive Learning Using Desktop Augmented Reality in Thai Primary Education,10.28945/5483,2025,Journal of Information Technology Education: Research,N,SJR Q1,S2,,
3,The Sense of Embodiment in Virtual Reality,forward,Convergence of reality and Virtuality: How virtual realism transforms player experience and behavior in virtual reality massively multiplayer Online games,10.1016/j.jbusres.2025.115545,2025,Journal of business research,N,SJR Q1,S2,,
3,The Sense of Embodiment in Virtual Reality,forward,Gosh! It is truly happening to me: Embodying adverse health outcomes through immersive virtual reality to promote perceived risk and healthy behaviors,10.1016/j.chb.2025.108749,2025,Computers in Human Behavior,N,SJR Q1,S2,,
3,The Sense of Embodiment in Virtual Reality,forward,Exploring the Symbiotic Collaboration Paradigm in Virtual Reality and Its Potential Applications to Human Spaceflight,10.4230/oasics.spacechi.2025.13,2025,SpaceCHI,N,未照合,S2,,
3,The Sense of Embodiment in Virtual Reality,forward,Cognitive Load and Motor Adjustment Under Virtual Defensive Pressure in Mixed Reality Sports Training,10.5220/0013661700003988,2025,International Congress on Sport Sciences Research and Technology Support,Y,未照合,S2,,
3,The Sense of Embodiment in Virtual Reality,forward,Embodied Ludic Transculturality. The Game Avatar as a Metaphorical Player-Vehicle for Digital Transcultural Experiences,10.22364/lincs.2025.14,2025,Language for International Communication: Linking Interdisciplinary Perspectives,N,未照合,S2,,
3,The Sense of Embodiment in Virtual Reality,forward,Self-avatar representation matters: Deciphering user immersion in VR games through Steam reviews,,2024,GamiFIN Conference,Y,未照合,S2,,
3,The Sense of Embodiment in Virtual Reality,forward,"Exploring interactivity effects on learners' sense of agency, cognitive load, and learning outcomes in immersive virtual reality: A mixed methods study",10.1016/j.cexr.2024.100066,2024,Computers & Education: X Reality,N,SJR Q1,S2,,
3,The Sense of Embodiment in Virtual Reality,forward,Realization of Game Mechanics in Virtual Reality for Amblyopia Treatment,10.1109/access.2024.3472217,2024,IEEE Access,N,SJR Q1,S2,,
3,The Sense of Embodiment in Virtual Reality,forward,Virtual versus Artificial Intelligence,10.4236/ojpp.2024.144053,2024,Open Journal of Philosophy,N,SJR Q3,S2,,
3,The Sense of Embodiment in Virtual Reality,forward,The Impact of Spatiotemporal Calibration on Sense of Embodiment and Task Performance in Teleoperation,,2024,Annual Meeting of the Cognitive Science Society,N,CORE B,S2,,
3,The Sense of Embodiment in Virtual Reality,forward,Reducing the Proteus Effect in Virtual Reality: A Mental and Acting Approach,10.2312/egve.20241393,2024,ICAT-EGVE,N,未照合,S2,,
3,The Sense of Embodiment in Virtual Reality,forward,Priming and personality effects on the Sense of Embodiment for human and non-human avatars in Virtual Reality,10.2312/egve.20241357,2024,ICAT-EGVE,N,未照合,S2,,
3,The Sense of Embodiment in Virtual Reality,forward,An Experiment-Based Study on Decision Evaluation in Metaverse,,2024,International Conference on Interaction Sciences,N,未照合,S2,,
3,The Sense of Embodiment in Virtual Reality,forward,"""Breaking the fourth wall"": The effects of cinematic virtual reality film-viewing on adolescent students' empathic responses",10.1016/j.cexr.2023.100009,2023,Computers & Education: X Reality,N,SJR Q1,S2,,
3,The Sense of Embodiment in Virtual Reality,forward,Neural Applications Using Immersive Virtual Reality: A Review on EEG Studies,10.1109/tnsre.2023.3254551,2023,IEEE transactions on neural systems and rehabilitation engineering,N,SJR Q1,S2,,
3,The Sense of Embodiment in Virtual Reality,forward,The Efficacy of Virtual Reality on Climate Change Education Increases with Amount of Body Movement and Message Specificity,,2023,,N,,S2,,
3,The Sense of Embodiment in Virtual Reality,forward,Holographic Augmented Reality Mirrors for Daily Self-Reflection on the Own Body Image,,2023,,N,,S2,,
3,The Sense of Embodiment in Virtual Reality,forward,Real-time Lower-limb Motion Embodiment in Virtual Reality from a Single Waist-wearable Camera,,2023,,N,,S2,,
3,The Sense of Embodiment in Virtual Reality,forward,Time Perception Research in Virtual Reality: Lessons Learned,10.18420/muc2023-mci-ws05-442,2023,Message Understanding Conference,N,未照合,S2,,
3,The Sense of Embodiment in Virtual Reality,forward,A Pedagogical Model for Immersive Virtual Reality Safety Training: Mixed-Methods Research,10.3102/ip.23.2000571,2023,AERA 2023,N,未照合,S2,,
3,The Sense of Embodiment in Virtual Reality,forward,Jak to jest być nietoperzem w wirtualnej rzeczywistości? Technologia VR jako narzędzie do doświadczania perspektywy innego,10.26913/avant.202302,2023,Avant,N,SJR Q3,S2,,
3,The Sense of Embodiment in Virtual Reality,forward,Shared Avatar for Hand Movement Imitation: Subjective and Behavioral Analyses,10.1109/access.2023.3312179,2023,IEEE Access,N,SJR Q1,S2,,
3,The Sense of Embodiment in Virtual Reality,forward,Dynamic Self-Avatar Motion Retargeting in Virtual Reality,,2023,DC@CHItaly,N,未照合,S2,,
3,The Sense of Embodiment in Virtual Reality,forward,First Steps Towards Facilitating the Learning of Using Wearable Lower-limb Exoskeletons withImmersive Virtual Reality,,2023,,N,,S2,,
3,The Sense of Embodiment in Virtual Reality,forward,Experiencing Virtual Reality for Perspective-Taking of Blind and Visually Impaired Learners,10.2139/ssrn.4595370,2023,Social Science Research Network,N,未照合,S2,,
3,The Sense of Embodiment in Virtual Reality,forward,Decision-Making Styles in Metaverse: Effects of Immersion and Embodiment,,2023,Americas Conference on Information Systems,N,未照合,S2,,
3,The Sense of Embodiment in Virtual Reality,forward,"Virtual Reality as a Tool for Promoting Diversity, Equity, and Inclusion Within the Higher Education Landscape",10.5220/0011995900003470,2023,International Conference on Computer Supported Education,N,CORE B,S2,,
3,The Sense of Embodiment in Virtual Reality,forward,Cognitive Performance in Immersive Environments After Acquired Brain Injury,10.4018/978-1-7998-7430-0.ch012,2022,,N,,S2,,
3,The Sense of Embodiment in Virtual Reality,forward,Reducing Brain-computer Interaction Training Time with Embodied Virtual Avatar,10.5220/0011049100003124,2022,VISIGRAPP,N,CORE Multiconference,S2,,
3,The Sense of Embodiment in Virtual Reality,forward,Security and Privacy in the Metaverse: The Threat of the Digital Human,,2022,,N,,S2,,
3,The Sense of Embodiment in Virtual Reality,forward,In�uence of VR-based Brain-Computer Interfaces Training in Brain Activity and Clinical Outcome in Chronic Stroke: A Longitudinal Study of Single Cases,,2022,,N,,S2,,
3,The Sense of Embodiment in Virtual Reality,forward,"Manipulating the Sense of Embodiment in Virtual Reality: a Study of the Interactions Between the Senses of Agency, Self-location and Ownership",10.2312/egve.20221281,2022,ICAT-EGVE,N,未照合,S2,,
3,The Sense of Embodiment in Virtual Reality,forward,International Journal of Evaluation and Research in Education (IJERE),,2022,,N,,S2,,
3,The Sense of Embodiment in Virtual Reality,forward,Being Somebody Else: The Future of Narrative Storytelling,10.36854/widok/2022.33.2570,2022,New Visual Narratives,N,未照合,S2,,
3,The Sense of Embodiment in Virtual Reality,forward,Experiencing herd immunity in virtual reality increases COVID-19 vaccination intention: Evidence from a large-scale field intervention study (preprint),10.31234/osf.io/68wqn,2022,,N,,S2,,
3,The Sense of Embodiment in Virtual Reality,forward,Perceiving Multiple Locations Simultaneously to Improve Interaction in VR,,2022,,N,,S2,,
3,The Sense of Embodiment in Virtual Reality,forward,Distributed Multi-User VR With Full-Body Avatars,,2021,,N,,S2,,
3,The Sense of Embodiment in Virtual Reality,forward,Argelaguet Discipline : Informatique Spécialité : Realité Virtuelle The “ Infinite Loop ” Towards Adaptive 3 D User Interfaces,,2021,,N,,S2,,
3,The Sense of Embodiment in Virtual Reality,forward,PSYCHO-MOTOR AND PSYCHO-PHYSIOLOGICAL CORRELATES OF AFFECTIVE-STATE WHILE EXPLORING 360° VIDEOS USING HEAD-MOUNTED VIRTUAL REALITY,,2021,,N,,S2,,
3,The Sense of Embodiment in Virtual Reality,forward,Embodied Third-Person Virtual Locomotion using a Single Depth Camera,10.20380/gi2021.24,2021,Graphics Interface,N,CORE B,S2,,
3,The Sense of Embodiment in Virtual Reality,forward,Exercise in virtual reality with a muscular avatar influences performance on a weightlifting exercise,10.5817/cp2021-3-10,2021,Cyberpsychology: Journal of Psychosocial Research on Cyberspace,Y,未照合,S2,,
3,The Sense of Embodiment in Virtual Reality,forward,Mixed Reality Doesn’t Need Standardized Evaluation Methods,,2021,,N,,S2,,
3,The Sense of Embodiment in Virtual Reality,forward,Adi's Maze and the Research Arcade: A Long-term Study on the Impact of Gendered Representation on Player Preferences,10.2312/cgvc.20211318,2021,,N,,S2,,
3,The Sense of Embodiment in Virtual Reality,forward,"How Real is Virtual reality—An Immersion, Interaction and Embodiedness Study",10.1007/978-981-16-0119-4_65,2021,Design for Tomorrow—Volume 2,N,未照合,S2,,
3,The Sense of Embodiment in Virtual Reality,forward,The Ethical Dimensions of Virtual Reality,10.1007/978-3-030-72907-3_2,2021,"Virtual Reality, Empathy and Ethics",N,未照合,S2,,
3,The Sense of Embodiment in Virtual Reality,forward,Exploring Upper Limb Segmentation with Deep Learning for Augmented Virtuality,10.2312/stag.20211483,2021,Smart Tools and Applications in Graphics,N,未照合,S2,,
3,The Sense of Embodiment in Virtual Reality,forward,Mathematics Input for Educational Applications in Virtual Reality,10.2312/egve.20211324,2021,ICAT-EGVE,N,未照合,S2,,
3,The Sense of Embodiment in Virtual Reality,forward,When my avatar’s movements make me feel I am moving: From natural-like stimuli to fully artificial ones in virtual reality,10.1051/shsconf/202113002001,2021,SHS Web of Conferences,N,未照合,S2,,
3,The Sense of Embodiment in Virtual Reality,forward,"TECHNICAL CONSIDERATIONS IN 360 ° VIRTUAL REALITY DESIGN: PERSPECTIVE, SPATIAL AND INTERACTION",,2021,,N,,S2,,
3,The Sense of Embodiment in Virtual Reality,forward,Study on prediction errors caused by image zooming in execution phase of remote operation and possibility of compensation,10.1299/transjsme.21-00161,2021,Transactions of the JSME (in Japanese),N,未照合,S2,,
3,The Sense of Embodiment in Virtual Reality,forward,Virtual Environments as Medium for Laypeople’s Communication and Collaboration in Urban Design,10.26686/wgtn.17148017.v1,2020,,N,,S2,,
3,The Sense of Embodiment in Virtual Reality,forward,"Augmented Reality, Virtual Reality, and Computer Graphics: 7th International Conference, AVR 2020, Lecce, Italy, September 7–10, 2020, Proceedings, Part I",10.1007/978-3-030-58465-8,2020,International Conference on Augmented and Virtual Reality,N,未照合,S2,,
3,The Sense of Embodiment in Virtual Reality,forward,E-mpathy and the Phantom Limb Sensation: A Multisensory Experience for Embodiment of Amputation,,2020,XChange Reality!,N,未照合,S2,,
3,The Sense of Embodiment in Virtual Reality,forward,"Getting Rid of Cybersickness: In Virtual Reality, Augmented Reality, and Simulators",10.1007/978-3-030-59342-1,2020,,N,,S2,,
3,The Sense of Embodiment in Virtual Reality,forward,"Entertainment in Virtual Reality and Beyond: The Influence of Embodiment, Co-Location, and Cognitive Distancing on Users’ Entertainment Experience",,2020,,N,,S2,,
3,The Sense of Embodiment in Virtual Reality,forward,Embodying Disability,,2020,,N,,S2,,
3,The Sense of Embodiment in Virtual Reality,forward,User Experience of Public Speaking Practice in Virtual Reality,10.4018/978-1-7998-3250-8.ch012,2020,Social Science Research Network,N,未照合,S2,,
3,The Sense of Embodiment in Virtual Reality,forward,Next stop: Manizales! Staging a Co-Drive journey between Italy and Colombia,,2020,,N,,S2,,
3,The Sense of Embodiment in Virtual Reality,forward,Developing a Study Design on the Effects of Different MotionTracking Approaches on the User Embodiment in Virtual Reality,10.18420/muc2020-ws134-341,2020,Message Understanding Conference,N,未照合,S2,,
3,The Sense of Embodiment in Virtual Reality,forward,"HCI International 2020 – Late Breaking Papers: Virtual and Augmented Reality: 22nd HCI International Conference, HCII 2020, Copenhagen, Denmark, July 19–24, 2020, Proceedings",10.1007/978-3-030-59990-4,2020,Interacción,N,未照合,S2,,
3,The Sense of Embodiment in Virtual Reality,forward,"Interactive Storytelling: 13th International Conference on Interactive Digital Storytelling, ICIDS 2020, Bournemouth, UK, November 3–6, 2020, Proceedings",10.1007/978-3-030-62516-0,2020,Lecture Notes in Computer Science,N,SJR Q2,S2,,
3,The Sense of Embodiment in Virtual Reality,forward,Learning Hand Anatomy with Sense of Embodiment,10.2312/vcbm.20201170,2020,Eurographics Workshop on Visual Computing for Biomedicine,N,SJR -,S2,,
3,The Sense of Embodiment in Virtual Reality,forward,Virtually Alone - How Facilitated Aloneness Affect Self-study in IVE,10.1007/978-3-030-58468-9_10,2020,International Conference on Augmented and Virtual Reality,N,未照合,S2,,
3,The Sense of Embodiment in Virtual Reality,forward,Augmentierte und virtuelle Wirklichkeiten,10.25969/mediarep/14864,2020,,N,,S2,,
3,The Sense of Embodiment in Virtual Reality,forward,Learner and User Experience Research,,2020,,N,,S2,,
3,The Sense of Embodiment in Virtual Reality,forward,Exploring Visuo-Tactile Embodiment in a Social Virtual Reality Setting with a Physical Wheelchair for Training Empathy Towards Social Disability Barriers,,2020,XR@ISS,N,未照合,S2,,
3,The Sense of Embodiment in Virtual Reality,forward,Avatar embodiment experiences to enhance mental health,10.1016/b978-0-12-816958-2.00003-4,2020,,N,,S2,,
3,The Sense of Embodiment in Virtual Reality,forward,From Engagement to User Experience: A Theoretical Perspective Towards Immersive Learning,,2020,,N,,S2,,
3,The Sense of Embodiment in Virtual Reality,forward,The Potential of Telepresence Robots for Intergroup Contact,10.5220/0010148102100217,2020,International Conference on Computer-Human Interaction Research and Applications,N,CORE C,S2,,
3,The Sense of Embodiment in Virtual Reality,forward,MIST: A Multi-sensory Immersive Stimulation Therapy Sandbox Room,10.5220/0009118401600168,2020,VISIGRAPP,N,CORE Multiconference,S2,,
3,The Sense of Embodiment in Virtual Reality,forward,"Fog of Story: Design, Implementation and Evaluation of a Post-processing Technique to Guide Users' Point of View in cinematic Virtual Reality (cVR) Experiences",10.5220/0009087303270333,2020,VISIGRAPP,N,CORE Multiconference,S2,,
3,The Sense of Embodiment in Virtual Reality,forward,Impact of First Person Avatar Representation in Assembly Simulations on Perceived Presence and Acceptance,10.5220/0008878700170024,2020,VISIGRAPP,N,CORE Multiconference,S2,,
3,The Sense of Embodiment in Virtual Reality,forward,An Analytics algorithm for performance assessment in VR training,,2020,,N,,S2,,
3,The Sense of Embodiment in Virtual Reality,forward,On the Importance of Providing a Tangible Haptic Response for Training Cardiopulmonary Resuscitation in Virtual Reality,10.2312/egve.20201255,2020,ICAT-EGVE,N,未照合,S2,,
3,The Sense of Embodiment in Virtual Reality,forward,Multisensory processing in full-body illusions,10.26481/dis.20190501am,2019,,N,,S2,,
3,The Sense of Embodiment in Virtual Reality,forward,ViTraS - Virtual Reality Therapy by Stimulation of Modulated Body Image - Project Outline,10.18420/muc2019-ws-633,2019,Message Understanding Conference,N,未照合,S2,,
3,The Sense of Embodiment in Virtual Reality,forward,Enabling Low-cost Co-located Virtual Reality Experiences,,2019,,N,,S2,,
3,The Sense of Embodiment in Virtual Reality,forward,VR Re-Embodiment in the Neurorobotics Platform,10.18420/muc2019-ws-585,2019,Message Understanding Conference,N,未照合,S2,,
3,The Sense of Embodiment in Virtual Reality,forward,Improving Multisensory User Experience Through Olfactory Stimuli,10.1007/978-3-030-02209-9_13,2019,"Emotional Engineering, Vol.7",N,未照合,S2,,
3,The Sense of Embodiment in Virtual Reality,forward,The Suffering Avatar: Vicarity and Resistance in Body-Tracked Multiplayer Gaming,10.1007/978-3-030-27971-4_7,2019,Immersive Embodiment,N,未照合,S2,,
3,The Sense of Embodiment in Virtual Reality,forward,Body-Swapping: Self-Attribution and Body Transfer Illusions (BTIs),10.1007/978-3-030-27971-4_4,2019,Immersive Embodiment,N,未照合,S2,,
3,The Sense of Embodiment in Virtual Reality,forward,Mediated Embodiment in New Communication Technologies,10.4018/978-1-5225-2255-3.ch367,2019,"Advanced Methodologies and Technologies in Artificial Intelligence, Computer Simulation, and Human-Computer Interaction",N,未照合,S2,,
3,The Sense of Embodiment in Virtual Reality,forward,Player-Avatar Link: Interdisciplinary Embodiment Perspectives,10.1007/978-3-319-08234-9_110-1,2019,Encyclopedia of Computer Graphics and Games,N,未照合,S2,,
3,The Sense of Embodiment in Virtual Reality,forward,Seven HCI Grand Challenges Chairs,,2019,,N,,S2,,
3,The Sense of Embodiment in Virtual Reality,forward,In-home testing,10.1016/b978-0-12-814495-4.00004-0,2019,Context,N,未照合,S2,,
3,The Sense of Embodiment in Virtual Reality,forward,Real Time Remapping of a Third Arm in Virtual Reality,10.2312/egve.20191281,2019,ICAT-EGVE,N,未照合,S2,,
3,The Sense of Embodiment in Virtual Reality,forward,ArticleThe Effect of Social Presence and Chatbot’s Error on Trust Diana-Cezara Toader 1*,,2019,,N,,S2,,
3,The Sense of Embodiment in Virtual Reality,forward,Enabling Low-cost Co-located Virtual Reality Experiences,,2019,,N,,S2,,
3,The Sense of Embodiment in Virtual Reality,forward,Empathy and embodied experience in virtual environment: To what extent can virtual reality stimulate empathy and embodied experience?,10.1016/j.chb.2017.09.012,2018,Computers in Human Behavior,N,SJR Q1,S2,,
3,The Sense of Embodiment in Virtual Reality,forward,"Submitted in Partial Fulfillment of the requirements for the degree of Master of Science in Computational Design Designing for the Hybrid Body Presence , Representation , and Self in Virtual Reality",,2018,,N,,S2,,
3,The Sense of Embodiment in Virtual Reality,forward,ERCIM News 115,,2018,,N,,S2,,
3,The Sense of Embodiment in Virtual Reality,forward,The Influence of Coherent Visuo-Tactile Feedback on Self-location in Telexistence,,2018,,N,,S2,,
3,The Sense of Embodiment in Virtual Reality,forward,Seamless Hand-Based Remote and Close Range Interaction in Immersive Virtual Environments,10.18420/muc2018-ws07-0332,2018,Message Understanding Conference,N,未照合,S2,,
3,The Sense of Embodiment in Virtual Reality,forward,Implications of the uncanny valley of avatars and virtual characters for human-computer interaction,,2018,,N,,S2,,
3,The Sense of Embodiment in Virtual Reality,forward,The equipped explorer : virtual reality as a medium for learning,,2018,,N,,S2,,
3,The Sense of Embodiment in Virtual Reality,forward,Ghosts in the Machine: a motion-capture experiment in distributed reception,10.63744/kp7fr6gx5ae6,2018,Digital Humanities Quarterly,N,SJR Q2,S2,,
3,The Sense of Embodiment in Virtual Reality,forward,Virtual Environments for the Induction of Action,10.23860/diss-flowers-brian-2018,2018,,N,,S2,,
3,The Sense of Embodiment in Virtual Reality,forward,"Virtual, Augmented and Mixed Reality: Interaction, Navigation, Visualization, Embodiment, and Simulation",10.1007/978-3-319-91581-4,2018,Lecture Notes in Computer Science,N,SJR Q2,S2,,
3,The Sense of Embodiment in Virtual Reality,forward,Anwendung virtueller Realität im Sport,10.1007/978-3-662-57876-6_6,2018,,N,,S2,,
3,The Sense of Embodiment in Virtual Reality,forward,"Being There, Being Someone Else: Leisure and Identity in the Age of Virtual Reality",10.1007/978-3-319-70975-8_7,2018,,N,,S2,,
3,The Sense of Embodiment in Virtual Reality,forward,Designing for Hand Ownership in Interaction with Virtual and Augmented Reality,,2018,,N,,S2,,
3,The Sense of Embodiment in Virtual Reality,forward,Evaluating the Effects of Immersive Embodied Interaction on Cognition in Virtual Reality,,2017,,N,,S2,,
3,The Sense of Embodiment in Virtual Reality,forward,Embodiment Sensitivity to Movement Distortion and Perspective Taking in Virtual Reality,10.5075/epfl-thesis-7180,2017,,N,,S2,,
3,The Sense of Embodiment in Virtual Reality,forward,Feasibility of Using Virtual Reality in Requirements Elicitation Process,,2017,,N,,S2,,
3,The Sense of Embodiment in Virtual Reality,forward,Enhancing trustability in MMOGs environments,,2017,,N,,S2,,
3,The Sense of Embodiment in Virtual Reality,forward,A Review of the Capabilities of Current Low-Cost Virtual Reality Technology and Its Potential to Enhance the Design Process,10.1115/1.4036921,2017,Journal of Computing and Information Science in Engineering,N,SJR Q1,S2,,
3,The Sense of Embodiment in Virtual Reality,forward,Investigating Embodied Interaction in Near-Field Perception-Action Re-Calibration on Performance in Immersive Virtual Environments,,2017,,N,,S2,,
3,The Sense of Embodiment in Virtual Reality,forward,A healthy mind in a healthy virtual body: The future of virtual reality in health care,,2017,,N,,S2,,
3,The Sense of Embodiment in Virtual Reality,forward,How virtual embodiment affects episodic memory functioning: A proof-of-concept study,,2017,,N,,S2,,
3,The Sense of Embodiment in Virtual Reality,forward,A rhizomatic edge-ucation : 'searching for the ideal school' through school tourism and performative autoethnographic-we,,2017,,N,,S2,,
3,The Sense of Embodiment in Virtual Reality,forward,"Beyond the Boundaries of the Game: The Interplay Between In-Game Phenomena, Structural Characteristics of Video Games, and Game Transfer Phenomena",10.1016/b978-0-12-804157-4.00006-2,2017,,N,,S2,,
3,The Sense of Embodiment in Virtual Reality,forward,Ethical Considerations for the Use of Virtual Reality: An Evaluation of Practices in Academia and Industry,10.2312/egve.20171351,2017,ICAT-EGVE,N,未照合,S2,,
3,The Sense of Embodiment in Virtual Reality,forward,CloseHR: an experimental study on the effects of interpersonal touch on the sense of presence in an immersive Hybrid Environment,,2016,,N,,S2,,
3,The Sense of Embodiment in Virtual Reality,forward,Enhancing human computer interaction with electrotactile feedback,,2016,,N,,S2,,
3,The Sense of Embodiment in Virtual Reality,forward,Neural Mechanisms of Bodily Self-Consciousness and the Experience of Presence in Virtual Reality,10.1515/9783110471137-005,2016,,N,,S2,,
3,The Sense of Embodiment in Virtual Reality,forward,Transactions on Computational Science XXVIII,10.1007/978-3-662-53090-0,2016,Lecture Notes in Computer Science,N,SJR Q2,S2,,
3,The Sense of Embodiment in Virtual Reality,forward,Down the Rabbit Hole : Feeling Present in Virtual Reality,,2016,,N,,S2,,
3,The Sense of Embodiment in Virtual Reality,forward,Perception of Affordances and Experience of Presence in Virtual Reality,10.26913/70202016.0112.0002,2016,,N,,S2,,
3,The Sense of Embodiment in Virtual Reality,forward,An empirical exploration of aesthetic distance through mimetic interface design in videogames,,2015,,N,,S2,,
3,The Sense of Embodiment in Virtual Reality,forward,ImmersiveArt A Study of Virtual Reality and the Benefits of Natural User Interface,,2015,,N,,S2,,
3,The Sense of Embodiment in Virtual Reality,forward,The Machine to be Another - Embodied Telepresence using human performers,,2014,,N,,S2,,
3,The Sense of Embodiment in Virtual Reality,forward,'The Machine to Be Another': embodiment performance to promote empathy among individuals,,2013,,N,,S2,,
3,The Sense of Embodiment in Virtual Reality,forward,Master Media Technology First-hand Social Awkwardness: A Multimodal Anthropological Approach to the Embodied Experience of Social Awkwardness in VR,,,,N,,S2,,
3,The Sense of Embodiment in Virtual Reality,forward,Designing Bespoke VR Input Devices for People With Physical Disability,,,,N,,S2,,
3,The Sense of Embodiment in Virtual Reality,forward,Influence of Embodiment and Challenges on Consumers’ Behavioral Intentions during a Virtual Reality Experience,,,,N,,S2,,
3,The Sense of Embodiment in Virtual Reality,forward,I am a Genius! Inﬂuence of Virtually Embodying Leonardo da Vinci on Creative Performance,,,,N,,S2,,
3,The Sense of Embodiment in Virtual Reality,forward,Science Arts & Métiers (SAM),,,,N,,S2,,
3,The Sense of Embodiment in Virtual Reality,forward,"Examining Learning Enjoyment, Presence, and Achievement Using a Virtual Reality Pathology Laboratory by Applying the CAMIL Model in Health Education",,,,N,,S2,,
3,The Sense of Embodiment in Virtual Reality,forward,"THREE USES OF VIRTUAL REALITY IN WORK AND ORGANIZATIONAL PSYCHOLOGY INTERVENTIONS. A DIALOGUE BETWEEN VIRTUAL REALITY AND ORGANIZATIONAL WELL-BEING: RELAXATION TECHNIQUES, PERSONAL RESOURCES, AND ANXIETY/DEPRESSION TREATMENTS",,,,N,,S2,,
3,The Sense of Embodiment in Virtual Reality,forward,PhD Position F/M PhD Position F/M Interacting with Avatars in Virtual and Augmented Reality,,,,N,,S2,,
3,The Sense of Embodiment in Virtual Reality,forward,The Inﬂuence of Avatar Personalization on Emotions in VR,,,,N,,S2,,
3,The Sense of Embodiment in Virtual Reality,forward,Being in Someone Else Body: Users' Opinions About the Body Swap Illusion Experience With the Machine To Be Another,,,,N,,S2,,
3,The Sense of Embodiment in Virtual Reality,forward,Transformative Experience,10.5860/choice.190825,,,N,,S2,,
3,The Sense of Embodiment in Virtual Reality,forward,The Design of a Virtual Prototyping System for Authoring Interactive Virtual Reality Environments From Real-World Scans,,,,N,,S2,,
3,The Sense of Embodiment in Virtual Reality,forward,W ILD A VATARS : Smartphone-Based Reconstruction of Full-Body Avatars in the Wild,,,,N,,S2,,
3,The Sense of Embodiment in Virtual Reality,forward,Virtual Reality Experiences to Promote Environmental Climate Citizenship,,,,N,,S2,,
3,The Sense of Embodiment in Virtual Reality,forward,"Preparing Users to Embody their Avatars in VR: Insights on the Effects of Priming, Mental Imagery, and Acting on Embodiment Experiences",,,,N,,S2,,
3,The Sense of Embodiment in Virtual Reality,forward,MIT Open Access Articles Situated VR: Toward a Congruent Hybrid Reality Without Experiential Artifacts,,,,N,,S2,,
3,The Sense of Embodiment in Virtual Reality,forward,Robust Immersive Bilateral Teleoperation of Dissimilar Systems with Enhanced Transparency and Sense of Embodiment,,,,N,,S2,,
3,The Sense of Embodiment in Virtual Reality,forward,ODU Digital Commons ODU Digital Commons,,,,N,,S2,,
3,The Sense of Embodiment in Virtual Reality,forward,Toward Understanding the Impact of a Biomimetic Virtual Hand on Behavior and Embodiment in Virtual Reality,,,,N,,S2,,
3,The Sense of Embodiment in Virtual Reality,forward,"The inﬂuence of hand visualization in tool-based motor-skills training, a longitudinal study",,,,N,,S2,,
3,The Sense of Embodiment in Virtual Reality,forward,Inﬂuence of hand visualization on tool-based motor skills training in an immersive VR simulator,,,,N,,S2,,
3,The Sense of Embodiment in Virtual Reality,forward,"Exploring VR While Lying Down With People With Physical Disability: The Relationship Between Safety, Comfort, and Experience ANONYMOUS AUTHOR(S)",,,,N,,S2,,
3,The Sense of Embodiment in Virtual Reality,forward,Maintaining Physical Collaboration in Virtual Reality,,,,N,,S2,,
3,The Sense of Embodiment in Virtual Reality,forward,AIS Electronic,,,,N,,S2,,
7,Distortion in Perceived Size and Body-Based Scaling in Virtual Environments,backward,,10.1109/vr.2016.7504682,,,N,,Crossref,,
7,Distortion in Perceived Size and Body-Based Scaling in Virtual Environments,backward,,10.1073/pnas.1306779110,,,Y,,Crossref,,
7,Distortion in Perceived Size and Body-Based Scaling in Virtual Environments,backward,,10.1162/089892900562237,,,N,,Crossref,,
7,Distortion in Perceived Size and Body-Based Scaling in Virtual Environments,backward,Peripersonal Space: A Multisensory Interface for BodyâĂŞObject Interactions,,2012,,N,,Crossref,,
7,Distortion in Perceived Size and Body-Based Scaling in Virtual Environments,backward,,10.1109/vr.2006.52,,,N,,Crossref,,
7,Distortion in Perceived Size and Body-Based Scaling in Virtual Environments,backward,Leap Motion News 2012,,,,N,,Crossref,,
7,Distortion in Perceived Size and Body-Based Scaling in Virtual Environments,backward,,10.1371/journal.pone.0068594,,,Y,,Crossref,,
7,Distortion in Perceived Size and Body-Based Scaling in Virtual Environments,backward,,10.1177/0956797610380700,,,N,,Crossref,,
7,Distortion in Perceived Size and Body-Based Scaling in Virtual Environments,backward,,10.1016/s0960-9822(03)00449-4,,,N,,Crossref,,
7,Distortion in Perceived Size and Body-Based Scaling in Virtual Environments,backward,,10.1007/s00221-009-2143-4,,,N,,Crossref,,
7,Distortion in Perceived Size and Body-Based Scaling in Virtual Environments,backward,,10.1145/2875194.2875246,,,N,,Crossref,,
7,Distortion in Perceived Size and Body-Based Scaling in Virtual Environments,backward,"Perception viewed as a phenotypic expression. Action science: Foundations of an emerging discipline, 171",,2013,,N,,Crossref,,
7,Distortion in Perceived Size and Body-Based Scaling in Virtual Environments,backward,,10.1145/2543581.2543590,,,Y,,Crossref,,
7,Distortion in Perceived Size and Body-Based Scaling in Virtual Environments,backward,"The rubber hand illusion revisited: visuotactile integration and self-attribution. Journal of experimental psychology. Human perception and performance, 31(1):80--91",,2005,,N,,Crossref,,
7,Distortion in Perceived Size and Body-Based Scaling in Virtual Environments,backward,Judgment under Uncertainty: Heuristics and Biases. Science,,1974,New Series,N,未照合,Crossref,,
7,Distortion in Perceived Size and Body-Based Scaling in Virtual Environments,backward,,10.1371/journal.pone.0020195,,,N,,Crossref,,
7,Distortion in Perceived Size and Body-Based Scaling in Virtual Environments,forward,Empirically Evaluating the Effects of Calibration Perturbations on the Near-field Size Perception of Graspable Tangible Objects in VR,10.1109/tvcg.2026.3679914,2026,IEEE Transactions on Visualization and Computer Graphics,N,SJR Q1,S2,,
7,Distortion in Perceived Size and Body-Based Scaling in Virtual Environments,forward,An Empirical Evaluation of How Virtual Hand Visibility Affects Near-Field Size Perception and Reporting of Tangible Objects in Virtual Reality,10.1109/tvcg.2025.3616829,2025,IEEE Transactions on Visualization and Computer Graphics,Y,SJR Q1,S2,,
7,Distortion in Perceived Size and Body-Based Scaling in Virtual Environments,forward,Comparing Absolute Size Perception in Optical See-Through Augmented Reality and Real World Viewing Using Verbal and Physical Judgments,10.1109/vr59515.2025.00055,2025,IEEE Conference on Virtual Reality and 3D User Interfaces,N,CORE A*,S2,,
7,Distortion in Perceived Size and Body-Based Scaling in Virtual Environments,forward,Disturbances in Body-Based Mental and Motor Imagery in Anorexia and Bulimia Nervosa – A Systematic Review of Experimental Studies,10.1177/20438087251314088,2025,Journal of Experimental Psychopathology,N,SJR Q2,S2,,
7,Distortion in Perceived Size and Body-Based Scaling in Virtual Environments,forward,Evaluating Transitive Perceptual Effects Between Virtual Entities in Outdoor Augmented Reality,10.1109/vr58804.2024.00082,2024,IEEE Conference on Virtual Reality and 3D User Interfaces,N,CORE A*,S2,,
7,Distortion in Perceived Size and Body-Based Scaling in Virtual Environments,forward,Performance and User Experience Studies of HILLES: Home-based Immersive Lower Limb Exergame System,10.1145/3587819.3590985,2023,ACM SIGMM Conference on Multimedia Systems,Y,未照合,S2,,
7,Distortion in Perceived Size and Body-Based Scaling in Virtual Environments,forward,Comparing the Effects of Visual Realism on Size Perception in VR versus Real World Viewing through Physical and Verbal Judgments,10.1109/tvcg.2023.3247109,2023,IEEE Transactions on Visualization and Computer Graphics,N,SJR Q1,S2,,
7,Distortion in Perceived Size and Body-Based Scaling in Virtual Environments,forward,Perceiving distance in virtual reality: theoretical insights from contemporary technologies,10.1098/rstb.2021.0456,2022,Philosophical Transactions of the Royal Society of London. Biological Sciences,N,未照合,S2,,
7,Distortion in Perceived Size and Body-Based Scaling in Virtual Environments,forward,Studying the Role of Self and External Touch in the Appropriation of Dysmorphic Hands,10.1109/ismar55827.2022.00024,2022,International Symposium on Mixed and Augmented Reality,N,未照合,S2,,
7,Distortion in Perceived Size and Body-Based Scaling in Virtual Environments,forward,The Body Scaling Effect and Its Impact on Physics Plausibility,10.3389/frvir.2022.869603,2022,Frontiers in Virtual Reality,Y,SJR Q1,S2,,
7,Distortion in Perceived Size and Body-Based Scaling in Virtual Environments,forward,Obstacles Affect Perceptions of Egocentric Distances in Virtual Environments,10.3389/frvir.2021.726114,2021,Frontiers in Virtual Reality,N,SJR Q1,S2,,
7,Distortion in Perceived Size and Body-Based Scaling in Virtual Environments,forward,Using an Embodiment Technique in Psychological Experiments with Virtual Reality: A Scoping Review of the Embodiment Configurations and their Scientific Purpose,10.2174/1874350102114010198,2021,Open Psychology Journal,N,SJR Q3,S2,,
7,Distortion in Perceived Size and Body-Based Scaling in Virtual Environments,forward,Use of a real-life practical context changes the relationship between implicit body representations and real body measurements,10.1038/s41598-021-93865-7,2021,Scientific Reports,N,SJR Q1,S2,,
7,Distortion in Perceived Size and Body-Based Scaling in Virtual Environments,forward,Empirically Evaluating the Effects of Perceptual Information Channels on the Size Perception of Tangibles in Near-Field Virtual Reality,10.1109/vr50410.2021.00086,2021,IEEE Conference on Virtual Reality and 3D User Interfaces,N,CORE A*,S2,,
7,Distortion in Perceived Size and Body-Based Scaling in Virtual Environments,forward,The Plausibility Paradox for Resized Users in Virtual Environments,10.3389/frvir.2021.655744,2021,Frontiers in Virtual Reality,N,SJR Q1,S2,,
7,Distortion in Perceived Size and Body-Based Scaling in Virtual Environments,forward,HandMorph: a Passive Exoskeleton that Miniaturizes Grasp,10.1145/3379337.3415875,2020,ACM Symposium on User Interface Software and Technology,Y,CORE A*,S2,,
7,Distortion in Perceived Size and Body-Based Scaling in Virtual Environments,forward,"Perceived match between own and observed models’ bodies: influence of face, viewpoints, and body size",10.1038/s41598-020-70856-8,2020,Scientific Reports,Y,SJR Q1,S2,,
7,Distortion in Perceived Size and Body-Based Scaling in Virtual Environments,forward,The relationship between the body and the environment in the virtual world: The interpupillary distance affects the body size perception,10.1371/journal.pone.0232290,2020,PLoS ONE,Y,SJR Q1,S2,,
7,Distortion in Perceived Size and Body-Based Scaling in Virtual Environments,forward,The Plausibility Paradox For Scaled-Down Users In Virtual Environments,10.1109/vr46266.2020.1580974317169,2019,IEEE Conference on Virtual Reality and 3D User Interfaces,N,CORE A*,S2,,
7,Distortion in Perceived Size and Body-Based Scaling in Virtual Environments,forward,The Plausibility Paradox in Small-Scale Virtual Environments,,2019,arXiv.org,N,未照合,S2,,
7,Distortion in Perceived Size and Body-Based Scaling in Virtual Environments,forward,Evaluation of Effect on Walking Behavior by Seeing Augmented Reality Objects,10.1145/3365921.3365948,2019,Advances in Mobile Multimedia,N,未照合,S2,,
7,Distortion in Perceived Size and Body-Based Scaling in Virtual Environments,forward,Egocentric Smaller-person Experience through a Change in Visual Perspective,10.1145/3290605.3300926,2019,International Conference on Human Factors in Computing Systems,Y,CORE A*,S2,,
7,Distortion in Perceived Size and Body-Based Scaling in Virtual Environments,forward,The Effect of Hand Size and Interaction Modality on the Virtual Hand Illusion,10.1109/vr.2019.8797787,2019,IEEE Conference on Virtual Reality and 3D User Interfaces,Y,CORE A*,S2,,
7,Distortion in Perceived Size and Body-Based Scaling in Virtual Environments,forward,Virtual Hand Realism Affects Object Size Perception in Body-Based Scaling,10.1109/vr.2019.8798040,2019,IEEE Conference on Virtual Reality and 3D User Interfaces,Y,CORE A*,S2,,
7,Distortion in Perceived Size and Body-Based Scaling in Virtual Environments,forward,GulliVR: A Walking-Oriented Technique for Navigation in Virtual Reality Games Based on Virtual Body Resizing,10.1145/3242671.3242704,2018,ACM SIGCHI Annual Symposium on Computer-Human Interaction in Play,Y,未照合,S2,,
7,Distortion in Perceived Size and Body-Based Scaling in Virtual Environments,forward,"Over My Hand: Using a Personalized Hand in VR to Improve Object Size Estimation, Body Ownership, and Presence",10.1145/3267782.3267920,2018,Symposium on Spatial User Interaction,Y,未照合,S2,,
7,Distortion in Perceived Size and Body-Based Scaling in Virtual Environments,forward,VR Grabbers: Ungrounded Haptic Retargeting for Precision Grabbing Tools,10.1145/3242587.3242643,2018,ACM Symposium on User Interface Software and Technology,Y,CORE A*,S2,,
7,Distortion in Perceived Size and Body-Based Scaling in Virtual Environments,forward,An Artistic Provocation to Explore Effects and Opportunities of Virtual Surreal Spaces,10.1145/3197391.3205416,2018,Conference on Designing Interactive Systems,Y,CORE A,S2,,
7,Distortion in Perceived Size and Body-Based Scaling in Virtual Environments,forward,Factors and Influences of Body Ownership Over Virtual Hands,10.1007/978-3-319-58521-5_46,2017,Interacción,N,未照合,S2,,
7,Distortion in Perceived Size and Body-Based Scaling in Virtual Environments,forward,Acquisition of the Width of a Virtual Body through Collision Avoidance Trials,10.1587/transinf.2020edp7135,2021,IEICE Trans. Inf. Syst.,N,未照合,S2,,
7,Distortion in Perceived Size and Body-Based Scaling in Virtual Environments,forward,"Toward New Ecologies of Cyberphysical Representational Forms, Scales, and Modalities",,2019,,N,,S2,,
7,Distortion in Perceived Size and Body-Based Scaling in Virtual Environments,forward,University of Birmingham The effect of hand size and interaction modality on the virtual hand illusion,,2019,,N,,S2,,
7,Distortion in Perceived Size and Body-Based Scaling in Virtual Environments,forward,Evaluating Effects of Character Appearance on Ownership and Learning in Virtual Applications,,2019,,N,,S2,,
7,Distortion in Perceived Size and Body-Based Scaling in Virtual Environments,forward,Personalized Digital Body: Enhancing Body Ownership and Spatial Presence in Virtual Reality,,2018,,N,,S2,,
8,The influence of eye height and avatars on egocentric distance estimates in immersive virtual environments,backward,,10.1145/1836248.1836258,,,Y,,Crossref,,
8,The influence of eye height and avatars on egocentric distance estimates in immersive virtual environments,backward,,10.1068/p5144,,,Y,,Crossref,,
8,The influence of eye height and avatars on egocentric distance estimates in immersive virtual environments,backward,,10.1162/pres_a_00023,,,N,,Crossref,,
8,The influence of eye height and avatars on egocentric distance estimates in immersive virtual environments,backward,Eye height scaling of absolute size in immersive and non-immersive displays,,2000,Journal of experimental psychology,N,SJR Q3,Crossref,,
8,The influence of eye height and avatars on egocentric distance estimates in immersive virtual environments,backward,Gibson J. J. 1979. The ecological approach to visual perception. Houghton Mifflin.  Gibson J. J. 1979. The ecological approach to visual perception. Houghton Mifflin.,,,,N,,Crossref,,
8,The influence of eye height and avatars on egocentric distance estimates in immersive virtual environments,backward,,10.1145/1577755.1577762,,,Y,,Crossref,,
8,The influence of eye height and avatars on egocentric distance estimates in immersive virtual environments,backward,,10.3758/app.71.6.1284,,,N,,Crossref,,
8,The influence of eye height and avatars on egocentric distance estimates in immersive virtual environments,backward,Loomis J. M. and Knapp J. 2003. Visual perception of egocentric distance in real and virtual environments. In Virtual and Adaptive Environments L. J. Hettinger and M. W. Haas Eds. Erlbaum Mahwah NJ 21,10.1201/9781410608888.pt1,,,N,,Crossref,,
8,The influence of eye height and avatars on egocentric distance estimates in immersive virtual environments,backward,,10.1145/1077399.1077403,,,N,,Crossref,,
8,The influence of eye height and avatars on egocentric distance estimates in immersive virtual environments,backward,,10.1145/1394281.1394323,,,Y,,Crossref,,
8,The influence of eye height and avatars on egocentric distance estimates in immersive virtual environments,backward,,10.1162/pres.19.3.230,,,Y,,Crossref,,
8,The influence of eye height and avatars on egocentric distance estimates in immersive virtual environments,backward,,10.1038/35102562,,,N,,Crossref,,
8,The influence of eye height and avatars on egocentric distance estimates in immersive virtual environments,backward,,10.3758/bf03194886,,,N,,Crossref,,
8,The influence of eye height and avatars on egocentric distance estimates in immersive virtual environments,backward,Proffitt D. and Linkenauger S. in press. Perception viewed as a phenotypic expression. In Tutorials In Action Science M. B. W. Prinz and A. Herwig Eds. MIT Press.  Proffitt D. and Linkenauger S. in pr,,,,N,,Crossref,,
8,The influence of eye height and avatars on egocentric distance estimates in immersive virtual environments,backward,,10.1145/1450579.1450614,,,Y,,Crossref,,
8,The influence of eye height and avatars on egocentric distance estimates in immersive virtual environments,backward,,10.1371/journal.pone.0010381,,,Y,,Crossref,,
8,The influence of eye height and avatars on egocentric distance estimates in immersive virtual environments,backward,Handbook of Perception and Human Performance,,,,N,,Crossref,,
8,The influence of eye height and avatars on egocentric distance estimates in immersive virtual environments,backward,Slater M. and Usoh M. 1994. Body centred interaction in immersive virtual environments. ARTIFICIAL LIFE AND VIRTUAL REALITY 125--148.  Slater M. and Usoh M. 1994. Body centred interaction in immersive,,,,N,,Crossref,,
8,The influence of eye height and avatars on egocentric distance estimates in immersive virtual environments,backward,,10.1371/journal.pone.0010564,,,N,,Crossref,,
8,The influence of eye height and avatars on egocentric distance estimates in immersive virtual environments,backward,,10.1162/1054746042545292,,,N,,Crossref,,
8,The influence of eye height and avatars on egocentric distance estimates in immersive virtual environments,backward,,10.1037/0096-1523.13.3.371,,,N,,Crossref,,
8,The influence of eye height and avatars on egocentric distance estimates in immersive virtual environments,backward,"Proc. IEEE Virtual Reality, 275--276",,,,N,,Crossref,,
8,The influence of eye height and avatars on egocentric distance estimates in immersive virtual environments,backward,,10.1037/0096-1523.25.2.518,,,N,,Crossref,,
8,The influence of eye height and avatars on egocentric distance estimates in immersive virtual environments,backward,,10.3758/bf03211968,,,N,,Crossref,,
8,The influence of eye height and avatars on egocentric distance estimates in immersive virtual environments,forward,Comparing distance perception across common virtual reality locomotion methods,10.1007/s11042-026-21747-z,2026,Multimedia tools and applications,N,SJR Q1,S2,,
8,The influence of eye height and avatars on egocentric distance estimates in immersive virtual environments,forward,From zero to hero: a scoping review of the emergence of the metaverse in the virtual environments history,10.1007/s10055-026-01340-3,2026,Virtual Reality,N,SJR Q1,S2,,
8,The influence of eye height and avatars on egocentric distance estimates in immersive virtual environments,forward,The importance of visual context for eye-height estimation in immersive virtual reality,10.1007/s10055-026-01394-3,2026,Virtual Reality,N,SJR Q1,S2,,
8,The influence of eye height and avatars on egocentric distance estimates in immersive virtual environments,forward,Assessing and enhancing the ecological validity of human locomotion in virtual reality,10.3389/frvir.2025.1699143,2026,Frontiers Virtual Real.,Y,未照合,S2,,
8,The influence of eye height and avatars on egocentric distance estimates in immersive virtual environments,forward,Avatars for the masses: smartphone-based reconstruction of humans for virtual reality,10.3389/frvir.2025.1583474,2025,Frontiers Virtual Real.,N,未照合,S2,,
8,The influence of eye height and avatars on egocentric distance estimates in immersive virtual environments,forward,How Egocentric Distance Estimation Changes in Virtual Environments by Using a Desktop Display or the Gear VR,10.14232/actacyb.307740,2025,Acta Cybernetica,N,SJR Q3,S2,,
8,The influence of eye height and avatars on egocentric distance estimates in immersive virtual environments,forward,Perception of Obstacle Size and Difficulty of Crossing in Physical and Virtual Environments,10.1080/10447318.2025.2464892,2025,International journal of human computer interactions,N,未照合,S2,,
8,The influence of eye height and avatars on egocentric distance estimates in immersive virtual environments,forward,Investigating a Simple Technique to Alter Viewpoint Height in Immersive 360° Video*,10.1109/telepresence63209.2024.10841573,2024,2024 IEEE Conference on Telepresence,N,未照合,S2,,
8,The influence of eye height and avatars on egocentric distance estimates in immersive virtual environments,forward,Big Feet for Little People: Scaling Gap Affordance Judgments of Children and Adults with Virtual Feet,10.1109/ismar62088.2024.00039,2024,International Symposium on Mixed and Augmented Reality,Y,未照合,S2,,
8,The influence of eye height and avatars on egocentric distance estimates in immersive virtual environments,forward,Audience Amplified: Virtual Audiences in Asynchronously Performed AR Theater,10.1109/ismar62088.2024.00062,2024,International Symposium on Mixed and Augmented Reality,N,未照合,S2,,
8,The influence of eye height and avatars on egocentric distance estimates in immersive virtual environments,forward,Visual Perceptual Confidence: Exploring Discrepancies Between Self-reported and Actual Distance Perception In Virtual Reality,10.1109/tvcg.2024.3456165,2024,IEEE Transactions on Visualization and Computer Graphics,N,SJR Q1,S2,,
8,The influence of eye height and avatars on egocentric distance estimates in immersive virtual environments,forward,The Impact of Avatar Completeness on Embodiment and the Detectability of Hand Redirection in Virtual Reality,10.1145/3613904.3641933,2024,International Conference on Human Factors in Computing Systems,Y,CORE A*,S2,,
8,The influence of eye height and avatars on egocentric distance estimates in immersive virtual environments,forward,Exploring Bi-Manual Teleportation in Virtual Reality,10.1109/vr58804.2024.00095,2024,IEEE Conference on Virtual Reality and 3D User Interfaces,N,CORE A*,S2,,
8,The influence of eye height and avatars on egocentric distance estimates in immersive virtual environments,forward,Towards Understanding Exocentric Distance Estimation Skills of University Students in Virtual Reality,10.1109/sami60510.2024.10432814,2024,International Symposium on Applied Machine Intelligence and Informatics,N,CORE National: slovakia,S2,,
8,The influence of eye height and avatars on egocentric distance estimates in immersive virtual environments,forward,Simulated eye height impacts size perception differently depending on real-world posture,10.1038/s41598-023-47364-6,2023,Scientific Reports,Y,SJR Q1,S2,,
8,The influence of eye height and avatars on egocentric distance estimates in immersive virtual environments,forward,An Exploration of The Effects of Head-Centric Rest Frames On Egocentric Distance Judgments in VR,10.1109/ismar59233.2023.00041,2023,International Symposium on Mixed and Augmented Reality,Y,未照合,S2,,
8,The influence of eye height and avatars on egocentric distance estimates in immersive virtual environments,forward,Study of communication modalities to support teaching tool manipulation skills in a shared immersive environment,10.1016/j.cag.2023.09.011,2023,Computers & graphics,N,SJR Q2,S2,,
8,The influence of eye height and avatars on egocentric distance estimates in immersive virtual environments,forward,Enhancing Perception and Immersion in Pre-Captured Environments through Learning-Based Eye Height Adaptation,10.1109/ismar59233.2023.00055,2023,International Symposium on Mixed and Augmented Reality,Y,未照合,S2,,
8,The influence of eye height and avatars on egocentric distance estimates in immersive virtual environments,forward,Analyzing Accurate Egocentric Distance Estimates of University Students in Virtual Environments with a Desktop Display and Gear VR Display,10.3390/electronics12102253,2023,Electronics,N,SJR Q4,S2,,
8,The influence of eye height and avatars on egocentric distance estimates in immersive virtual environments,forward,Effects of Clutter on Egocentric Distance Perception in Virtual Reality,10.48550/arxiv.2304.08604,2023,arXiv.org,N,未照合,S2,,
8,The influence of eye height and avatars on egocentric distance estimates in immersive virtual environments,forward,A Systematic Review and Meta-analysis of the Effectiveness of Body Ownership Illusions in Virtual Reality,10.1145/3590767,2023,ACM Transactions on Computer-Human Interaction,Y,SJR Q2,S2,,
8,The influence of eye height and avatars on egocentric distance estimates in immersive virtual environments,forward,Examining the Results of Virtual Reality-Based Egocentric Distance Estimation Tests Based on Immersion Level,10.3390/s23063138,2023,Italian National Conference on Sensors,N,未照合,S2,,
8,The influence of eye height and avatars on egocentric distance estimates in immersive virtual environments,forward,Empirically Evaluating the Effects of Eye Height and Self-Avatars on Dynamic Passability Affordances in Virtual Reality,10.1109/vr55154.2023.00046,2023,IEEE Conference on Virtual Reality and 3D User Interfaces,Y,CORE A*,S2,,
8,The influence of eye height and avatars on egocentric distance estimates in immersive virtual environments,forward,How Virtual Hand Representations Affect the Perceptions of Dynamic Affordances in Virtual Reality,10.1109/tvcg.2023.3247041,2023,IEEE Transactions on Visualization and Computer Graphics,Y,SJR Q1,S2,,
8,The influence of eye height and avatars on egocentric distance estimates in immersive virtual environments,forward,Comparing the Effects of Visual Realism on Size Perception in VR versus Real World Viewing through Physical and Verbal Judgments,10.1109/tvcg.2023.3247109,2023,IEEE Transactions on Visualization and Computer Graphics,N,SJR Q1,S2,,
8,The influence of eye height and avatars on egocentric distance estimates in immersive virtual environments,forward,"Chinese consumers do not always respond to red: The influence of colors on perceived distance, spaciousness, and purchase intention of Chinese consumers",10.3389/fpsyg.2022.1028425,2023,Frontiers in Psychology,N,SJR Q1,S2,,
8,The influence of eye height and avatars on egocentric distance estimates in immersive virtual environments,forward,Does distance matter? Embodiment and perception of personalized avatars in relation to the self-observation distance in virtual reality,10.3389/frvir.2022.1031093,2022,Frontiers in Virtual Reality,Y,SJR Q1,S2,,
8,The influence of eye height and avatars on egocentric distance estimates in immersive virtual environments,forward,Perceiving distance in virtual reality: theoretical insights from contemporary technologies,10.1098/rstb.2021.0456,2022,Philosophical Transactions of the Royal Society of London. Biological Sciences,N,未照合,S2,,
8,The influence of eye height and avatars on egocentric distance estimates in immersive virtual environments,forward,Objects May Be Farther Than They Appear: Depth Compression Diminishes Over Time with Repeated Calibration in Virtual Reality,10.1109/tvcg.2022.3203112,2022,IEEE Transactions on Visualization and Computer Graphics,N,SJR Q1,S2,,
8,The influence of eye height and avatars on egocentric distance estimates in immersive virtual environments,forward,EFFECTS OF PRESENCE OF TALL BUILDINGS AND CORRECTNESS OF STREET DIRECTION ON ACCURACY OF IDENTIFICATION OF PREVIOUSLY SIGHTED STREET,10.3130/aija.87.1153,2022,Journal of Architecture and Planning (Transactions of AIJ),N,SJR Q4,S2,,
8,The influence of eye height and avatars on egocentric distance estimates in immersive virtual environments,forward,Effects of Field of View on Egocentric Distance Perception in Virtual Reality,10.1145/3491102.3517548,2022,International Conference on Human Factors in Computing Systems,Y,CORE A*,S2,,
8,The influence of eye height and avatars on egocentric distance estimates in immersive virtual environments,forward,Visual Delegate Generalization Frame – Evaluating Impact of Visual Effects and Elements on Player and User Experiences in Video Games and Interactive Virtual Environments,10.1145/3491102.3501885,2022,International Conference on Human Factors in Computing Systems,Y,CORE A*,S2,,
8,The influence of eye height and avatars on egocentric distance estimates in immersive virtual environments,forward,Augmented Perception Through Spatial Scale Manipulation in Virtual Reality for Enhanced Empathy in Design-Related Tasks,10.3389/frvir.2022.672537,2022,Frontiers in Virtual Reality,N,SJR Q1,S2,,
8,The influence of eye height and avatars on egocentric distance estimates in immersive virtual environments,forward,Empirical Evaluation of Calibration and Long-term Carryover Effects of Reverberation on Egocentric Auditory Depth Perception in VR,10.1109/vr51125.2022.00042,2022,IEEE Conference on Virtual Reality and 3D User Interfaces,N,CORE A*,S2,,
8,The influence of eye height and avatars on egocentric distance estimates in immersive virtual environments,forward,Distance Perception in the Oculus Quest and Oculus Quest 2,10.3389/frvir.2022.850471,2022,Frontiers in Virtual Reality,N,SJR Q1,S2,,
8,The influence of eye height and avatars on egocentric distance estimates in immersive virtual environments,forward,Immersive storm surge flooding: Scale and risk perception in virtual reality,10.1016/j.jenvp.2022.101764,2022,Journal of Environmental Psychology,N,SJR Q1,S2,,
8,The influence of eye height and avatars on egocentric distance estimates in immersive virtual environments,forward,Functional Specificity of the Affordance of Reaching.,10.1027/1618-3169/a000544,2022,Experimental Psychology,Y,SJR Q3,S2,,
8,The influence of eye height and avatars on egocentric distance estimates in immersive virtual environments,forward,Using Audio Reverberation to Compensate Distance Compression in Virtual Reality,10.1145/3474451.3476236,2021,ACM Symposium on Applied Perception,Y,CORE B,S2,,
8,The influence of eye height and avatars on egocentric distance estimates in immersive virtual environments,forward,Thinking Outside the Lab: VR Size & Depth Perception in the Wild,,2021,arXiv.org,N,未照合,S2,,
8,The influence of eye height and avatars on egocentric distance estimates in immersive virtual environments,forward,The Plausibility Paradox for Resized Users in Virtual Environments,10.3389/frvir.2021.655744,2021,Frontiers in Virtual Reality,N,SJR Q1,S2,,
8,The influence of eye height and avatars on egocentric distance estimates in immersive virtual environments,forward,Jumphair: Improving Jumping Performance in First-Person Video Games Through Visual Assistance,10.1145/3402942.3403020,2020,International Conference on Foundations of Digital Games,Y,CORE C,S2,,
8,The influence of eye height and avatars on egocentric distance estimates in immersive virtual environments,forward,The Effects of Gender and the Presence of Third-Party Humans on Telepresence Camera Height Preferences,10.1145/3385955.3407924,2020,ACM Symposium on Applied Perception,Y,CORE B,S2,,
8,The influence of eye height and avatars on egocentric distance estimates in immersive virtual environments,forward,Egocentric Distance Perception: A Comparative Study Investigating Differences Between Real and Virtual Environments,10.1177/0301006620951997,2020,Perception,N,SJR Q3,S2,,
8,The influence of eye height and avatars on egocentric distance estimates in immersive virtual environments,forward,Human and machine: Evaluating whether action automation influences visual perception,10.3758/s13414-020-02037-8,2020,"Attention, Perception, & Psychophysics",N,SJR Q1,S2,,
8,The influence of eye height and avatars on egocentric distance estimates in immersive virtual environments,forward,The relationship between the body and the environment in the virtual world: The interpupillary distance affects the body size perception,10.1371/journal.pone.0232290,2020,PLoS ONE,Y,SJR Q1,S2,,
8,The influence of eye height and avatars on egocentric distance estimates in immersive virtual environments,forward,Comparative Evaluation of Viewing and Self-Representation on Passability Affordances to a Realistic Sliding Doorway in Real and Immersive Virtual Environments,10.1109/vr46266.2020.1581293987781,2020,IEEE Conference on Virtual Reality and 3D User Interfaces,N,CORE A*,S2,,
8,The influence of eye height and avatars on egocentric distance estimates in immersive virtual environments,forward,Road crossing decisions in real and virtual environments: A comparative study on simulator validity.,10.1016/j.aap.2019.105356,2020,Accident Analysis and Prevention,N,SJR Q1,S2,,
8,The influence of eye height and avatars on egocentric distance estimates in immersive virtual environments,forward,The Ups and Downs of Camera-Monitor Systems: The Effect of Camera Position on Rearward Distance Perception,10.1177/0018720819895866,2020,Hum. Factors,N,未照合,S2,,
8,The influence of eye height and avatars on egocentric distance estimates in immersive virtual environments,forward,The Plausibility Paradox For Scaled-Down Users In Virtual Environments,10.1109/vr46266.2020.1580974317169,2019,IEEE Conference on Virtual Reality and 3D User Interfaces,N,CORE A*,S2,,
8,The influence of eye height and avatars on egocentric distance estimates in immersive virtual environments,forward,The Plausibility Paradox in Small-Scale Virtual Environments,,2019,arXiv.org,N,未照合,S2,,
8,The influence of eye height and avatars on egocentric distance estimates in immersive virtual environments,forward,An Analysis of User Perception Regarding Body-Worn 360° Camera Placements and Heights for Telepresence,10.1145/3343036.3343120,2019,ACM Symposium on Applied Perception,Y,CORE B,S2,,
8,The influence of eye height and avatars on egocentric distance estimates in immersive virtual environments,forward,Am I Floating or Not? : Sensitivity to Eye Height Manipulations in HMD-based Immersive Virtual Environments,10.1145/3343036.3343135,2019,ACM Symposium on Applied Perception,Y,CORE B,S2,,
8,The influence of eye height and avatars on egocentric distance estimates in immersive virtual environments,forward,The Influence of the Viewpoint in a Self-Avatar on Body Part and Self-Localization,10.1145/3343036.3343124,2019,ACM Symposium on Applied Perception,Y,CORE B,S2,,
8,The influence of eye height and avatars on egocentric distance estimates in immersive virtual environments,forward,Camera Heights in Cinematic Virtual Reality: How Viewers Perceive Mismatches Between Camera and Eye Height,10.1145/3317697.3323362,2019,ACM International Conference on Interactive Experiences for TV and Online Video,Y,未照合,S2,,
8,The influence of eye height and avatars on egocentric distance estimates in immersive virtual environments,forward,Would Gaze-Contingent Rendering Improve Depth Perception in Virtual and Augmented Reality?,10.31234/osf.io/cz54j,2019,arXiv.org,N,未照合,S2,,
8,The influence of eye height and avatars on egocentric distance estimates in immersive virtual environments,forward,"The Impact of Gender, Avatar and Height in Distance Perception in Virtual Environments",10.1007/978-3-030-16184-2_66,2019,WorldCIST,Y,CORE C,S2,,
8,The influence of eye height and avatars on egocentric distance estimates in immersive virtual environments,forward,Virtual Hand Realism Affects Object Size Perception in Body-Based Scaling,10.1109/vr.2019.8798040,2019,IEEE Conference on Virtual Reality and 3D User Interfaces,Y,CORE A*,S2,,
8,The influence of eye height and avatars on egocentric distance estimates in immersive virtual environments,forward,Individual Differences in Embodied Distance Estimation in Virtual Reality,10.1109/vr.2019.8798348,2019,IEEE Conference on Virtual Reality and 3D User Interfaces,Y,CORE A*,S2,,
8,The influence of eye height and avatars on egocentric distance estimates in immersive virtual environments,forward,Orientation Perception in Real and Virtual Environments,10.1109/tvcg.2019.2898798,2019,IEEE Transactions on Visualization and Computer Graphics,N,SJR Q1,S2,,
8,The influence of eye height and avatars on egocentric distance estimates in immersive virtual environments,forward,Superman vs Giant: A Study on Spatial Perception for a Multi-Scale Mixed Reality Flying Telepresence Interface,10.1109/tvcg.2018.2868594,2018,IEEE Transactions on Visualization and Computer Graphics,Y,SJR Q1,S2,,
8,The influence of eye height and avatars on egocentric distance estimates in immersive virtual environments,forward,Visual Perception and Evaluation of Photo-Realistic Self-Avatars From 3D Body Scans in Males and Females,10.3389/fict.2018.00018,2018,Frontiers in ICT,Y,未照合,S2,,
8,The influence of eye height and avatars on egocentric distance estimates in immersive virtual environments,forward,Perception of height in virtual reality: a study of climbing stairs,10.1145/3225153.3225171,2018,ACM Symposium on Applied Perception,Y,CORE B,S2,,
8,The influence of eye height and avatars on egocentric distance estimates in immersive virtual environments,forward,The quality of visual information about the lower extremities influences visuomotor coordination during virtual obstacle negotiation.,10.1152/jn.00931.2017,2018,Journal of Neurophysiology,N,SJR Q4,S2,,
8,The influence of eye height and avatars on egocentric distance estimates in immersive virtual environments,forward,A Comparison of Distance Estimation in HMD-Based Virtual Environments with Different HMD-Based Conditions,10.1145/3196885,2018,ACM Transactions on Applied Perception,Y,CORE B,S2,,
8,The influence of eye height and avatars on egocentric distance estimates in immersive virtual environments,forward,Investigating the Effects of Anthropomorphic Fidelity of Self-Avatars on Near Field Depth Perception in Immersive Virtual Environments,10.1109/vr.2018.8446539,2018,IEEE Conference on Virtual Reality and 3D User Interfaces,Y,CORE A*,S2,,
8,The influence of eye height and avatars on egocentric distance estimates in immersive virtual environments,forward,Manipulating the fidelity of lower extremity visual feedback to identify obstacle negotiation strategies in immersive virtual reality,10.1109/embc.2017.8037854,2017,Annual International Conference of the IEEE Engineering in Medicine and Biology Society,Y,未照合,S2,,
8,The influence of eye height and avatars on egocentric distance estimates in immersive virtual environments,forward,Visually Perceived Distance Judgments: Tablet-Based Augmented Reality Versus the Real World,10.1080/10447318.2016.1265783,2017,International journal of human computer interactions,N,未照合,S2,,
8,The influence of eye height and avatars on egocentric distance estimates in immersive virtual environments,forward,Estimation of Altitude in Stereoscopic-3D Versus 2D Real-world Scenes,10.2352/issn.2470-1173.2017.5.sda-355,2017,SD&A,N,未照合,S2,,
8,The influence of eye height and avatars on egocentric distance estimates in immersive virtual environments,forward,"Up, Down, Near, Far: An Online Vestibular Contribution to Distance Judgement",10.1371/journal.pone.0169990,2017,PLoS ONE,N,SJR Q1,S2,,
8,The influence of eye height and avatars on egocentric distance estimates in immersive virtual environments,forward,Vertical Field-of-View Extension and Walking Characteristics in Head-Worn Virtual Environments,10.1145/2983631,2016,ACM Transactions on Applied Perception,Y,CORE B,S2,,
8,The influence of eye height and avatars on egocentric distance estimates in immersive virtual environments,forward,Exploring the Optimal Point of View in Third Person Out-of-Body Experiences,10.1145/2910674.2910720,2016,Petra,Y,未照合,S2,,
8,The influence of eye height and avatars on egocentric distance estimates in immersive virtual environments,forward,Three-Dimensionality Perception Evaluation in Stereoscopic Virtual Environments: A Systematic Review,10.1109/svr.2016.42,2016,Symposium on Virtual and Augmented Reality,N,未照合,S2,,
8,The influence of eye height and avatars on egocentric distance estimates in immersive virtual environments,forward,Egocentric biases in comparative volume judgments of rooms.,10.1167/16.6.2,2016,Journal of Vision,N,SJR Q3,S2,,
8,The influence of eye height and avatars on egocentric distance estimates in immersive virtual environments,forward,"The Effects of Visuomotor Calibration to the Perceived Space and Body, through Embodiment in Immersive Virtual Reality",10.1145/2818998,2015,On Tap,Y,CORE C,S2,,
8,The influence of eye height and avatars on egocentric distance estimates in immersive virtual environments,forward,Conveying Architectural Form and Space with Virtual Reality,10.52842/conf.ecaade.2015.1.117,2015,eCAADe proceedings,N,未照合,S2,,
8,The influence of eye height and avatars on egocentric distance estimates in immersive virtual environments,forward,Big Foot,10.1145/2811266,2015,ACM Transactions on Applied Perception,Y,CORE B,S2,,
8,The influence of eye height and avatars on egocentric distance estimates in immersive virtual environments,forward,Investigating the Distance Compression on Virtual Environments by Comparing Visualization Devices,10.1109/svr.2015.13,2015,2015 XVII Symposium on Virtual and Augmented Reality,N,未照合,S2,,
8,The influence of eye height and avatars on egocentric distance estimates in immersive virtual environments,forward,The Importance of Postural Cues for Determining Eye Height in Immersive Virtual Reality,10.1371/journal.pone.0127000,2015,PLoS ONE,Y,SJR Q1,S2,,
8,The influence of eye height and avatars on egocentric distance estimates in immersive virtual environments,forward,Eye Height Manipulations: A Possible Solution to Reduce Underestimation of Egocentric Distances in Head-Mounted Displays,10.1145/2699254,2015,On Tap,Y,CORE C,S2,,
8,The influence of eye height and avatars on egocentric distance estimates in immersive virtual environments,forward,A Surround Video Capture and Presentation System for Preservation of Eye-Gaze in Teleconferencing Applications,10.1162/pres_a_00213,2015,PRESENCE: Teleoperators and Virtual Environments,N,SJR Q3,S2,,
8,The influence of eye height and avatars on egocentric distance estimates in immersive virtual environments,forward,Pointing from a third person avatar location: does dynamic feedback help?,10.1145/2628257.2628272,2014,ACM Symposium on Applied Perception,Y,CORE B,S2,,
8,The influence of eye height and avatars on egocentric distance estimates in immersive virtual environments,forward,The perception of egocentric distances in virtual environments - A review,10.1145/2543581.2543590,2013,ACM Computing Surveys,Y,SJR Q1,S2,,
8,The influence of eye height and avatars on egocentric distance estimates in immersive virtual environments,forward,Stereoscopic egocentric distance perception: the impact of eye height and display devices,10.1145/2492494.2492509,2013,ACM Symposium on Applied Perception,Y,CORE B,S2,,
8,The influence of eye height and avatars on egocentric distance estimates in immersive virtual environments,forward,Welcome to Wonderland: The Influence of the Size and Shape of a Virtual Hand On the Perceived Size and Shape of Virtual Objects,10.1371/journal.pone.0068594,2013,PLoS ONE,Y,SJR Q1,S2,,
8,The influence of eye height and avatars on egocentric distance estimates in immersive virtual environments,forward,A collaborative pointing experiment for analyzing bodily communication in a virtual immersive environment,10.4018/jssci.2012070101,2012,IEEE International Conference on Cognitive Informatics and Cognitive Computing,N,未照合,S2,,
8,The influence of eye height and avatars on egocentric distance estimates in immersive virtual environments,forward,Minification affects verbal- and action-based distance judgments differently in head-mounted displays,10.1145/2325722.2325727,2012,On Tap,Y,CORE C,S2,,
8,The influence of eye height and avatars on egocentric distance estimates in immersive virtual environments,forward,Perceptually inspired methods for naturally navigating virtual worlds,10.1145/2077434.2077449,2011,International Conference on Societal Automation,Y,未照合,S2,,
8,The influence of eye height and avatars on egocentric distance estimates in immersive virtual environments,forward,THE EFFECTS OF HEAD-CENTRIC REST FRAMES ON EGOCENTRIC DISTANCE PERCEPTION IN VIRTUAL REALITY by YAHYA HMAITI,,2023,,N,,S2,,
8,The influence of eye height and avatars on egocentric distance estimates in immersive virtual environments,forward,Comparing Modalities to Communicate Movement Amplitude During Tool Manipulation in a Shared Learning Virtual Environment,10.2312/egve.20221270,2022,ICAT-EGVE,N,未照合,S2,,
8,The influence of eye height and avatars on egocentric distance estimates in immersive virtual environments,forward,The Effects of Egocentric Distance and Screen Size on Virtual Presence: Implications for the Design of Virtual Reality Environments in Large-Screen Displays,,2021,,N,,S2,,
8,The influence of eye height and avatars on egocentric distance estimates in immersive virtual environments,forward,Blind Direct Walking Distance Judgment Research: A Best Practices Guide,10.37099/mtu.dc.etdr/1223,2021,,N,,S2,,
8,The influence of eye height and avatars on egocentric distance estimates in immersive virtual environments,forward,Applying Affordances Scale as a Design Method - Case Virtual Reality Course Design,10.24251/hicss.2021.003,2021,Hawaii International Conference on System Sciences,N,SJR -,S2,,
8,The influence of eye height and avatars on egocentric distance estimates in immersive virtual environments,forward,Embodied Perception and Action in Real and Virtual Environments,10.1007/978-3-030-78471-3_14,2021,Handbook of Embodied Psychology,Y,未照合,S2,,
8,The influence of eye height and avatars on egocentric distance estimates in immersive virtual environments,forward,The Effect of Anthropometric Properties of Self-Avatars on Action Capabilities in Virtual Reality,,2019,,N,,S2,,
8,The influence of eye height and avatars on egocentric distance estimates in immersive virtual environments,forward,Perceptual effects of daylight patterns in architecture,10.5075/epfl-thesis-9553,2019,,N,,S2,,
8,The influence of eye height and avatars on egocentric distance estimates in immersive virtual environments,forward,Virtual Exploration: Seated versus Standing,10.5220/0006624502640272,2018,VISIGRAPP,N,CORE Multiconference,S2,,
8,The influence of eye height and avatars on egocentric distance estimates in immersive virtual environments,forward,Visualising Architectural Lighting Concept with 360° Panoramas,10.52842/conf.ecaade.2018.2.745,2018,Proceedings of the 36th International Conference on Education and Research in Computer Aided Architectural Design in Europe (eCAADe) [Volume 2],N,未照合,S2,,
8,The influence of eye height and avatars on egocentric distance estimates in immersive virtual environments,forward,Compensating for distance compression in virtual audiovisual environments,,2017,,N,,S2,,
8,The influence of eye height and avatars on egocentric distance estimates in immersive virtual environments,forward,"Running title : Vestibular contributions to distance judgement 1 1 2 3 4 Up , down , near , far : 5 an online vestibular contribution to distance judgement 6 7",,2017,,N,,S2,,
8,The influence of eye height and avatars on egocentric distance estimates in immersive virtual environments,forward,Perception of Characters in VR: How a character’s height affects the perception of that character,,2017,,N,,S2,,
8,The influence of eye height and avatars on egocentric distance estimates in immersive virtual environments,forward,Dwarf or Giant: The Influence of Interpupillary Distance and Eye Height on Size Perception in Virtual Environments,10.2312/egve.20171353,2017,ICAT-EGVE,Y,未照合,S2,,
8,The influence of eye height and avatars on egocentric distance estimates in immersive virtual environments,forward,VIRTUAL AND PHYSICAL ARCHITECTURAL ATMOSPHERE,,2016,,N,,S2,,
8,The influence of eye height and avatars on egocentric distance estimates in immersive virtual environments,forward,Perceiving absolute scale in virtual environments: How theory and application have mutually informed the role of body-based perception,10.1016/bs.plm.2014.09.006,2015,,Y,,S2,,
8,The influence of eye height and avatars on egocentric distance estimates in immersive virtual environments,forward,New Virtual Reality for Architectural Investigations,10.52842/conf.ecaade.2014.2.253,2014,Proceedings of the 32nd International Conference on Education and Research in Computer Aided Architectural Design in Europe (eCAADe) [Volume 2],N,未照合,S2,,
8,The influence of eye height and avatars on egocentric distance estimates in immersive virtual environments,forward,Virtuelle Psychophysik Psychologische - Untersuchungen zur räumlichen Wahrnehmung in virtuellen Umgebungen,10.1007/978-3-658-03885-4_13,2014,Exploring Virtuality,N,未照合,S2,,
10,Dwarf or Giant: The Influence of Interpupillary Distance and Eye Height on Size Perception in Virtual Environments,forward,Effect of Interpupillary Distance Mismatch on Distance and Orientation Perception in Action Space Across HMDs,10.1109/tvcg.2026.3680578,2026,IEEE Transactions on Visualization and Computer Graphics,N,SJR Q1,S2,,
10,Dwarf or Giant: The Influence of Interpupillary Distance and Eye Height on Size Perception in Virtual Environments,forward,Beyond the Self: Avatar Anthropomorphic Fidelity and Calibration Effects on Judging Others' Interpersonal Horizontal Reachability in VR,10.1109/tvcg.2026.3679904,2026,IEEE Transactions on Visualization and Computer Graphics,Y,SJR Q1,S2,,
10,Dwarf or Giant: The Influence of Interpupillary Distance and Eye Height on Size Perception in Virtual Environments,forward,Perceptual Sensitivity to Stereo Geometry Errors in Head-Mounted Displays,,2025,,N,,S2,,
10,Dwarf or Giant: The Influence of Interpupillary Distance and Eye Height on Size Perception in Virtual Environments,forward,Daddy Long Legs: A Scale and Speed Up Virtual Reality Locomotion Technique for Medium-scale Scenarios,10.1109/vr59515.2025.00057,2025,IEEE Conference on Virtual Reality and 3D User Interfaces,Y,CORE A*,S2,,
10,Dwarf or Giant: The Influence of Interpupillary Distance and Eye Height on Size Perception in Virtual Environments,forward,Navigating Decision-Making Frontiers: Virtual Reality and Spatial Skills in Strategic Planning,10.1109/tvcg.2025.3549167,2025,IEEE Transactions on Visualization and Computer Graphics,N,SJR Q1,S2,,
10,Dwarf or Giant: The Influence of Interpupillary Distance and Eye Height on Size Perception in Virtual Environments,forward,Investigating a Simple Technique to Alter Viewpoint Height in Immersive 360° Video*,10.1109/telepresence63209.2024.10841573,2024,2024 IEEE Conference on Telepresence,N,未照合,S2,,
10,Dwarf or Giant: The Influence of Interpupillary Distance and Eye Height on Size Perception in Virtual Environments,forward,Inter-Pupillary Distance Mismatch Does Not Affect Distance Perception in Action Space,10.1145/3675231.3675242,2024,ACM Symposium on Applied Perception,Y,CORE B,S2,,
10,Dwarf or Giant: The Influence of Interpupillary Distance and Eye Height on Size Perception in Virtual Environments,forward,The cat is out of the bag: the effect of virtual characters and scale cues on physics coherence,10.3389/frvir.2024.1250618,2024,Frontiers Virtual Real.,Y,未照合,S2,,
10,Dwarf or Giant: The Influence of Interpupillary Distance and Eye Height on Size Perception in Virtual Environments,forward,The geometry of the vergence-accommodation conflict in mixed reality systems,10.1007/s10055-024-00991-4,2024,Virtual Reality,N,SJR Q1,S2,,
10,Dwarf or Giant: The Influence of Interpupillary Distance and Eye Height on Size Perception in Virtual Environments,forward,Transformation of spatial perception in gate passage by using a wearable interface with changeable vertical viewpoint,10.1145/3657547.3657556,2024,International Conference Virtual and Augmented Reality Simulations,N,未照合,S2,,
10,Dwarf or Giant: The Influence of Interpupillary Distance and Eye Height on Size Perception in Virtual Environments,forward,Try This for Size: Multi-Scale Teleportation in Immersive Virtual Reality,10.1109/tvcg.2024.3372043,2024,IEEE Transactions on Visualization and Computer Graphics,N,SJR Q1,S2,,
10,Dwarf or Giant: The Influence of Interpupillary Distance and Eye Height on Size Perception in Virtual Environments,forward,Perceptual thresholds of visual size discrimination in augmented and virtual reality,10.1016/j.cag.2023.10.001,2023,Computers & graphics,N,SJR Q2,S2,,
10,Dwarf or Giant: The Influence of Interpupillary Distance and Eye Height on Size Perception in Virtual Environments,forward,Impact of interpupillary distance mismatch on visual aftereffects of virtual reality gameplay,10.1117/12.2666238,2023,"AR, VR, MR",N,未照合,S2,,
10,Dwarf or Giant: The Influence of Interpupillary Distance and Eye Height on Size Perception in Virtual Environments,forward,Comparing the Effects of Visual Realism on Size Perception in VR versus Real World Viewing through Physical and Verbal Judgments,10.1109/tvcg.2023.3247109,2023,IEEE Transactions on Visualization and Computer Graphics,N,SJR Q1,S2,,
10,Dwarf or Giant: The Influence of Interpupillary Distance and Eye Height on Size Perception in Virtual Environments,forward,Can I Squeeze Through? Effects of Self-Avatars and Calibration in a Person-Plus-Virtual-Object System on Perceived Lateral Passability in VR,10.1109/tvcg.2023.3247067,2023,IEEE Transactions on Visualization and Computer Graphics,Y,SJR Q1,S2,,
10,Dwarf or Giant: The Influence of Interpupillary Distance and Eye Height on Size Perception in Virtual Environments,forward,Perceiving distance in virtual reality: theoretical insights from contemporary technologies,10.1098/rstb.2021.0456,2022,Philosophical Transactions of the Royal Society of London. Biological Sciences,N,未照合,S2,,
10,Dwarf or Giant: The Influence of Interpupillary Distance and Eye Height on Size Perception in Virtual Environments,forward,The Body Scaling Effect and Its Impact on Physics Plausibility,10.3389/frvir.2022.869603,2022,Frontiers in Virtual Reality,Y,SJR Q1,S2,,
10,Dwarf or Giant: The Influence of Interpupillary Distance and Eye Height on Size Perception in Virtual Environments,forward,Impact of partial proxy embodiment on the awareness of linear distance in omnidirectional treadmill enabled immersive virtual built environment,10.1016/j.chbr.2022.100203,2022,Computers in Human Behavior Reports,Y,SJR Q1,S2,,
10,Dwarf or Giant: The Influence of Interpupillary Distance and Eye Height on Size Perception in Virtual Environments,forward,Augmented Perception Through Spatial Scale Manipulation in Virtual Reality for Enhanced Empathy in Design-Related Tasks,10.3389/frvir.2022.672537,2022,Frontiers in Virtual Reality,N,SJR Q1,S2,,
10,Dwarf or Giant: The Influence of Interpupillary Distance and Eye Height on Size Perception in Virtual Environments,forward,Augmenting Immersive Telepresence Experience with a Virtual Body,10.1109/tvcg.2022.3150473,2022,IEEE Transactions on Visualization and Computer Graphics,N,SJR Q1,S2,,
10,Dwarf or Giant: The Influence of Interpupillary Distance and Eye Height on Size Perception in Virtual Environments,forward,Is the street-crossing behavior with a head-mounted display different from that behavior in a CAVE? A study among young adults and children,10.1016/j.trf.2021.07.016,2021,,N,,S2,,
10,Dwarf or Giant: The Influence of Interpupillary Distance and Eye Height on Size Perception in Virtual Environments,forward,Did I Hit the Door? Effects of Self-Avatars and Calibration in a Person-Plus-Virtual-Object System on Perceived Frontal Passability in VR,10.1109/tvcg.2021.3083423,2021,IEEE Transactions on Visualization and Computer Graphics,Y,SJR Q1,S2,,
10,Dwarf or Giant: The Influence of Interpupillary Distance and Eye Height on Size Perception in Virtual Environments,forward,The Plausibility Paradox for Resized Users in Virtual Environments,10.3389/frvir.2021.655744,2021,Frontiers in Virtual Reality,N,SJR Q1,S2,,
10,Dwarf or Giant: The Influence of Interpupillary Distance and Eye Height on Size Perception in Virtual Environments,forward,Spatial Scale Perception for Design Tasks in Virtual Reality,10.1145/3385959.3422697,2020,Symposium on Spatial User Interaction,Y,未照合,S2,,
10,Dwarf or Giant: The Influence of Interpupillary Distance and Eye Height on Size Perception in Virtual Environments,forward,Does scaling player size skew one’s ability to correctly evaluate object sizes in a virtual environment?,10.1145/3424636.3426908,2020,Motion in Games,Y,未照合,S2,,
10,Dwarf or Giant: The Influence of Interpupillary Distance and Eye Height on Size Perception in Virtual Environments,forward,The Effects of Gender and the Presence of Third-Party Humans on Telepresence Camera Height Preferences,10.1145/3385955.3407924,2020,ACM Symposium on Applied Perception,Y,CORE B,S2,,
10,Dwarf or Giant: The Influence of Interpupillary Distance and Eye Height on Size Perception in Virtual Environments,forward,Towards Augmented Reality Driven Human-City Interaction: Current Research on Mobile Headsets and Future Challenges,10.1145/3467963,2020,ACM Computing Surveys,N,SJR Q1,S2,,
10,Dwarf or Giant: The Influence of Interpupillary Distance and Eye Height on Size Perception in Virtual Environments,forward,The relationship between the body and the environment in the virtual world: The interpupillary distance affects the body size perception,10.1371/journal.pone.0232290,2020,PLoS ONE,Y,SJR Q1,S2,,
10,Dwarf or Giant: The Influence of Interpupillary Distance and Eye Height on Size Perception in Virtual Environments,forward,Exploring Spatial Scale Perception in Immersive Virtual Reality for Risk Assessment in Interior Design,10.1145/3334480.3382876,2020,CHI Extended Abstracts,Y,未照合,S2,,
10,Dwarf or Giant: The Influence of Interpupillary Distance and Eye Height on Size Perception in Virtual Environments,forward,The Plausibility Paradox For Scaled-Down Users In Virtual Environments,10.1109/vr46266.2020.1580974317169,2019,IEEE Conference on Virtual Reality and 3D User Interfaces,N,CORE A*,S2,,
10,Dwarf or Giant: The Influence of Interpupillary Distance and Eye Height on Size Perception in Virtual Environments,forward,The Plausibility Paradox in Small-Scale Virtual Environments,,2019,arXiv.org,N,未照合,S2,,
10,Dwarf or Giant: The Influence of Interpupillary Distance and Eye Height on Size Perception in Virtual Environments,forward,Am I Floating or Not? : Sensitivity to Eye Height Manipulations in HMD-based Immersive Virtual Environments,10.1145/3343036.3343135,2019,ACM Symposium on Applied Perception,Y,CORE B,S2,,
10,Dwarf or Giant: The Influence of Interpupillary Distance and Eye Height on Size Perception in Virtual Environments,forward,Transfantome: transformation into bodies of various scale and structure in multiple spaces,10.1145/3305367.3327980,2019,SIGGRAPH Emerging Technologies,Y,未照合,S2,,
10,Dwarf or Giant: The Influence of Interpupillary Distance and Eye Height on Size Perception in Virtual Environments,forward,Virtual Hand Realism Affects Object Size Perception in Body-Based Scaling,10.1109/vr.2019.8798040,2019,IEEE Conference on Virtual Reality and 3D User Interfaces,Y,CORE A*,S2,,
10,Dwarf or Giant: The Influence of Interpupillary Distance and Eye Height on Size Perception in Virtual Environments,forward,Superman vs Giant: A Study on Spatial Perception for a Multi-Scale Mixed Reality Flying Telepresence Interface,10.1109/tvcg.2018.2868594,2018,IEEE Transactions on Visualization and Computer Graphics,Y,SJR Q1,S2,,
10,Dwarf or Giant: The Influence of Interpupillary Distance and Eye Height on Size Perception in Virtual Environments,forward,Perception of Self-Moving Speed in Different Visual Cue and Viewpoint Conditions in Virtual Reality Environment,10.1109/access.2023.3311263,2023,IEEE Access,N,SJR Q1,S2,,
10,Dwarf or Giant: The Influence of Interpupillary Distance and Eye Height on Size Perception in Virtual Environments,forward,Estimation of Inter-Pupillary Distance Based on Eye Movements in Virtual Reality Devices,10.1109/access.2021.3128991,2021,IEEE Access,N,SJR Q1,S2,,
10,Dwarf or Giant: The Influence of Interpupillary Distance and Eye Height on Size Perception in Virtual Environments,forward,Equivalent Physical Constant Hypothesis for Skill Transmission in Scale Conversion Telexistence,10.2312/egve.20181314,2018,ICAT-EGVE,N,未照合,S2,,
10,Dwarf or Giant: The Influence of Interpupillary Distance and Eye Height on Size Perception in Virtual Environments,forward,Verification of Necessity of Equivalent Gravity in Telexistence With Scale Conversion for Utilization of Humanoid Small Robot,10.2312/egve.20181312,2018,ICAT-EGVE,N,未照合,S2,,
13,Does Scaling Player Size Skew One's Ability to Correctly Evaluate Object Sizes in a Virtual Environment?,backward,Outstanding: A Multi-Perspective Travel Approach for Virtual Reality Games,10.1145/3311350.3347183,2019,ACM SIGCHI Annual Symposium on Computer-Human Interaction in Play,Y,未照合,S2,,
13,Does Scaling Player Size Skew One's Ability to Correctly Evaluate Object Sizes in a Virtual Environment?,backward,I'm a Giant: Walking in Large Virtual Environments at High Speed Gains,10.1145/3290605.3300752,2019,International Conference on Human Factors in Computing Systems,Y,CORE A*,S2,,
13,Does Scaling Player Size Skew One's Ability to Correctly Evaluate Object Sizes in a Virtual Environment?,backward,GulliVR: A Walking-Oriented Technique for Navigation in Virtual Reality Games Based on Virtual Body Resizing,10.1145/3242671.3242704,2018,ACM SIGCHI Annual Symposium on Computer-Human Interaction in Play,Y,未照合,S2,,
13,Does Scaling Player Size Skew One's Ability to Correctly Evaluate Object Sizes in a Virtual Environment?,backward,Superman vs Giant: A Study on Spatial Perception for a Multi-Scale Mixed Reality Flying Telepresence Interface,10.1109/tvcg.2018.2868594,2018,IEEE Transactions on Visualization and Computer Graphics,Y,SJR Q1,S2,,
13,Does Scaling Player Size Skew One's Ability to Correctly Evaluate Object Sizes in a Virtual Environment?,backward,User experience with semi-natural locomotion techniques in virtual reality: the case of the Virtuix Omni,10.1145/3131277.3134359,2017,Symposium on Spatial User Interaction,Y,未照合,S2,,
13,Does Scaling Player Size Skew One's Ability to Correctly Evaluate Object Sizes in a Virtual Environment?,backward,Point & Teleport Locomotion Technique for Virtual Reality,10.1145/2967934.2968105,2016,ACM SIGCHI Annual Symposium on Computer-Human Interaction in Play,Y,未照合,S2,,
13,Does Scaling Player Size Skew One's Ability to Correctly Evaluate Object Sizes in a Virtual Environment?,backward,Eye Height Manipulations: A Possible Solution to Reduce Underestimation of Egocentric Distances in Head-Mounted Displays,10.1145/2699254,2015,On Tap,Y,CORE C,S2,,
13,Does Scaling Player Size Skew One's Ability to Correctly Evaluate Object Sizes in a Virtual Environment?,backward,Being Barbie: The Size of One’s Own Body Determines the Perceived Size of the World,10.1371/journal.pone.0020195,2011,PLoS ONE,N,SJR Q1,S2,,
13,Does Scaling Player Size Skew One's Ability to Correctly Evaluate Object Sizes in a Virtual Environment?,backward,A Treadmill and Motion Coupled Virtual Reality System for Gait Training Post-Stroke,10.1089/cpb.2006.9.157,2006,"Cyberpsychology, Behavior, and Social Networking",N,SJR Q1,S2,,
13,Does Scaling Player Size Skew One's Ability to Correctly Evaluate Object Sizes in a Virtual Environment?,backward,Spatial perception in virtual environments: Evaluating an architectural application,10.1109/vrais.1993.380801,1993,Proceedings of IEEE Virtual Reality Annual International Symposium,N,未照合,S2,,
13,Does Scaling Player Size Skew One's Ability to Correctly Evaluate Object Sizes in a Virtual Environment?,backward,Dwarf or Giant: The Influence of Interpupillary Distance and Eye Height on Size Perception in Virtual Environments,10.2312/egve.20171353,2017,ICAT-EGVE,Y,未照合,S2,,
13,Does Scaling Player Size Skew One's Ability to Correctly Evaluate Object Sizes in a Virtual Environment?,backward,Visual Perception of Egocentric Distance in Virtual Environments un-published Doctoral Dissertation,,1999,"Santa Barbara, CA",N,未照合,S2,,
13,Does Scaling Player Size Skew One's Ability to Correctly Evaluate Object Sizes in a Virtual Environment?,backward,H4 - Users with larger IPD will show more under-estimation effect than those with normal IPD,,,,N,,S2,,
13,Does Scaling Player Size Skew One's Ability to Correctly Evaluate Object Sizes in a Virtual Environment?,backward,H5 - Users who spend more time in Giant mode will show a stronger under-estimation effect,,,,N,,S2,,
13,Does Scaling Player Size Skew One's Ability to Correctly Evaluate Object Sizes in a Virtual Environment?,backward,"We conducted our study at the CERN main site located in Meyrin, during the week-end of the CERN Open Days",,,,N,,S2,,
13,Does Scaling Player Size Skew One's Ability to Correctly Evaluate Object Sizes in a Virtual Environment?,forward,"A Design Space of Virtual Bodies: Their Types, Effects, and Theoretical Foundations",10.1145/3772318.3790426,2026,International Conference on Human Factors in Computing Systems,Y,CORE A*,S2,,
13,Does Scaling Player Size Skew One's Ability to Correctly Evaluate Object Sizes in a Virtual Environment?,forward,Virtual object sizes for efficient and convenient mid-air manipulation,10.1007/s00371-022-02555-6,2022,The Visual Computer,N,SJR Q2,S2,,
14,Gulliver's virtual travels: active embodiment in extreme body sizes for modulating our body representations,backward,"Alexi J, Cleary D, Dommisse K, Palermo R, Kloth N, Burr D et al (2018) Past visual experiences weigh in on body size estimation. Sci Rep 8(1):215",10.1038/s41598-017-18418-3,2018,Sci Rep,N,未照合,Crossref,,
14,Gulliver's virtual travels: active embodiment in extreme body sizes for modulating our body representations,backward,"Aymerich-Franch L, Ganesh G (2016) The role of functionality in the body model for self-attribution. Neurosci Res 104:31–37",10.1016/j.neures.2015.11.001,2016,Neurosci Res,N,未照合,Crossref,,
14,Gulliver's virtual travels: active embodiment in extreme body sizes for modulating our body representations,backward,"Costantini M, Haggard P (2007) The rubber hand illusion: sensitivity and reference frame for body ownership. Conscious Cogn 16(2):229–240",10.1016/j.concog.2007.01.001,2007,Conscious Cogn,N,未照合,Crossref,,
14,Gulliver's virtual travels: active embodiment in extreme body sizes for modulating our body representations,backward,"Dakanalis A, Timko A, Madeddu F, Volpato C, Clerici M, Riva G et al (2015) Are the male body dissatisfaction and drive for muscularity scales reliable and valid instruments? J Health Psychol 20(1):48–",10.1177/1359105313498108,2015,J Health Psychol,N,未照合,Crossref,,
14,Gulliver's virtual travels: active embodiment in extreme body sizes for modulating our body representations,backward,"Dakanalis A, Clerici M, Caslini M, Gaudio S, Serino S, Riva G et al (2016a) Predictors of initiation and persistence of recurrent binge eating and inappropriate weight compensatory behaviors in colleg",10.1002/eat.22535,2016,Int J Eat Disord,N,未照合,Crossref,,
14,Gulliver's virtual travels: active embodiment in extreme body sizes for modulating our body representations,backward,"Dakanalis A, Pla-Sanjuanelo J, Caslini M, Volpato C, Riva G, Clerici M et al (2016b) Predicting onset and maintenance of men’s eating disorders. Int J Clin Health Psychol 16(3):247–255",10.1016/j.ijchp.2016.05.002,2016,Int J Clin Health Psychol,N,未照合,Crossref,,
14,Gulliver's virtual travels: active embodiment in extreme body sizes for modulating our body representations,backward,De Vignemont F (2010) Body schema and body image—Pros and cons. Neuropsychologia 48(3):669–680,10.1016/j.neuropsychologia.2009.09.022,2010,Neuropsychologia,N,SJR Q2,Crossref,,
14,Gulliver's virtual travels: active embodiment in extreme body sizes for modulating our body representations,backward,"De Vignemont F, Farnè A (2010) Widening the body to rubber hands and tools: what’s the difference? Revue de neuropsychologie 2(3):203–211",10.3917/rne.023.0203,2010,Revue de neuropsychologie,N,未照合,Crossref,,
14,Gulliver's virtual travels: active embodiment in extreme body sizes for modulating our body representations,backward,"Dijkerman HC, De Haan EHF (2007) Somatosensory processing subserving perception and action: dissociations, interactions, and integration. Behav Brain Sci 30(2):224–230",10.1017/s0140525x07001641,2007,Behav Brain Sci,N,未照合,Crossref,,
14,Gulliver's virtual travels: active embodiment in extreme body sizes for modulating our body representations,backward,The senses considered as perceptual systems,,1966,,N,,Crossref,,
14,Gulliver's virtual travels: active embodiment in extreme body sizes for modulating our body representations,backward,"Giummarra MJ, Gibson SJ, Georgiou-Karistianis N, Bradshaw JL (2008) Mechanisms underlying embodiment, disembodiment and loss of embodiment. Neurosci Biobehav Rev 32(1):143–160",10.1016/j.neubiorev.2007.07.001,2008,Neurosci Biobehav Rev,N,未照合,Crossref,,
14,Gulliver's virtual travels: active embodiment in extreme body sizes for modulating our body representations,backward,"Guterstam A, Gentile G, Ehrsson HH (2013) The invisible hand illusion: multisensory integration leads to the embodiment of a discrete volume of empty space. J Cogn Neurosci 25(7):1078–1099",10.1162/jocn_a_00393,2013,J Cogn Neurosci,N,未照合,Crossref,,
14,Gulliver's virtual travels: active embodiment in extreme body sizes for modulating our body representations,backward,"Haans A, Ijsselsteijn WA, de Kort YAW (2008) The effect of similarities in skin texture and hand shape on perceived ownership of a fake limb. Body Image 5(4):389–394",10.1016/j.bodyim.2008.04.003,2008,Body Image,N,SJR Q1,Crossref,,
14,Gulliver's virtual travels: active embodiment in extreme body sizes for modulating our body representations,backward,"Haggard P, Jundi S (2009) Rubber hand illusions and size–weight illusions: self-representation modulates representation of external objects. Perception 38(12):1796–1803",10.1068/p6399,2009,Perception,N,SJR Q3,Crossref,,
14,Gulliver's virtual travels: active embodiment in extreme body sizes for modulating our body representations,backward,"Higuchi T, Takada H, Matsuura Y, Imanaka K (2004) Visual estimation of spatial requirements for locomotion in novice wheelchair users. J Exp Psychol Appl 10(1):55",10.1037/1076-898x.10.1.55,2004,J Exp Psychol Appl,N,未照合,Crossref,,
14,Gulliver's virtual travels: active embodiment in extreme body sizes for modulating our body representations,backward,"Ishak S, Adolph KE, Lin GC (2008) Perceiving affordances for fitting through apertures. J Exp Psychol Hum Percept Perform 34(6):1501",10.1037/a0011393,2008,J Exp Psychol Hum Percept Perform,N,未照合,Crossref,,
14,Gulliver's virtual travels: active embodiment in extreme body sizes for modulating our body representations,backward,"Kalckert A, Ehrsson HH (2012) Moving a rubber hand that feels like your own: a dissociation of ownership and agency. Front Hum Neurosci 6:40",10.3389/fnhum.2012.00040,2012,Front Hum Neurosci,N,未照合,Crossref,,
14,Gulliver's virtual travels: active embodiment in extreme body sizes for modulating our body representations,backward,"Keizer A, Smeets MAM, Dijkerman HC, Van den Hout M, Klugkist I, Van Elburg A et al (2011) Tactile body image disturbance in anorexia nervosa. Psychiatry Res 190(1):115–120",10.1016/j.psychres.2011.04.031,2011,Psychiatry Res,N,未照合,Crossref,,
14,Gulliver's virtual travels: active embodiment in extreme body sizes for modulating our body representations,backward,"Keizer A, van Elburg A, Helms R, Dijkerman HC (2016) A Virtual Reality Full Body Illusion Improves Body Image Disturbance in Anorexia Nervosa. PLoS ONE 11(10):e0163921. https://doi.org/10.1371/journal",10.1371/journal.pone.0163921,2016,PLoS ONE,Y,SJR Q1,Crossref,,
14,Gulliver's virtual travels: active embodiment in extreme body sizes for modulating our body representations,backward,"Kilteni K, Normand J-M, Sanchez-Vives MV, Slater M (2012) Extending body space in immersive virtual reality: a very long arm illusion. PLoS ONE 7(7):e40867",10.1371/journal.pone.0040867,2012,PLoS ONE,Y,SJR Q1,Crossref,,
14,Gulliver's virtual travels: active embodiment in extreme body sizes for modulating our body representations,backward,"Kilteni K, Maselli A, Kording KP, Slater M (2015) Over my fake body: body ownership illusions for studying the multisensory basis of own-body perception. Front Hum Neurosci 9:141",10.3389/fnhum.2015.00141,2015,Front Hum Neurosci,N,未照合,Crossref,,
14,Gulliver's virtual travels: active embodiment in extreme body sizes for modulating our body representations,backward,"Linkenauger SA, Leyrer M, Bülthoff HH, Mohler BJ (2013) Welcome to wonderland: the influence of the size and shape of a virtual hand on the perceived size and shape of virtual objects. PLoS ONE 8(7):e",10.1371/journal.pone.0068594,2013,PLoS ONE,Y,SJR Q1,Crossref,,
14,Gulliver's virtual travels: active embodiment in extreme body sizes for modulating our body representations,backward,"Longo MR, Serino A (2012) Tool use induces complex and flexible plasticity of human body representations. Behav Brain Sci 35(4):229–230",10.1017/s0140525x11001907,2012,Behav Brain Sci,N,未照合,Crossref,,
14,Gulliver's virtual travels: active embodiment in extreme body sizes for modulating our body representations,backward,"Maravita A, Iriki A (2004) Tools for the body (schema). Trends Cogn Sci 8(2):79–86",10.1016/j.tics.2003.12.008,2004,Trends Cogn Sci,N,未照合,Crossref,,
14,Gulliver's virtual travels: active embodiment in extreme body sizes for modulating our body representations,backward,"Martel M, Cardinali L, Roy AC, Farnè A (2016) Tool-use: an open window into body representation and its plasticity. Cogn Neuropsychol 33(1–2):82–101",10.1080/02643294.2016.1167678,2016,Cogn Neuropsychol,N,未照合,Crossref,,
14,Gulliver's virtual travels: active embodiment in extreme body sizes for modulating our body representations,backward,"Maselli A, Slater M (2014) Sliding perspectives: dissociating ownership from self-location during full body illusions in virtual reality. Front hum neurosci 8:693",10.3389/fnhum.2014.00693,2014,Front hum neurosci,N,未照合,Crossref,,
14,Gulliver's virtual travels: active embodiment in extreme body sizes for modulating our body representations,backward,"Miller LE, Montroni L, Koun E, Salemme R, Hayward V, Farnè A (2018) Sensing with tools extends somatosensory processing beyond the body. Nature 561(7722):239",10.1038/s41586-018-0460-0,2018,Nature,N,SJR Q1,Crossref,,
14,Gulliver's virtual travels: active embodiment in extreme body sizes for modulating our body representations,backward,"Nazareth A, Huang X, Voyer D, Newcombe N (2019) A meta-analysis of sex differences in human navigation skills. Psychon Bull Rev 26(5):1503–1528",10.3758/s13423-019-01633-6,2019,Psychon Bull Rev,N,未照合,Crossref,,
14,Gulliver's virtual travels: active embodiment in extreme body sizes for modulating our body representations,backward,"Normand J-M, Giannopoulos E, Spanlang B, Slater M (2011) Multisensory stimulation can induce an illusion of larger belly size in immersive virtual reality. PLoS ONE 6(1):e16128",10.1371/journal.pone.0016128,2011,PLoS ONE,Y,SJR Q1,Crossref,,
14,Gulliver's virtual travels: active embodiment in extreme body sizes for modulating our body representations,backward,The will: a dual aspect theory,,2008,,N,,Crossref,,
14,Gulliver's virtual travels: active embodiment in extreme body sizes for modulating our body representations,backward,"Pavani F, Zampini M (2007) The role of hand size in the fake-hand illusion paradigm. Perception 36(10):1547–1554",10.1068/p5853,2007,Perception,N,SJR Q3,Crossref,,
14,Gulliver's virtual travels: active embodiment in extreme body sizes for modulating our body representations,backward,"Piryankova IV, Wong HY, Linkenauger SA, Stinson C, Longo MR, Bülthoff HH et al (2014) Owning an overweight or underweight body: distinguishing the physical, experienced and virtual body. PLoS ONE 9(8)",10.1371/journal.pone.0103428,2014,PLoS ONE,Y,SJR Q1,Crossref,,
14,Gulliver's virtual travels: active embodiment in extreme body sizes for modulating our body representations,backward,"Pitron V, de Vignemont F (2017) Beyond differences between the body schema and the body image: insights from body hallucinations. Conscious Cogn 53:115–121",10.1016/j.concog.2017.06.006,2017,Conscious Cogn,N,未照合,Crossref,,
14,Gulliver's virtual travels: active embodiment in extreme body sizes for modulating our body representations,backward,"Preston C, Ehrsson HH (2014) Illusory changes in body size modulate body satisfaction in a way that is related to non-clinical eating disorder psychopathology. PLoS ONE 9(1):e85773",10.1371/journal.pone.0085773,2014,PLoS ONE,Y,SJR Q1,Crossref,,
14,Gulliver's virtual travels: active embodiment in extreme body sizes for modulating our body representations,backward,"Preston C, Ehrsson HH (2016) Illusory obesity triggers body dissatisfaction responses in the insula and anterior cingulate cortex. Cereb Cortex 26(12):4450–4460",10.1093/cercor/bhw313,2016,Cereb Cortex,N,未照合,Crossref,,
14,Gulliver's virtual travels: active embodiment in extreme body sizes for modulating our body representations,backward,"Puhl RM, Heuer CA (2009) The stigma of obesity: a review and update. Obesity 17(5):941–964",10.1038/oby.2008.636,2009,Obesity,N,SJR Q1,Crossref,,
14,Gulliver's virtual travels: active embodiment in extreme body sizes for modulating our body representations,backward,Riva G (2018) The neuroscience of body memory: from the self through the space to the others. Cortex 104:241–260,10.1016/j.cortex.2017.07.013,2018,Cortex,N,SJR Q1,Crossref,,
14,Gulliver's virtual travels: active embodiment in extreme body sizes for modulating our body representations,backward,"Sadibolova R, Ferre ER, Linkenauger SA, Longo MR (2019) Distortions of perceived volume and length of body parts. Cortex 111:74–86",10.1016/j.cortex.2018.10.016,2019,Cortex,N,SJR Q1,Crossref,,
14,Gulliver's virtual travels: active embodiment in extreme body sizes for modulating our body representations,backward,"Sato A, Yasuda A (2005) Illusion of sense of self-agency: discrepancy between the predicted and actual sensory consequences of actions modulates the sense of self-agency, but not the sense of self-own",10.1016/j.cognition.2004.04.003,2005,Cognition,N,SJR Q1,Crossref,,
14,Gulliver's virtual travels: active embodiment in extreme body sizes for modulating our body representations,backward,"Scarpina F, Serino S, Keizer A, Chirico A, Scacchi M, Castelnuovo G et al (2019) The effect of a virtual-reality full-body illusion on body representation in obesity. J Clin Med 8(9):1330",10.3390/jcm8091330,2019,J Clin Med,Y,未照合,Crossref,,
14,Gulliver's virtual travels: active embodiment in extreme body sizes for modulating our body representations,backward,"Schwoebel J, Coslett HB (2005) Evidence for multiple, distinct representations of the human body. J Cogn Neurosci 17(4):543–553",10.1162/0898929053467587,2005,J Cogn Neurosci,N,未照合,Crossref,,
14,Gulliver's virtual travels: active embodiment in extreme body sizes for modulating our body representations,backward,"Serino A, Alsmith A, Costantini M, Mandrigin A, Tajadura-Jimenez A, Lopez C (2013) Bodily ownership and self-location: components ofbodily self-consciousness. Conscious Cogn 22(4):1239–1252",10.1016/j.concog.2013.08.013,2013,Conscious Cogn,N,未照合,Crossref,,
14,Gulliver's virtual travels: active embodiment in extreme body sizes for modulating our body representations,backward,"Serino S, Pedroli E, Keizer A, Triberti S, Dakanalis A, Pallavicini F et al (2016) Virtual reality body swapping: a tool for modifying the allocentric memory of the body. Cyberpsychol Behav Soc Netw 1",10.1089/cyber.2015.0229,2016,Cyberpsychol Behav Soc Netw,Y,未照合,Crossref,,
14,Gulliver's virtual travels: active embodiment in extreme body sizes for modulating our body representations,backward,"Slater M, Perez-Marcos D, Ehrsson HH, Sanchez-Vives MV (2009) Inducing illusory ownership of a virtual body. Front Neurosci 3(2):214–220",10.3389/neuro.01.029.2009,2009,Front Neurosci,N,未照合,Crossref,,
14,Gulliver's virtual travels: active embodiment in extreme body sizes for modulating our body representations,backward,"Stefanucci JK, Geuss MN (2010) Duck! Scaling the height of a horizontal barrier to body height. Atten Percept Psychophys 72(5):1338–1349",10.3758/app.72.5.1338,2010,Atten Percept Psychophys,N,未照合,Crossref,,
14,Gulliver's virtual travels: active embodiment in extreme body sizes for modulating our body representations,backward,"Tajadura-Jiménez A, Banakou D, Bianchi-Berthouze N, Slater M (2017) Embodiment in a child-like talking virtual body influences object size perception, self-identification, and subsequent real speaking",10.1038/s41598-017-09497-3,2017,Sci Rep,Y,未照合,Crossref,,
14,Gulliver's virtual travels: active embodiment in extreme body sizes for modulating our body representations,backward,Tsakiris M (2010) My body in the brain: a neurocognitive model of body-ownership. Neuropsychologia 48(3):703–712,10.1016/j.neuropsychologia.2009.09.034,2010,Neuropsychologia,N,SJR Q2,Crossref,,
14,Gulliver's virtual travels: active embodiment in extreme body sizes for modulating our body representations,backward,"Tsakiris M, Haggard P (2005) The rubber hand illusion revisited: visuotactile integration and self-attribution. J Exp Psychol Hum Percept Perform 31(1):80",10.1037/0096-1523.31.1.80,2005,J Exp Psychol Hum Percept Perform,N,未照合,Crossref,,
14,Gulliver's virtual travels: active embodiment in extreme body sizes for modulating our body representations,backward,"Tsakiris M, Longo MR, Haggard P (2010) Having a body versus moving your body: neural signatures of agency and body-ownership. Neuropsychologia 48(9):2740–2749",10.1016/j.neuropsychologia.2010.05.021,2010,Neuropsychologia,N,SJR Q2,Crossref,,
14,Gulliver's virtual travels: active embodiment in extreme body sizes for modulating our body representations,backward,"van Der Hoort B, Ehrsson HH (2016) Illusions of having small or large invisible bodies influence visual perception of object size. Sci Rep 6:34530",10.1038/srep34530,2016,Sci Rep,N,未照合,Crossref,,
14,Gulliver's virtual travels: active embodiment in extreme body sizes for modulating our body representations,backward,"van Der Hoort B, Guterstam A, Ehrsson HH (2011) Being Barbie: the size of one’s own body determines the perceived size of the world. PLoS ONE 6(5):e20195",10.1371/journal.pone.0020195,2011,PLoS ONE,N,SJR Q1,Crossref,,
14,Gulliver's virtual travels: active embodiment in extreme body sizes for modulating our body representations,backward,"Witt JK, Proffitt DR, Epstein W (2005) Tool use affects perceived distance, but only when you intend to use it. J Exp Psychol Hum Percept Perform 31(5):880",10.1037/0096-1523.31.5.880,2005,J Exp Psychol Hum Percept Perform,N,未照合,Crossref,,
14,Gulliver's virtual travels: active embodiment in extreme body sizes for modulating our body representations,backward,"Won AS, Bailenson J, Lee J, Lanier J (2015) Homuncular flexibility in virtual reality. J Comput Med Commun 20(3):241–259",10.1111/jcc4.12107,2015,J Comput Med Commun,N,未照合,Crossref,,
