raw_venue,matched_entry,source,rank,match_stage,similarity,record_count,decision
Proceedings of the ACM symposium on Virtual reality software and technology,ACM Virtual Reality Software and Technology,CORE,B,exact_norm,1.000,264,EXCLUDED
IEEE Transactions on Visualization and Computer Graphics,IEEE Transactions on Visualization and Computer Graphics,SJR,Q1,issn,1.000,148,INCLUDED
Proceedings of the 2025 31st ACM Symposium on Virtual Reality Software and Technology,ACM Virtual Reality Software and Technology,CORE,B,exact_norm,1.000,145,EXCLUDED
Proceedings of the 24th ACM Symposium on Virtual Reality Software and Technology,ACM Virtual Reality Software and Technology,CORE,B,exact_norm,1.000,125,EXCLUDED
Lecture Notes in Computer Science (including subseries Lecture Notes in Artificial Intelligence and Lecture Notes in Bioinformatics),Lecture Notes in Computer Science,SJR,Q2,exact_norm,1.000,109,EXCLUDED
25th ACM Symposium on Virtual Reality Software and Technology,ACM Virtual Reality Software and Technology,CORE,B,exact_norm,1.000,107,EXCLUDED
Proceedings of the 27th ACM Symposium on Virtual Reality Software and Technology,ACM Virtual Reality Software and Technology,CORE,B,exact_norm,1.000,103,EXCLUDED
30th ACM Symposium on Virtual Reality Software and Technology,ACM Virtual Reality Software and Technology,CORE,B,exact_norm,1.000,97,EXCLUDED
29th ACM Symposium on Virtual Reality Software and Technology,ACM Virtual Reality Software and Technology,CORE,B,exact_norm,1.000,89,EXCLUDED
Proceedings of the 23rd ACM Symposium on Virtual Reality Software and Technology,ACM Virtual Reality Software and Technology,CORE,B,exact_norm,1.000,86,EXCLUDED
Proceedings of the ACM on Human-Computer Interaction,Indian Conference on Human-Computer Interaction,CORE,National: India,fuzzy,0.889,82,EXCLUDED
Proceedings of the 28th ACM Symposium on Virtual Reality Software and Technology,ACM Virtual Reality Software and Technology,CORE,B,exact_norm,1.000,80,EXCLUDED
26th ACM Symposium on Virtual Reality Software and Technology,ACM Virtual Reality Software and Technology,CORE,B,exact_norm,1.000,73,EXCLUDED
Proceedings of the 22nd ACM Conference on Virtual Reality Software and Technology,ACM Virtual Reality Software and Technology,CORE,B,exact_norm,1.000,71,EXCLUDED
Proceedings of the 2008 ACM symposium on Virtual reality software and technology,ACM Virtual Reality Software and Technology,CORE,B,exact_norm,1.000,68,EXCLUDED
PLoS ONE,PLOS ONE,SJR,Q1,exact_norm,1.000,57,INCLUDED
Proceedings of the 2025 CHI Conference on Human Factors in Computing Systems,International Conference on Human Factors in Computing Systems,CORE,A*,fuzzy,0.939,54,INCLUDED
Proceedings of the 16th ACM Symposium on Virtual Reality Software and Technology,ACM Virtual Reality Software and Technology,CORE,B,exact_norm,1.000,54,EXCLUDED
Proceedings of the 2007 ACM symposium on Virtual reality software and technology,ACM Virtual Reality Software and Technology,CORE,B,exact_norm,1.000,50,EXCLUDED
ACM Transactions on Applied Perception,ACM Symposium on Applied Perception,CORE,B,exact_norm,1.000,49,EXCLUDED
Proceedings of the CHI Conference on Human Factors in Computing Systems,International Conference on Human Factors in Computing Systems,CORE,A*,fuzzy,0.939,48,INCLUDED
Proceedings of the 17th ACM Symposium on Virtual Reality Software and Technology,ACM Virtual Reality Software and Technology,CORE,B,exact_norm,1.000,48,EXCLUDED
Conference on Human Factors in Computing Systems - Proceedings,Conference on Human Factors in Computing Systems - Proceedings,SJR,-,exact_norm,1.000,46,EXCLUDED
ACM Transactions on Graphics,ACM Transactions on Graphics,SJR,Q1,exact_norm,1.000,42,INCLUDED
Proceedings of the 21st ACM Symposium on Virtual Reality Software and Technology,ACM Virtual Reality Software and Technology,CORE,B,exact_norm,1.000,41,EXCLUDED
Proceedings of the 20th ACM Symposium on Virtual Reality Software and Technology,ACM Virtual Reality Software and Technology,CORE,B,exact_norm,1.000,40,EXCLUDED
Proceedings of the 19th ACM Symposium on Virtual Reality Software and Technology,ACM Virtual Reality Software and Technology,CORE,B,exact_norm,1.000,37,EXCLUDED
Proceedings of the 18th ACM symposium on Virtual reality software and technology,ACM Virtual Reality Software and Technology,CORE,B,exact_norm,1.000,37,EXCLUDED
Journal of NeuroEngineering and Rehabilitation,Journal of NeuroEngineering and Rehabilitation,SJR,Q1,exact_norm,1.000,36,INCLUDED
Proceedings of the 2023 CHI Conference on Human Factors in Computing Systems,International Conference on Human Factors in Computing Systems,CORE,A*,fuzzy,0.939,35,INCLUDED
Proceedings of the 2020 CHI Conference on Human Factors in Computing Systems,International Conference on Human Factors in Computing Systems,CORE,A*,fuzzy,0.939,35,INCLUDED
"IEEE access : practical innovations, open solutions",IEEE Access,SJR,Q1,issn,1.000,34,INCLUDED
IEEE Transactions on Neural Systems and Rehabilitation Engineering,IEEE Transactions on Neural Systems and Rehabilitation Engineering,SJR,Q1,issn,1.000,34,INCLUDED
Scientific Reports,Scientific Reports,SJR,Q1,exact_norm,1.000,34,INCLUDED
Journal of Clinical Medicine,Journal of Clinical Medicine,SJR,Q2,exact_norm,1.000,33,EXCLUDED
CHI Conference on Human Factors in Computing Systems,International Conference on Human Factors in Computing Systems,CORE,A*,fuzzy,0.939,31,INCLUDED
Presence,Annual International Workshop on Presence,CORE,C,exact_norm,1.000,29,EXCLUDED
Virtual Reality,Virtual Reality,SJR,Q1,exact_norm,1.000,28,INCLUDED
Proceedings of the 2019 CHI Conference on Human Factors in Computing Systems,International Conference on Human Factors in Computing Systems,CORE,A*,fuzzy,0.939,28,INCLUDED
Frontiers in Virtual Reality,Frontiers in Virtual Reality,SJR,Q1,exact_norm,1.000,27,INCLUDED
Experimental Brain Research,Experimental Brain Research,SJR,Q3,exact_norm,1.000,27,EXCLUDED
Proceedings of the ACM symposium on Virtual reality software and technology - VRST '00,ACM Virtual Reality Software and Technology,CORE,B,fuzzy,0.907,27,EXCLUDED
"Proceedings of the ACM on Interactive, Mobile, Wearable and Ubiquitous Technologies","Proceedings of the ACM on Interactive, Mobile, Wearable and Ubiquitous Technologies",SJR,Q1,exact_norm,1.000,26,INCLUDED
2019 IEEE conference on virtual reality and 3D user interfaces (VR),IEEE Conference on Virtual Reality and 3D User Interfaces,CORE,A*,exact_norm,1.000,25,INCLUDED
Proceedings of the ACM Symposium on Virtual Reality Software and Technology - VRST '96,ACM Virtual Reality Software and Technology,CORE,B,fuzzy,0.907,25,EXCLUDED
Proceedings of the ACM symposium on Virtual reality software and technology - VRST '02,ACM Virtual Reality Software and Technology,CORE,B,fuzzy,0.907,25,EXCLUDED
Gait and Posture,Gait and Posture,SJR,Q1,exact_norm,1.000,24,INCLUDED
Proceedings of the 2021 CHI Conference on Human Factors in Computing Systems,International Conference on Human Factors in Computing Systems,CORE,A*,fuzzy,0.939,24,INCLUDED
Proceedings of the 4th International Conference on Virtual Reality,Virtual Reality,SJR,Q1,exact_norm,1.000,24,INCLUDED
Proceedings of SPIE - The International Society for Optical Engineering,Proceedings of SPIE - The International Society for Optical Engineering,SJR,-,exact_norm,1.000,24,EXCLUDED
"Proceedings of the ACM Symposium on Virtual Reality Software and Technology, VRST",ACM Virtual Reality Software and Technology,CORE,B,fuzzy,0.940,24,EXCLUDED
Frontiers in Neurology,Frontiers in Neurology,SJR,Q2,exact_norm,1.000,23,EXCLUDED
Proceedings of the ACM symposium on Virtual reality software and technology - VRST '01,ACM Virtual Reality Software and Technology,CORE,B,fuzzy,0.907,23,EXCLUDED
Lecture Notes in Computer Science,Lecture Notes in Computer Science,SJR,Q2,exact_norm,1.000,22,EXCLUDED
Frontiers in Human Neuroscience,Frontiers in Human Neuroscience,SJR,Q1,exact_norm,1.000,21,INCLUDED
Frontiers in Psychology,Frontiers in Psychology,SJR,Q1,exact_norm,1.000,21,INCLUDED
Journal on Computing and Cultural Heritage,Journal on Computing and Cultural Heritage,SJR,Q1,exact_norm,1.000,21,INCLUDED
Annual Review of CyberTherapy and Telemedicine,Annual Review of CyberTherapy and Telemedicine,SJR,Q4,exact_norm,1.000,21,EXCLUDED
International Journal of Environmental Research and Public Health,International Journal of Environmental Research and Public Health,SJR,Q1,exact_norm,1.000,20,INCLUDED
Communications in Computer and Information Science,Communications in Computer and Information Science,SJR,Q4,exact_norm,1.000,20,EXCLUDED
Studies in Health Technology and Informatics,Studies in Health Technology and Informatics,SJR,Q3,exact_norm,1.000,20,EXCLUDED
Applied Sciences (Switzerland),Applied Sciences,SJR,Q4,exact_norm,1.000,19,EXCLUDED
SAE Technical Papers,SAE Technical Papers,SJR,-,exact_norm,1.000,19,EXCLUDED
Proceedings of the 2018 CHI Conference on Human Factors in Computing Systems,International Conference on Human Factors in Computing Systems,CORE,A*,fuzzy,0.939,18,INCLUDED
Brain Sciences,Brain Sciences,SJR,Q2,exact_norm,1.000,18,EXCLUDED
Journal of Medical Internet Research,Journal of Medical Internet Research,SJR,Q1,exact_norm,1.000,17,INCLUDED
IEEE Transactions on Haptics,IEEE Transactions on Haptics,SJR,Q2,issn,1.000,16,EXCLUDED
2024 IEEE conference on virtual reality and 3D user interfaces abstracts and workshops (VRW),IEEE Conference on Virtual Reality and 3D User Interfaces,CORE,A*,exact_norm,1.000,15,INCLUDED
2025 IEEE conference on virtual reality and 3D user interfaces abstracts and workshops (VRW),IEEE Conference on Virtual Reality and 3D User Interfaces,CORE,A*,exact_norm,1.000,15,INCLUDED
Orthopaedic Journal of Sports Medicine,Orthopaedic Journal of Sports Medicine,SJR,Q1,exact_norm,1.000,15,INCLUDED
"Cyberpsychology, Behavior, and Social Networking","Cyberpsychology, Behavior, and Social Networking",SJR,Q1,exact_norm,1.000,15,INCLUDED
Communications of the ACM,Communications of the ACM,SJR,Q1,exact_norm,1.000,15,INCLUDED
Proceedings of the 2017 CHI Conference on Human Factors in Computing Systems,International Conference on Human Factors in Computing Systems,CORE,A*,fuzzy,0.939,15,INCLUDED
NeuroRehabilitation,NeuroRehabilitation,SJR,Q2,exact_norm,1.000,15,EXCLUDED
Computer Animation and Virtual Worlds,Computer Animation and Virtual Worlds,SJR,Q2,exact_norm,1.000,15,EXCLUDED
ACM Transactions on Computer-Human Interaction,International Conference on Advances in Computer-Human Interactions,CORE,C,fuzzy,0.879,15,EXCLUDED
2018 IEEE conference on virtual reality and 3D user interfaces (VR),IEEE Conference on Virtual Reality and 3D User Interfaces,CORE,A*,exact_norm,1.000,14,INCLUDED
2020 IEEE conference on virtual reality and 3D user interfaces (VR),IEEE Conference on Virtual Reality and 3D User Interfaces,CORE,A*,exact_norm,1.000,14,INCLUDED
2022 IEEE conference on virtual reality and 3D user interfaces (VR),IEEE Conference on Virtual Reality and 3D User Interfaces,CORE,A*,exact_norm,1.000,14,INCLUDED
Computers in Human Behavior,Computers in Human Behavior,SJR,Q1,exact_norm,1.000,14,INCLUDED
Games for Health Journal,Games for Health Journal,SJR,Q1,exact_norm,1.000,14,INCLUDED
Archives of Physical Medicine and Rehabilitation,Archives of Physical Medicine and Rehabilitation,SJR,Q1,exact_norm,1.000,14,INCLUDED
2026 IEEE conference on virtual reality and 3D user interfaces abstracts and workshops (VRW),IEEE Conference on Virtual Reality and 3D User Interfaces,CORE,A*,exact_norm,1.000,14,INCLUDED
Human Movement Science,Human Movement Science,SJR,Q2,exact_norm,1.000,14,EXCLUDED
Sensors,Journal of Sensors,SJR,Q2,exact_norm,1.000,14,EXCLUDED
Proceedings of the ACM Symposium on Applied Perception,ACM Symposium on Applied Perception,CORE,B,exact_norm,1.000,14,EXCLUDED
Neurorehabilitation and Neural Repair,Neurorehabilitation and Neural Repair,SJR,Q1,exact_norm,1.000,13,INCLUDED
JMIR Serious Games,JMIR Serious Games,SJR,Q1,exact_norm,1.000,13,INCLUDED
"ACM Transactions on Multimedia Computing, Communications, and Applications","ACM Transactions on Multimedia Computing, Communications and Applications",SJR,Q1,exact_norm,1.000,13,INCLUDED
ACM International Conference on Interactive Media Experiences,ACM International Conference on Interactive Media Experiences,CORE,C,exact_norm,1.000,13,EXCLUDED
PLOS ONE,PLOS ONE,SJR,Q1,exact_norm,1.000,12,INCLUDED
IEEE Access,IEEE Access,SJR,Q1,exact_norm,1.000,12,INCLUDED
IEEE Computer Graphics and Applications,Pacific Conference on Computer Graphics and Applications,CORE,Journal Published,fuzzy,0.877,12,EXCLUDED
ACM Transactions on Accessible Computing,ACM Transactions on Accessible Computing,SJR,Q3,exact_norm,1.000,12,EXCLUDED
2021 IEEE virtual reality and 3D user interfaces (VR),IEEE Conference on Virtual Reality and 3D User Interfaces,CORE,A*,exact_norm,1.000,11,INCLUDED
2024 IEEE international symposium on mixed and augmented reality (ISMAR),IEEE/ACM International Symposium on Mixed and Augmented Reality,CORE,A*,acronym,1.000,11,INCLUDED
Proceedings of the ACM on Computer Graphics and Interactive Techniques,ACM SIG International Conference on Computer Graphics and Interactive Techniques,CORE,A*,fuzzy,0.957,11,INCLUDED
Lecture Notes in Networks and Systems,Lecture Notes in Networks and Systems,SJR,Q4,exact_norm,1.000,11,EXCLUDED
CEUR Workshop Proceedings,CEUR Workshop Proceedings,SJR,-,exact_norm,1.000,11,EXCLUDED
Proceedings of the 22nd International Conference on Mobile and Ubiquitous Multimedia,Mobile and Ubiquitous Multimedia (ACM),CORE,B,exact_norm,1.000,11,EXCLUDED
Proceedings of the 25th ACM International Conference on Intelligent Virtual Agents,Intelligent Virtual Agents,CORE,B,fuzzy,0.929,11,EXCLUDED
2021 IEEE conference on virtual reality and 3D user interfaces abstracts and workshops (VRW),IEEE Conference on Virtual Reality and 3D User Interfaces,CORE,A*,exact_norm,1.000,10,INCLUDED
2025 IEEE international symposium on mixed and augmented reality (ISMAR),IEEE/ACM International Symposium on Mixed and Augmented Reality,CORE,A*,acronym,1.000,10,INCLUDED
IEEE Robotics and Automation Letters,IEEE Robotics and Automation Letters,SJR,Q1,issn,1.000,10,INCLUDED
IEEE Sensors Journal,IEEE Sensors Journal,SJR,Q1,issn,1.000,10,INCLUDED
Proceedings of the 38th Annual ACM Symposium on User Interface Software and Technology,ACM Symposium on User Interface Software and Technology,CORE,A*,exact_norm,1.000,10,INCLUDED
The 26th International ACM SIGACCESS Conference on Computers and Accessibility,International ACM SIGACCESS Conference on Computers and Accessibility,CORE,A,exact_norm,1.000,10,INCLUDED
Journal of Vision,Vision,SJR,Q3,exact_norm,1.000,10,EXCLUDED
2025 IEEE international symposium on mixed and augmented reality adjunct (ISMAR-adjunct),IEEE/ACM International Symposium on Mixed and Augmented Reality,CORE,A*,acronym,1.000,9,INCLUDED
2020 IEEE conference on virtual reality and 3D user interfaces abstracts and workshops (VRW),IEEE Conference on Virtual Reality and 3D User Interfaces,CORE,A*,exact_norm,1.000,9,INCLUDED
2023 IEEE conference virtual reality and 3D user interfaces (VR),IEEE Conference on Virtual Reality and 3D User Interfaces,CORE,A*,acronym,1.000,9,INCLUDED
BMJ Open,BMJ Open,SJR,Q1,exact_norm,1.000,9,INCLUDED
Multimedia Tools and Applications,Multimedia Tools and Applications,SJR,Q1,exact_norm,1.000,9,INCLUDED
Children,Children,SJR,Q1,exact_norm,1.000,9,INCLUDED
Clinical Rehabilitation,Clinical Rehabilitation,SJR,Q1,exact_norm,1.000,9,INCLUDED
Computer Graphics Forum,Computer Graphics Forum,SJR,Q1,exact_norm,1.000,9,INCLUDED
Lecture Notes in Electrical Engineering,Lecture Notes in Electrical Engineering,SJR,Q4,exact_norm,1.000,9,EXCLUDED
Journal of Image and Graphics,International Conference on Image and Graphics,CORE,National: China,exact_norm,1.000,9,EXCLUDED
Trials,Trials,SJR,Q2,exact_norm,1.000,9,EXCLUDED
Computers and Graphics (Pergamon),Computer Graphics International,CORE,C,fuzzy,0.971,9,EXCLUDED
Proceedings of the International Conference on Mobile and Ubiquitous Multimedia,Mobile and Ubiquitous Multimedia (ACM),CORE,B,exact_norm,1.000,9,EXCLUDED
Companion Proceedings of the 2024 Annual Symposium on Computer-Human Interaction in Play,CHI PLAY: The Annual Symposium on Computer-Human Interaction in Play,CORE,Journal Published,fuzzy,0.864,9,EXCLUDED
ACM Symposium on Eye Tracking Research and Applications,Eye Tracking Research and Applications,CORE,B,fuzzy,0.944,9,EXCLUDED
2017 IEEE virtual reality (VR),IEEE Conference on Virtual Reality and 3D User Interfaces,CORE,A*,acronym,1.000,8,INCLUDED
2022 IEEE conference on virtual reality and 3D user interfaces abstracts and workshops (VRW),IEEE Conference on Virtual Reality and 3D User Interfaces,CORE,A*,exact_norm,1.000,8,INCLUDED
PeerJ,PeerJ,SJR,Q1,exact_norm,1.000,8,INCLUDED
Applied Ergonomics,Applied Ergonomics,SJR,Q1,exact_norm,1.000,8,INCLUDED
Disability and Rehabilitation: Assistive Technology,Disability and Rehabilitation: Assistive Technology,SJR,Q1,exact_norm,1.000,8,INCLUDED
Physical Therapy,Physical Therapy,SJR,Q1,exact_norm,1.000,8,INCLUDED
Proceedings of the 35th Annual ACM Symposium on User Interface Software and Technology,ACM Symposium on User Interface Software and Technology,CORE,A*,exact_norm,1.000,8,INCLUDED
IEEE Transactions on Multimedia,IEEE International Symposium on Multimedia,CORE,C,exact_norm,1.000,8,EXCLUDED
Electronics (Switzerland),Electronics,SJR,Q4,exact_norm,1.000,8,EXCLUDED
International Journal of Clothing Science and Technology,International Journal of Clothing Science and Technology,SJR,Q3,exact_norm,1.000,8,EXCLUDED
Journal of Biomechanics,International Biomechanics,SJR,Q3,exact_norm,1.000,8,EXCLUDED
Presence: Teleoperators and Virtual Environments,Presence: Teleoperators and Virtual Environments,SJR,Q3,exact_norm,1.000,8,EXCLUDED
Proceedings of the 36th Australasian Conference on Human-Computer Interaction,Indian Conference on Human-Computer Interaction,CORE,National: India,fuzzy,0.833,8,EXCLUDED
Creativity and Cognition,Creativity and Cognition,CORE,B,exact_norm,1.000,8,EXCLUDED
Proceedings of the 2022 International Conference on Advanced Visual Interfaces,Advanced Visual Interfaces,CORE,B,exact_norm,1.000,8,EXCLUDED
2015 IEEE virtual reality (VR),IEEE Conference on Virtual Reality and 3D User Interfaces,CORE,A*,acronym,1.000,7,INCLUDED
2023 IEEE international symposium on mixed and augmented reality (ISMAR),IEEE/ACM International Symposium on Mixed and Augmented Reality,CORE,A*,acronym,1.000,7,INCLUDED
European Journal of Physical and Rehabilitation Medicine,European Journal of Physical and Rehabilitation Medicine,SJR,Q1,exact_norm,1.000,7,INCLUDED
Multiple Sclerosis and Related Disorders,Multiple Sclerosis and Related Disorders,SJR,Q1,exact_norm,1.000,7,INCLUDED
Cognition,Journal of Cognition,SJR,Q1,exact_norm,1.000,7,INCLUDED
Clinical Interventions in Aging,Clinical Interventions in Aging,SJR,Q1,exact_norm,1.000,7,INCLUDED
Monthly Notices of the Royal Astronomical Society,Monthly Notices of the Royal Astronomical Society,SJR,Q1,exact_norm,1.000,7,INCLUDED
Physiotherapy (United Kingdom),Physiotherapy (United Kingdom),SJR,Q1,exact_norm,1.000,7,INCLUDED
Proceedings of the 33rd ACM International Conference on Multimedia,ACM Multimedia,CORE,A*,exact_norm,1.000,7,INCLUDED
Proceedings of the 37th Annual ACM Symposium on User Interface Software and Technology,ACM Symposium on User Interface Software and Technology,CORE,A*,exact_norm,1.000,7,INCLUDED
Proceedings of the 29th Annual Symposium on User Interface Software and Technology,ACM Symposium on User Interface Software and Technology,CORE,A*,fuzzy,0.944,7,INCLUDED
Fangzhi Xuebao/Journal of Textile Research,Fangzhi Xuebao/Journal of Textile Research,SJR,Q3,exact_norm,1.000,7,EXCLUDED
Medicina (Lithuania),Medicina (Brazil),SJR,Q4,exact_norm,1.000,7,EXCLUDED
"Smart Innovation, Systems and Technologies",World Conference on Information Systems and Technologies,CORE,C,fuzzy,0.827,7,EXCLUDED
Journal of Personalized Medicine,Personalized Medicine,SJR,Q3,exact_norm,1.000,7,EXCLUDED
Technology and Health Care,Technology and Health Care,SJR,Q3,exact_norm,1.000,7,EXCLUDED
Proceedings of the Human Factors and Ergonomics Society,Proceedings of the Human Factors and Ergonomics Society,SJR,-,exact_norm,1.000,7,EXCLUDED
"Proceedings of the International Astronautical Congress, IAC","Proceedings of the International Astronautical Congress, IAC",SJR,-,exact_norm,1.000,7,EXCLUDED
Journal of Physics: Conference Series,Journal of Physics: Conference Series,SJR,-,exact_norm,1.000,7,EXCLUDED
Adjunct Proceedings of the 25th ACM International Conference on Intelligent Virtual Agents,Intelligent Virtual Agents,CORE,B,fuzzy,0.929,7,EXCLUDED
ACM Symposium on Applied Perception 2023,ACM Symposium on Applied Perception,CORE,B,exact_norm,1.000,7,EXCLUDED
32nd Australian Conference on Human-Computer Interaction,Indian Conference on Human-Computer Interaction,CORE,National: India,fuzzy,0.857,7,EXCLUDED
Proceedings of the 35th Australian Computer-Human Interaction Conference,Australian Computer Human Interaction Conference,CORE,Australasian B,exact_norm,1.000,7,EXCLUDED
Proceedings of the 2018 International Conference on Advanced Visual Interfaces,Advanced Visual Interfaces,CORE,B,exact_norm,1.000,7,EXCLUDED
2020 IEEE international symposium on mixed and augmented reality (ISMAR),IEEE/ACM International Symposium on Mixed and Augmented Reality,CORE,A*,acronym,1.000,6,INCLUDED
IEEE Transactions on Learning Technologies,IEEE Transactions on Learning Technologies,SJR,Q1,issn,1.000,6,INCLUDED
2023 IEEE international symposium on mixed and augmented reality adjunct (ISMAR-adjunct),IEEE/ACM International Symposium on Mixed and Augmented Reality,CORE,A*,acronym,1.000,6,INCLUDED
2022 IEEE international symposium on mixed and augmented reality (ISMAR),IEEE/ACM International Symposium on Mixed and Augmented Reality,CORE,A*,acronym,1.000,6,INCLUDED
IEEE Internet of Things Journal,IEEE Internet of Things Journal,SJR,Q1,issn,1.000,6,INCLUDED
Aging Clinical and Experimental Research,Aging Clinical and Experimental Research,SJR,Q1,exact_norm,1.000,6,INCLUDED
Frontiers in Medicine,Frontiers in Medicine,SJR,Q1,exact_norm,1.000,6,INCLUDED
Annals of Physical and Rehabilitation Medicine,Annals of Physical and Rehabilitation Medicine,SJR,Q1,exact_norm,1.000,6,INCLUDED
American Journal of Physical Medicine and Rehabilitation,American Journal of Physical Medicine and Rehabilitation,SJR,Q1,exact_norm,1.000,6,INCLUDED
Acta Psychologica,Acta Psychologica,SJR,Q1,exact_norm,1.000,6,INCLUDED
Cochrane Database of Systematic Reviews,Cochrane Database of Systematic Reviews,SJR,Q1,exact_norm,1.000,6,INCLUDED
Frontiers in Psychiatry,Frontiers in Psychiatry,SJR,Q1,exact_norm,1.000,6,INCLUDED
Laryngoscope,Laryngoscope,SJR,Q1,exact_norm,1.000,6,INCLUDED
Appetite,Appetite,SJR,Q1,exact_norm,1.000,6,INCLUDED
Automation in Construction,Automation in Construction,SJR,Q1,exact_norm,1.000,6,INCLUDED
Proceedings of the 32nd Annual ACM Symposium on User Interface Software and Technology,ACM Symposium on User Interface Software and Technology,CORE,A*,exact_norm,1.000,6,INCLUDED
Proceedings of the 25th ACM international conference on Multimedia,ACM Multimedia,CORE,A*,exact_norm,1.000,6,INCLUDED
World Neurosurgery,World Neurosurgery,SJR,Q2,exact_norm,1.000,6,EXCLUDED
Eating and Weight Disorders,Eating and Weight Disorders,SJR,Q2,exact_norm,1.000,6,EXCLUDED
International Journal of Computer Assisted Radiology and Surgery,International Journal of Computer Assisted Radiology and Surgery,SJR,Q2,exact_norm,1.000,6,EXCLUDED
International Journal of Industrial Ergonomics,International Journal of Industrial Ergonomics,SJR,Q2,exact_norm,1.000,6,EXCLUDED
Medicine (United States),Medicine (Spain),SJR,Q4,exact_norm,1.000,6,EXCLUDED
Journal of the Pakistan Medical Association,Journal of the Pakistan Medical Association,SJR,Q3,exact_norm,1.000,6,EXCLUDED
Journal of Burn Care and Research,Journal of Burn Care and Research,SJR,Q2,exact_norm,1.000,6,EXCLUDED
Journal of Neurology,Neurology International,SJR,Q2,exact_norm,1.000,6,EXCLUDED
BioMed Research International,BioMed Research International,SJR,Q2,exact_norm,1.000,6,EXCLUDED
Proceedings - IEEE International Conference on Robotics and Automation,Proceedings - IEEE International Conference on Robotics and Automation,SJR,-,exact_norm,1.000,6,EXCLUDED
Frontiers Robotics AI,Frontiers in Robotics and AI,SJR,Q2,exact_norm,1.000,6,EXCLUDED
Proceedings of the 24th International Conference on Mobile and Ubiquitous Multimedia,Mobile and Ubiquitous Multimedia (ACM),CORE,B,exact_norm,1.000,6,EXCLUDED
Proceedings of the 23rd ACM International Conference on Intelligent Virtual Agents,Intelligent Virtual Agents,CORE,B,fuzzy,0.929,6,EXCLUDED
Proceedings of the 2025 ACM International Conference on Interactive Media Experiences,ACM International Conference on Interactive Media Experiences,CORE,C,exact_norm,1.000,6,EXCLUDED
Proceedings of the 2024 International Conference on Advanced Visual Interfaces,Advanced Visual Interfaces,CORE,B,exact_norm,1.000,6,EXCLUDED
ACM Symposium on Applied Perception 2024,ACM Symposium on Applied Perception,CORE,B,exact_norm,1.000,6,EXCLUDED
Proceedings of the ACM International Conference on Intelligent Virtual Agents,Intelligent Virtual Agents,CORE,B,fuzzy,0.929,6,EXCLUDED
Proceedings of the 17th International Conference on Mobile and Ubiquitous Multimedia,Mobile and Ubiquitous Multimedia (ACM),CORE,B,exact_norm,1.000,6,EXCLUDED
Proceedings of the International Conference on Advanced Visual Interfaces,Advanced Visual Interfaces,CORE,B,exact_norm,1.000,6,EXCLUDED
2025 IEEE conference virtual reality and 3D user interfaces (VR),IEEE Conference on Virtual Reality and 3D User Interfaces,CORE,A*,acronym,1.000,5,INCLUDED
2024 IEEE conference virtual reality and 3D user interfaces (VR),IEEE Conference on Virtual Reality and 3D User Interfaces,CORE,A*,acronym,1.000,5,INCLUDED
2024 IEEE international symposium on mixed and augmented reality adjunct (ISMAR-adjunct),IEEE/ACM International Symposium on Mixed and Augmented Reality,CORE,A*,acronym,1.000,5,INCLUDED
2023 IEEE conference on virtual reality and 3D user interfaces abstracts and workshops (VRW),IEEE Conference on Virtual Reality and 3D User Interfaces,CORE,A*,exact_norm,1.000,5,INCLUDED
IEEE Transactions on Human-Machine Systems,IEEE Transactions on Human-Machine Systems,SJR,Q1,issn,1.000,5,INCLUDED
2023 IEEE/CVF conference on computer vision and pattern recognition (CVPR),IEEE Conference on Computer Vision and Pattern Recognition,CORE,A*,acronym,1.000,5,INCLUDED
Psychiatry Research,Psychiatry Research,SJR,Q1,exact_norm,1.000,5,INCLUDED
Foot and Ankle International,Foot and Ankle International,SJR,Q1,exact_norm,1.000,5,INCLUDED
Topics in Stroke Rehabilitation,Topics in Stroke Rehabilitation,SJR,Q1,exact_norm,1.000,5,INCLUDED
Schizophrenia Research,Schizophrenia Research,SJR,Q1,exact_norm,1.000,5,INCLUDED
Neurological Sciences,Neurological Sciences,SJR,Q1,exact_norm,1.000,5,INCLUDED
Clinical Journal of Pain,Clinical Journal of Pain,SJR,Q1,exact_norm,1.000,5,INCLUDED
Heliyon,Heliyon,SJR,Q1,exact_norm,1.000,5,INCLUDED
Journal of Diabetes Science and Technology,Journal of Diabetes Science and Technology,SJR,Q1,exact_norm,1.000,5,INCLUDED
Forensic Science International,Forensic Science International,SJR,Q1,exact_norm,1.000,5,INCLUDED
Proceedings of the 36th Annual ACM Symposium on User Interface Software and Technology,ACM Symposium on User Interface Software and Technology,CORE,A*,exact_norm,1.000,5,INCLUDED
Adjunct Proceedings of the 38th Annual ACM Symposium on User Interface Software and Technology,ACM Symposium on User Interface Software and Technology,CORE,A*,exact_norm,1.000,5,INCLUDED
The 25th International ACM SIGACCESS Conference on Computers and Accessibility,International ACM SIGACCESS Conference on Computers and Accessibility,CORE,A,exact_norm,1.000,5,INCLUDED
Proceedings of the 31st ACM International Conference on Multimedia,ACM Multimedia,CORE,A*,exact_norm,1.000,5,INCLUDED
Proceedings of the 32nd ACM International Conference on Multimedia,ACM Multimedia,CORE,A*,exact_norm,1.000,5,INCLUDED
Proceedings of the 2016 CHI Conference on Human Factors in Computing Systems,International Conference on Human Factors in Computing Systems,CORE,A*,fuzzy,0.939,5,INCLUDED
Proceedings of the 31st Annual ACM Symposium on User Interface Software and Technology,ACM Symposium on User Interface Software and Technology,CORE,A*,exact_norm,1.000,5,INCLUDED
2025 IEEE/CVF international conference on computer vision (ICCV),IEEE International Conference on Computer Vision,CORE,A*,acronym,1.000,5,INCLUDED
2025 11th international conference on virtual reality (ICVR),International Conference on Virtual Rehabilitation,CORE,Unranked,acronym,1.000,5,EXCLUDED
Neuropsychologia,Neuropsychologia,SJR,Q2,exact_norm,1.000,5,EXCLUDED
Psychological Research,International Journal of Psychological Research,SJR,Q3,exact_norm,1.000,5,EXCLUDED
Displays,Displays,SJR,Q2,exact_norm,1.000,5,EXCLUDED
Physiotherapy Theory and Practice,Physiotherapy Theory and Practice,SJR,Q2,exact_norm,1.000,5,EXCLUDED
Frontiers in Neuroscience,Frontiers in Neuroscience,SJR,Q2,exact_norm,1.000,5,EXCLUDED
Visual Computer,International Symposium on Visual Computing,CORE,National: USA,fuzzy,0.839,5,EXCLUDED
Textile Research Journal,Textile Research Journal,SJR,Q2,exact_norm,1.000,5,EXCLUDED
Journal of Motor Behavior,Journal of Motor Behavior,SJR,Q3,exact_norm,1.000,5,EXCLUDED
Medical Science Monitor,Medical Science Monitor,SJR,Q2,exact_norm,1.000,5,EXCLUDED
Journal of Vestibular Research: Equilibrium and Orientation,Journal of Vestibular Research: Equilibrium and Orientation,SJR,Q2,exact_norm,1.000,5,EXCLUDED
BMC Neurology,BMC Neurology,SJR,Q2,exact_norm,1.000,5,EXCLUDED
IFMBE Proceedings,IFMBE Proceedings,SJR,-,exact_norm,1.000,5,EXCLUDED
Movement Disorders,Journal of Movement Disorders,SJR,Q2,exact_norm,1.000,5,EXCLUDED
Quarterly Journal of Experimental Psychology,Quarterly Journal of Experimental Psychology,SJR,Q2,exact_norm,1.000,5,EXCLUDED
Brazilian Journal of Otorhinolaryngology,Brazilian Journal of Otorhinolaryngology,SJR,Q2,exact_norm,1.000,5,EXCLUDED
Neuroscience Letters,Neuroscience Letters,SJR,Q3,exact_norm,1.000,5,EXCLUDED
Gerontology,International Journal of Gerontology,SJR,Q4,exact_norm,1.000,5,EXCLUDED
Revista de Neurologia,Revista de Neurologia (discontinued),SJR,-,exact_norm,1.000,5,EXCLUDED
Studies in health technology and informatics,Studies in Health Technology and Informatics,SJR,Q3,issn,1.000,5,EXCLUDED
Proceedings of the 27th International Conference on Multimodal Interaction,International Conference on Multimodal Interaction (was International Conference on Multimodal Interfaces),CORE,B,exact_norm,1.000,5,EXCLUDED
Proceedings of the 18th ACM International Conference on Multimodal Interaction,International Conference on Multimodal Interaction (was International Conference on Multimodal Interfaces),CORE,B,fuzzy,0.917,5,EXCLUDED
Proceedings of the 2023 ACM International Conference on Interactive Media Experiences,ACM International Conference on Interactive Media Experiences,CORE,C,exact_norm,1.000,5,EXCLUDED
Graphics Interface,Graphics Interface,CORE,B,exact_norm,1.000,5,EXCLUDED
Proceedings of the 17th International Symposium on Visual Information Communication and Interaction,Visual Information Communication and Interaction,CORE,C,exact_norm,1.000,5,EXCLUDED
"Proceedings of the Twelfth International Conference on Tangible, Embedded, and Embodied Interaction","Tangible, Embedded, and Embodied Interaction",CORE,B,fuzzy,0.905,5,EXCLUDED
33rd Australian Conference on Human-Computer Interaction,Indian Conference on Human-Computer Interaction,CORE,National: India,fuzzy,0.857,5,EXCLUDED
Proceedings of the 31st Australian Conference on Human-Computer-Interaction,Indian Conference on Human-Computer Interaction,CORE,National: India,fuzzy,0.857,5,EXCLUDED
Proceedings of the 11th International Conference on Automotive User Interfaces and Interactive Vehicular Applications: Adjunct Proceedings,International ACM Conference on Automotive User Interfaces and Interactive Vehicular Applications,CORE,B,fuzzy,0.884,5,EXCLUDED
Proceedings of the 2022 ACM International Joint Conference on Pervasive and Ubiquitous Computing,ACM International Joint Conference on Pervasive and Ubiquitous Computing (PERVASIVE and UbiComp combined from 2013),CORE,journal published,exact_norm,1.000,5,EXCLUDED
2016 IEEE virtual reality (VR),IEEE Conference on Virtual Reality and 3D User Interfaces,CORE,A*,acronym,1.000,4,INCLUDED
2021 IEEE international symposium on mixed and augmented reality adjunct (ISMAR-adjunct),IEEE/ACM International Symposium on Mixed and Augmented Reality,CORE,A*,acronym,1.000,4,INCLUDED
2025 IEEE/CVF conference on computer vision and pattern recognition (CVPR),IEEE Conference on Computer Vision and Pattern Recognition,CORE,A*,acronym,1.000,4,INCLUDED
2019 IEEE international symposium on mixed and augmented reality (ISMAR),IEEE/ACM International Symposium on Mixed and Augmented Reality,CORE,A*,acronym,1.000,4,INCLUDED
2022 IEEE international symposium on mixed and augmented reality adjunct (ISMAR-adjunct),IEEE/ACM International Symposium on Mixed and Augmented Reality,CORE,A*,acronym,1.000,4,INCLUDED
IEEE Transactions on Pattern Analysis and Machine Intelligence,IEEE Transactions on Pattern Analysis and Machine Intelligence,SJR,Q1,issn,1.000,4,INCLUDED
IEEE Transactions on Instrumentation and Measurement,IEEE Transactions on Instrumentation and Measurement,SJR,Q1,issn,1.000,4,INCLUDED
IEEE Network,IEEE Network,SJR,Q1,issn,1.000,4,INCLUDED
2023 IEEE/CVF international conference on computer vision (ICCV),IEEE International Conference on Computer Vision,CORE,A*,acronym,1.000,4,INCLUDED
Disability and Rehabilitation,Disability and Rehabilitation,SJR,Q1,exact_norm,1.000,4,INCLUDED
eNeuro,eNeuro,SJR,Q1,exact_norm,1.000,4,INCLUDED
Cancers,Cancers,SJR,Q1,exact_norm,1.000,4,INCLUDED
Journal of Psychiatric Research,Journal of Psychiatric Research,SJR,Q1,exact_norm,1.000,4,INCLUDED
"BMC Sports Science, Medicine and Rehabilitation","BMC Sports Science, Medicine and Rehabilitation",SJR,Q1,exact_norm,1.000,4,INCLUDED
ACM Transactions on Computing for Healthcare,ACM Transactions on Computing for Healthcare,SJR,Q1,exact_norm,1.000,4,INCLUDED
International Journal of Eating Disorders,Eating Disorders,SJR,Q1,exact_norm,1.000,4,INCLUDED
Journal of Anxiety Disorders,Journal of Anxiety Disorders,SJR,Q1,exact_norm,1.000,4,INCLUDED
Pain,Journal of Pain,SJR,Q1,exact_norm,1.000,4,INCLUDED
BMC Medical Education,BMC Medical Education,SJR,Q1,exact_norm,1.000,4,INCLUDED
"ACM Transactions on Multimedia Computing, Communications and Applications","ACM Transactions on Multimedia Computing, Communications and Applications",SJR,Q1,exact_norm,1.000,4,INCLUDED
European Spine Journal,European Spine Journal,SJR,Q1,exact_norm,1.000,4,INCLUDED
European Archives of Oto-Rhino-Laryngology,European Archives of Oto-Rhino-Laryngology,SJR,Q1,exact_norm,1.000,4,INCLUDED
Journal of Arthroplasty,Arthroplasty,SJR,Q1,exact_norm,1.000,4,INCLUDED
Journal of Shoulder and Elbow Surgery,Journal of Shoulder and Elbow Surgery,SJR,Q1,exact_norm,1.000,4,INCLUDED
Behaviour and Information Technology,Behaviour and Information Technology,SJR,Q1,exact_norm,1.000,4,INCLUDED
Frontiers in Aging Neuroscience,Frontiers in Aging Neuroscience,SJR,Q1,exact_norm,1.000,4,INCLUDED
European Eating Disorders Review,European Eating Disorders Review,SJR,Q1,exact_norm,1.000,4,INCLUDED
Journal of Environmental Psychology,Journal of Environmental Psychology,SJR,Q1,exact_norm,1.000,4,INCLUDED
ACM Computing Surveys,ACM Computing Surveys,SJR,Q1,exact_norm,1.000,4,INCLUDED
Nutrients,Nutrients,SJR,Q1,exact_norm,1.000,4,INCLUDED
Journal of Knee Surgery,Journal of Knee Surgery,SJR,Q1,exact_norm,1.000,4,INCLUDED
American Journal of Sports Medicine,American Journal of Sports Medicine,SJR,Q1,exact_norm,1.000,4,INCLUDED
Journal of Autism and Developmental Disorders,Journal of Autism and Developmental Disorders,SJR,Q1,exact_norm,1.000,4,INCLUDED
Proceedings of the National Academy of Sciences of the United States of America,Proceedings of the National Academy of Sciences of the United States of America,SJR,Q1,exact_norm,1.000,4,INCLUDED
Human Factors,Human Factors,SJR,Q1,exact_norm,1.000,4,INCLUDED
Journal of Pain,Journal of Pain,SJR,Q1,exact_norm,1.000,4,INCLUDED
Contemporary Clinical Trials,Contemporary Clinical Trials,SJR,Q1,exact_norm,1.000,4,INCLUDED
Proceedings of the 24th International ACM SIGACCESS Conference on Computers and Accessibility,International ACM SIGACCESS Conference on Computers and Accessibility,CORE,A,exact_norm,1.000,4,INCLUDED
ACM Transactions on Human-Robot Interaction,ACM/IEEE International Conference on Human-Robot Interaction,CORE,A*,fuzzy,0.915,4,INCLUDED
Proceedings of the 33rd Annual ACM Conference on Human Factors in Computing Systems,International Conference on Human Factors in Computing Systems,CORE,A*,fuzzy,0.939,4,INCLUDED
Adjunct Proceedings of the 35th Annual ACM Symposium on User Interface Software and Technology,ACM Symposium on User Interface Software and Technology,CORE,A*,exact_norm,1.000,4,INCLUDED
The 37th Annual ACM Symposium on User Interface Software and Technology,ACM Symposium on User Interface Software and Technology,CORE,A*,exact_norm,1.000,4,INCLUDED
Adjunct Proceedings of the 36th Annual ACM Symposium on User Interface Software and Technology,ACM Symposium on User Interface Software and Technology,CORE,A*,exact_norm,1.000,4,INCLUDED
Proceedings of the 27th International ACM SIGACCESS Conference on Computers and Accessibility,International ACM SIGACCESS Conference on Computers and Accessibility,CORE,A,exact_norm,1.000,4,INCLUDED
Proceedings of the 2025 4th International Conference on Artificial Intelligence and Education,International Conference on Artificial Intelligence in Education,CORE,A,exact_norm,1.000,4,INCLUDED
Proceedings of the 24th ACM international conference on Multimedia,ACM Multimedia,CORE,A*,exact_norm,1.000,4,INCLUDED
Adjunct Proceedings of the 34th Annual ACM Symposium on User Interface Software and Technology,ACM Symposium on User Interface Software and Technology,CORE,A*,exact_norm,1.000,4,INCLUDED
Proceedings of the 30th Annual International Conference on Mobile Computing and Networking,ACM International Conference on Mobile Computing and Networking,CORE,A*,fuzzy,0.931,4,INCLUDED
Proceedings of the 33rd Annual ACM Symposium on User Interface Software and Technology,ACM Symposium on User Interface Software and Technology,CORE,A*,exact_norm,1.000,4,INCLUDED
Proceedings of the 13th ACM Multimedia Systems Conference,ACM Multimedia Systems Conference,CORE,A,exact_norm,1.000,4,INCLUDED
The 34th Annual ACM Symposium on User Interface Software and Technology,ACM Symposium on User Interface Software and Technology,CORE,A*,exact_norm,1.000,4,INCLUDED
Interacting with Computers,Interacting with Computers,SJR,Q2,issn,1.000,4,EXCLUDED
Computer,Computer,SJR,Q2,issn,1.000,4,EXCLUDED
IEEE Transactions on Games,IEEE Transactions on Games,SJR,Q2,issn,1.000,4,EXCLUDED
Healthcare (Switzerland),Healthcare,SJR,Q2,exact_norm,1.000,4,EXCLUDED
"Lecture Notes of the Institute for Computer Sciences, Social-Informatics and Telecommunications Engineering, LNICST","Lecture Notes of the Institute for Computer Sciences, Social-Informatics and Telecommunications Engineering, LNICST",SJR,Q4,exact_norm,1.000,4,EXCLUDED
International Journal of Human-Computer Interaction,Human-Computer Interaction,SJR,Q2,exact_norm,1.000,4,EXCLUDED
JMIR Formative Research,JMIR Formative Research,SJR,Q2,exact_norm,1.000,4,EXCLUDED
Proceedings of the AAAI Conference on Artificial Intelligence,SGAI International Conference on Artificial Intelligence,CORE,National: UK,fuzzy,0.929,4,EXCLUDED
BMC Musculoskeletal Disorders,BMC Musculoskeletal Disorders,SJR,Q2,exact_norm,1.000,4,EXCLUDED
Frontiers in Robotics and AI,Frontiers in Robotics and AI,SJR,Q2,exact_norm,1.000,4,EXCLUDED
Journal of Clinical Neuroscience,Journal of Clinical Neuroscience,SJR,Q2,exact_norm,1.000,4,EXCLUDED
Pilot and Feasibility Studies,Pilot and Feasibility Studies,SJR,Q2,exact_norm,1.000,4,EXCLUDED
Journal of Spinal Cord Medicine,Journal of Spinal Cord Medicine,SJR,Q3,exact_norm,1.000,4,EXCLUDED
Cognitive Processing,Cognitive Processing,SJR,Q2,exact_norm,1.000,4,EXCLUDED
Neuroscience,International Journal of Neuroscience,SJR,Q3,exact_norm,1.000,4,EXCLUDED
Proceedings of Machine Learning Research,Transactions on Machine Learning Research,SJR,Q2,exact_norm,1.000,4,EXCLUDED
Applied Human Factors and Ergonomics International,Applied Human Factors and Ergonomics International,SJR,Q4,exact_norm,1.000,4,EXCLUDED
Lecture Notes in Mechanical Engineering,Lecture Notes in Mechanical Engineering,SJR,Q4,exact_norm,1.000,4,EXCLUDED
Journal of Neurophysiology,Neurophysiology,SJR,Q4,exact_norm,1.000,4,EXCLUDED
Computers and Education,International Conference on Computers in Education,CORE,C,exact_norm,1.000,4,EXCLUDED
Virtual Reality and Intelligent Hardware,Virtual Reality and Intelligent Hardware,SJR,Q2,exact_norm,1.000,4,EXCLUDED
Arquivos de Neuro-Psiquiatria,Arquivos de Neuro-Psiquiatria,SJR,Q3,exact_norm,1.000,4,EXCLUDED
Brain Injury,Brain Injury,SJR,Q3,exact_norm,1.000,4,EXCLUDED
Sensors (Switzerland),Journal of Sensors,SJR,Q2,exact_norm,1.000,4,EXCLUDED
Ruan Jian Xue Bao/Journal of Software,Ruan Jian Xue Bao/Journal of Software,SJR,Q4,exact_norm,1.000,4,EXCLUDED
International Journal on Disability and Human Development,International Journal on Disability and Human Development,SJR,Q4,exact_norm,1.000,4,EXCLUDED
Companion Proceedings of the 2020 Conference on Interactive Surfaces and Spaces,ACM International Conference on Interactive Surfaces and Spaces (was International Workshop on Horizontal Interactive Human-Computer Systems: Tabletop),CORE,Journal Published,fuzzy,0.882,4,EXCLUDED
International Conference on Human-Agent Interaction,Human-Agent Interaction,CORE,B,exact_norm,1.000,4,EXCLUDED
ACM Symposium on Applied Perception 2021,ACM Symposium on Applied Perception,CORE,B,exact_norm,1.000,4,EXCLUDED
Proceedings of the 18th International Conference on the Foundations of Digital Games,International Conference on the Foundations of Digital Games,CORE,C,exact_norm,1.000,4,EXCLUDED
Proceedings of the 19th ACM International Conference on Intelligent Virtual Agents,Intelligent Virtual Agents,CORE,B,fuzzy,0.929,4,EXCLUDED
2023 Symposium on Eye Tracking Research and Applications,Eye Tracking Research and Applications,CORE,B,exact_norm,1.000,4,EXCLUDED
Proceedings of the 2017 Conference on Interaction Design and Children,Interaction Design and Children (ACM),CORE,B,exact_norm,1.000,4,EXCLUDED
Proceedings of the 2020 International Conference on Multimodal Interaction,International Conference on Multimodal Interaction (was International Conference on Multimodal Interfaces),CORE,B,exact_norm,1.000,4,EXCLUDED
Proceedings of the 2016 ACM International Joint Conference on Pervasive and Ubiquitous Computing: Adjunct,ACM International Joint Conference on Pervasive and Ubiquitous Computing (PERVASIVE and UbiComp combined from 2013),CORE,journal published,exact_norm,1.000,4,EXCLUDED
Proceedings of the 2020 4th International Conference on Digital Signal Processing,International Conference on Image and Signal Processing,CORE,C,fuzzy,0.833,4,EXCLUDED
2010 IEEE virtual reality conference (VR),IEEE Conference on Virtual Reality and 3D User Interfaces,CORE,A*,acronym,1.000,3,INCLUDED
2024 IEEE/CVF conference on computer vision and pattern recognition (CVPR),IEEE Conference on Computer Vision and Pattern Recognition,CORE,A*,acronym,1.000,3,INCLUDED
2014 IEEE virtual reality (VR),IEEE Conference on Virtual Reality and 3D User Interfaces,CORE,A*,acronym,1.000,3,INCLUDED
2021 IEEE international symposium on mixed and augmented reality (ISMAR),IEEE/ACM International Symposium on Mixed and Augmented Reality,CORE,A*,acronym,1.000,3,INCLUDED
IEEE Transactions on Circuits and Systems for Video Technology,IEEE Transactions on Circuits and Systems for Video Technology,SJR,Q1,issn,1.000,3,INCLUDED
IEEE Transactions on Biomedical Engineering,IEEE Transactions on Biomedical Engineering,SJR,Q1,issn,1.000,3,INCLUDED
Archives of Gerontology and Geriatrics,Archives of Gerontology and Geriatrics,SJR,Q1,exact_norm,1.000,3,INCLUDED
Archives of Gynecology and Obstetrics,Archives of Gynecology and Obstetrics,SJR,Q1,exact_norm,1.000,3,INCLUDED
JMIR Medical Education,JMIR Medical Education,SJR,Q1,exact_norm,1.000,3,INCLUDED
Frontiers in Sports and Active Living,Frontiers in Sports and Active Living,SJR,Q1,exact_norm,1.000,3,INCLUDED
Stroke,International Journal of Stroke,SJR,Q1,exact_norm,1.000,3,INCLUDED
Arthroplasty Today,Arthroplasty Today,SJR,Q1,exact_norm,1.000,3,INCLUDED
"Knee Surgery, Sports Traumatology, Arthroscopy","Knee Surgery, Sports Traumatology, Arthroscopy",SJR,Q1,exact_norm,1.000,3,INCLUDED
Journal of the Royal Society Interface,Journal of the Royal Society Interface,SJR,Q1,exact_norm,1.000,3,INCLUDED
"Arthroscopy, Sports Medicine, and Rehabilitation","Arthroscopy, Sports Medicine, and Rehabilitation",SJR,Q1,exact_norm,1.000,3,INCLUDED
Computer Applications in Engineering Education,Computer Applications in Engineering Education,SJR,Q1,exact_norm,1.000,3,INCLUDED
Pain Management Nursing,Pain Management Nursing,SJR,Q1,exact_norm,1.000,3,INCLUDED
Journal of Behavior Therapy and Experimental Psychiatry,Journal of Behavior Therapy and Experimental Psychiatry,SJR,Q1,exact_norm,1.000,3,INCLUDED
Data in Brief,Data in Brief,SJR,Q1,exact_norm,1.000,3,INCLUDED
Comprehensive Psychiatry,Comprehensive Psychiatry,SJR,Q1,exact_norm,1.000,3,INCLUDED
Human Reproduction,Human Reproduction,SJR,Q1,exact_norm,1.000,3,INCLUDED
IEEE Transactions on Consumer Electronics,IEEE Transactions on Consumer Electronics,SJR,Q1,exact_norm,1.000,3,INCLUDED
Arthroscopy - Journal of Arthroscopic and Related Surgery,Arthroscopy - Journal of Arthroscopic and Related Surgery,SJR,Q1,exact_norm,1.000,3,INCLUDED
Autism Research,Autism Research,SJR,Q1,exact_norm,1.000,3,INCLUDED
F1000Research,F1000Research,SJR,Q1,exact_norm,1.000,3,INCLUDED
Astronomy and Astrophysics,Astronomy and Astrophysics,SJR,Q1,exact_norm,1.000,3,INCLUDED
Frontiers in Digital Health,Frontiers in Digital Health,SJR,Q1,exact_norm,1.000,3,INCLUDED
Current Biology,Current Biology,SJR,Q1,exact_norm,1.000,3,INCLUDED
Journal of Medical Systems,Journal of Medical Systems,SJR,Q1,exact_norm,1.000,3,INCLUDED
HIP International,HIP International,SJR,Q1,exact_norm,1.000,3,INCLUDED
Journal of Computer-Mediated Communication,Journal of Computer-Mediated Communication,SJR,Q1,exact_norm,1.000,3,INCLUDED
Consciousness and Cognition,Consciousness and Cognition,SJR,Q1,exact_norm,1.000,3,INCLUDED
JMIR Mental Health,JMIR Mental Health,SJR,Q1,exact_norm,1.000,3,INCLUDED
Current Topics in Behavioral Neurosciences,Current Topics in Behavioral Neurosciences,SJR,Q1,exact_norm,1.000,3,INCLUDED
Proceedings of the IEEE International Conference on Computer Vision,IEEE International Conference on Computer Vision,CORE,A*,exact_norm,1.000,3,INCLUDED
Clinical Orthopaedics and Related Research,Clinical Orthopaedics and Related Research,SJR,Q1,exact_norm,1.000,3,INCLUDED
Journal of Neurologic Physical Therapy,Journal of Neurologic Physical Therapy,SJR,Q1,exact_norm,1.000,3,INCLUDED
British Journal of Educational Technology,British Journal of Educational Technology,SJR,Q1,exact_norm,1.000,3,INCLUDED
Journal of Stroke and Cerebrovascular Diseases,Journal of Stroke and Cerebrovascular Diseases,SJR,Q1,exact_norm,1.000,3,INCLUDED
Lecture Notes in Artificial Intelligence (Subseries of Lecture Notes in Computer Science),European Conference on Artificial Intelligence,CORE,A,fuzzy,0.841,3,INCLUDED
Scientific reports,Scientific Reports,SJR,Q1,issn,1.000,3,INCLUDED
Stroke,Stroke,SJR,Q1,exact_norm,1.000,3,INCLUDED
The New England journal of medicine,New England Journal of Medicine,SJR,Q1,issn,1.000,3,INCLUDED
Proceedings of the 2024 International Symposium on Artificial Intelligence for Education,International Conference on Artificial Intelligence in Education,CORE,A,fuzzy,0.943,3,INCLUDED
Proceedings of the 23rd annual conference on Computer graphics and interactive techniques,ACM SIG International Conference on Computer Graphics and Interactive Techniques,CORE,A*,fuzzy,0.909,3,INCLUDED
Proceedings of the 2024 ACM/IEEE International Conference on Human-Robot Interaction,ACM/IEEE International Conference on Human-Robot Interaction,CORE,A*,exact_norm,1.000,3,INCLUDED
Proceedings of the 22nd International ACM SIGACCESS Conference on Computers and Accessibility,International ACM SIGACCESS Conference on Computers and Accessibility,CORE,A,exact_norm,1.000,3,INCLUDED
Proceedings of the 2017 Conference on Designing Interactive Systems,Designing Interactive Systems,CORE,A,exact_norm,1.000,3,INCLUDED
Proceedings of the 20th annual conference on Computer graphics and interactive techniques,ACM SIG International Conference on Computer Graphics and Interactive Techniques,CORE,A*,fuzzy,0.909,3,INCLUDED
Proceedings of the 2024 3rd International Conference on Artificial Intelligence and Education,International Conference on Artificial Intelligence in Education,CORE,A,exact_norm,1.000,3,INCLUDED
Proceedings of the 14th ACM Multimedia Systems Conference,ACM Multimedia Systems Conference,CORE,A,exact_norm,1.000,3,INCLUDED
Adjunct Proceedings of the 31st Annual ACM Symposium on User Interface Software and Technology,ACM Symposium on User Interface Software and Technology,CORE,A*,exact_norm,1.000,3,INCLUDED
Proceedings of the 23rd ACM international conference on Multimedia,ACM Multimedia,CORE,A*,exact_norm,1.000,3,INCLUDED
2026 IEEE conference on virtual reality and 3D user interfaces (VR),IEEE Conference on Virtual Reality and 3D User Interfaces,CORE,A*,exact_norm,1.000,3,INCLUDED
IEEE Transactions on Image Processing,IEEE International Conference on Image Processing,CORE,B,exact_norm,1.000,3,EXCLUDED
2010 international conference on cyberworlds,International Conference on Cyberworlds (was International Symposium on Cyberworlds),CORE,C,exact_norm,1.000,3,EXCLUDED
2023 32nd IEEE international conference on robot and human interactive communication (RO-MAN),IEEE International Conference on Robot and Human Interactive Communication,CORE,B,exact_norm,1.000,3,EXCLUDED
2017 international conference on virtual rehabilitation (ICVR),International Conference on Virtual Rehabilitation,CORE,Unranked,exact_norm,1.000,3,EXCLUDED
Multisensory Research,Multisensory Research,SJR,Q2,exact_norm,1.000,3,EXCLUDED
Behavioural Brain Research,Behavioural Brain Research,SJR,Q2,exact_norm,1.000,3,EXCLUDED
Acta Neurologica Belgica,Acta Neurologica Belgica,SJR,Q2,exact_norm,1.000,3,EXCLUDED
Perception,Perception,SJR,Q3,exact_norm,1.000,3,EXCLUDED
Xitong Fangzhen Xuebao / Journal of System Simulation,Xitong Fangzhen Xuebao / Journal of System Simulation,SJR,Q3,exact_norm,1.000,3,EXCLUDED
BMC Anesthesiology,BMC Anesthesiology,SJR,Q2,exact_norm,1.000,3,EXCLUDED
Equilibrium Research,Equilibrium Research,SJR,Q4,exact_norm,1.000,3,EXCLUDED
Urology,Urology,SJR,Q2,exact_norm,1.000,3,EXCLUDED
Physiotherapy Research International,Physiotherapy Research International,SJR,Q2,exact_norm,1.000,3,EXCLUDED
Frontiers in Computer Science,Frontiers in Computer Science,SJR,Q2,exact_norm,1.000,3,EXCLUDED
Geriatric Nursing,Geriatric Nursing,SJR,Q2,exact_norm,1.000,3,EXCLUDED
Journal of Pain Research,Journal of Pain Research,SJR,Q2,exact_norm,1.000,3,EXCLUDED
"Conference proceedings International Research Council on the Biomechanics of Injury, IRCOBI","Conference proceedings International Research Council on the Biomechanics of Injury, IRCOBI",SJR,-,exact_norm,1.000,3,EXCLUDED
"Conference Proceedings - IEEE International Conference on Systems, Man and Cybernetics","Conference Proceedings - IEEE International Conference on Systems, Man and Cybernetics",SJR,-,exact_norm,1.000,3,EXCLUDED
Proceedings - IEEE International Conference on Multimedia and Expo,Proceedings - IEEE International Conference on Multimedia and Expo,SJR,-,exact_norm,1.000,3,EXCLUDED
JMIR XR and Spatial Computing,JMIR XR and Spatial Computing,SJR,Q2,exact_norm,1.000,3,EXCLUDED
Medical Physics,Journal of Medical Physics,SJR,Q3,exact_norm,1.000,3,EXCLUDED
IS and T International Symposium on Electronic Imaging Science and Technology,IS and T International Symposium on Electronic Imaging Science and Technology,SJR,-,exact_norm,1.000,3,EXCLUDED
AIP Conference Proceedings,AIP Conference Proceedings,SJR,-,exact_norm,1.000,3,EXCLUDED
Frontiers in Physiology,Frontiers in Physiology,SJR,Q2,exact_norm,1.000,3,EXCLUDED
"Textile Bioengineering and Informatics Symposium Proceedings, TBIS","Textile Bioengineering and Informatics Symposium Proceedings, TBIS",SJR,-,exact_norm,1.000,3,EXCLUDED
European Journal of Pain (United Kingdom),European SPI,CORE,B,fuzzy,0.880,3,EXCLUDED
Acta Neurochirurgica,Acta Neurochirurgica,SJR,Q2,exact_norm,1.000,3,EXCLUDED
Proceedings of the International Conference on Computer-Aided Architectural Design Research in Asia,Proceedings of the International Conference on Computer-Aided Architectural Design Research in Asia,SJR,-,exact_norm,1.000,3,EXCLUDED
BMJ Case Reports,BMJ Case Reports,SJR,Q4,exact_norm,1.000,3,EXCLUDED
Procedia Computer Science,Procedia Computer Science,SJR,-,exact_norm,1.000,3,EXCLUDED
Brain and Behavior,Brain and Behavior,SJR,Q2,exact_norm,1.000,3,EXCLUDED
Proceedings of the European Conference on Games-based Learning,Proceedings of the European Conference on Games-based Learning,SJR,-,exact_norm,1.000,3,EXCLUDED
Proceedings of the International Conference on Education and Research in Computer Aided Architectural Design in Europe,Proceedings of the International Conference on Education and Research in Computer Aided Architectural Design in Europe,SJR,-,exact_norm,1.000,3,EXCLUDED
Developmental Neurorehabilitation,Developmental Neurorehabilitation,SJR,Q2,exact_norm,1.000,3,EXCLUDED
"International Conference on Artificial Reality and Telexistence and Eurographics Symposium on Virtual Environments, ICAT-EGVE 2014",International Conference on Artificial Reality and Telexistance & Eurographics Symposium on Virtual Environments,CORE,C,fuzzy,0.914,3,EXCLUDED
ICAT-EGVE 2018 - 28th International Conference on Artificial Reality and Telexistence and 23rd Eurographics Symposium on Virtual Environments,International Conference on Artificial Reality and Telexistance & Eurographics Symposium on Virtual Environments,CORE,C,fuzzy,0.914,3,EXCLUDED
PLoS Computational Biology,European Conference on Computational Biology,CORE,C,fuzzy,0.821,3,EXCLUDED
Jisuanji Yanjiu yu Fazhan/Computer Research and Development,Jisuanji Yanjiu yu Fazhan/Computer Research and Development,SJR,Q3,exact_norm,1.000,3,EXCLUDED
Proceedings of the International Conference on Parallel and Distributed Systems - ICPADS,Proceedings of the International Conference on Parallel and Distributed Systems - ICPADS,SJR,-,exact_norm,1.000,3,EXCLUDED
Annual International Conference of the IEEE Engineering in Medicine and Biology - Proceedings,Annual International Conference of the IEEE Engineering in Medicine and Biology - Proceedings,SJR,-,exact_norm,1.000,3,EXCLUDED
Proceedings of the 21st International Conference on Mobile and Ubiquitous Multimedia,Mobile and Ubiquitous Multimedia (ACM),CORE,B,exact_norm,1.000,3,EXCLUDED
ACM Transactions on Sensor Networks,Body Sensor Networks,CORE,C,fuzzy,0.821,3,EXCLUDED
Proceedings of the 18th International Conference on Intelligent Virtual Agents,Intelligent Virtual Agents,CORE,B,exact_norm,1.000,3,EXCLUDED
ACM Symposium on Applied Perception 2019,ACM Symposium on Applied Perception,CORE,B,exact_norm,1.000,3,EXCLUDED
Proceedings of the 15th ACM Symposium on Applied Perception,ACM Symposium on Applied Perception,CORE,B,exact_norm,1.000,3,EXCLUDED
Proceedings of the 2025 Symposium on Eye Tracking Research and Applications,Eye Tracking Research and Applications,CORE,B,exact_norm,1.000,3,EXCLUDED
Proceedings of the 20th ACM SIGGRAPH Symposium on Interactive 3D Graphics and Games,ACM-SIGRAPH Interactive 3D Graphics and Games,CORE,B,fuzzy,0.988,3,EXCLUDED
Adjunct Proceedings of the 27th International Conference on Mobile Human-Computer Interaction,Nordic Conference on Human-Computer Interaction,CORE,Regional:Scandinavia,fuzzy,0.879,3,EXCLUDED
Adjunct Proceedings of the 15th International Conference on Automotive User Interfaces and Interactive Vehicular Applications,International ACM Conference on Automotive User Interfaces and Interactive Vehicular Applications,CORE,B,fuzzy,0.968,3,EXCLUDED
Proceedings of the 13th International Conference on Human-Agent Interaction,Human-Agent Interaction,CORE,B,exact_norm,1.000,3,EXCLUDED
Proceedings of the 18th International Conference on Mobile and Ubiquitous Multimedia,Mobile and Ubiquitous Multimedia (ACM),CORE,B,exact_norm,1.000,3,EXCLUDED
Proceedings of the 20th International Conference on Human-Computer Interaction with Mobile Devices and Services Adjunct,International Conference on Human-Computer Interaction with Mobile Devices and Services,CORE,B,exact_norm,1.000,3,EXCLUDED
ACM Symposium on Applied Perception 2025,ACM Symposium on Applied Perception,CORE,B,exact_norm,1.000,3,EXCLUDED
Adjunct Proceedings of the 2024 Nordic Conference on Human-Computer Interaction,Nordic Conference on Human-Computer Interaction,CORE,Regional:Scandinavia,exact_norm,1.000,3,EXCLUDED
Interaction Design and Children,Interaction Design and Children (ACM),CORE,B,exact_norm,1.000,3,EXCLUDED
Proceedings of the 30th Australian Conference on Computer-Human Interaction,International Conference on Advances in Computer-Human Interactions,CORE,C,fuzzy,0.822,3,EXCLUDED
Proceedings of the 7th International Conference on Human-Agent Interaction,Human-Agent Interaction,CORE,B,exact_norm,1.000,3,EXCLUDED
Proceedings of the 2024 Symposium on Eye Tracking Research and Applications,Eye Tracking Research and Applications,CORE,B,exact_norm,1.000,3,EXCLUDED
Proceedings of the 13th International Conference on the Foundations of Digital Games,International Conference on the Foundations of Digital Games,CORE,C,exact_norm,1.000,3,EXCLUDED
Proceedings of the 25th International Conference on Mobile Human-Computer Interaction,Nordic Conference on Human-Computer Interaction,CORE,Regional:Scandinavia,fuzzy,0.879,3,EXCLUDED
2013 IEEE virtual reality (VR),IEEE Conference on Virtual Reality and 3D User Interfaces,CORE,A*,acronym,1.000,2,INCLUDED
2018 IEEE international symposium on mixed and augmented reality adjunct (ISMAR-adjunct),IEEE/ACM International Symposium on Mixed and Augmented Reality,CORE,A*,acronym,1.000,2,INCLUDED
2019 IEEE international symposium on mixed and augmented reality adjunct (ISMAR-adjunct),IEEE/ACM International Symposium on Mixed and Augmented Reality,CORE,A*,acronym,1.000,2,INCLUDED
IEEE virtual reality conference (VR 2006),IEEE Conference on Virtual Reality and 3D User Interfaces,CORE,A*,acronym,1.000,2,INCLUDED
2025 20th ACM/IEEE international conference on human-robot interaction (HRI),ACM/IEEE International Conference on Human-Robot Interaction,CORE,A*,exact_norm,1.000,2,INCLUDED
IEEE Transactions on Wireless Communications,IEEE Transactions on Wireless Communications,SJR,Q1,issn,1.000,2,INCLUDED
2024 IEEE/CVF winter conference on applications of computer vision (WACV),IEEE Workshop on Applications of Computer Vision,CORE,A,acronym,1.000,2,INCLUDED
2021 IEEE/CVF international conference on computer vision (ICCV),IEEE International Conference on Computer Vision,CORE,A*,acronym,1.000,2,INCLUDED
2017 IEEE international symposium on mixed and augmented reality (ISMAR-adjunct),IEEE/ACM International Symposium on Mixed and Augmented Reality,CORE,A*,acronym,1.000,2,INCLUDED
2019 IEEE/CVF international conference on computer vision (ICCV),IEEE International Conference on Computer Vision,CORE,A*,acronym,1.000,2,INCLUDED
IEEE Transactions on Medical Imaging,IEEE Transactions on Medical Imaging,SJR,Q1,issn,1.000,2,INCLUDED
IEEE Transactions on Power Electronics,IEEE Transactions on Power Electronics,SJR,Q1,issn,1.000,2,INCLUDED
Proceedings of the IEEE,Proceedings of the IEEE,SJR,Q1,issn,1.000,2,INCLUDED
IEEE Transactions on Industrial Electronics,IEEE Transactions on Industrial Electronics,SJR,Q1,issn,1.000,2,INCLUDED
IEEE Transactions on Medical Robotics and Bionics,IEEE Transactions on Medical Robotics and Bionics,SJR,Q1,issn,1.000,2,INCLUDED
2020 IEEE international symposium on mixed and augmented reality adjunct (ISMAR-adjunct),IEEE/ACM International Symposium on Mixed and Augmented Reality,CORE,A*,acronym,1.000,2,INCLUDED
IEEE Transactions on Neural Networks and Learning Systems,IEEE Transactions on Neural Networks and Learning Systems,SJR,Q1,issn,1.000,2,INCLUDED
IEEE/ASME Transactions on Mechatronics,IEEE/ASME Transactions on Mechatronics,SJR,Q1,issn,1.000,2,INCLUDED
IEEE Transactions on Mobile Computing,IEEE Transactions on Mobile Computing,SJR,Q1,issn,1.000,2,INCLUDED
IEEE Journal on Emerging and Selected Topics in Circuits and Systems,IEEE Journal on Emerging and Selected Topics in Circuits and Systems,SJR,Q1,issn,1.000,2,INCLUDED
2022 IEEE/CVF conference on computer vision and pattern recognition (CVPR),IEEE Conference on Computer Vision and Pattern Recognition,CORE,A*,acronym,1.000,2,INCLUDED
Journal of Experimental Orthopaedics,Journal of Experimental Orthopaedics,SJR,Q1,exact_norm,1.000,2,INCLUDED
Virtual Worlds,Virtual Worlds,SJR,Q1,exact_norm,1.000,2,INCLUDED
Neuroscience and Biobehavioral Reviews,Neuroscience and Biobehavioral Reviews,SJR,Q1,exact_norm,1.000,2,INCLUDED
Medicine and Science in Sports and Exercise,Medicine and Science in Sports and Exercise,SJR,Q1,exact_norm,1.000,2,INCLUDED
BMC Pregnancy and Childbirth,BMC Pregnancy and Childbirth,SJR,Q1,exact_norm,1.000,2,INCLUDED
Complementary Therapies in Medicine,Complementary Therapies in Medicine,SJR,Q1,exact_norm,1.000,2,INCLUDED
Robotics and Autonomous Systems,Robotics and Autonomous Systems,SJR,Q1,exact_norm,1.000,2,INCLUDED
Convergence,Convergence,SJR,Q1,exact_norm,1.000,2,INCLUDED
Frontiers in Public Health,Frontiers in Public Health,SJR,Q1,exact_norm,1.000,2,INCLUDED
Nature Communications,Nature Communications,SJR,Q1,exact_norm,1.000,2,INCLUDED
Nature Human Behaviour,Nature Human Behaviour,SJR,Q1,exact_norm,1.000,2,INCLUDED
European Journal of Radiology Open,European Journal of Radiology Open,SJR,Q1,exact_norm,1.000,2,INCLUDED
Clinical Nutrition,Clinical Nutrition,SJR,Q1,exact_norm,1.000,2,INCLUDED
Asian Journal of Psychiatry,Asian Journal of Psychiatry,SJR,Q1,exact_norm,1.000,2,INCLUDED
Expert Systems with Applications,Expert Systems with Applications,SJR,Q1,exact_norm,1.000,2,INCLUDED
"Attention, Perception, and Psychophysics","Attention, Perception, and Psychophysics",SJR,Q1,exact_norm,1.000,2,INCLUDED
BMC Pediatrics,BMC Pediatrics,SJR,Q1,exact_norm,1.000,2,INCLUDED
Computers and Education: X Reality,Computers and Education: X Reality,SJR,Q1,exact_norm,1.000,2,INCLUDED
UIST 2025 - Proceedings of the 38th Annual ACM Symposium on User Interface Software and Technology,ACM Symposium on User Interface Software and Technology,CORE,A*,fuzzy,0.938,2,INCLUDED
Journal of Clinical Psychology,Journal of Clinical Psychology,SJR,Q1,exact_norm,1.000,2,INCLUDED
Burns,Burns,SJR,Q1,exact_norm,1.000,2,INCLUDED
Education Sciences,Education Sciences,SJR,Q1,exact_norm,1.000,2,INCLUDED
Social Psychiatry and Psychiatric Epidemiology,Social Psychiatry and Psychiatric Epidemiology,SJR,Q1,exact_norm,1.000,2,INCLUDED
Cortex,Cortex,SJR,Q1,exact_norm,1.000,2,INCLUDED
New Media and Society,New Media and Society,SJR,Q1,exact_norm,1.000,2,INCLUDED
Journal of Bone and Joint Surgery,Journal of Bone and Joint Surgery,SJR,Q1,exact_norm,1.000,2,INCLUDED
npj Digital Medicine,npj Digital Medicine,SJR,Q1,exact_norm,1.000,2,INCLUDED
Surgical Endoscopy,Surgical Endoscopy,SJR,Q1,exact_norm,1.000,2,INCLUDED
American journal of physical medicine & rehabilitation,American Journal of Physical Medicine and Rehabilitation,SJR,Q1,exact_norm,1.000,2,INCLUDED
Building and Environment,Building and Environment,SJR,Q1,exact_norm,1.000,2,INCLUDED
Buildings,Buildings,SJR,Q1,exact_norm,1.000,2,INCLUDED
Applied Acoustics,Applied Acoustics,SJR,Q1,exact_norm,1.000,2,INCLUDED
International Journal of Obesity,Journal of Obesity,SJR,Q1,exact_norm,1.000,2,INCLUDED
European Journal of Orthopaedic Surgery and Traumatology,European Journal of Orthopaedic Surgery and Traumatology,SJR,Q1,exact_norm,1.000,2,INCLUDED
Pain Medicine (United States),Pain Medicine (United States),SJR,Q1,exact_norm,1.000,2,INCLUDED
Computers in Biology and Medicine,Computers in Biology and Medicine,SJR,Q1,exact_norm,1.000,2,INCLUDED
Journal of Alzheimer's Disease,Journal of Alzheimer's Disease,SJR,Q1,exact_norm,1.000,2,INCLUDED
Safety Science,Safety Science,SJR,Q1,exact_norm,1.000,2,INCLUDED
European Journal of Applied Physiology,European Journal of Applied Physiology,SJR,Q1,exact_norm,1.000,2,INCLUDED
Journal of Building Engineering,Journal of Building Engineering,SJR,Q1,exact_norm,1.000,2,INCLUDED
Otology and Neurotology,Otology and Neurotology,SJR,Q1,exact_norm,1.000,2,INCLUDED
Journal of the American Medical Directors Association,Journal of the American Medical Directors Association,SJR,Q1,exact_norm,1.000,2,INCLUDED
Journal of the Neurological Sciences,Neurological Sciences,SJR,Q1,exact_norm,1.000,2,INCLUDED
Body Image,Body Image,SJR,Q1,exact_norm,1.000,2,INCLUDED
Anesthesia and Analgesia,Anesthesia and Analgesia,SJR,Q1,exact_norm,1.000,2,INCLUDED
Reproductive BioMedicine Online,Reproductive BioMedicine Online,SJR,Q1,exact_norm,1.000,2,INCLUDED
International Journal of Medical Informatics,International Journal of Medical Informatics,SJR,Q1,exact_norm,1.000,2,INCLUDED
JSES International,JSES International,SJR,Q1,exact_norm,1.000,2,INCLUDED
"Journal of Plastic, Reconstructive and Aesthetic Surgery","Journal of Plastic, Reconstructive and Aesthetic Surgery",SJR,Q1,exact_norm,1.000,2,INCLUDED
Advanced Materials Technologies,Advanced Materials Technologies,SJR,Q1,exact_norm,1.000,2,INCLUDED
Acta Ophthalmologica,Acta Ophthalmologica,SJR,Q1,exact_norm,1.000,2,INCLUDED
Frontiers in Cardiovascular Medicine,Frontiers in Cardiovascular Medicine,SJR,Q1,exact_norm,1.000,2,INCLUDED
Aerospace Science and Technology,Aerospace Science and Technology,SJR,Q1,exact_norm,1.000,2,INCLUDED
Scandinavian Journal of Medicine and Science in Sports,Scandinavian Journal of Medicine and Science in Sports,SJR,Q1,exact_norm,1.000,2,INCLUDED
Life,Life,SJR,Q1,exact_norm,1.000,2,INCLUDED
Psychonomic Bulletin and Review,Psychonomic Bulletin and Review,SJR,Q1,exact_norm,1.000,2,INCLUDED
Cognition and Emotion,Cognition and Emotion,SJR,Q1,exact_norm,1.000,2,INCLUDED
Systematic Reviews,Systematic Reviews,SJR,Q1,exact_norm,1.000,2,INCLUDED
JMIR Rehabilitation and Assistive Technologies,JMIR Rehabilitation and Assistive Technologies,SJR,Q1,exact_norm,1.000,2,INCLUDED
Journal of Neurosurgery: Spine,Journal of Neurosurgery: Spine,SJR,Q1,exact_norm,1.000,2,INCLUDED
eLife,eLife,SJR,Q1,exact_norm,1.000,2,INCLUDED
Experimental Gerontology,Experimental Gerontology,SJR,Q1,exact_norm,1.000,2,INCLUDED
Accident Analysis and Prevention,Accident Analysis and Prevention,SJR,Q1,exact_norm,1.000,2,INCLUDED
Annals of Medicine,Annals of Medicine,SJR,Q1,exact_norm,1.000,2,INCLUDED
Frontiers in Systems Neuroscience,Frontiers in Systems Neuroscience,SJR,Q1,exact_norm,1.000,2,INCLUDED
Nongye Jixie Xuebao/Transactions of the Chinese Society for Agricultural Machinery,Nongye Jixie Xuebao/Transactions of the Chinese Society for Agricultural Machinery,SJR,Q1,exact_norm,1.000,2,INCLUDED
Cerebellum,Cerebellum,SJR,Q1,exact_norm,1.000,2,INCLUDED
Clinical Pharmacokinetics,Clinical Pharmacokinetics,SJR,Q1,exact_norm,1.000,2,INCLUDED
European Journal of Sport Science,European Journal of Sport Science,SJR,Q1,exact_norm,1.000,2,INCLUDED
Clinical Psychological Science,Clinical Psychological Science,SJR,Q1,exact_norm,1.000,2,INCLUDED
Cyberpsychology,Cyberpsychology,SJR,Q1,exact_norm,1.000,2,INCLUDED
Journal of Computational Design and Engineering,Journal of Computational Design and Engineering,SJR,Q1,exact_norm,1.000,2,INCLUDED
American Journal of Roentgenology,American Journal of Roentgenology,SJR,Q1,exact_norm,1.000,2,INCLUDED
Simulation in Healthcare,Simulation in Healthcare,SJR,Q1,exact_norm,1.000,2,INCLUDED
Neural Plasticity,Neural Plasticity,SJR,Q1,exact_norm,1.000,2,INCLUDED
Geophysical Journal International,Geophysical Journal International,SJR,Q1,exact_norm,1.000,2,INCLUDED
Psychology in Russia: State of the Art,Psychology in Russia: State of the Art,SJR,Q1,exact_norm,1.000,2,INCLUDED
Computers in Industry,Computers in Industry,SJR,Q1,exact_norm,1.000,2,INCLUDED
International Journal of Artificial Intelligence in Education,International Conference on Artificial Intelligence in Education,CORE,A,exact_norm,1.000,2,INCLUDED
Physical Therapy in Sport,Physical Therapy in Sport,SJR,Q1,exact_norm,1.000,2,INCLUDED
Simulation Modelling Practice and Theory,Simulation Modelling Practice and Theory,SJR,Q1,exact_norm,1.000,2,INCLUDED
MATEC Web of Conferences,International Semantic Web Conference,CORE,A,fuzzy,0.864,2,INCLUDED
Journal of Anatomy,Journal of Anatomy,SJR,Q1,exact_norm,1.000,2,INCLUDED
Acta Astronautica,Acta Astronautica,SJR,Q1,exact_norm,1.000,2,INCLUDED
IEEE Internet Computing,IEEE Internet Computing,SJR,Q1,exact_norm,1.000,2,INCLUDED
Behavior Modification,Behavior Modification,SJR,Q1,exact_norm,1.000,2,INCLUDED
Bone,Bone,SJR,Q1,exact_norm,1.000,2,INCLUDED
Academic Emergency Medicine,Academic Emergency Medicine,SJR,Q1,exact_norm,1.000,2,INCLUDED
Radiology,Radiology,SJR,Q1,exact_norm,1.000,2,INCLUDED
Early Human Development,Early Human Development,SJR,Q1,exact_norm,1.000,2,INCLUDED
CAD Computer Aided Design,IEEE/ACM International Conference on Computer-Aided Design,CORE,A,fuzzy,0.836,2,INCLUDED
Acta psychologica,Acta Psychologica,SJR,Q1,issn,1.000,2,INCLUDED
Frontiers in psychology,Frontiers in Psychology,SJR,Q1,issn,1.000,2,INCLUDED
Evolution; international journal of organic evolution,Evolution,SJR,Q1,issn,1.000,2,INCLUDED
Physical review letters,Physical Review Letters,SJR,Q1,issn,1.000,2,INCLUDED
Antimicrobial agents and chemotherapy,Antimicrobial Agents and Chemotherapy,SJR,Q1,issn,1.000,2,INCLUDED
Psychiatry research,Psychiatry Research,SJR,Q1,issn,1.000,2,INCLUDED
International journal of obesity (2005),International Journal of Obesity,SJR,Q1,issn,1.000,2,INCLUDED
Circulation. Heart failure,Circulation: Heart Failure,SJR,Q1,issn,1.000,2,INCLUDED
Environmental research,Environmental Research,SJR,Q1,issn,1.000,2,INCLUDED
Proceedings of the 28th International Conference on Intelligent User Interfaces,International Conference on Intelligent User Interfaces,CORE,A,exact_norm,1.000,2,INCLUDED
Proceedings of the 2024 on ACM SIGSAC Conference on Computer and Communications Security,ACM Conference on Computer and Communications Security,CORE,A*,fuzzy,0.911,2,INCLUDED
ACM Transactions on Internet Technology,ACM Transactions on Internet Technology,SJR,Q1,exact_norm,1.000,2,INCLUDED
Proceedings of the 2025 ACM SIGSAC Conference on Computer and Communications Security,ACM Conference on Computer and Communications Security,CORE,A*,fuzzy,0.911,2,INCLUDED
Proceedings of the 9th ACM Multimedia Systems Conference,ACM Multimedia Systems Conference,CORE,A,exact_norm,1.000,2,INCLUDED
Proceedings of the 28th ACM International Conference on Multimedia,ACM Multimedia,CORE,A*,exact_norm,1.000,2,INCLUDED
Proceedings of the 26th ACM international conference on Multimedia,ACM Multimedia,CORE,A*,exact_norm,1.000,2,INCLUDED
Proceedings of the 2025 2nd International Symposium on Artificial Intelligence for Education,International Conference on Artificial Intelligence in Education,CORE,A,fuzzy,0.943,2,INCLUDED
"Proceedings of the 25th Conference on User Modeling, Adaptation and Personalization","International Conference on User Modelling, Adaptation, and Personalization (was AH and UM)",CORE,A,fuzzy,0.988,2,INCLUDED
ACM Transactions on Information Systems,ACM Transactions on Information Systems,SJR,Q1,exact_norm,1.000,2,INCLUDED
Proceedings of the 30th Annual ACM Symposium on User Interface Software and Technology,ACM Symposium on User Interface Software and Technology,CORE,A*,exact_norm,1.000,2,INCLUDED
Adjunct Proceedings of the 28th Annual ACM Symposium on User Interface Software &amp; Technology,ACM Symposium on User Interface Software and Technology,CORE,A*,fuzzy,0.950,2,INCLUDED
Proceedings of the 10th ACM Multimedia Systems Conference,ACM Multimedia Systems Conference,CORE,A,exact_norm,1.000,2,INCLUDED
Proceedings of the 32nd IEEE/ACM International Conference on Program Comprehension,"IEEE International Conference on Program Comprehension (previously IWPC, changed in 2006)",CORE,A,fuzzy,0.929,2,INCLUDED
"Adjunct Proceedings of the 31st ACM Conference on User Modeling, Adaptation and Personalization","International Conference on User Modelling, Adaptation, and Personalization (was AH and UM)",CORE,A,fuzzy,0.941,2,INCLUDED
Proceedings of the 28th Annual ACM Symposium on User Interface Software &amp; Technology,ACM Symposium on User Interface Software and Technology,CORE,A*,fuzzy,0.950,2,INCLUDED
Proceedings of the 29th ACM International Conference on Multimedia,ACM Multimedia,CORE,A*,exact_norm,1.000,2,INCLUDED
2025 IEEE-RAS 24th international conference on humanoid robots (humanoids),IEEE-RAS International Conference on Humanoid Robots,SJR,-,issn,1.000,2,EXCLUDED
2018 international conference on cyberworlds (CW),International Conference on Cyberworlds (was International Symposium on Cyberworlds),CORE,C,exact_norm,1.000,2,EXCLUDED
2024 international conference on cyberworlds (CW),International Conference on Cyberworlds (was International Symposium on Cyberworlds),CORE,C,exact_norm,1.000,2,EXCLUDED
2025 17th international conference on quality of multimedia experience (QoMEX),International Conference on Quality of Multimedia Experience,CORE,B,exact_norm,1.000,2,EXCLUDED
2025 international conference on rehabilitation robotics (ICORR),IEEE International Conference on Rehabilitation Robotics,SJR,Q3,issn,1.000,2,EXCLUDED
2013 international conference on virtual rehabilitation (ICVR),International Conference on Virtual Rehabilitation,CORE,Unranked,exact_norm,1.000,2,EXCLUDED
"2023 IEEE international conference on systems, man, and cybernetics (SMC)","IEEE Conference on Systems, Man and Cybernetics",CORE,B,exact_norm,1.000,2,EXCLUDED
2008 symposium on haptic interfaces for virtual environment and teleoperator systems,"IEEE Haptics Symposium, HAPTICS",SJR,-,issn,1.000,2,EXCLUDED
IEEE Transactions on Automation Science and Engineering,IEEE International Conference on Data Science and Engineering,CORE,National:India,fuzzy,0.844,2,EXCLUDED
IEEE Transactions on Industrial Informatics,IEEE International Conference on Industrial Informatics,CORE,C,exact_norm,1.000,2,EXCLUDED
2018 IEEE intelligent vehicles symposium (IV),International Conference on Information Visualisation,CORE,C,acronym,1.000,2,EXCLUDED
2020 international conference on cyberworlds (CW),International Conference on Cyberworlds (was International Symposium on Cyberworlds),CORE,C,exact_norm,1.000,2,EXCLUDED
"2018 IEEE international conference on systems, man, and cybernetics (SMC)","IEEE Conference on Systems, Man and Cybernetics",CORE,B,exact_norm,1.000,2,EXCLUDED
2022 8th international conference on virtual reality (ICVR),International Conference on Virtual Rehabilitation,CORE,Unranked,acronym,1.000,2,EXCLUDED
"IEEE SMC'99 conference proceedings. 1999 IEEE international conference on systems, man, and cybernetics (cat. no.99ch37028)","Conference Proceedings - IEEE International Conference on Systems, Man and Cybernetics",SJR,-,issn,1.000,2,EXCLUDED
"IEEE international conference on systems, man and cybernetics","IEEE Conference on Systems, Man and Cybernetics",CORE,B,exact_norm,1.000,2,EXCLUDED
RO-MAN 2004. 13th IEEE international workshop on robot and human interactive communication (IEEE catalog no.04th8759),IEEE International Conference on Robot and Human Interactive Communication,CORE,B,fuzzy,0.923,2,EXCLUDED
"IEEE international conference on robotics and automation, 2004. Proceedings. ICRA '04. 2004",Proceedings - IEEE International Conference on Robotics and Automation,SJR,-,issn,1.000,2,EXCLUDED
2018 24th international conference on pattern recognition (ICPR),International Conference on Pattern Recognition,CORE,B,exact_norm,1.000,2,EXCLUDED
"2024 IEEE 25th international symposium on a world of wireless, mobile and multimedia networks (WoWMoM)","IEEE International Symposium on a World of Wireless, Mobile and Multimedia Networks",CORE,C,exact_norm,1.000,2,EXCLUDED
2009 international conference on CyberWorlds,International Conference on Cyberworlds (was International Symposium on Cyberworlds),CORE,C,exact_norm,1.000,2,EXCLUDED
"2024 IEEE 48th annual computers, software, and applications conference (COMPSAC)",International Computer Software and Applications Conference,CORE,B,acronym,1.000,2,EXCLUDED
BMC Cardiovascular Disorders,BMC Cardiovascular Disorders,SJR,Q2,exact_norm,1.000,2,EXCLUDED
Cardiac Electrophysiology Clinics,Cardiac Electrophysiology Clinics,SJR,Q3,exact_norm,1.000,2,EXCLUDED
Journal of Vascular Access,Vascular Access,SJR,Q4,exact_norm,1.000,2,EXCLUDED
Clinical Neurophysiology,Journal of Clinical Neurophysiology,SJR,Q3,exact_norm,1.000,2,EXCLUDED
Physica Medica,Physica Medica,SJR,Q2,exact_norm,1.000,2,EXCLUDED
British Journal of Pain,British Journal of Pain,SJR,Q2,exact_norm,1.000,2,EXCLUDED
Clinical Biomechanics,Clinical Biomechanics,SJR,Q3,exact_norm,1.000,2,EXCLUDED
International Journal of Intelligent Robotics and Applications,International Journal of Intelligent Robotics and Applications,SJR,Q2,exact_norm,1.000,2,EXCLUDED
Computers and Graphics,Computer Graphics International,CORE,C,fuzzy,0.971,2,EXCLUDED
Eye Tracking Research and Applications Symposium (ETRA),Eye Tracking Research and Applications,CORE,B,acronym,1.000,2,EXCLUDED
Turkish Journal of Physical Medicine and Rehabilitation,Turkish Journal of Physical Medicine and Rehabilitation,SJR,Q2,exact_norm,1.000,2,EXCLUDED
Advances in Transdisciplinary Engineering,Advances in Transdisciplinary Engineering,SJR,Q4,exact_norm,1.000,2,EXCLUDED
Skeletal Radiology,Skeletal Radiology,SJR,Q2,exact_norm,1.000,2,EXCLUDED
Physiology and Behavior,Physiology and Behavior,SJR,Q2,exact_norm,1.000,2,EXCLUDED
Journal of Bodywork and Movement Therapies,Journal of Bodywork and Movement Therapies,SJR,Q2,exact_norm,1.000,2,EXCLUDED
Journal of Visualized Experiments,Journal of Visualized Experiments,SJR,Q2,exact_norm,1.000,2,EXCLUDED
Journal of Aging and Physical Activity,Journal of Aging and Physical Activity,SJR,Q2,exact_norm,1.000,2,EXCLUDED
Bioengineering,International Conference on Web Engineering,CORE,B,fuzzy,0.828,2,EXCLUDED
Advances in physiology education,Advances in Physiology Education,SJR,Q2,exact_norm,1.000,2,EXCLUDED
Journal of Lower Genital Tract Disease,Journal of Lower Genital Tract Disease,SJR,Q2,exact_norm,1.000,2,EXCLUDED
Turk Geriatri Dergisi,Turk Geriatri Dergisi,SJR,Q4,exact_norm,1.000,2,EXCLUDED
Physical and Occupational Therapy in Pediatrics,Physical and Occupational Therapy in Pediatrics,SJR,Q2,exact_norm,1.000,2,EXCLUDED
Journal of Research in Education Sciences,Journal of Research in Education Sciences,SJR,Q4,exact_norm,1.000,2,EXCLUDED
Journal of Medical Extended Reality,Journal of Medical Extended Reality,SJR,Q3,exact_norm,1.000,2,EXCLUDED
Turkish Journal of Medical Sciences,Turkish Journal of Medical Sciences,SJR,Q3,exact_norm,1.000,2,EXCLUDED
Journal of Orthopaedic Research,Journal of Orthopaedic Research,SJR,Q2,exact_norm,1.000,2,EXCLUDED
Scientia Sinica Informationis,Scientia Sinica Informationis,SJR,Q3,exact_norm,1.000,2,EXCLUDED
Turkish Journal of Physiotherapy and Rehabilitation,Turkish Journal of Physiotherapy and Rehabilitation,SJR,Q4,exact_norm,1.000,2,EXCLUDED
International Journal of Advanced Computer Science and Applications,International Journal of Advanced Computer Science and Applications,SJR,Q3,exact_norm,1.000,2,EXCLUDED
JTCVS Techniques,JTCVS Techniques,SJR,Q2,exact_norm,1.000,2,EXCLUDED
Journal on Interactive Systems,Journal on Interactive Systems,SJR,Q3,exact_norm,1.000,2,EXCLUDED
Journal of Engineered Fibers and Fabrics,Journal of Engineered Fibers and Fabrics,SJR,Q2,exact_norm,1.000,2,EXCLUDED
Poultry Science,Journal of Poultry Science,SJR,Q2,exact_norm,1.000,2,EXCLUDED
Assistive Technology,Assistive Technology,SJR,Q2,exact_norm,1.000,2,EXCLUDED
"Proceedings - International Conference on Image Processing, ICIP","Proceedings - International Conference on Image Processing, ICIP",SJR,-,exact_norm,1.000,2,EXCLUDED
Neural Networks,International Symposium on Neural Networks,CORE,C,exact_norm,1.000,2,EXCLUDED
Proceedings of the International Conference on New Interfaces for Musical Expression,Proceedings of the International Conference on New Interfaces for Musical Expression,SJR,-,exact_norm,1.000,2,EXCLUDED
Experimental Psychology (Russia),Experimental Psychology (Russia),SJR,Q3,exact_norm,1.000,2,EXCLUDED
Jisuanji Xuebao/Chinese Journal of Computers,Jisuanji Xuebao/Chinese Journal of Computers,SJR,Q3,exact_norm,1.000,2,EXCLUDED
Journal of Pediatric Rehabilitation Medicine,Journal of Pediatric Rehabilitation Medicine,SJR,Q3,exact_norm,1.000,2,EXCLUDED
Journal of Laryngology and Otology,Journal of Laryngology and Otology,SJR,Q2,exact_norm,1.000,2,EXCLUDED
Advances in Experimental Medicine and Biology,Advances in Experimental Medicine and Biology,SJR,Q3,exact_norm,1.000,2,EXCLUDED
Sustainability (Switzerland),Journal of Sustainability,SJR,-,exact_norm,1.000,2,EXCLUDED
Topics in Spinal Cord Injury Rehabilitation,Topics in Spinal Cord Injury Rehabilitation,SJR,Q2,exact_norm,1.000,2,EXCLUDED
Advances in Rehabilitation,Advances in Rehabilitation,SJR,Q3,exact_norm,1.000,2,EXCLUDED
Frontiers in Oncology,Frontiers in Oncology,SJR,Q2,exact_norm,1.000,2,EXCLUDED
Journal of the College of Physicians and Surgeons Pakistan,Journal of the College of Physicians and Surgeons Pakistan,SJR,Q3,exact_norm,1.000,2,EXCLUDED
ISS 2023 - Proceedings of the 2023 Conference on Interactive Surfaces and Spaces,ACM International Conference on Interactive Surfaces and Spaces (was International Workshop on Horizontal Interactive Human-Computer Systems: Tabletop),CORE,Journal Published,fuzzy,0.903,2,EXCLUDED
International Journal of Earth Sciences,International Journal of Earth Sciences,SJR,Q2,exact_norm,1.000,2,EXCLUDED
JMIR Research Protocols,JMIR Research Protocols,SJR,Q2,exact_norm,1.000,2,EXCLUDED
Physics in Medicine and Biology,Physics in Medicine and Biology,SJR,Q2,exact_norm,1.000,2,EXCLUDED
Computational Intelligence and Neuroscience,International Conference on Computational Intelligence and Security,CORE,National: China,fuzzy,0.838,2,EXCLUDED
"International Conference on Virtual Rehabilitation, ICVR","International Conference on Virtual Rehabilitation, ICVR",SJR,-,exact_norm,1.000,2,EXCLUDED
Electronics and Communications in Japan,Electronics and Communications in Japan,SJR,Q4,exact_norm,1.000,2,EXCLUDED
International Journal on Interactive Design and Manufacturing,International Journal on Interactive Design and Manufacturing,SJR,Q2,exact_norm,1.000,2,EXCLUDED
Annals of Indian Academy of Neurology,Annals of Indian Academy of Neurology,SJR,Q3,exact_norm,1.000,2,EXCLUDED
Surgical Innovation,Surgical Innovation,SJR,Q2,exact_norm,1.000,2,EXCLUDED
Information (Switzerland),Information (Switzerland),SJR,Q2,exact_norm,1.000,2,EXCLUDED
Vision Research,Vision Research,SJR,Q2,exact_norm,1.000,2,EXCLUDED
Frontiers in Artificial Intelligence and Applications,Frontiers in Artificial Intelligence and Applications,SJR,Q4,exact_norm,1.000,2,EXCLUDED
Dementia and Geriatric Cognitive Disorders,Dementia and Geriatric Cognitive Disorders,SJR,Q2,exact_norm,1.000,2,EXCLUDED
Computer Methods in Biomechanics and Biomedical Engineering,Computer Methods in Biomechanics and Biomedical Engineering,SJR,Q3,exact_norm,1.000,2,EXCLUDED
"ASEE Annual Conference and Exposition, Conference Proceedings","ASEE Annual Conference and Exposition, Conference Proceedings",SJR,-,exact_norm,1.000,2,EXCLUDED
Proceedings of the IEEE Computer Society Conference on Computer Vision and Pattern Recognition,IEEE Computer Society Conference on Computer Vision and Pattern Recognition Workshops,SJR,-,exact_norm,1.000,2,EXCLUDED
Journal of Healthcare Engineering,Journal of Healthcare Engineering,SJR,Q2,exact_norm,1.000,2,EXCLUDED
Journal of Palliative Medicine,Journal of Palliative Medicine,SJR,Q2,exact_norm,1.000,2,EXCLUDED
European Journal of Integrative Medicine,European Journal of Integrative Medicine,SJR,Q2,exact_norm,1.000,2,EXCLUDED
Journal of Information Processing,Journal of Information Processing,SJR,Q4,exact_norm,1.000,2,EXCLUDED
Iran Occupational Health,Iran Occupational Health,SJR,Q4,exact_norm,1.000,2,EXCLUDED
Frontiers in Neurorobotics,Frontiers in Neurorobotics,SJR,Q2,exact_norm,1.000,2,EXCLUDED
International Journal of Robotics Research,International Symposium on Robotics Research,CORE,C,exact_norm,1.000,2,EXCLUDED
Concurrency and Computation: Practice and Experience,Concurrency and Computation: Practice and Experience,SJR,Q2,exact_norm,1.000,2,EXCLUDED
CHI PLAY 2018 - Proceedings of the 2018 Annual Symposium on Computer-Human Interaction in Play,CHI PLAY: The Annual Symposium on Computer-Human Interaction in Play,CORE,Journal Published,exact_norm,1.000,2,EXCLUDED
Neurology,Neurology International,SJR,Q2,exact_norm,1.000,2,EXCLUDED
Journal of Experimental Psychology: Applied,Journal of Experimental Psychology: Applied,SJR,Q2,exact_norm,1.000,2,EXCLUDED
"VISIGRAPP 2019 - Proceedings of the 14th International Joint Conference on Computer Vision, Imaging and Computer Graphics Theory and Applications","Joint Conference on Computer Vision, Imaging and Computer Graphics Theory and Applications (GRAPP and VISAPP combined from 2008)",CORE,Multiconference,fuzzy,0.931,2,EXCLUDED
Journal of Medical and Biological Engineering,Journal of Medical and Biological Engineering,SJR,Q3,exact_norm,1.000,2,EXCLUDED
Clinical Neurology and Neurosurgery,Clinical Neurology and Neurosurgery,SJR,Q2,exact_norm,1.000,2,EXCLUDED
Operative Neurosurgery,Operative Neurosurgery,SJR,Q2,exact_norm,1.000,2,EXCLUDED
Journal of Nervous and Mental Disease,Journal of Nervous and Mental Disease,SJR,Q2,exact_norm,1.000,2,EXCLUDED
International Journal of Image and Graphics,International Conference on Image and Graphics,CORE,National: China,exact_norm,1.000,2,EXCLUDED
IFIP Advances in Information and Communication Technology,IFIP Advances in Information and Communication Technology,SJR,Q3,exact_norm,1.000,2,EXCLUDED
"Proceedings of the ACM Symposium on Applied Perception, SAP 2014",ACM Symposium on Applied Perception,CORE,B,fuzzy,0.917,2,EXCLUDED
International Journal of Rehabilitation Research,International Journal of Rehabilitation Research,SJR,Q2,exact_norm,1.000,2,EXCLUDED
Bioelectromagnetics,Bioelectromagnetics,SJR,Q3,exact_norm,1.000,2,EXCLUDED
Shiyou Diqiu Wuli Kantan/Oil Geophysical Prospecting,Shiyou Diqiu Wuli Kantan/Oil Geophysical Prospecting,SJR,Q2,exact_norm,1.000,2,EXCLUDED
Proceedings of the International Conference on Information Visualisation,International Conference on Information Visualisation,CORE,C,exact_norm,1.000,2,EXCLUDED
"Jisuanji Jicheng Zhizao Xitong/Computer Integrated Manufacturing Systems, CIMS","Jisuanji Jicheng Zhizao Xitong/Computer Integrated Manufacturing Systems, CIMS",SJR,Q3,exact_norm,1.000,2,EXCLUDED
Proceedings of the International Conference on Parallel Processing,International Conference on Parallel Processing,CORE,B,exact_norm,1.000,2,EXCLUDED
Proceedings - International Conference on Pattern Recognition,Proceedings - International Conference on Pattern Recognition,SJR,-,exact_norm,1.000,2,EXCLUDED
Physical review. E,Physical Review E,SJR,Q2,issn,1.000,2,EXCLUDED
Terapevticheskii arkhiv,Terapevticheskii Arkhiv,SJR,Q2,issn,1.000,2,EXCLUDED
Experimental brain research,Experimental Brain Research,SJR,Q3,issn,1.000,2,EXCLUDED
The Journal of pharmacology and experimental therapeutics,Journal of Pharmacology and Experimental Therapeutics,SJR,Q2,issn,1.000,2,EXCLUDED
12th International Conference on Automotive User Interfaces and Interactive Vehicular Applications,International ACM Conference on Automotive User Interfaces and Interactive Vehicular Applications,CORE,B,fuzzy,0.968,2,EXCLUDED
ACM Transactions on Interactive Intelligent Systems,ACM Transactions on Interactive Intelligent Systems,SJR,Q2,exact_norm,1.000,2,EXCLUDED
Proceedings of the 17th International Conference on the Foundations of Digital Games,International Conference on the Foundations of Digital Games,CORE,C,exact_norm,1.000,2,EXCLUDED
Proceedings of the 10th Nordic Conference on Human-Computer Interaction,Nordic Conference on Human-Computer Interaction,CORE,Regional:Scandinavia,exact_norm,1.000,2,EXCLUDED
Proceedings of the 20th International Conference on the Foundations of Digital Games,International Conference on the Foundations of Digital Games,CORE,C,exact_norm,1.000,2,EXCLUDED
ACM SIGGRAPH Conference on Motion Interaction and Games,ACM SIGGRAPH conference on Motion Interaction and Games,CORE,C,exact_norm,1.000,2,EXCLUDED
The 17th ACM SIGGRAPH Conference on Motion Interaction and Games,ACM SIGGRAPH conference on Motion Interaction and Games,CORE,C,exact_norm,1.000,2,EXCLUDED
ACM Symposium on Applied Perception 2022,ACM Symposium on Applied Perception,CORE,B,exact_norm,1.000,2,EXCLUDED
19th International Conference on Mobile and Ubiquitous Multimedia,Mobile and Ubiquitous Multimedia (ACM),CORE,B,exact_norm,1.000,2,EXCLUDED
Companion Proceedings of the Annual Symposium on Computer-Human Interaction in Play,CHI PLAY: The Annual Symposium on Computer-Human Interaction in Play,CORE,Journal Published,fuzzy,0.864,2,EXCLUDED
IEEE/WIC/ACM International Conference on Web Intelligence,IEEE/WIC/ACM International Conference on Web Intelligence (previously joint with Intelligent Agent Technology WI-IAT),CORE,B,exact_norm,1.000,2,EXCLUDED
Proceedings of the XX International Conference on Human Computer Interaction,Indian Conference on Human-Computer Interaction,CORE,National: India,fuzzy,0.871,2,EXCLUDED
Proceedings of the 2010 ACM Symposium on Applied Computing,ACM Symposium on Applied Computing,CORE,Multiconference,exact_norm,1.000,2,EXCLUDED
Proceedings of the 2023 ACM International Conference on Interactive Media Experiences Workshops,ACM International Conference on Interactive Media Experiences,CORE,C,exact_norm,1.000,2,EXCLUDED
ACM Symposium on Applied Perception 2020,ACM Symposium on Applied Perception,CORE,B,exact_norm,1.000,2,EXCLUDED
ACM Multimedia Asia 2023,ACM International Conference on Multimedia in Asia,CORE,C,exact_norm,1.000,2,EXCLUDED
Interactions,Interactions (N.Y.),SJR,Q4,exact_norm,1.000,2,EXCLUDED
Proceedings of the 28th Australian Conference on Computer-Human Interaction - OzCHI '16,Australian Computer Human Interaction Conference,CORE,Australasian B,fuzzy,0.851,2,EXCLUDED
Proceedings of the 2016 ACM International Symposium on Wearable Computers,IEEE International Symposium on Wearable Computers,CORE,Journal Published,fuzzy,0.844,2,EXCLUDED
Proceedings of the 16th International Conference on Mobile and Ubiquitous Multimedia,Mobile and Ubiquitous Multimedia (ACM),CORE,B,exact_norm,1.000,2,EXCLUDED
Proceedings of the 7th international conference on Human computer interaction with mobile devices &amp; services,International Conference on Human-Computer Interaction with Mobile Devices and Services,CORE,B,fuzzy,0.965,2,EXCLUDED
International Conference on Multimodel Interaction,International Conference on Multimodal Interaction (was International Conference on Multimodal Interfaces),CORE,B,fuzzy,0.955,2,EXCLUDED
Proceedings of the 2017 ACM International Conference on Interactive Surfaces and Spaces,ACM International Conference on Interactive Surfaces and Spaces (was International Workshop on Horizontal Interactive Human-Computer Systems: Tabletop),CORE,Journal Published,exact_norm,1.000,2,EXCLUDED
Proceedings of the 14th International Conference on the Foundations of Digital Games,International Conference on the Foundations of Digital Games,CORE,C,exact_norm,1.000,2,EXCLUDED
Companion Proceedings of the 2024 Conference on Interactive Surfaces and Spaces,ACM International Conference on Interactive Surfaces and Spaces (was International Workshop on Horizontal Interactive Human-Computer Systems: Tabletop),CORE,Journal Published,fuzzy,0.882,2,EXCLUDED
Proceedings of the 24th Interaction Design and Children,Interaction Design and Children (ACM),CORE,B,exact_norm,1.000,2,EXCLUDED
Adjunct Proceedings of the 14th International Conference on Automotive User Interfaces and Interactive Vehicular Applications,International ACM Conference on Automotive User Interfaces and Interactive Vehicular Applications,CORE,B,fuzzy,0.968,2,EXCLUDED
Proceedings of the 8th International Symposium on Visual Information Communication and Interaction,Visual Information Communication and Interaction,CORE,C,exact_norm,1.000,2,EXCLUDED
Proceedings of the 12th International Conference on the Foundations of Digital Games,International Conference on the Foundations of Digital Games,CORE,C,exact_norm,1.000,2,EXCLUDED
Proceedings of the 2018 ACM International Symposium on Wearable Computers,IEEE International Symposium on Wearable Computers,CORE,Journal Published,fuzzy,0.844,2,EXCLUDED
"Proceedings of the 2025 18th ACM SIGGRAPH Conference on Motion, Interaction, and Games",ACM SIGGRAPH conference on Motion Interaction and Games,CORE,C,exact_norm,1.000,2,EXCLUDED
Proceedings of the 2021 International Conference on Multimodal Interaction,International Conference on Multimodal Interaction (was International Conference on Multimodal Interfaces),CORE,B,exact_norm,1.000,2,EXCLUDED
Proceedings of the 24th ACM/IEEE Joint Conference on Digital Libraries,Proceedings of the ACM/IEEE Joint Conference on Digital Libraries,SJR,-,exact_norm,1.000,2,EXCLUDED
Proceedings of the 19th International Workshop on Mobile Computing Systems &amp; Applications,Workshop on Mobile Computing Systems and Applications,CORE,National: USA,fuzzy,0.949,2,EXCLUDED
20th International Conference on Mobile and Ubiquitous Multimedia,Mobile and Ubiquitous Multimedia (ACM),CORE,B,exact_norm,1.000,2,EXCLUDED
Companion Proceedings of the 2023 Conference on Interactive Surfaces and Spaces,ACM International Conference on Interactive Surfaces and Spaces (was International Workshop on Horizontal Interactive Human-Computer Systems: Tabletop),CORE,Journal Published,fuzzy,0.882,2,EXCLUDED
Proceedings of the 18th ACM International Conference on Interaction Design and Children,Interaction Design and Children (ACM),CORE,B,fuzzy,0.931,2,EXCLUDED
Proceedings of the 34th Australian Conference on Human-Computer Interaction,Indian Conference on Human-Computer Interaction,CORE,National: India,fuzzy,0.857,2,EXCLUDED
Proceedings of the 18th International Conference on Human-Computer Interaction with Mobile Devices and Services Adjunct,International Conference on Human-Computer Interaction with Mobile Devices and Services,CORE,B,exact_norm,1.000,2,EXCLUDED
Proceedings of the 16th International Conference on Automotive User Interfaces and Interactive Vehicular Applications,International ACM Conference on Automotive User Interfaces and Interactive Vehicular Applications,CORE,B,fuzzy,0.968,2,EXCLUDED
Proceedings of the ACM/IEEE Joint Conference on Digital Libraries in 2020,Proceedings of the ACM/IEEE Joint Conference on Digital Libraries,SJR,-,exact_norm,1.000,2,EXCLUDED
Proceedings of the 22nd ACM International Conference on Intelligent Virtual Agents,Intelligent Virtual Agents,CORE,B,fuzzy,0.929,2,EXCLUDED
Proceedings of the 2016 ACM International Conference on Interactive Surfaces and Spaces,ACM International Conference on Interactive Surfaces and Spaces (was International Workshop on Horizontal Interactive Human-Computer Systems: Tabletop),CORE,Journal Published,exact_norm,1.000,2,EXCLUDED
Proceedings of the 2005 international symposium on Physical design,Proceedings of the International Symposium on Physical Design,SJR,-,exact_norm,1.000,2,EXCLUDED
2018 13th ACM/IEEE international conference on human-robot interaction (HRI),ACM/IEEE International Conference on Human-Robot Interaction,CORE,A*,exact_norm,1.000,1,INCLUDED
IEEE Transactions on Computational Social Systems,IEEE Transactions on Computational Social Systems,SJR,Q1,issn,1.000,1,INCLUDED
2025 IEEE/RSJ international conference on intelligent robots and systems (IROS),IEEE/RSJ International Conference on Intelligent Robots and Systems,CORE,A,exact_norm,1.000,1,INCLUDED
2008 1st international conference on information technology,International Journal of Information Technology (Singapore),SJR,Q1,exact_norm,1.000,1,INCLUDED
2023 IEEE symposium on security and privacy (SP),IEEE Symposium on Security and Privacy,CORE,A*,exact_norm,1.000,1,INCLUDED
2017 IEEE/RSJ international conference on intelligent robots and systems (IROS),IEEE/RSJ International Conference on Intelligent Robots and Systems,CORE,A,exact_norm,1.000,1,INCLUDED
2003 conference on computer vision and pattern recognition workshop,IEEE Conference on Computer Vision and Pattern Recognition,CORE,A*,fuzzy,0.933,1,INCLUDED
Journal of Cognitive Neuroscience,Journal of Cognitive Neuroscience,SJR,Q1,issn,1.000,1,INCLUDED
2015 IEEE international symposium on mixed and augmented reality,IEEE/ACM International Symposium on Mixed and Augmented Reality,CORE,A*,fuzzy,0.933,1,INCLUDED
IEEE Open Journal of the Communications Society,IEEE Open Journal of the Communications Society,SJR,Q1,issn,1.000,1,INCLUDED
2020 15th ACM/IEEE international conference on human-robot interaction (HRI),ACM/IEEE International Conference on Human-Robot Interaction,CORE,A*,exact_norm,1.000,1,INCLUDED
IEEE Open Journal of Intelligent Transportation Systems,IEEE Open Journal of Intelligent Transportation Systems,SJR,Q1,issn,1.000,1,INCLUDED
2004 IEEE/RSJ international conference on intelligent robots and systems (IROS) (IEEE cat. no.04ch37566),IEEE/RSJ International Conference on Intelligent Robots and Systems,CORE,A,exact_norm,1.000,1,INCLUDED
2012 IEEE international symposium on mixed and augmented reality (ISMAR),IEEE/ACM International Symposium on Mixed and Augmented Reality,CORE,A*,acronym,1.000,1,INCLUDED
2023 IEEE/RSJ international conference on intelligent robots and systems (IROS),IEEE/RSJ International Conference on Intelligent Robots and Systems,CORE,A,exact_norm,1.000,1,INCLUDED
2006 IEEE/RSJ international conference on intelligent robots and systems,IEEE/RSJ International Conference on Intelligent Robots and Systems,CORE,A,exact_norm,1.000,1,INCLUDED
2021 58th ACM/IEEE design automation conference (DAC),Design Automation Conf,CORE,A*,acronym,1.000,1,INCLUDED
IEEE Aerospace and Electronic Systems Magazine,IEEE Aerospace and Electronic Systems Magazine,SJR,Q1,issn,1.000,1,INCLUDED
2004 IEEE international conference on multimedia and expo (ICME) (IEEE cat. no.04th8763),IEEE International Conference on Multimedia and Expo,CORE,A,exact_norm,1.000,1,INCLUDED
2009 IEEE 12th international conference on computer vision,IEEE International Conference on Computer Vision,CORE,A*,exact_norm,1.000,1,INCLUDED
IEEE Communications Letters,IEEE Communications Letters,SJR,Q1,issn,1.000,1,INCLUDED
2024 28th international conference on information technology (IT),International Journal of Information Technology (Singapore),SJR,Q1,exact_norm,1.000,1,INCLUDED
2011 IEEE international conference on robotics and automation,IEEE International Conference on Robotics and Automation,CORE,A*,exact_norm,1.000,1,INCLUDED
2022 IEEE 42nd international conference on distributed computing systems workshops (ICDCSW),International Conference on Distributed Computing Systems,CORE,A,fuzzy,0.921,1,INCLUDED
21st international conference on data engineering workshops (ICDEW'05),International Conference on Data Engineering,CORE,A*,exact_norm,1.000,1,INCLUDED
IEEE Transactions on Intelligent Vehicles,IEEE Transactions on Intelligent Vehicles,SJR,Q1,exact_norm,1.000,1,INCLUDED
Proceedings of the 2005 IEEE international conference on robotics and automation,IEEE International Conference on Robotics and Automation,CORE,A*,exact_norm,1.000,1,INCLUDED
"IEEE Transactions on Systems, Man, and Cybernetics: Systems","IEEE Transactions on Systems, Man, and Cybernetics: Systems",SJR,Q1,issn,1.000,1,INCLUDED
Third IEEE and ACM international symposium on mixed and augmented reality,IEEE/ACM International Symposium on Mixed and Augmented Reality,CORE,A*,fuzzy,0.914,1,INCLUDED
"IEEE Transactions on Biometrics, Behavior, and Identity Science","IEEE Transactions on Biometrics, Behavior, and Identity Science",SJR,Q1,issn,1.000,1,INCLUDED
2025 IEEE symposium on security and privacy (SP),IEEE Symposium on Security and Privacy,CORE,A*,exact_norm,1.000,1,INCLUDED
2014 IEEE international symposium on mixed and augmented reality (ISMAR),IEEE/ACM International Symposium on Mixed and Augmented Reality,CORE,A*,acronym,1.000,1,INCLUDED
2024 43rd chinese control conference (CCC),IEEE Conference on Computational Complexity,CORE,A,acronym,1.000,1,INCLUDED
2023 IEEE international conference on robotics and automation (ICRA),IEEE International Conference on Robotics and Automation,CORE,A*,exact_norm,1.000,1,INCLUDED
2022 IEEE/RSJ international conference on intelligent robots and systems (IROS),IEEE/RSJ International Conference on Intelligent Robots and Systems,CORE,A,exact_norm,1.000,1,INCLUDED
2024 IEEE international conference on robotics and automation (ICRA),IEEE International Conference on Robotics and Automation,CORE,A*,exact_norm,1.000,1,INCLUDED
2021 IEEE international conference on robotics and automation (ICRA),IEEE International Conference on Robotics and Automation,CORE,A*,exact_norm,1.000,1,INCLUDED
2012 IEEE international conference on robotics and automation,IEEE International Conference on Robotics and Automation,CORE,A*,exact_norm,1.000,1,INCLUDED
IEEE Transactions on Vehicular Technology,IEEE Transactions on Vehicular Technology,SJR,Q1,issn,1.000,1,INCLUDED
2013 IEEE international symposium on mixed and augmented reality (ISMAR),IEEE/ACM International Symposium on Mixed and Augmented Reality,CORE,A*,acronym,1.000,1,INCLUDED
2020 IEEE/RSJ international conference on intelligent robots and systems (IROS),IEEE/RSJ International Conference on Intelligent Robots and Systems,CORE,A,exact_norm,1.000,1,INCLUDED
2008 IEEE conference on computer vision and pattern recognition,IEEE Conference on Computer Vision and Pattern Recognition,CORE,A*,exact_norm,1.000,1,INCLUDED
2025 IEEE international conference on robotics and automation (ICRA),IEEE International Conference on Robotics and Automation,CORE,A*,exact_norm,1.000,1,INCLUDED
2010 international symposium on information technology,International Journal of Information Technology (Singapore),SJR,Q1,exact_norm,1.000,1,INCLUDED
2009 IEEE international conference on robotics and automation,IEEE International Conference on Robotics and Automation,CORE,A*,exact_norm,1.000,1,INCLUDED
2017 eleventh international conference on sensing technology (ICST),"International Conference on Software Testing, Verification and Validation",CORE,A,acronym,1.000,1,INCLUDED
"2021 6th international conference on image, vision and computing (ICIVC)",Image and Vision Computing,SJR,Q1,exact_norm,1.000,1,INCLUDED
IEEE Communications Magazine,IEEE Communications Magazine,SJR,Q1,issn,1.000,1,INCLUDED
2024 IEEE international conference on multimedia and expo (ICME),IEEE International Conference on Multimedia and Expo,CORE,A,exact_norm,1.000,1,INCLUDED
IEEE Transactions on Circuits and Systems I: Regular Papers,IEEE Transactions on Circuits and Systems I: Regular Papers,SJR,Q1,exact_norm,1.000,1,INCLUDED
2024 IEEE/CVF conference on computer vision and pattern recognition workshops (CVPRW),IEEE Conference on Computer Vision and Pattern Recognition,CORE,A*,fuzzy,0.952,1,INCLUDED
2010 IEEE/RSJ international conference on intelligent robots and systems,IEEE/RSJ International Conference on Intelligent Robots and Systems,CORE,A,exact_norm,1.000,1,INCLUDED
2021 IEEE/CVF conference on computer vision and pattern recognition (CVPR),IEEE Conference on Computer Vision and Pattern Recognition,CORE,A*,acronym,1.000,1,INCLUDED
2010 IEEE international symposium on mixed and augmented reality,IEEE/ACM International Symposium on Mixed and Augmented Reality,CORE,A*,fuzzy,0.933,1,INCLUDED
"IEEE/ACM Transactions on Audio, Speech, and Language Processing",IEEE/ACM Transactions on Audio Speech and Language Processing,SJR,Q1,issn,1.000,1,INCLUDED
2016 IEEE/RSJ international conference on intelligent robots and systems (IROS),IEEE/RSJ International Conference on Intelligent Robots and Systems,CORE,A,exact_norm,1.000,1,INCLUDED
IEEE Transactions on Robotics and Automation,IEEE International Conference on Robotics and Automation,CORE,A*,exact_norm,1.000,1,INCLUDED
2014 IEEE/RSJ international conference on intelligent robots and systems,IEEE/RSJ International Conference on Intelligent Robots and Systems,CORE,A,exact_norm,1.000,1,INCLUDED
IEEE Wireless Communications,IEEE Wireless Communications,SJR,Q1,issn,1.000,1,INCLUDED
2017 IEEE international symposium on mixed and augmented reality (ISMAR),IEEE/ACM International Symposium on Mixed and Augmented Reality,CORE,A*,acronym,1.000,1,INCLUDED
IEEE Transactions on Robotics,IEEE Transactions on Robotics,SJR,Q1,issn,1.000,1,INCLUDED
IEEE Transactions on Antennas and Propagation,IEEE Transactions on Antennas and Propagation,SJR,Q1,issn,1.000,1,INCLUDED
2021 IEEE european symposium on security and privacy (EuroS&P),IEEE European Symposium on Security and Privacy,CORE,A,exact_norm,1.000,1,INCLUDED
2023 IEEE/CVF international conference on computer vision workshops (ICCVW),IEEE International Conference on Computer Vision,CORE,A*,fuzzy,0.909,1,INCLUDED
2021 IEEE international conference on pervasive computing and communications (PerCom),IEEE International Conference on Pervasive Computing and Communications,CORE,A*,exact_norm,1.000,1,INCLUDED
Instructional Science,Instructional Science,SJR,Q1,exact_norm,1.000,1,INCLUDED
Cell,Cell,SJR,Q1,exact_norm,1.000,1,INCLUDED
Journal of Hydrodynamics,Journal of Hydrodynamics,SJR,Q1,exact_norm,1.000,1,INCLUDED
American Journal of Physiology - Heart and Circulatory Physiology,American Journal of Physiology - Heart and Circulatory Physiology,SJR,Q1,exact_norm,1.000,1,INCLUDED
Humanities and Social Sciences Communications,Humanities and Social Sciences Communications,SJR,Q1,exact_norm,1.000,1,INCLUDED
BMC Psychiatry,BMC Psychiatry,SJR,Q1,exact_norm,1.000,1,INCLUDED
International Journal of Solids and Structures,International Journal of Solids and Structures,SJR,Q1,exact_norm,1.000,1,INCLUDED
Ear and Hearing,Ear and Hearing,SJR,Q1,exact_norm,1.000,1,INCLUDED
"Engineering Science and Technology, an International Journal","Engineering Science and Technology, an International Journal",SJR,Q1,exact_norm,1.000,1,INCLUDED
Advanced Functional Materials,Advanced Functional Materials,SJR,Q1,exact_norm,1.000,1,INCLUDED
Journal of Robotic Surgery,Journal of Robotic Surgery,SJR,Q1,exact_norm,1.000,1,INCLUDED
International Journal of Naval Architecture and Ocean Engineering,International Journal of Naval Architecture and Ocean Engineering,SJR,Q1,exact_norm,1.000,1,INCLUDED
BJPsych Open,BJPsych Open,SJR,Q1,exact_norm,1.000,1,INCLUDED
Egyptian Informatics Journal,Egyptian Informatics Journal,SJR,Q1,exact_norm,1.000,1,INCLUDED
Minerva Urology and Nephrology,Minerva Urology and Nephrology,SJR,Q1,exact_norm,1.000,1,INCLUDED
Critical Care,Journal of Critical Care,SJR,Q1,exact_norm,1.000,1,INCLUDED
PLOS Global Public Health,PLOS Global Public Health,SJR,Q1,exact_norm,1.000,1,INCLUDED
Psychology and Marketing,Psychology and Marketing,SJR,Q1,exact_norm,1.000,1,INCLUDED
Obesity Reviews,Obesity Reviews,SJR,Q1,exact_norm,1.000,1,INCLUDED
Radiography,Radiography,SJR,Q1,exact_norm,1.000,1,INCLUDED
Applied Food Research,Applied Food Research,SJR,Q1,exact_norm,1.000,1,INCLUDED
Acta Obstetricia et Gynecologica Scandinavica,Acta Obstetricia et Gynecologica Scandinavica,SJR,Q1,exact_norm,1.000,1,INCLUDED
BMC Medical Informatics and Decision Making,BMC Medical Informatics and Decision Making,SJR,Q1,exact_norm,1.000,1,INCLUDED
Palliative Medicine Reports,Palliative Medicine Reports,SJR,Q1,exact_norm,1.000,1,INCLUDED
BMC Nursing,BMC Nursing,SJR,Q1,exact_norm,1.000,1,INCLUDED
Journal of Cybersecurity and Privacy,Journal of Cybersecurity and Privacy,SJR,Q1,exact_norm,1.000,1,INCLUDED
Progress in Biomedical Engineering,Progress in Biomedical Engineering,SJR,Q1,exact_norm,1.000,1,INCLUDED
Respiratory Medicine,Respiratory Medicine,SJR,Q1,exact_norm,1.000,1,INCLUDED
Journal of Field Robotics,Journal of Field Robotics,SJR,Q1,exact_norm,1.000,1,INCLUDED
Schizophrenia bulletin,Schizophrenia Bulletin,SJR,Q1,exact_norm,1.000,1,INCLUDED
Global Spine Journal,Global Spine Journal,SJR,Q1,exact_norm,1.000,1,INCLUDED
Experimental and Computational Multiphase Flow,Experimental and Computational Multiphase Flow,SJR,Q1,exact_norm,1.000,1,INCLUDED
Journal of ISAKOS,Journal of ISAKOS,SJR,Q1,exact_norm,1.000,1,INCLUDED
Education and Information Technologies,Education and Information Technologies,SJR,Q1,exact_norm,1.000,1,INCLUDED
Journal of Hazardous Materials,Journal of Hazardous Materials,SJR,Q1,exact_norm,1.000,1,INCLUDED
Supportive Care in Cancer,Supportive Care in Cancer,SJR,Q1,exact_norm,1.000,1,INCLUDED
Journal of Visual Communication and Image Representation,Journal of Visual Communication and Image Representation,SJR,Q1,exact_norm,1.000,1,INCLUDED
"Diabetes, Obesity and Metabolism","Diabetes, Obesity and Metabolism",SJR,Q1,exact_norm,1.000,1,INCLUDED
Clinical Journal of the American Society of Nephrology,Clinical Journal of the American Society of Nephrology,SJR,Q1,exact_norm,1.000,1,INCLUDED
Archives of Orthopaedic and Trauma Surgery,Archives of Orthopaedic and Trauma Surgery,SJR,Q1,exact_norm,1.000,1,INCLUDED
Journal of Retailing and Consumer Services,Journal of Retailing and Consumer Services,SJR,Q1,exact_norm,1.000,1,INCLUDED
Ocean Engineering,Ocean Engineering,SJR,Q1,exact_norm,1.000,1,INCLUDED
Schizophrenia Research: Cognition,Schizophrenia Research: Cognition,SJR,Q1,exact_norm,1.000,1,INCLUDED
Journal of Prosthetic Dentistry,Journal of Prosthetic Dentistry,SJR,Q1,exact_norm,1.000,1,INCLUDED
Psychology and aging,Psychology and Aging,SJR,Q1,exact_norm,1.000,1,INCLUDED
Nature Medicine,Nature Medicine,SJR,Q1,exact_norm,1.000,1,INCLUDED
Building Research and Information,Building Research and Information,SJR,Q1,exact_norm,1.000,1,INCLUDED
Knee,Knee,SJR,Q1,exact_norm,1.000,1,INCLUDED
Journal of the American Board of Family Medicine,Journal of the American Board of Family Medicine,SJR,Q1,exact_norm,1.000,1,INCLUDED
Digital Health,Digital Health,SJR,Q1,exact_norm,1.000,1,INCLUDED
Neuromodulation,Neuromodulation,SJR,Q1,exact_norm,1.000,1,INCLUDED
BMJ Open Respiratory Research,BMJ Open Respiratory Research,SJR,Q1,exact_norm,1.000,1,INCLUDED
International Journal for Equity in Health,International Journal for Equity in Health,SJR,Q1,exact_norm,1.000,1,INCLUDED
International Journal of Nursing Sciences,International Journal of Nursing Sciences,SJR,Q1,exact_norm,1.000,1,INCLUDED
Evolutionary Human Sciences,Evolutionary Human Sciences,SJR,Q1,exact_norm,1.000,1,INCLUDED
Digital Applications in Archaeology and Cultural Heritage,Digital Applications in Archaeology and Cultural Heritage,SJR,Q1,exact_norm,1.000,1,INCLUDED
Information Discovery and Delivery,Information Discovery and Delivery,SJR,Q1,exact_norm,1.000,1,INCLUDED
BMC Women's Health,BMC Women's Health,SJR,Q1,exact_norm,1.000,1,INCLUDED
Journal of Fluency Disorders,Journal of Fluency Disorders,SJR,Q1,exact_norm,1.000,1,INCLUDED
Accounts of Materials Research,Accounts of Materials Research,SJR,Q1,exact_norm,1.000,1,INCLUDED
Catheterization and Cardiovascular Interventions,Catheterization and Cardiovascular Interventions,SJR,Q1,exact_norm,1.000,1,INCLUDED
Educational Research Review,Educational Research Review,SJR,Q1,exact_norm,1.000,1,INCLUDED
Knee Surgery and Related Research,Knee Surgery and Related Research,SJR,Q1,exact_norm,1.000,1,INCLUDED
Physics of Fluids,Physics of Fluids,SJR,Q1,exact_norm,1.000,1,INCLUDED
International Journal of Radiation Oncology Biology Physics,International Journal of Radiation Oncology Biology Physics,SJR,Q1,exact_norm,1.000,1,INCLUDED
Journal of Construction Engineering and Management,Journal of Construction Engineering and Management,SJR,Q1,exact_norm,1.000,1,INCLUDED
Journal of King Saud University - Computer and Information Sciences,Journal of King Saud University - Computer and Information Sciences,SJR,Q1,exact_norm,1.000,1,INCLUDED
Journal of Computational Physics,Journal of Computational Physics,SJR,Q1,exact_norm,1.000,1,INCLUDED
Urban Informatics,Urban Informatics,SJR,Q1,exact_norm,1.000,1,INCLUDED
IEEE Transactions on Dependable and Secure Computing,IEEE Transactions on Dependable and Secure Computing,SJR,Q1,exact_norm,1.000,1,INCLUDED
BMC Complementary Medicine and Therapies,BMC Complementary Medicine and Therapies,SJR,Q1,exact_norm,1.000,1,INCLUDED
International Journal of Clinical and Health Psychology,International Journal of Clinical and Health Psychology,SJR,Q1,exact_norm,1.000,1,INCLUDED
Therapeutic Advances in Endocrinology and Metabolism,Therapeutic Advances in Endocrinology and Metabolism,SJR,Q1,exact_norm,1.000,1,INCLUDED
IEEE Journal on Selected Areas in Communications,IEEE Journal on Selected Areas in Communications,SJR,Q1,exact_norm,1.000,1,INCLUDED
SAGE Open,SAGE Open,SJR,Q1,exact_norm,1.000,1,INCLUDED
Transport Reviews,Transport Reviews,SJR,Q1,exact_norm,1.000,1,INCLUDED
Current Opinion in Neurology,Current Opinion in Neurology,SJR,Q1,exact_norm,1.000,1,INCLUDED
Muscle and Nerve,Muscle and Nerve,SJR,Q1,exact_norm,1.000,1,INCLUDED
Religions,Religions,SJR,Q1,exact_norm,1.000,1,INCLUDED
Mechanical Systems and Signal Processing,Mechanical Systems and Signal Processing,SJR,Q1,exact_norm,1.000,1,INCLUDED
Science Advances,Science Advances,SJR,Q1,exact_norm,1.000,1,INCLUDED
Device,Device,SJR,Q1,exact_norm,1.000,1,INCLUDED
Radiotherapy and Oncology,Radiotherapy and Oncology,SJR,Q1,exact_norm,1.000,1,INCLUDED
Studies in Big Data,Studies in Big Data,SJR,Q1,exact_norm,1.000,1,INCLUDED
Computer Communications,IEEE International Conference on Computer Communications,CORE,A*,fuzzy,0.902,1,INCLUDED
International Wound Journal,International Wound Journal,SJR,Q1,exact_norm,1.000,1,INCLUDED
IEEE Journal of Biomedical and Health Informatics,IEEE Journal of Biomedical and Health Informatics,SJR,Q1,exact_norm,1.000,1,INCLUDED
European Urology,European Urology,SJR,Q1,exact_norm,1.000,1,INCLUDED
Biomedicines,Biomedicines,SJR,Q1,exact_norm,1.000,1,INCLUDED
Image and Vision Computing,Image and Vision Computing,SJR,Q1,exact_norm,1.000,1,INCLUDED
Social Cognitive and Affective Neuroscience,Social Cognitive and Affective Neuroscience,SJR,Q1,exact_norm,1.000,1,INCLUDED
Frontiers in Dental Medicine,Frontiers in Dental Medicine,SJR,Q1,exact_norm,1.000,1,INCLUDED
The Lancet Regional Health - Southeast Asia,The Lancet Regional Health - Southeast Asia,SJR,Q1,exact_norm,1.000,1,INCLUDED
Microbiology Spectrum,Microbiology Spectrum,SJR,Q1,exact_norm,1.000,1,INCLUDED
Clinical Spine Surgery,Clinical Spine Surgery,SJR,Q1,exact_norm,1.000,1,INCLUDED
Ecology and Evolution,Ecology and Evolution,SJR,Q1,exact_norm,1.000,1,INCLUDED
Pain and Therapy,Pain and Therapy,SJR,Q1,exact_norm,1.000,1,INCLUDED
Computer Networks,Computer Networks,SJR,Q1,exact_norm,1.000,1,INCLUDED
Journal of the Atmospheric Sciences,Journal of the Atmospheric Sciences,SJR,Q1,exact_norm,1.000,1,INCLUDED
International Journal of Qualitative Methods,International Journal of Qualitative Methods,SJR,Q1,exact_norm,1.000,1,INCLUDED
npj Microgravity,npj Microgravity,SJR,Q1,exact_norm,1.000,1,INCLUDED
Interactive Learning Environments,Interactive Learning Environments,SJR,Q1,exact_norm,1.000,1,INCLUDED
Neurospine,Neurospine,SJR,Q1,exact_norm,1.000,1,INCLUDED
Mindfulness,Mindfulness,SJR,Q1,exact_norm,1.000,1,INCLUDED
Expert Review of Neurotherapeutics,Expert Review of Neurotherapeutics,SJR,Q1,exact_norm,1.000,1,INCLUDED
ACR Open Rheumatology,ACR Open Rheumatology,SJR,Q1,exact_norm,1.000,1,INCLUDED
Journal of Community and Applied Social Psychology,Journal of Community and Applied Social Psychology,SJR,Q1,exact_norm,1.000,1,INCLUDED
International Journal of Asia Digital Art and Design,International Journal of Asia Digital Art and Design,SJR,Q1,exact_norm,1.000,1,INCLUDED
Science Robotics,Science Robotics,SJR,Q1,exact_norm,1.000,1,INCLUDED
Europace,Europace,SJR,Q1,exact_norm,1.000,1,INCLUDED
Brain Communications,Brain Communications,SJR,Q1,exact_norm,1.000,1,INCLUDED
Journal of Urban Health,Journal of Urban Health,SJR,Q1,exact_norm,1.000,1,INCLUDED
Distance Education,Distance Education,SJR,Q1,exact_norm,1.000,1,INCLUDED
Advances in Therapy,Advances in Therapy,SJR,Q1,exact_norm,1.000,1,INCLUDED
European Journal of Dental Education,European Journal of Dental Education,SJR,Q1,exact_norm,1.000,1,INCLUDED
MMSys 2024 - Proceedings of the 2024 ACM Multimedia Systems Conference,ACM Multimedia Systems Conference,CORE,A,fuzzy,0.917,1,INCLUDED
Journal of Clinical Anesthesia,Journal of Clinical Anesthesia,SJR,Q1,exact_norm,1.000,1,INCLUDED
Asia Pacific Journal of Education,Asia Pacific Journal of Education,SJR,Q1,exact_norm,1.000,1,INCLUDED
Food Science and Nutrition,Food Science and Nutrition,SJR,Q1,exact_norm,1.000,1,INCLUDED
IEEE Transactions on Education,IEEE Transactions on Education,SJR,Q1,exact_norm,1.000,1,INCLUDED
Computer Methods in Applied Mechanics and Engineering,Computer Methods in Applied Mechanics and Engineering,SJR,Q1,exact_norm,1.000,1,INCLUDED
Journal of the American Heart Association,Journal of the American Heart Association,SJR,Q1,exact_norm,1.000,1,INCLUDED
Journal of Research on Technology in Education,Journal of Research on Technology in Education,SJR,Q1,exact_norm,1.000,1,INCLUDED
Sports Biomechanics,Sports Biomechanics,SJR,Q1,exact_norm,1.000,1,INCLUDED
Kidney International,Kidney International,SJR,Q1,exact_norm,1.000,1,INCLUDED
Psychotherapy and Psychosomatics,Psychotherapy and Psychosomatics,SJR,Q1,exact_norm,1.000,1,INCLUDED
UIST 2023 - Proceedings of the 36th Annual ACM Symposium on User Interface Software and Technology,ACM Symposium on User Interface Software and Technology,CORE,A*,fuzzy,0.938,1,INCLUDED
Journal of Research in Interactive Marketing,Journal of Research in Interactive Marketing,SJR,Q1,exact_norm,1.000,1,INCLUDED
Journal of the American Geriatrics Society,Journal of the American Geriatrics Society,SJR,Q1,exact_norm,1.000,1,INCLUDED
JACCP Journal of the American College of Clinical Pharmacy,JACCP Journal of the American College of Clinical Pharmacy,SJR,Q1,exact_norm,1.000,1,INCLUDED
RELC Journal,RELC Journal,SJR,Q1,exact_norm,1.000,1,INCLUDED
World Neurosurgery: X,World Neurosurgery: X,SJR,Q1,exact_norm,1.000,1,INCLUDED
Human Behavior and Emerging Technologies,Human Behavior and Emerging Technologies,SJR,Q1,exact_norm,1.000,1,INCLUDED
International Journal for Numerical and Analytical Methods in Geomechanics,International Journal for Numerical and Analytical Methods in Geomechanics,SJR,Q1,exact_norm,1.000,1,INCLUDED
Lithos,Lithos,SJR,Q1,exact_norm,1.000,1,INCLUDED
Open Access Journal of Sports Medicine,Open Access Journal of Sports Medicine,SJR,Q1,exact_norm,1.000,1,INCLUDED
Frontiers in Bioinformatics,Frontiers in Bioinformatics,SJR,Q1,exact_norm,1.000,1,INCLUDED
Hospital Pediatrics,Hospital Pediatrics,SJR,Q1,exact_norm,1.000,1,INCLUDED
American Journal of Nephrology,American Journal of Nephrology,SJR,Q1,exact_norm,1.000,1,INCLUDED
Journal of Reproductive and Infant Psychology,Journal of Reproductive and Infant Psychology,SJR,Q1,exact_norm,1.000,1,INCLUDED
ERJ Open Research,ERJ Open Research,SJR,Q1,exact_norm,1.000,1,INCLUDED
Neurocomputing,Neurocomputing,SJR,Q1,exact_norm,1.000,1,INCLUDED
Journal of Intelligent and Robotic Systems: Theory and Applications,Journal of Intelligent and Robotic Systems: Theory and Applications,SJR,Q1,exact_norm,1.000,1,INCLUDED
Advanced Materials,Advanced Materials,SJR,Q1,exact_norm,1.000,1,INCLUDED
Behaviour Research and Therapy,Behaviour Research and Therapy,SJR,Q1,exact_norm,1.000,1,INCLUDED
EAI Endorsed Transactions on AI and Robotics,EAI Endorsed Transactions on AI and Robotics,SJR,Q1,exact_norm,1.000,1,INCLUDED
Cerebral Cortex,Cerebral Cortex,SJR,Q1,exact_norm,1.000,1,INCLUDED
Journal of Marketing Research,Journal of Marketing Research,SJR,Q1,exact_norm,1.000,1,INCLUDED
Child and Adolescent Psychiatric Clinics of North America,Child and Adolescent Psychiatric Clinics of North America,SJR,Q1,exact_norm,1.000,1,INCLUDED
ACM/IEEE International Conference on Human-Robot Interaction,ACM/IEEE International Conference on Human-Robot Interaction,CORE,A*,exact_norm,1.000,1,INCLUDED
JAMA Network Open,JAMA Network Open,SJR,Q1,exact_norm,1.000,1,INCLUDED
Autism,Autism,SJR,Q1,exact_norm,1.000,1,INCLUDED
Current Psychology,Current Psychology,SJR,Q1,exact_norm,1.000,1,INCLUDED
Proceedings of the 33rd USENIX Security Symposium,Usenix Security Symposium,CORE,A*,exact_norm,1.000,1,INCLUDED
Journal of Stroke,International Journal of Stroke,SJR,Q1,exact_norm,1.000,1,INCLUDED
Science of the Total Environment,Science of the Total Environment,SJR,Q1,exact_norm,1.000,1,INCLUDED
Frontiers in Pediatrics,Frontiers in Pediatrics,SJR,Q1,exact_norm,1.000,1,INCLUDED
Virtual Archaeology Review,Virtual Archaeology Review,SJR,Q1,exact_norm,1.000,1,INCLUDED
Biological Research for Nursing,Biological Research for Nursing,SJR,Q1,exact_norm,1.000,1,INCLUDED
"MobiSys 2023 - Proceedings of the 21st Annual International Conference on Mobile Systems, Applications and Services","ACM SIGMOBILE International Conference on Mobile Systems, Applications and Services",CORE,A,fuzzy,0.872,1,INCLUDED
Animal Behaviour,Animal Behaviour,SJR,Q1,exact_norm,1.000,1,INCLUDED
GigaScience,GigaScience,SJR,Q1,exact_norm,1.000,1,INCLUDED
American Journal of Obstetrics and Gynecology MFM,American Journal of Obstetrics and Gynecology MFM,SJR,Q1,exact_norm,1.000,1,INCLUDED
International Journal of Educational Management,International Journal of Educational Management,SJR,Q1,exact_norm,1.000,1,INCLUDED
Asia Pacific Journal of Tourism Research,Asia Pacific Journal of Tourism Research,SJR,Q1,exact_norm,1.000,1,INCLUDED
Psychopharmacology,Psychopharmacology,SJR,Q1,exact_norm,1.000,1,INCLUDED
Philosophical Transactions of the Royal Society B: Biological Sciences,Philosophical Transactions of the Royal Society B: Biological Sciences,SJR,Q1,exact_norm,1.000,1,INCLUDED
European Archives of Psychiatry and Clinical Neuroscience,European Archives of Psychiatry and Clinical Neuroscience,SJR,Q1,exact_norm,1.000,1,INCLUDED
Journal of Head Trauma Rehabilitation,Journal of Head Trauma Rehabilitation,SJR,Q1,exact_norm,1.000,1,INCLUDED
Advanced Engineering Informatics,Advanced Engineering Informatics,SJR,Q1,exact_norm,1.000,1,INCLUDED
Cancer Medicine,Cancer Medicine,SJR,Q1,exact_norm,1.000,1,INCLUDED
Journal of Trauma and Acute Care Surgery,Journal of Trauma and Acute Care Surgery,SJR,Q1,exact_norm,1.000,1,INCLUDED
International Journal of Biological Macromolecules,International Journal of Biological Macromolecules,SJR,Q1,exact_norm,1.000,1,INCLUDED
European Journal of Surgical Oncology,European Journal of Surgical Oncology,SJR,Q1,exact_norm,1.000,1,INCLUDED
Sleep Medicine,Sleep Medicine,SJR,Q1,exact_norm,1.000,1,INCLUDED
European Review of Aging and Physical Activity,European Review of Aging and Physical Activity,SJR,Q1,exact_norm,1.000,1,INCLUDED
Journal of Strength and Conditioning Research,Journal of Strength and Conditioning Research,SJR,Q1,exact_norm,1.000,1,INCLUDED
Turkish Journal of Emergency Medicine,Turkish Journal of Emergency Medicine,SJR,Q1,exact_norm,1.000,1,INCLUDED
Journal of Experimental Child Psychology,Journal of Experimental Child Psychology,SJR,Q1,exact_norm,1.000,1,INCLUDED
Mining of Mineral Deposits,Mining of Mineral Deposits,SJR,Q1,exact_norm,1.000,1,INCLUDED
Frontiers in Pain Research,Frontiers in Pain Research,SJR,Q1,exact_norm,1.000,1,INCLUDED
Journal of Affective Disorders,Journal of Affective Disorders,SJR,Q1,exact_norm,1.000,1,INCLUDED
Sports Health,Sports Health,SJR,Q1,exact_norm,1.000,1,INCLUDED
Frontiers in Bioengineering and Biotechnology,Frontiers in Bioengineering and Biotechnology,SJR,Q1,exact_norm,1.000,1,INCLUDED
Ultrasound in Medicine and Biology,Ultrasound in Medicine and Biology,SJR,Q1,exact_norm,1.000,1,INCLUDED
Journal of Silk,Journal of Silk,SJR,Q1,exact_norm,1.000,1,INCLUDED
World Journal of Surgical Oncology,World Journal of Surgical Oncology,SJR,Q1,exact_norm,1.000,1,INCLUDED
Infection,Infection,SJR,Q1,exact_norm,1.000,1,INCLUDED
Frontiers in Behavioral Neuroscience,Frontiers in Behavioral Neuroscience,SJR,Q1,exact_norm,1.000,1,INCLUDED
Educational Technology Research and Development,Educational Technology Research and Development,SJR,Q1,exact_norm,1.000,1,INCLUDED
Journal of Futures Studies,Journal of Futures Studies,SJR,Q1,exact_norm,1.000,1,INCLUDED
NeuroImage: Clinical,NeuroImage: Clinical,SJR,Q1,exact_norm,1.000,1,INCLUDED
EFORT Open Reviews,EFORT Open Reviews,SJR,Q1,exact_norm,1.000,1,INCLUDED
Frontiers in Pharmacology,Frontiers in Pharmacology,SJR,Q1,exact_norm,1.000,1,INCLUDED
Land,Land,SJR,Q1,exact_norm,1.000,1,INCLUDED
Ecological Indicators,Ecological Indicators,SJR,Q1,exact_norm,1.000,1,INCLUDED
Journal of Ethnopharmacology,Journal of Ethnopharmacology,SJR,Q1,exact_norm,1.000,1,INCLUDED
Ore Geology Reviews,Ore Geology Reviews,SJR,Q1,exact_norm,1.000,1,INCLUDED
International Journal of Information Management,Information and Management,SJR,Q1,exact_norm,1.000,1,INCLUDED
ASSETS 2022 - Proceedings of the 24th International ACM SIGACCESS Conference on Computers and Accessibility,International ACM SIGACCESS Conference on Computers and Accessibility,CORE,A,fuzzy,0.914,1,INCLUDED
Pediatric Obesity,Pediatric Obesity,SJR,Q1,exact_norm,1.000,1,INCLUDED
Sports,Sports,SJR,Q1,exact_norm,1.000,1,INCLUDED
Spinal Cord,Spinal Cord,SJR,Q1,exact_norm,1.000,1,INCLUDED
BMC Geriatrics,BMC Geriatrics,SJR,Q1,exact_norm,1.000,1,INCLUDED
Computers in Human Behavior Reports,Computers in Human Behavior Reports,SJR,Q1,exact_norm,1.000,1,INCLUDED
Journal of Religion and Health,Journal of Religion and Health,SJR,Q1,exact_norm,1.000,1,INCLUDED
Astronomical Journal,Astronomical Journal,SJR,Q1,exact_norm,1.000,1,INCLUDED
Measurement: Sensors,Measurement: Sensors,SJR,Q1,exact_norm,1.000,1,INCLUDED
Current Pain and Headache Reports,Current Pain and Headache Reports,SJR,Q1,exact_norm,1.000,1,INCLUDED
UIST 2022 Adjunct - Adjunct Proceedings of the 35th Annual ACM Symposium on User Interface Software and Technology,ACM Symposium on User Interface Software and Technology,CORE,A*,fuzzy,0.938,1,INCLUDED
Anatomical Sciences Education,Anatomical Sciences Education,SJR,Q1,exact_norm,1.000,1,INCLUDED
Chiropractic and Manual Therapies,Chiropractic and Manual Therapies,SJR,Q1,exact_norm,1.000,1,INCLUDED
Symmetry: Culture and Science,Symmetry: Culture and Science,SJR,Q1,exact_norm,1.000,1,INCLUDED
Experimental Aging Research,Experimental Aging Research,SJR,Q1,exact_norm,1.000,1,INCLUDED
Progress in Energy and Combustion Science,Progress in Energy and Combustion Science,SJR,Q1,exact_norm,1.000,1,INCLUDED
Neurophotonics,Neurophotonics,SJR,Q1,exact_norm,1.000,1,INCLUDED
UIST 2021 - Proceedings of the 34th Annual ACM Symposium on User Interface Software and Technology,ACM Symposium on User Interface Software and Technology,CORE,A*,fuzzy,0.938,1,INCLUDED
BMC Public Health,BMC Public Health,SJR,Q1,exact_norm,1.000,1,INCLUDED
Computer Methods and Programs in Biomedicine,Computer Methods and Programs in Biomedicine,SJR,Q1,exact_norm,1.000,1,INCLUDED
PLOS Digital Health,PLOS Digital Health,SJR,Q1,exact_norm,1.000,1,INCLUDED
Digital Creativity,Digital Creativity,SJR,Q1,exact_norm,1.000,1,INCLUDED
"Adjunct Proceedings of the 2020 IEEE International Symposium on Mixed and Augmented Reality, ISMAR-Adjunct 2020",IEEE/ACM International Symposium on Mixed and Augmented Reality,CORE,A*,fuzzy,0.848,1,INCLUDED
Ecological Processes,Ecological Processes,SJR,Q1,exact_norm,1.000,1,INCLUDED
Schizophrenia Bulletin,Schizophrenia Bulletin,SJR,Q1,exact_norm,1.000,1,INCLUDED
Journal of Orthopaedic and Sports Physical Therapy,Journal of Orthopaedic and Sports Physical Therapy,SJR,Q1,exact_norm,1.000,1,INCLUDED
Disability and Health Journal,Disability and Health Journal,SJR,Q1,exact_norm,1.000,1,INCLUDED
Royal Society Open Science,Royal Society Open Science,SJR,Q1,exact_norm,1.000,1,INCLUDED
JALT CALL Journal,JALT CALL Journal,SJR,Q1,exact_norm,1.000,1,INCLUDED
Frontiers in Neural Circuits,Frontiers in Neural Circuits,SJR,Q1,exact_norm,1.000,1,INCLUDED
American Journal of Ophthalmology,American Journal of Ophthalmology,SJR,Q1,exact_norm,1.000,1,INCLUDED
Journal of Multidisciplinary Healthcare,Journal of Multidisciplinary Healthcare,SJR,Q1,exact_norm,1.000,1,INCLUDED
Neuron,Neuron,SJR,Q1,exact_norm,1.000,1,INCLUDED
British Journal of Psychology,British Journal of Psychology,SJR,Q1,exact_norm,1.000,1,INCLUDED
British Journal of Radiology,British Journal of Radiology,SJR,Q1,exact_norm,1.000,1,INCLUDED
Nature Reviews Neurology,Nature Reviews Neurology,SJR,Q1,exact_norm,1.000,1,INCLUDED
Workplace Health and Safety,Workplace Health and Safety,SJR,Q1,exact_norm,1.000,1,INCLUDED
Addictive Behaviors,Addictive Behaviors,SJR,Q1,exact_norm,1.000,1,INCLUDED
Transportation Research Part F: Traffic Psychology and Behaviour,Transportation Research Part F: Traffic Psychology and Behaviour,SJR,Q1,exact_norm,1.000,1,INCLUDED
General Hospital Psychiatry,General Hospital Psychiatry,SJR,Q1,exact_norm,1.000,1,INCLUDED
Brain Topography,Brain Topography,SJR,Q1,exact_norm,1.000,1,INCLUDED
JCI Insight,JCI Insight,SJR,Q1,exact_norm,1.000,1,INCLUDED
Architectural Science Review,Architectural Science Review,SJR,Q1,exact_norm,1.000,1,INCLUDED
International Journal of Performance Arts and Digital Media,International Journal of Performance Arts and Digital Media,SJR,Q1,exact_norm,1.000,1,INCLUDED
Clinical Psychology and Psychotherapy,Clinical Psychology and Psychotherapy,SJR,Q1,exact_norm,1.000,1,INCLUDED
Media Psychology,Journal of Media Psychology,SJR,Q1,exact_norm,1.000,1,INCLUDED
UIST 2020 - Proceedings of the 33rd Annual ACM Symposium on User Interface Software and Technology,ACM Symposium on User Interface Software and Technology,CORE,A*,fuzzy,0.938,1,INCLUDED
Social Media and Society,Social Media and Society,SJR,Q1,exact_norm,1.000,1,INCLUDED
Journal of Mechanisms and Robotics,Journal of Mechanisms and Robotics,SJR,Q1,exact_norm,1.000,1,INCLUDED
Behavior Therapy,Behavior Therapy,SJR,Q1,exact_norm,1.000,1,INCLUDED
Journal of the Mechanical Behavior of Biomedical Materials,Journal of the Mechanical Behavior of Biomedical Materials,SJR,Q1,exact_norm,1.000,1,INCLUDED
British Journal of Ophthalmology,British Journal of Ophthalmology,SJR,Q1,exact_norm,1.000,1,INCLUDED
MethodsX,MethodsX,SJR,Q1,exact_norm,1.000,1,INCLUDED
Molecular Pain,Molecular Pain,SJR,Q1,exact_norm,1.000,1,INCLUDED
Journal of the Association for Information Systems,Journal of the Association for Information Systems,SJR,Q1,exact_norm,1.000,1,INCLUDED
Water Resources Research,Water Resources Research,SJR,Q1,exact_norm,1.000,1,INCLUDED
MM 2020 - Proceedings of the 28th ACM International Conference on Multimedia,ACM Multimedia,CORE,A*,fuzzy,0.903,1,INCLUDED
Japanese Journal of Radiology,Japanese Journal of Radiology,SJR,Q1,exact_norm,1.000,1,INCLUDED
American Journal of Gastroenterology,American Journal of Gastroenterology,SJR,Q1,exact_norm,1.000,1,INCLUDED
Computers and Industrial Engineering,Computers and Industrial Engineering,SJR,Q1,exact_norm,1.000,1,INCLUDED
IEEE Transactions on Microwave Theory and Techniques,IEEE Transactions on Microwave Theory and Techniques,SJR,Q1,exact_norm,1.000,1,INCLUDED
"IEEE Journal of Electromagnetics, RF and Microwaves in Medicine and Biology","IEEE Journal of Electromagnetics, RF and Microwaves in Medicine and Biology",SJR,Q1,exact_norm,1.000,1,INCLUDED
NMR in Biomedicine,NMR in Biomedicine,SJR,Q1,exact_norm,1.000,1,INCLUDED
Journal of Information Technology in Construction,Journal of Information Technology in Construction,SJR,Q1,exact_norm,1.000,1,INCLUDED
Medical Teacher,Medical Teacher,SJR,Q1,exact_norm,1.000,1,INCLUDED
Optometry and Vision Science,Optometry and Vision Science,SJR,Q1,exact_norm,1.000,1,INCLUDED
Engineering Fracture Mechanics,Engineering Fracture Mechanics,SJR,Q1,exact_norm,1.000,1,INCLUDED
Journal of Heart and Lung Transplantation,Journal of Heart and Lung Transplantation,SJR,Q1,exact_norm,1.000,1,INCLUDED
The Lancet Psychiatry,The Lancet Psychiatry,SJR,Q1,exact_norm,1.000,1,INCLUDED
International Journal of Stroke,International Journal of Stroke,SJR,Q1,exact_norm,1.000,1,INCLUDED
Journal of Experimental Psychology: Learning Memory and Cognition,Journal of Experimental Psychology: Learning Memory and Cognition,SJR,Q1,exact_norm,1.000,1,INCLUDED
AI and Society,AI and Society,SJR,Q1,exact_norm,1.000,1,INCLUDED
Depression and Anxiety,Depression and Anxiety,SJR,Q1,exact_norm,1.000,1,INCLUDED
JACC: Clinical Electrophysiology,JACC: Clinical Electrophysiology,SJR,Q1,exact_norm,1.000,1,INCLUDED
Journal of the Taiwan Institute of Chemical Engineers,Journal of the Taiwan Institute of Chemical Engineers,SJR,Q1,exact_norm,1.000,1,INCLUDED
Journal of General Internal Medicine,Journal of General Internal Medicine,SJR,Q1,exact_norm,1.000,1,INCLUDED
IEEE Transactions on Evolutionary Computation,Genetic and Evolutionary Computations,CORE,A,fuzzy,0.839,1,INCLUDED
Nongye Gongcheng Xuebao/Transactions of the Chinese Society of Agricultural Engineering,Nongye Gongcheng Xuebao/Transactions of the Chinese Society of Agricultural Engineering,SJR,Q1,exact_norm,1.000,1,INCLUDED
UIST 2017 - Proceedings of the 30th Annual ACM Symposium on User Interface Software and Technology,ACM Symposium on User Interface Software and Technology,CORE,A*,fuzzy,0.938,1,INCLUDED
Communication Research Reports,Communication Research Reports,SJR,Q1,exact_norm,1.000,1,INCLUDED
Psychological Medicine,Psychological Medicine,SJR,Q1,exact_norm,1.000,1,INCLUDED
Cells,Cells,SJR,Q1,exact_norm,1.000,1,INCLUDED
UIST 2019 - Proceedings of the 32nd Annual ACM Symposium on User Interface Software and Technology,ACM Symposium on User Interface Software and Technology,CORE,A*,fuzzy,0.938,1,INCLUDED
Developmental Science,Developmental Science,SJR,Q1,exact_norm,1.000,1,INCLUDED
Breast Cancer Research and Treatment,Breast Cancer Research and Treatment,SJR,Q1,exact_norm,1.000,1,INCLUDED
Pediatric Blood and Cancer,Pediatric Blood and Cancer,SJR,Q1,exact_norm,1.000,1,INCLUDED
"Journal of Nutrition, Health and Aging","Journal of Nutrition, Health and Aging",SJR,Q1,exact_norm,1.000,1,INCLUDED
Journal of Rehabilitation Medicine,Journal of Rehabilitation Medicine,SJR,Q1,exact_norm,1.000,1,INCLUDED
Current Opinion in Behavioral Sciences,Current Opinion in Behavioral Sciences,SJR,Q1,exact_norm,1.000,1,INCLUDED
Science and Engineering Ethics,Science and Engineering Ethics,SJR,Q1,exact_norm,1.000,1,INCLUDED
Design Studies,Design Studies,SJR,Q1,exact_norm,1.000,1,INCLUDED
Journalism and Mass Communication Quarterly,Journalism and Mass Communication Quarterly,SJR,Q1,exact_norm,1.000,1,INCLUDED
Current Opinion in Psychiatry,Current Opinion in Psychiatry,SJR,Q1,exact_norm,1.000,1,INCLUDED
"MobiSys 2018 - Proceedings of the 16th ACM International Conference on Mobile Systems, Applications, and Services","ACM SIGMOBILE International Conference on Mobile Systems, Applications and Services",CORE,A,fuzzy,0.837,1,INCLUDED
Journal of Cardiovascular Computed Tomography,Journal of Cardiovascular Computed Tomography,SJR,Q1,exact_norm,1.000,1,INCLUDED
Injury,Injury,SJR,Q1,exact_norm,1.000,1,INCLUDED
Wiley Interdisciplinary Reviews: Cognitive Science,Wiley Interdisciplinary Reviews: Cognitive Science,SJR,Q1,exact_norm,1.000,1,INCLUDED
Cluster Computing,Cluster Computing,SJR,Q1,exact_norm,1.000,1,INCLUDED
Journal of Surgical Education,Journal of Surgical Education,SJR,Q1,exact_norm,1.000,1,INCLUDED
Advances in Clinical and Experimental Medicine,Advances in Clinical and Experimental Medicine,SJR,Q1,exact_norm,1.000,1,INCLUDED
Biochimica et Biophysica Acta - Molecular Cell Research,Biochimica et Biophysica Acta - Molecular Cell Research,SJR,Q1,exact_norm,1.000,1,INCLUDED
Progress in Neuro-Psychopharmacology and Biological Psychiatry,Progress in Neuro-Psychopharmacology and Biological Psychiatry,SJR,Q1,exact_norm,1.000,1,INCLUDED
Nature Neuroscience,Nature Neuroscience,SJR,Q1,exact_norm,1.000,1,INCLUDED
Physiological Reviews,Physiological Reviews,SJR,Q1,exact_norm,1.000,1,INCLUDED
Journal of Neurosurgery: Pediatrics,Journal of Neurosurgery: Pediatrics,SJR,Q1,exact_norm,1.000,1,INCLUDED
Computers and Fluids,Computers and Fluids,SJR,Q1,exact_norm,1.000,1,INCLUDED
Sports Medicine,International Journal of Sports Medicine,SJR,Q1,exact_norm,1.000,1,INCLUDED
IEEE Communications Surveys and Tutorials,IEEE Communications Surveys and Tutorials,SJR,Q1,exact_norm,1.000,1,INCLUDED
Brain and Cognition,Brain and Cognition,SJR,Q1,exact_norm,1.000,1,INCLUDED
Psychology of Sport and Exercise,Psychology of Sport and Exercise,SJR,Q1,exact_norm,1.000,1,INCLUDED
UIST 2016 Adjunct - Proceedings of the 29th Annual Symposium on User Interface Software and Technology,ACM Symposium on User Interface Software and Technology,CORE,A*,fuzzy,0.909,1,INCLUDED
Ophthalmic and Physiological Optics,Ophthalmic and Physiological Optics,SJR,Q1,exact_norm,1.000,1,INCLUDED
Sex Roles,Sex Roles,SJR,Q1,exact_norm,1.000,1,INCLUDED
Investigative Radiology,Investigative Radiology,SJR,Q1,exact_norm,1.000,1,INCLUDED
Journal of Physiotherapy,Physiotherapy (United Kingdom),SJR,Q1,exact_norm,1.000,1,INCLUDED
Mental Health and Prevention,Mental Health and Prevention,SJR,Q1,exact_norm,1.000,1,INCLUDED
BJU International,BJU International,SJR,Q1,exact_norm,1.000,1,INCLUDED
Journal of Biomedical Informatics,Journal of Biomedical Informatics,SJR,Q1,exact_norm,1.000,1,INCLUDED
Annals of Nuclear Energy,Annals of Nuclear Energy,SJR,Q1,exact_norm,1.000,1,INCLUDED
Annals of Rehabilitation Medicine,Annals of Rehabilitation Medicine,SJR,Q1,exact_norm,1.000,1,INCLUDED
Geophysical Research Letters,Geophysical Research Letters,SJR,Q1,exact_norm,1.000,1,INCLUDED
Methods of Information in Medicine,Methods of Information in Medicine,SJR,Q1,exact_norm,1.000,1,INCLUDED
Journal of Neurosurgery,Neurosurgery,SJR,Q1,exact_norm,1.000,1,INCLUDED
European Journal of Vascular and Endovascular Surgery,European Journal of Vascular and Endovascular Surgery,SJR,Q1,exact_norm,1.000,1,INCLUDED
Astrophysical Journal,Astrophysical Journal,SJR,Q1,exact_norm,1.000,1,INCLUDED
Australasian Journal of Educational Technology,Australasian Journal of Educational Technology,SJR,Q1,exact_norm,1.000,1,INCLUDED
Veterinary Microbiology,Veterinary Microbiology,SJR,Q1,exact_norm,1.000,1,INCLUDED
"Cognition, Technology and Work","Cognition, Technology and Work",SJR,Q1,exact_norm,1.000,1,INCLUDED
Annals of Emergency Medicine,Annals of Emergency Medicine,SJR,Q1,exact_norm,1.000,1,INCLUDED
Korean Journal of Radiology,Korean Journal of Radiology,SJR,Q1,exact_norm,1.000,1,INCLUDED
"Proceedings of the Conference on Object-Oriented Programming Systems, Languages, and Applications, OOPSLA",ACM Conference on Object Oriented Programming Systems Languages and Applications,CORE,A,fuzzy,0.913,1,INCLUDED
Journal of Experimental Psychology: Human Perception and Performance,Journal of Experimental Psychology: Human Perception and Performance,SJR,Q1,exact_norm,1.000,1,INCLUDED
Therapeutics and Clinical Risk Management,Therapeutics and Clinical Risk Management,SJR,Q1,exact_norm,1.000,1,INCLUDED
BMC Health Services Research,BMC Health Services Research,SJR,Q1,exact_norm,1.000,1,INCLUDED
EJNMMI Research,EJNMMI Research,SJR,Q1,exact_norm,1.000,1,INCLUDED
ACS Chemical Biology,ACS Chemical Biology,SJR,Q1,exact_norm,1.000,1,INCLUDED
Canadian Journal of Fisheries and Aquatic Sciences,Canadian Journal of Fisheries and Aquatic Sciences,SJR,Q1,exact_norm,1.000,1,INCLUDED
Neurology and Therapy,Neurology and Therapy,SJR,Q1,exact_norm,1.000,1,INCLUDED
IEEE Robotics and Automation Magazine,IEEE Robotics and Automation Magazine,SJR,Q1,exact_norm,1.000,1,INCLUDED
Journal of Real-Time Image Processing,Journal of Real-Time Image Processing,SJR,Q1,exact_norm,1.000,1,INCLUDED
Monthly Weather Review,Monthly Weather Review,SJR,Q1,exact_norm,1.000,1,INCLUDED
Clinical and Experimental Hypertension,Clinical and Experimental Hypertension,SJR,Q1,exact_norm,1.000,1,INCLUDED
Survey of Ophthalmology,Survey of Ophthalmology,SJR,Q1,exact_norm,1.000,1,INCLUDED
Physical Review Letters,Physical Review Letters,SJR,Q1,exact_norm,1.000,1,INCLUDED
Oceanologia,Oceanologia,SJR,Q1,exact_norm,1.000,1,INCLUDED
Obesity Surgery,Obesity Surgery,SJR,Q1,exact_norm,1.000,1,INCLUDED
Age and Ageing,Age and Ageing,SJR,Q1,exact_norm,1.000,1,INCLUDED
Hernia,Hernia,SJR,Q1,exact_norm,1.000,1,INCLUDED
Journal of Cheminformatics,Journal of Cheminformatics,SJR,Q1,exact_norm,1.000,1,INCLUDED
"Advances in Atomic, Molecular and Optical Physics","Advances in Atomic, Molecular and Optical Physics",SJR,Q1,exact_norm,1.000,1,INCLUDED
Computerized Medical Imaging and Graphics,Computerized Medical Imaging and Graphics,SJR,Q1,exact_norm,1.000,1,INCLUDED
International Journal of Coal Geology,International Journal of Coal Geology,SJR,Q1,exact_norm,1.000,1,INCLUDED
BMC Bioinformatics,BMC Bioinformatics,SJR,Q1,exact_norm,1.000,1,INCLUDED
Visual Cognition,Visual Cognition,SJR,Q1,exact_norm,1.000,1,INCLUDED
Journal of Experimental Social Psychology,Journal of Experimental Social Psychology,SJR,Q1,exact_norm,1.000,1,INCLUDED
Diabetes Technology and Therapeutics,Diabetes Technology and Therapeutics,SJR,Q1,exact_norm,1.000,1,INCLUDED
Maturitas,Maturitas,SJR,Q1,exact_norm,1.000,1,INCLUDED
Annual Review of Clinical Psychology,Annual Review of Clinical Psychology,SJR,Q1,exact_norm,1.000,1,INCLUDED
"Philosophical Transactions of the Royal Society A: Mathematical, Physical and Engineering Sciences","Philosophical Transactions of the Royal Society A: Mathematical, Physical and Engineering Sciences",SJR,Q1,exact_norm,1.000,1,INCLUDED
Journal of Visual Art Practice,Journal of Visual Art Practice,SJR,Q1,exact_norm,1.000,1,INCLUDED
Neurosurgery,Neurosurgery,SJR,Q1,exact_norm,1.000,1,INCLUDED
Encephale,Encephale,SJR,Q1,exact_norm,1.000,1,INCLUDED
Journal of animal science,Journal of Animal Science,SJR,Q1,exact_norm,1.000,1,INCLUDED
Pain Medicine,Pain Medicine (United States),SJR,Q1,exact_norm,1.000,1,INCLUDED
Current Opinion in Chemical Biology,Current Opinion in Chemical Biology,SJR,Q1,exact_norm,1.000,1,INCLUDED
Journal of Clinical Psychiatry,Journal of Clinical Psychiatry,SJR,Q1,exact_norm,1.000,1,INCLUDED
Cardiovascular Pathology,Cardiovascular Pathology,SJR,Q1,exact_norm,1.000,1,INCLUDED
Information and Software Technology,Information and Software Technology,SJR,Q1,exact_norm,1.000,1,INCLUDED
Trends in Cognitive Sciences,Trends in Cognitive Sciences,SJR,Q1,exact_norm,1.000,1,INCLUDED
PLoS Biology,PLOS Biology,SJR,Q1,exact_norm,1.000,1,INCLUDED
Kybernetes,Kybernetes,SJR,Q1,exact_norm,1.000,1,INCLUDED
Investigative Ophthalmology and Visual Science,Investigative Ophthalmology and Visual Science,SJR,Q1,exact_norm,1.000,1,INCLUDED
Clinical Psychology Review,Clinical Psychology Review,SJR,Q1,exact_norm,1.000,1,INCLUDED
Journal of Traumatic Stress,Journal of Traumatic Stress,SJR,Q1,exact_norm,1.000,1,INCLUDED
Future Generation Computer Systems,Future Generation Computer Systems,SJR,Q1,exact_norm,1.000,1,INCLUDED
World Journal of Gastroenterology,World Journal of Gastroenterology,SJR,Q1,exact_norm,1.000,1,INCLUDED
IJCAI International Joint Conference on Artificial Intelligence,International Joint Conference on Artificial Intelligence,CORE,A*,fuzzy,0.906,1,INCLUDED
Aquatic Toxicology,Aquatic Toxicology,SJR,Q1,exact_norm,1.000,1,INCLUDED
Psychotherapy,Psychotherapy,SJR,Q1,exact_norm,1.000,1,INCLUDED
Interactive Technology and Smart Education,Interactive Technology and Smart Education,SJR,Q1,exact_norm,1.000,1,INCLUDED
Journal of the London Mathematical Society,Journal of the London Mathematical Society,SJR,Q1,exact_norm,1.000,1,INCLUDED
Wear,Wear,SJR,Q1,exact_norm,1.000,1,INCLUDED
Journal of Chemical Information and Modeling,Journal of Chemical Information and Modeling,SJR,Q1,exact_norm,1.000,1,INCLUDED
Journal of Telemedicine and Telecare,Journal of Telemedicine and Telecare,SJR,Q1,exact_norm,1.000,1,INCLUDED
2004 IEEE International Conference on Multimedia and Expo (ICME),IEEE International Conference on Multimedia and Expo,CORE,A,exact_norm,1.000,1,INCLUDED
American Journal of Surgery,American Journal of Surgery,SJR,Q1,exact_norm,1.000,1,INCLUDED
Personality and Social Psychology Bulletin,Personality and Social Psychology Bulletin,SJR,Q1,exact_norm,1.000,1,INCLUDED
Frontiers in bioinformatics,Frontiers in Bioinformatics,SJR,Q1,issn,1.000,1,INCLUDED
Supportive care in cancer : official journal of the Multinational Association of Supportive Care in Cancer,Supportive Care in Cancer,SJR,Q1,issn,1.000,1,INCLUDED
"Cyberpsychology, behavior and social networking","Cyberpsychology, Behavior, and Social Networking",SJR,Q1,issn,1.000,1,INCLUDED
Frontiers in medicine,Frontiers in Medicine,SJR,Q1,issn,1.000,1,INCLUDED
Computer methods and programs in biomedicine,Computer Methods and Programs in Biomedicine,SJR,Q1,issn,1.000,1,INCLUDED
Physiotherapy,Physiotherapy (United Kingdom),SJR,Q1,issn,1.000,1,INCLUDED
"Human reproduction (Oxford, England)",Human Reproduction,SJR,Q1,issn,1.000,1,INCLUDED
Journal of the American Society of Nephrology : JASN,Journal of the American Society of Nephrology,SJR,Q1,issn,1.000,1,INCLUDED
Langenbeck's archives of surgery,Langenbeck's Archives of Surgery,SJR,Q1,issn,1.000,1,INCLUDED
Journal of affective disorders,Journal of Affective Disorders,SJR,Q1,issn,1.000,1,INCLUDED
The British journal of nutrition,British Journal of Nutrition,SJR,Q1,issn,1.000,1,INCLUDED
The Journal of neuroscience : the official journal of the Society for Neuroscience,Journal of Neuroscience,SJR,Q1,issn,1.000,1,INCLUDED
Journal of the neurological sciences,Journal of the Neurological Sciences,SJR,Q1,issn,1.000,1,INCLUDED
World journal of gastroenterology,World Journal of Gastroenterology,SJR,Q1,issn,1.000,1,INCLUDED
Journal of the American Academy of Orthopaedic Surgeons. Global research & reviews,Journal of the American Academy of Orthopaedic Surgeons Global Research and Reviews,SJR,Q1,issn,1.000,1,INCLUDED
La Radiologia medica,Radiologia Medica,SJR,Q1,issn,1.000,1,INCLUDED
JMIR medical education,JMIR Medical Education,SJR,Q1,issn,1.000,1,INCLUDED
Psychological research,Psychological Research,SJR,Q1,issn,1.000,1,INCLUDED
Nature medicine,Nature Medicine,SJR,Q1,issn,1.000,1,INCLUDED
Comprehensive psychiatry,Comprehensive Psychiatry,SJR,Q1,issn,1.000,1,INCLUDED
Heart rhythm,Heart Rhythm,SJR,Q1,issn,1.000,1,INCLUDED
Pancreatology : official journal of the International Association of Pancreatology (IAP) ... [et al.],Pancreatology,SJR,Q1,issn,1.000,1,INCLUDED
Biology,Biology,SJR,Q1,issn,1.000,1,INCLUDED
Obesity facts,Obesity Facts,SJR,Q1,issn,1.000,1,INCLUDED
Frontiers in human neuroscience,Frontiers in Human Neuroscience,SJR,Q1,issn,1.000,1,INCLUDED
Animal reproduction science,Animal Reproduction Science,SJR,Q1,issn,1.000,1,INCLUDED
"Nephrology, dialysis, transplantation : official publication of the European Dialysis and Transplant Association - European Renal Association",Nephrology Dialysis Transplantation,SJR,Q1,issn,1.000,1,INCLUDED
Clinical orthopaedics and related research,Clinical Orthopaedics and Related Research,SJR,Q1,issn,1.000,1,INCLUDED
Behaviour research and therapy,Behaviour Research and Therapy,SJR,Q1,issn,1.000,1,INCLUDED
BMC genomics,BMC Genomics,SJR,Q1,issn,1.000,1,INCLUDED
The plant pathology journal,Plant Pathology Journal,SJR,Q1,issn,1.000,1,INCLUDED
Medical physics,Medical Physics,SJR,Q1,issn,1.000,1,INCLUDED
JSES international,JSES International,SJR,Q1,issn,1.000,1,INCLUDED
Journal of magnetic resonance imaging : JMRI,Journal of Magnetic Resonance Imaging,SJR,Q1,issn,1.000,1,INCLUDED
The Journal of clinical endocrinology and metabolism,Journal of Clinical Endocrinology and Metabolism,SJR,Q1,issn,1.000,1,INCLUDED
European journal of anaesthesiology,European Journal of Anaesthesiology,SJR,Q1,issn,1.000,1,INCLUDED
Clinical gastroenterology and hepatology : the official clinical practice journal of the American Gastroenterological Association,Clinical Gastroenterology and Hepatology,SJR,Q1,issn,1.000,1,INCLUDED
Arthroscopy : the journal of arthroscopic & related surgery : official publication of the Arthroscopy Association of North America and the International  Arthroscopy Association,Arthroscopy - Journal of Arthroscopic and Related Surgery,SJR,Q1,issn,1.000,1,INCLUDED
Comparative biochemistry and physiology. Toxicology & pharmacology : CBP,Comparative Biochemistry and Physiology Part - C: Toxicology and Pharmacology,SJR,Q1,issn,1.000,1,INCLUDED
Physics and imaging in radiation oncology,Physics and Imaging in Radiation Oncology,SJR,Q1,issn,1.000,1,INCLUDED
The Journal of chemical physics,Journal of Chemical Physics,SJR,Q1,issn,1.000,1,INCLUDED
The Journal of endocrinology,Journal of Endocrinology,SJR,Q1,issn,1.000,1,INCLUDED
NPJ science of food,npj Science of Food,SJR,Q1,issn,1.000,1,INCLUDED
"Diabetes, obesity & metabolism","Diabetes, Obesity and Metabolism",SJR,Q1,issn,1.000,1,INCLUDED
The American journal of clinical nutrition,American Journal of Clinical Nutrition,SJR,Q1,issn,1.000,1,INCLUDED
Brain structure & function,Brain Structure and Function,SJR,Q1,issn,1.000,1,INCLUDED
Gait & posture,Gait and Posture,SJR,Q1,issn,1.000,1,INCLUDED
JMIR rehabilitation and assistive technologies,JMIR Rehabilitation and Assistive Technologies,SJR,Q1,issn,1.000,1,INCLUDED
Journal of the American Board of Family Medicine : JABFM,Journal of the American Board of Family Medicine,SJR,Q1,issn,1.000,1,INCLUDED
The Lancet regional health. Europe,The Lancet Regional Health - Europe,SJR,Q1,issn,1.000,1,INCLUDED
"Sensors (Basel, Switzerland)",Sensors,SJR,Q1,issn,1.000,1,INCLUDED
Drug delivery and translational research,Drug Delivery and Translational Research,SJR,Q1,issn,1.000,1,INCLUDED
Plant physiology,Plant Physiology,SJR,Q1,issn,1.000,1,INCLUDED
BMC nephrology,BMC Nephrology,SJR,Q1,issn,1.000,1,INCLUDED
CPT: pharmacometrics & systems pharmacology,CPT: Pharmacometrics and Systems Pharmacology,SJR,Q1,issn,1.000,1,INCLUDED
Nature communications,Nature Communications,SJR,Q1,issn,1.000,1,INCLUDED
Translational psychiatry,Translational Psychiatry,SJR,Q1,issn,1.000,1,INCLUDED
Frontiers in psychiatry,Frontiers in Psychiatry,SJR,Q1,issn,1.000,1,INCLUDED
American journal of physiology. Heart and circulatory physiology,American Journal of Physiology - Heart and Circulatory Physiology,SJR,Q1,issn,1.000,1,INCLUDED
Circulation. Cardiovascular interventions,Circulation: Cardiovascular Interventions,SJR,Q1,issn,1.000,1,INCLUDED
Journal of eating disorders,Journal of Eating Disorders,SJR,Q1,issn,1.000,1,INCLUDED
BJPsych open,BJPsych Open,SJR,Q1,issn,1.000,1,INCLUDED
"Clinical nutrition (Edinburgh, Scotland)",Clinical Nutrition,SJR,Q1,issn,1.000,1,INCLUDED
ACS nano,ACS Nano,SJR,Q1,issn,1.000,1,INCLUDED
The Cochrane database of systematic reviews,Cochrane Database of Systematic Reviews,SJR,Q1,issn,1.000,1,INCLUDED
Clinical journal of the American Society of Nephrology : CJASN,Clinical Journal of the American Society of Nephrology,SJR,Q1,issn,1.000,1,INCLUDED
"Cancer epidemiology, biomarkers & prevention : a publication of the American Association for Cancer Research, cosponsored by the American Society of  Preventive Oncology",Cancer Epidemiology Biomarkers and Prevention,SJR,Q1,issn,1.000,1,INCLUDED
Proceedings of the 2018 ACM/IEEE International Conference on Human-Robot Interaction,ACM/IEEE International Conference on Human-Robot Interaction,CORE,A*,exact_norm,1.000,1,INCLUDED
ACM Transactions on Computing Education,ACM Transactions on Computing Education,SJR,Q1,exact_norm,1.000,1,INCLUDED
Proceedings of the ACM on Measurement and Analysis of Computing Systems,Proceedings of the ACM on Measurement and Analysis of Computing Systems,SJR,Q1,exact_norm,1.000,1,INCLUDED
ACM Transactions on Algorithms,ACM Transactions on Algorithms,SJR,Q1,exact_norm,1.000,1,INCLUDED
Proceedings of the ACM on Software Engineering,International Conference on Software Engineering,CORE,A*,fuzzy,0.909,1,INCLUDED
ACM Transactions on Software Engineering and Methodology,ACM Transactions on Software Engineering and Methodology,SJR,Q1,exact_norm,1.000,1,INCLUDED
ACM Transactions on Intelligent Systems and Technology,ACM Transactions on Intelligent Systems and Technology,SJR,Q1,exact_norm,1.000,1,INCLUDED
Proceedings of the 2024 4th International Symposium on Big Data and Artificial Intelligence,International Joint Conference on Artificial Intelligence,CORE,A*,fuzzy,0.852,1,INCLUDED
Proceedings of the 26th ACM International Conference on Architectural Support for Programming Languages and Operating Systems,Architectural Support for Programming Languages and Operating Systems,CORE,A*,fuzzy,0.970,1,INCLUDED
Proceedings of the 29th International Conference on Evaluation and Assessment in Software Engineering,International Conference on Evaluation and Assessment in Software Engineering,CORE,A,exact_norm,1.000,1,INCLUDED
Proceedings of the 56th Annual ACM Symposium on Theory of Computing,ACM Symposium on Theory of Computing,CORE,A*,exact_norm,1.000,1,INCLUDED
Proceedings of the 27th International Conference on Evaluation and Assessment in Software Engineering,International Conference on Evaluation and Assessment in Software Engineering,CORE,A,exact_norm,1.000,1,INCLUDED
Proceedings of the 12th Innovations in Software Engineering Conference (formerly known as India Software Engineering Conference),Automated Software Engineering Conference,CORE,A*,fuzzy,0.833,1,INCLUDED
Proceedings of the 19th annual conference on Computer graphics and interactive techniques,ACM SIG International Conference on Computer Graphics and Interactive Techniques,CORE,A*,fuzzy,0.909,1,INCLUDED
Proceedings of the 2008 ACM conference on Computer supported cooperative work,ACM Conference on Computer Supported Cooperative Work,CORE,A,exact_norm,1.000,1,INCLUDED
16th Innovations in Software Engineering Conference,Automated Software Engineering Conference,CORE,A*,fuzzy,0.833,1,INCLUDED
Proceedings of the 10th annual ACM symposium on User interface software and technology - UIST '97,ACM Symposium on User Interface Software and Technology,CORE,A*,fuzzy,0.905,1,INCLUDED
15th Innovations in Software Engineering Conference,Automated Software Engineering Conference,CORE,A*,fuzzy,0.833,1,INCLUDED
Proceedings of the 7th Conference on Computing Education Practice,International Computing Education Research Workshop,CORE,A,fuzzy,0.821,1,INCLUDED
Proceedings of the 1994 ACM conference on Computer supported cooperative work - CSCW '94,ACM Conference on Computer Supported Cooperative Work,CORE,A,fuzzy,0.907,1,INCLUDED
Proceedings of the 46th International Symposium on Computer Architecture,ACM International Symposium on Computer Architecture,CORE,A*,fuzzy,0.913,1,INCLUDED
Proceedings of the 7th ACM conference on Designing interactive systems,Designing Interactive Systems,CORE,A,fuzzy,0.935,1,INCLUDED
Proceedings of the 4th annual ACM symposium on User interface software and technology - UIST '91,ACM Symposium on User Interface Software and Technology,CORE,A*,fuzzy,0.905,1,INCLUDED
Proceedings of the International Conference on Artificial Intelligence and its Applications,International Conference on Artificial Intelligence in Education,CORE,A,fuzzy,0.822,1,INCLUDED
Proceedings of the 39th ACM International Conference on Supercomputing,ACM International Conference on Supercomputing,CORE,A,exact_norm,1.000,1,INCLUDED
Proceedings of the 16th ACM Multimedia Systems Conference,ACM Multimedia Systems Conference,CORE,A,exact_norm,1.000,1,INCLUDED
2020 2nd International Workshop on Artificial Intelligence and Education,International Conference on Artificial Intelligence in Education,CORE,A,exact_norm,1.000,1,INCLUDED
Proceedings of the 2005 ACM conference on Emerging network experiment and technology - CoNEXT'05,ACM International Conference on Emerging Networking Experiments and Technologies,CORE,A,fuzzy,0.840,1,INCLUDED
Proceedings of the 8th annual conference on Genetic and evolutionary computation,Genetic and Evolutionary Computations,CORE,A,fuzzy,0.985,1,INCLUDED
Proceedings of the 14th Innovations in Software Engineering Conference (formerly known as India Software Engineering Conference),Automated Software Engineering Conference,CORE,A*,fuzzy,0.833,1,INCLUDED
"Adjunct Proceedings of the 32nd ACM Conference on User Modeling, Adaptation and Personalization","International Conference on User Modelling, Adaptation, and Personalization (was AH and UM)",CORE,A,fuzzy,0.941,1,INCLUDED
Proceedings of the 12th ACM Multimedia Systems Conference,ACM Multimedia Systems Conference,CORE,A,exact_norm,1.000,1,INCLUDED
Proceedings of the 2020 ACM/IEEE International Conference on Human-Robot Interaction,ACM/IEEE International Conference on Human-Robot Interaction,CORE,A*,exact_norm,1.000,1,INCLUDED
Proceedings of the 43rd International ACM SIGIR Conference on Research and Development in Information Retrieval,ACM International Conference on Research and Development in Information Retrieval,CORE,A*,fuzzy,0.939,1,INCLUDED
Proceedings of the 52nd Annual International Symposium on Computer Architecture,ACM International Symposium on Computer Architecture,CORE,A*,fuzzy,0.913,1,INCLUDED
"Proceedings of the 19th ACM International Conference on Modeling, Analysis and Simulation of Wireless and Mobile Systems","ACM/IEEE International Conference on Modelling, Analysis and Simulation of Wireless and Mobile Systems",CORE,A,fuzzy,0.949,1,INCLUDED
Proceedings of the 48th International ACM SIGIR Conference on Research and Development in Information Retrieval,ACM International Conference on Research and Development in Information Retrieval,CORE,A*,fuzzy,0.939,1,INCLUDED
Proceedings of the 8th ACM on Multimedia Systems Conference,ACM Multimedia Systems Conference,CORE,A,exact_norm,1.000,1,INCLUDED
Proceedings of the 2025 2nd International Conference on Artificial Intelligence and Future Education,International Conference on Artificial Intelligence in Education,CORE,A,fuzzy,0.904,1,INCLUDED
Proceedings of the 46th International ACM SIGIR Conference on Research and Development in Information Retrieval,ACM International Conference on Research and Development in Information Retrieval,CORE,A*,fuzzy,0.939,1,INCLUDED
Proceedings of the 47th International ACM SIGIR Conference on Research and Development in Information Retrieval,ACM International Conference on Research and Development in Information Retrieval,CORE,A*,fuzzy,0.939,1,INCLUDED
"Proceedings of the 29th ACM International Conference on Architectural Support for Programming Languages and Operating Systems, Volume 1",Architectural Support for Programming Languages and Operating Systems,CORE,A*,fuzzy,0.909,1,INCLUDED
Proceedings of the 21st International ACM SIGACCESS Conference on Computers and Accessibility,International ACM SIGACCESS Conference on Computers and Accessibility,CORE,A,exact_norm,1.000,1,INCLUDED
"Adjunct Proceedings of the 30th ACM Conference on User Modeling, Adaptation and Personalization","International Conference on User Modelling, Adaptation, and Personalization (was AH and UM)",CORE,A,fuzzy,0.941,1,INCLUDED
23rd International Conference on Intelligent User Interfaces,International Conference on Intelligent User Interfaces,CORE,A,exact_norm,1.000,1,INCLUDED
Proceedings of the 19th International ACM SIGACCESS Conference on Computers and Accessibility,International ACM SIGACCESS Conference on Computers and Accessibility,CORE,A,exact_norm,1.000,1,INCLUDED
Proceedings of the 2019 3rd International Conference on Innovation in Artificial Intelligence,International Joint Conference on Artificial Intelligence,CORE,A*,fuzzy,0.857,1,INCLUDED
"Proceedings of the 29th ACM International Conference on Architectural Support for Programming Languages and Operating Systems, Volume 2",Architectural Support for Programming Languages and Operating Systems,CORE,A*,fuzzy,0.909,1,INCLUDED
Proceedings of the 29th Annual International Conference on Mobile Computing and Networking,ACM International Conference on Mobile Computing and Networking,CORE,A*,fuzzy,0.931,1,INCLUDED
Proceedings of the 12th annual ACM international conference on Multimedia,ACM Multimedia,CORE,A*,exact_norm,1.000,1,INCLUDED
Proceedings of the 8th annual ACM symposium on User interface and software technology,ACM Symposium on User Interface Software and Technology,CORE,A*,exact_norm,1.000,1,INCLUDED
Proceedings of the 17th ACM international conference on Multimedia,ACM Multimedia,CORE,A*,exact_norm,1.000,1,INCLUDED
Proceedings of the 14th annual ACM symposium on User interface software and technology - UIST '01,ACM Symposium on User Interface Software and Technology,CORE,A*,fuzzy,0.905,1,INCLUDED
Proceedings of the 22nd ACM Internet Measurement Conference,Internet Measurement Conference,CORE,A,fuzzy,0.939,1,INCLUDED
Proceedings of the 18th ACM international conference on Multimedia,ACM Multimedia,CORE,A*,exact_norm,1.000,1,INCLUDED
Proceedings of the 21st International Conference on Intelligent User Interfaces,International Conference on Intelligent User Interfaces,CORE,A,exact_norm,1.000,1,INCLUDED
Proceedings of the 2023 ACM/IEEE International Conference on Human-Robot Interaction,ACM/IEEE International Conference on Human-Robot Interaction,CORE,A*,exact_norm,1.000,1,INCLUDED
"Proceedings of the 16th ACM international conference on Modeling, analysis &amp; simulation of wireless and mobile systems","ACM/IEEE International Conference on Modelling, Analysis and Simulation of Wireless and Mobile Systems",CORE,A,fuzzy,0.918,1,INCLUDED
"Proceedings of the 14th ACM international conference on Modeling, analysis and simulation of wireless and mobile systems","ACM/IEEE International Conference on Modelling, Analysis and Simulation of Wireless and Mobile Systems",CORE,A,fuzzy,0.949,1,INCLUDED
Proceedings of the 19th ACM international conference on Multimedia,ACM Multimedia,CORE,A*,exact_norm,1.000,1,INCLUDED
Proceedings of the 16th International Conference on emerging Networking EXperiments and Technologies,ACM International Conference on Emerging Networking Experiments and Technologies,CORE,A,fuzzy,0.957,1,INCLUDED
The 41st International ACM SIGIR Conference on Research &amp; Development in Information Retrieval,ACM International Conference on Research and Development in Information Retrieval,CORE,A*,fuzzy,0.902,1,INCLUDED
Proceedings of the 23rd Annual International Conference on Mobile Computing and Networking,ACM International Conference on Mobile Computing and Networking,CORE,A*,fuzzy,0.931,1,INCLUDED
"Proceedings of the 15th ACM international conference on Modeling, analysis and simulation of wireless and mobile systems","ACM/IEEE International Conference on Modelling, Analysis and Simulation of Wireless and Mobile Systems",CORE,A,fuzzy,0.949,1,INCLUDED
Proceedings of the 30th ACM International Conference on Multimedia,ACM Multimedia,CORE,A*,exact_norm,1.000,1,INCLUDED
Proceedings of the 27th ACM International Conference on Multimedia,ACM Multimedia,CORE,A*,exact_norm,1.000,1,INCLUDED
IEEE Signal Processing Letters,IEEE Signal Processing Letters,SJR,Q1,exact_norm,1.000,1,INCLUDED
2026 IEEE/CVF winter conference on applications of computer vision (WACV),IEEE Workshop on Applications of Computer Vision,CORE,A,acronym,1.000,1,INCLUDED
IEEE Transactions on Emerging Topics in Computational Intelligence,IEEE Transactions on Emerging Topics in Computational Intelligence,SJR,Q1,exact_norm,1.000,1,INCLUDED
2025 IEEE/CVF winter conference on applications of computer vision (WACV),IEEE Workshop on Applications of Computer Vision,CORE,A,acronym,1.000,1,INCLUDED
2025 IEEE/CVF international conference on computer vision workshops (ICCVW),IEEE International Conference on Computer Vision,CORE,A*,fuzzy,0.909,1,INCLUDED
2023 IEEE international conference on advanced learning technologies (ICALT),IEEE International Conference on Advanced Learning Technologies,CORE,B,exact_norm,1.000,1,EXCLUDED
2006 IEEE conference on cybernetics and intelligent systems,IEEE International Conference on Cybernetics and Intelligent Systems,CORE,C,exact_norm,1.000,1,EXCLUDED
2024 46th annual international conference of the IEEE engineering in medicine and biology society (EMBC),Annual International Conference of the IEEE Engineering in Medicine and Biology Society. IEEE Engineering in Medicine and Biology Society. Annual International Conference,SJR,Q4,issn,1.000,1,EXCLUDED
2019 international conference on graphics and interaction (ICGI),Graphics Interface,CORE,B,fuzzy,0.842,1,EXCLUDED
2018 IEEE 9th international conference on software engineering and service science (ICSESS),"Proceedings of the IEEE International Conference on Software Engineering and Service Sciences, ICSESS",SJR,-,issn,1.000,1,EXCLUDED
2023 45th annual international conference of the IEEE engineering in medicine & biology society (EMBC),Annual International Conference of the IEEE Engineering in Medicine and Biology Society. IEEE Engineering in Medicine and Biology Society. Annual International Conference,SJR,Q4,issn,1.000,1,EXCLUDED
2022 8th international conference of the immersive learning research network (iLRN),International Conference of the Immersive Learning Research Network,CORE,C,exact_norm,1.000,1,EXCLUDED
2024 IEEE conference on games (CoG),Conference on Games (was Computational Intelligence and Games CIG),CORE,C,acronym,1.000,1,EXCLUDED
2022 IEEE conference on games (CoG),Conference on Games (was Computational Intelligence and Games CIG),CORE,C,acronym,1.000,1,EXCLUDED
"2024 24th international conference on control, automation and systems (ICCAS)","International Conference on Control, Automation and Systems",SJR,-,exact_norm,1.000,1,EXCLUDED
2020 29th IEEE international conference on robot and human interactive communication (RO-MAN),IEEE International Conference on Robot and Human Interactive Communication,CORE,B,exact_norm,1.000,1,EXCLUDED
2023 9th international conference on virtual reality (ICVR),International Conference on Virtual Rehabilitation,CORE,Unranked,acronym,1.000,1,EXCLUDED
"2005 IEEE international conference on systems, man and cybernetics","IEEE Conference on Systems, Man and Cybernetics",CORE,B,exact_norm,1.000,1,EXCLUDED
2021 24th international conference on computer and information technology (ICCIT),IEEE International Conference on Computer and Information Technology,CORE,C,fuzzy,0.925,1,EXCLUDED
2025 47th annual international conference of the IEEE engineering in medicine and biology society (EMBC),Annual International Conference of the IEEE Engineering in Medicine and Biology Society. IEEE Engineering in Medicine and Biology Society. Annual International Conference,SJR,Q4,issn,1.000,1,EXCLUDED
2020 42nd annual international conference of the IEEE engineering in medicine & biology society (EMBC),Annual International Conference of the IEEE Engineering in Medicine and Biology Society. IEEE Engineering in Medicine and Biology Society. Annual International Conference,SJR,Q4,issn,1.000,1,EXCLUDED
2018 IEEE 18th international conference on advanced learning technologies (ICALT),IEEE International Conference on Advanced Learning Technologies,CORE,B,exact_norm,1.000,1,EXCLUDED
2007 IEEE international geoscience and remote sensing symposium,IEEE International Geoscience and Remote Sensing Symposium,CORE,C,exact_norm,1.000,1,EXCLUDED
"2008 IEEE international conference on systems, man and cybernetics","IEEE Conference on Systems, Man and Cybernetics",CORE,B,exact_norm,1.000,1,EXCLUDED
2021 7th international conference of the immersive learning research network (iLRN),International Conference of the Immersive Learning Research Network,CORE,C,exact_norm,1.000,1,EXCLUDED
2023 38th international conference on image and vision computing new zealand (IVCNZ),Image and Vision Computing Conference,CORE,Australasian C,acronym,1.000,1,EXCLUDED
IECON 2022 – 48th annual conference of the IEEE industrial electronics society,IECON Proceedings (Industrial Electronics Conference),SJR,-,issn,1.000,1,EXCLUDED
2020 international electronics symposium (IES),Asia Pacific Symposium on Intelligent and Evolutionary Systems (was Australia-Japan Joint Workshop on  Intelligent and Evolutionary Systems),CORE,C,acronym,1.000,1,EXCLUDED
"2024 IEEE international conference on systems, man, and cybernetics (SMC)","IEEE Conference on Systems, Man and Cybernetics",CORE,B,exact_norm,1.000,1,EXCLUDED
2021 2nd asia conference on computers and communications (ACCC),IEEE Symposium on Computers and Communications,CORE,C,fuzzy,0.897,1,EXCLUDED
"2022 17th international conference on control, automation, robotics and vision (ICARCV)","International Conference on Control, Automation, Robotics and Vision",CORE,C,exact_norm,1.000,1,EXCLUDED
2018 IEEE global engineering education conference (EDUCON),IEEE Global Engineering Education Conference,CORE,C,exact_norm,1.000,1,EXCLUDED
First international conference on advances in computer-human interaction,International Conference on Advances in Computer-Human Interactions,CORE,C,fuzzy,0.909,1,EXCLUDED
2016 IEEE 13th international conference on wearable and implantable body sensor networks (BSN),Body Sensor Networks,CORE,C,acronym,1.000,1,EXCLUDED
2015 7th international IEEE/EMBS conference on neural engineering (NER),"International IEEE/EMBS Conference on Neural Engineering, NER",SJR,-,issn,1.000,1,EXCLUDED
2008 IEEE/ASME international conference on advanced intelligent mechatronics,"IEEE/ASME International Conference on Advanced Intelligent Mechatronics, AIM",SJR,-,issn,1.000,1,EXCLUDED
2022 international conference on graphics and interaction (ICGI),Graphics Interface,CORE,B,fuzzy,0.842,1,EXCLUDED
2025 IEEE european technology and engineering management summit (e-TEMS),"IEEE European Technology and Engineering Management Summit, E-TEMS",SJR,-,issn,1.000,1,EXCLUDED
2016 ieee sensors,Proceedings of IEEE Sensors,SJR,-,exact_norm,1.000,1,EXCLUDED
2020 european conference on networks and communications (EuCNC),The International Conference on Future Networks and Communications,CORE,Unranked,fuzzy,0.871,1,EXCLUDED
"2024 6th international youth conference on radio electronics, electrical and power engineering (REEPE)","International Youth Conference on Radio Electronics, Electrical and Power Engineering, REEPE",SJR,-,issn,1.000,1,EXCLUDED
2025 IEEE medical measurements & applications (MeMeA),"IEEE International Symposium on Medical Measurements and Applications, MeMeA",SJR,-,issn,1.000,1,EXCLUDED
"2017 IEEE international conference on systems, man, and cybernetics (SMC)","IEEE Conference on Systems, Man and Cybernetics",CORE,B,exact_norm,1.000,1,EXCLUDED
"2013 13th international conference on control, automation and systems (ICCAS 2013)","International Conference on Control, Automation and Systems",SJR,-,exact_norm,1.000,1,EXCLUDED
"2023 congress in computer science, computer engineering, & applied computing (CSCE)","World Congress in Computer Science, Computer Engineering, and Applied Computing",CORE,National: USA,fuzzy,0.955,1,EXCLUDED
2025 IEEE international conference on advanced learning technologies (ICALT),IEEE International Conference on Advanced Learning Technologies,CORE,B,exact_norm,1.000,1,EXCLUDED
2023 IEEE symposium on VLSI technology and circuits (VLSI technology and circuits),Digest of Technical Papers - Symposium on VLSI Technology,SJR,-,issn,1.000,1,EXCLUDED
Proceedings of IEEE computer society conference on computer vision and pattern recognition,Proceedings of the IEEE Computer Society Conference on Computer Vision and Pattern Recognition,SJR,-,issn,1.000,1,EXCLUDED
2022 IEEE global engineering education conference (EDUCON),IEEE Global Engineering Education Conference,CORE,C,exact_norm,1.000,1,EXCLUDED
11th IEEE international symposium on distributed simulation and real-time applications (DS-RT'07),International Symposium on Distributed Simulation and Real Time Applications,CORE,C,fuzzy,0.947,1,EXCLUDED
"ICASSP 2019 - 2019 IEEE international conference on acoustics, speech and signal processing (ICASSP)","IEEE International Conference on Acoustics, Speech and Signal Processing",CORE,Multiconference,acronym,1.000,1,EXCLUDED
2022 international conference on applied artificial intelligence and computing (ICAAIC),International Conference on Artificial Intelligence and Soft Computing,CORE,National: Poland,fuzzy,0.835,1,EXCLUDED
2017 international conference on indoor positioning and indoor navigation (IPIN),International Conference on Indoor Positioning and Indoor Navigation,CORE,C,exact_norm,1.000,1,EXCLUDED
IEEE Spectrum,IEEE Spectrum,SJR,Q3,issn,1.000,1,EXCLUDED
"2022 IEEE international conference on systems, man, and cybernetics (SMC)","IEEE Conference on Systems, Man and Cybernetics",CORE,B,exact_norm,1.000,1,EXCLUDED
"2019 IEEE international conference on systems, man and cybernetics (SMC)","IEEE Conference on Systems, Man and Cybernetics",CORE,B,exact_norm,1.000,1,EXCLUDED
2007 virtual rehabilitation,International Conference on Virtual Rehabilitation,CORE,Unranked,exact_norm,1.000,1,EXCLUDED
IEEE Power Electronics Magazine,IEEE Power Electronics Magazine,SJR,Q2,issn,1.000,1,EXCLUDED
"2020 IEEE international conference on systems, man, and cybernetics (SMC)","IEEE Conference on Systems, Man and Cybernetics",CORE,B,exact_norm,1.000,1,EXCLUDED
"2009 international conference on complex, intelligent and software intensive systems","International Conference on Complex, Intelligent and Software Intensive Systems",CORE,C,exact_norm,1.000,1,EXCLUDED
Eighth international symposium on wearable computers,IEEE International Symposium on Wearable Computers,CORE,Journal Published,fuzzy,0.833,1,EXCLUDED
2010 world automation congress,World Automation Congress Proceedings,SJR,-,issn,1.000,1,EXCLUDED
2013 international symposium on ubiquitous virtual reality,International Symposium on Ubiquitous Virtual Reality,CORE,National: S. Korea,exact_norm,1.000,1,EXCLUDED
"ICASSP 2025 - 2025 IEEE international conference on acoustics, speech and signal processing (ICASSP)","IEEE International Conference on Acoustics, Speech and Signal Processing",CORE,Multiconference,acronym,1.000,1,EXCLUDED
2024 10th international conference on virtual reality (ICVR),International Conference on Virtual Rehabilitation,CORE,Unranked,acronym,1.000,1,EXCLUDED
2019 IEEE global communications conference (GLOBECOM),IEEE Global Telecommunications Conference,CORE,B,acronym,1.000,1,EXCLUDED
2025 7th international conference on intelligent sustainable systems (ICISS),International Conference on Information Systems Security,CORE,National: India,acronym,1.000,1,EXCLUDED
"7th international conference on control, automation, robotics and vision, 2002. ICARCV 2002.","International Conference on Control, Automation, Robotics and Vision",CORE,C,fuzzy,0.907,1,EXCLUDED
2024 33rd international conference on computer communications and networks (ICCCN),International Conference on Computer Communication and Networks,CORE,B,acronym,1.000,1,EXCLUDED
2019 8th international conference on affective computing and intelligent interaction (ACII),International Conference on Affective Computing and Intelligent,CORE,B,acronym,1.000,1,EXCLUDED
2016 IEEE international conference on image processing (ICIP),IEEE International Conference on Image Processing,CORE,B,exact_norm,1.000,1,EXCLUDED
2017 international conference on rehabilitation robotics (ICORR),IEEE International Conference on Rehabilitation Robotics,SJR,Q3,issn,1.000,1,EXCLUDED
2024 IEEE aerospace conference,IEEE Aerospace Conference Proceedings,SJR,-,issn,1.000,1,EXCLUDED
"2012 IEEE 14th international conference on e-Health networking, applications and services (healthcom)",IEEE international conference on ehealth networking applications and services (was International Workshop on Enterprise Networking and Computing in Health Care Industry; changed 2006),CORE,C,acronym,1.000,1,EXCLUDED
2019 international joint conference on neural networks (IJCNN),IEEE International Joint Conference on Neural Networks,CORE,B,acronym,1.000,1,EXCLUDED
Humanoids 2008 - 8th IEEE-RAS international conference on humanoid robots,IEEE-RAS International Conference on Humanoid Robots,SJR,-,issn,1.000,1,EXCLUDED
2021 43rd annual international conference of the IEEE engineering in medicine & biology society (EMBC),Annual International Conference of the IEEE Engineering in Medicine and Biology Society. IEEE Engineering in Medicine and Biology Society. Annual International Conference,SJR,Q4,issn,1.000,1,EXCLUDED
2002 international conference on pattern recognition,International Conference on Pattern Recognition,CORE,B,exact_norm,1.000,1,EXCLUDED
"3rd international symposium on image and signal processing and analysis, 2003. ISPA 2003. Proceedings of the","International Symposium on Image and Signal Processing and Analysis, ISPA",SJR,-,exact_norm,1.000,1,EXCLUDED
2013 6th international IEEE/EMBS conference on neural engineering (NER),"International IEEE/EMBS Conference on Neural Engineering, NER",SJR,-,issn,1.000,1,EXCLUDED
2014 IEEE 57th international midwest symposium on circuits and systems (MWSCAS),Midwest Symposium on Circuits and Systems,SJR,-,issn,1.000,1,EXCLUDED
2018 tenth international conference on quality of multimedia experience (QoMEX),International Conference on Quality of Multimedia Experience,CORE,B,acronym,1.000,1,EXCLUDED
IEEE Revista Iberoamericana de Tecnologias del Aprendizaje,Revista Iberoamericana de Tecnologias del Aprendizaje,SJR,Q3,issn,1.000,1,EXCLUDED
2015 IEEE aerospace conference,IEEE Aerospace Conference Proceedings,SJR,-,issn,1.000,1,EXCLUDED
2023 international joint conference on neural networks (IJCNN),IEEE International Joint Conference on Neural Networks,CORE,B,acronym,1.000,1,EXCLUDED
2018 IEEE global communications conference (GLOBECOM),IEEE Global Telecommunications Conference,CORE,B,acronym,1.000,1,EXCLUDED
2008 international conference on cyberworlds,International Conference on Cyberworlds (was International Symposium on Cyberworlds),CORE,C,exact_norm,1.000,1,EXCLUDED
2023 11th international IEEE/EMBS conference on neural engineering (NER),"International IEEE/EMBS Conference on Neural Engineering, NER",SJR,-,issn,1.000,1,EXCLUDED
2019 19th international conference on advanced robotics (ICAR),Advanced Robotics,SJR,Q2,exact_norm,1.000,1,EXCLUDED
IEEE Industrial Electronics Magazine,IEEE Industrial Electronics Society,CORE,C,fuzzy,0.845,1,EXCLUDED
Proceedings. IEEE international conference on multimedia and expo,Proceedings - IEEE International Conference on Multimedia and Expo,SJR,-,exact_norm,1.000,1,EXCLUDED
Proceedings of OCEANS 2005 MTS/IEEE,Oceans Conference Record (IEEE),SJR,-,issn,1.000,1,EXCLUDED
2013 international computer science and engineering conference (ICSEC),International Computer Science and Engineering Conference,SJR,Q4,exact_norm,1.000,1,EXCLUDED
2024 33rd IEEE international conference on robot and human interactive communication (ROMAN),IEEE International Conference on Robot and Human Interactive Communication,CORE,B,exact_norm,1.000,1,EXCLUDED
2009 15th international conference on parallel and distributed systems,International Conference on Parallel and Distributed Systems,CORE,B,exact_norm,1.000,1,EXCLUDED
2023 IEEE 48th conference on local computer networks (LCN),IEEE Conference on Local Computer Networks,CORE,B,exact_norm,1.000,1,EXCLUDED
2019 28th IEEE international conference on robot and human interactive communication (RO-MAN),IEEE International Conference on Robot and Human Interactive Communication,CORE,B,exact_norm,1.000,1,EXCLUDED
2023 IEEE international conference on consumer electronics (ICCE),International Conference on Computers in Education,CORE,C,acronym,1.000,1,EXCLUDED
2009 13th international conference on computer supported cooperative work in design,International Conference on Computer Supported Cooperative Work in Design,CORE,C,exact_norm,1.000,1,EXCLUDED
2008 virtual rehabilitation,International Conference on Virtual Rehabilitation,CORE,Unranked,exact_norm,1.000,1,EXCLUDED
2017 10th international conference on human system interactions (HSI),Human System Interaction,CORE,C,acronym,1.000,1,EXCLUDED
"2016 IEEE international conference on systems, man, and cybernetics (SMC)","IEEE Conference on Systems, Man and Cybernetics",CORE,B,exact_norm,1.000,1,EXCLUDED
2021 IEEE 7th international conference on virtual reality (ICVR),International Conference on Virtual Rehabilitation,CORE,Unranked,acronym,1.000,1,EXCLUDED
2022 5th international conference on information and communications technology (ICOIACT),International Conference on the Quality of Information and Communications Technology,CORE,National/Regional,fuzzy,0.902,1,EXCLUDED
Proceedings. International conference on image processing,"Proceedings - International Conference on Image Processing, ICIP",SJR,-,issn,1.000,1,EXCLUDED
2017 IEEE international conference on advanced intelligent mechatronics (AIM),"IEEE/ASME International Conference on Advanced Intelligent Mechatronics, AIM",SJR,-,issn,1.000,1,EXCLUDED
2017 10th international conference on electrical and electronics engineering (ELECO),Journal of Electrical and Electronics Engineering,SJR,Q4,exact_norm,1.000,1,EXCLUDED
2014 IEEE/ACS 11th international conference on computer systems and applications (AICCSA),ACS/IEEE International Conference on Computer Systems and Applications,CORE,C,acronym,1.000,1,EXCLUDED
2022 IEEE aerospace conference (AERO),IEEE Aerospace Conference Proceedings,SJR,-,issn,1.000,1,EXCLUDED
2013 international conference on recent trends in information technology (ICRTIT),International Conference on Frontiers of Information Technology,CORE,National: Pakistan,fuzzy,0.824,1,EXCLUDED
2022 12th international conference on information technology in medicine and education (ITME),ACM Information Technology Education,CORE,National: USA,fuzzy,0.831,1,EXCLUDED
2024 16th international conference on quality of multimedia experience (QoMEX),International Conference on Quality of Multimedia Experience,CORE,B,exact_norm,1.000,1,EXCLUDED
Journal of Mobile Multimedia,Journal of Mobile Multimedia,SJR,Q2,issn,1.000,1,EXCLUDED
19th international symposium in robot and human interactive communication,IEEE International Conference on Robot and Human Interactive Communication,CORE,B,fuzzy,0.876,1,EXCLUDED
2023 IEEE international conference on big data (BigData),IEEE International Conference on Big Data,CORE,B,exact_norm,1.000,1,EXCLUDED
IEEE Transactions on Very Large Scale Integration (VLSI) Systems,IEEE/IFIP International Conference on Very Large Scale Integration of System-on-Chip,CORE,C,fuzzy,0.879,1,EXCLUDED
"2023 IEEE 47th annual computers, software, and applications conference (COMPSAC)",International Computer Software and Applications Conference,CORE,B,acronym,1.000,1,EXCLUDED
2015 international conference on affective computing and intelligent interaction (ACII),International Conference on Affective Computing and Intelligent,CORE,B,acronym,1.000,1,EXCLUDED
2010 3rd IEEE RAS & EMBS international conference on biomedical robotics and biomechatronics,Proceedings of the IEEE RAS and EMBS International Conference on Biomedical Robotics and Biomechatronics,SJR,-,exact_norm,1.000,1,EXCLUDED
2018 IEEE 14th international conference on automation science and engineering (CASE),IEEE International Conference on Data Science and Engineering,CORE,National:India,fuzzy,0.844,1,EXCLUDED
"2014 IEEE international conference on systems, man, and cybernetics (SMC)","IEEE Conference on Systems, Man and Cybernetics",CORE,B,exact_norm,1.000,1,EXCLUDED
2008 50th international symposium ELMAR,Proceedings Elmar - International Symposium Electronics in Marine,SJR,-,issn,1.000,1,EXCLUDED
2024 international conference on digital image computing: Techniques and applications (DICTA),Digital Image Computing Techniques and Applications,CORE,Australasian C,exact_norm,1.000,1,EXCLUDED
2016 IEEE international symposium on multimedia (ISM),IEEE International Symposium on Multimedia,CORE,C,exact_norm,1.000,1,EXCLUDED
IEEE MultiMedia,IEEE International Symposium on Multimedia,CORE,C,exact_norm,1.000,1,EXCLUDED
"1997 IEEE international conference on systems, man, and cybernetics. Computational cybernetics and simulation","Conference Proceedings - IEEE International Conference on Systems, Man and Cybernetics",SJR,-,issn,1.000,1,EXCLUDED
2018 25th IEEE international conference on image processing (ICIP),IEEE International Conference on Image Processing,CORE,B,exact_norm,1.000,1,EXCLUDED
2025 34th IEEE international conference on robot and human interactive communication (RO-MAN),IEEE International Conference on Robot and Human Interactive Communication,CORE,B,exact_norm,1.000,1,EXCLUDED
2005 IEEE congress on evolutionary computation,IEEE Congress on Evolutionary Computation,CORE,B,exact_norm,1.000,1,EXCLUDED
Computing in Science & Engineering,Computing in Science and Engineering,SJR,Q2,issn,1.000,1,EXCLUDED
2014 international conference on cyberworlds,International Conference on Cyberworlds (was International Symposium on Cyberworlds),CORE,C,exact_norm,1.000,1,EXCLUDED
2020 IEEE/ASME international conference on advanced intelligent mechatronics (AIM),"IEEE/ASME International Conference on Advanced Intelligent Mechatronics, AIM",SJR,-,issn,1.000,1,EXCLUDED
2015 IEEE 19th international conference on computer supported cooperative work in design (CSCWD),International Conference on Computer Supported Cooperative Work in Design,CORE,C,acronym,1.000,1,EXCLUDED
2023 IEEE 19th international conference on automation science and engineering (CASE),IEEE International Conference on Data Science and Engineering,CORE,National:India,fuzzy,0.844,1,EXCLUDED
2025 international conference on machine learning and cybernetics (ICMLC),International Conference on Machine Learning and Cybernetics,CORE,National: China,exact_norm,1.000,1,EXCLUDED
TENCON 2005 - 2005 IEEE region 10 conference,"IEEE Region 10 Annual International Conference, Proceedings/TENCON",SJR,-,issn,1.000,1,EXCLUDED
2007 international conference on parallel and distributed systems,International Conference on Parallel and Distributed Systems,CORE,B,exact_norm,1.000,1,EXCLUDED
2022 7th international conference on computer science and engineering (UBMK),"International Conference on Computer Science and Engineering, UBMK",SJR,-,issn,1.000,1,EXCLUDED
2020 6th international conference of the immersive learning research network (iLRN),International Conference of the Immersive Learning Research Network,CORE,C,exact_norm,1.000,1,EXCLUDED
2014 7th international conference on human system interactions (HSI),Human System Interaction,CORE,C,acronym,1.000,1,EXCLUDED
Proceedings of the 41st annual hawaii international conference on system sciences (HICSS 2008),Proceedings of the Annual Hawaii International Conference on System Sciences,SJR,-,issn,1.000,1,EXCLUDED
Proceedings of 1994 33rd IEEE conference on decision and control,Proceedings of the IEEE Conference on Decision and Control,SJR,-,exact_norm,1.000,1,EXCLUDED
2023 IEEE 6th international conference on multimedia information processing and retrieval (MIPR),"Proceedings of the International Conference on Multimedia Information Processing and Retrieval, MIPR",SJR,Q2,issn,1.000,1,EXCLUDED
International Journal of Crowd Science,International Journal of Crowd Science,SJR,Q2,issn,1.000,1,EXCLUDED
2015 international conference on cyberworlds (CW),International Conference on Cyberworlds (was International Symposium on Cyberworlds),CORE,C,exact_norm,1.000,1,EXCLUDED
2009 42nd hawaii international conference on system sciences,Proceedings of the Annual Hawaii International Conference on System Sciences,SJR,-,issn,1.000,1,EXCLUDED
2023 IEEE 23rd international conference on bioinformatics and bioengineering (BIBE),IEEE Bioinformatics and Bioengineering,CORE,C,exact_norm,1.000,1,EXCLUDED
2008 international symposium on ubiquitous virtual reality,International Symposium on Ubiquitous Virtual Reality,CORE,National: S. Korea,exact_norm,1.000,1,EXCLUDED
2024 IEEE international conference on consumer electronics (ICCE),International Conference on Computers in Education,CORE,C,acronym,1.000,1,EXCLUDED
2012 21st international conference on computer communications and networks (ICCCN),International Conference on Computer Communication and Networks,CORE,B,acronym,1.000,1,EXCLUDED
2025 IEEE conference on games (CoG),Conference on Games (was Computational Intelligence and Games CIG),CORE,C,acronym,1.000,1,EXCLUDED
"2011 IEEE 13th international conference on e-Health networking, applications and services",IEEE international conference on ehealth networking applications and services (was International Workshop on Enterprise Networking and Computing in Health Care Industry; changed 2006),CORE,C,fuzzy,0.989,1,EXCLUDED
2020 winter simulation conference (WSC),Winter Simulation Conference,CORE,National/Regional,exact_norm,1.000,1,EXCLUDED
IEEE Geoscience and Remote Sensing Magazine,IEEE International Geoscience and Remote Sensing Symposium,CORE,C,fuzzy,0.835,1,EXCLUDED
2023 IEEE symposium on visual languages and human-centric computing (VL/HCC),IEEE Symposium on Visual Languages and Human-Centric Computing (was VL),CORE,B,exact_norm,1.000,1,EXCLUDED
"2023 asia-pacific conference on image processing, electronics and computers (IPEC)",International Symposium on Parameterized and Exact Computation (was IWPEC pre 2004),CORE,B,acronym,1.000,1,EXCLUDED
2018 international conference on indoor positioning and indoor navigation (IPIN),International Conference on Indoor Positioning and Indoor Navigation,CORE,C,exact_norm,1.000,1,EXCLUDED
2023 5th international conference on computer communication and the internet (ICCCI),International Conference on Computational Collective Intelligence,CORE,B,acronym,1.000,1,EXCLUDED
2018 30th international teletraffic congress (ITC 30),International Teletraffic Congress,CORE,Unranked,exact_norm,1.000,1,EXCLUDED
2015 IEEE-RAS 15th international conference on humanoid robots (humanoids),IEEE-RAS International Conference on Humanoid Robots,SJR,-,exact_norm,1.000,1,EXCLUDED
2018 27th IEEE international symposium on robot and human interactive communication (RO-MAN),IEEE International Conference on Robot and Human Interactive Communication,CORE,B,exact_norm,1.000,1,EXCLUDED
IEEE Transactions on Device and Materials Reliability,IEEE Transactions on Device and Materials Reliability,SJR,Q2,issn,1.000,1,EXCLUDED
Proceedings ELMAR-2011,Proceedings Elmar - International Symposium Electronics in Marine,SJR,-,issn,1.000,1,EXCLUDED
GLOBECOM 2023 - 2023 IEEE global communications conference,IEEE Global Telecommunications Conference,CORE,B,fuzzy,0.851,1,EXCLUDED
IEEE Transactions on Magnetics,IEEE Transactions on Magnetics,SJR,Q2,issn,1.000,1,EXCLUDED
2021 30th IEEE international conference on robot & human interactive communication (RO-MAN),IEEE International Conference on Robot and Human Interactive Communication,CORE,B,exact_norm,1.000,1,EXCLUDED
PACE - Pacing and Clinical Electrophysiology,PACE - Pacing and Clinical Electrophysiology,SJR,Q3,exact_norm,1.000,1,EXCLUDED
Journal of Credit Risk,Journal of Credit Risk,SJR,Q4,exact_norm,1.000,1,EXCLUDED
Information Fusion,International Conference on Information Fusion,CORE,C,exact_norm,1.000,1,EXCLUDED
Sadra Medical Sciences Journal,Sadra Medical Sciences Journal,SJR,Q4,exact_norm,1.000,1,EXCLUDED
West 86th,West 86th,SJR,Q4,exact_norm,1.000,1,EXCLUDED
International Journal of Medical Sciences,Journal of Medical Sciences (Peshawar),SJR,Q4,exact_norm,1.000,1,EXCLUDED
CODAS,CODAS,SJR,Q2,exact_norm,1.000,1,EXCLUDED
Journal of Dental Education,Journal of Dental Education,SJR,Q2,exact_norm,1.000,1,EXCLUDED
IFAC-PapersOnLine,IFAC-PapersOnLine,SJR,-,exact_norm,1.000,1,EXCLUDED
Measurement Science and Technology,Measurement Science and Technology,SJR,Q2,exact_norm,1.000,1,EXCLUDED
Journal of Statistical Mechanics: Theory and Experiment,Journal of Statistical Mechanics: Theory and Experiment,SJR,Q3,exact_norm,1.000,1,EXCLUDED
Obesity Science and Practice,Obesity Science and Practice,SJR,Q2,exact_norm,1.000,1,EXCLUDED
Journal of Cranio-Maxillofacial Surgery,Journal of Cranio-Maxillofacial Surgery,SJR,Q2,exact_norm,1.000,1,EXCLUDED
Journal of Neuropsychology,Journal of Neuropsychology,SJR,Q2,exact_norm,1.000,1,EXCLUDED
Biomedical and Pharmacology Journal,Biomedical and Pharmacology Journal,SJR,Q4,exact_norm,1.000,1,EXCLUDED
Journal of Orthopaedics,Journal of Orthopaedics,SJR,Q2,exact_norm,1.000,1,EXCLUDED
Journal of Thoracic Disease,Journal of Thoracic Disease,SJR,Q2,exact_norm,1.000,1,EXCLUDED
Journal of Hand Surgery Global Online,Journal of Hand Surgery Global Online,SJR,Q2,exact_norm,1.000,1,EXCLUDED
IMX 2025 - Proceedings of the 2025 ACM International Conference on Interactive Media Experiences,ACM International Conference on Interactive Media Experiences,CORE,C,fuzzy,0.943,1,EXCLUDED
Journal of Computational and Nonlinear Dynamics,Journal of Computational and Nonlinear Dynamics,SJR,Q2,exact_norm,1.000,1,EXCLUDED
Journal of Civil Engineering Education,Journal of Civil Engineering Education,SJR,Q2,exact_norm,1.000,1,EXCLUDED
Journal of Interventional Cardiac Electrophysiology,Journal of Interventional Cardiac Electrophysiology,SJR,Q2,exact_norm,1.000,1,EXCLUDED
Internal Medicine,Internal Medicine,SJR,Q3,exact_norm,1.000,1,EXCLUDED
International Journal of Metalcasting,International Journal of Metalcasting,SJR,Q2,exact_norm,1.000,1,EXCLUDED
Pediatric Cardiology,Pediatric Cardiology,SJR,Q2,exact_norm,1.000,1,EXCLUDED
NOSSDAV 2026 - Proceedings of the 36th Workshop on Network and Operating System Support for Digital Audio and Video,Network and Operating System Support for Digital Audio and Video,CORE,B,fuzzy,0.933,1,EXCLUDED
Paediatrics and Child Health (Canada),Paediatrics and Child Health (United Kingdom),SJR,Q3,exact_norm,1.000,1,EXCLUDED
Archives of Psychiatric Nursing,Archives of Psychiatric Nursing,SJR,Q2,exact_norm,1.000,1,EXCLUDED
Brain Research,Brain Research,SJR,Q2,exact_norm,1.000,1,EXCLUDED
Mechanisms and Machine Science,Mechanisms and Machine Science,SJR,Q4,exact_norm,1.000,1,EXCLUDED
Photonics,Photonics,SJR,Q2,exact_norm,1.000,1,EXCLUDED
Clinics and Practice,Clinics and Practice,SJR,Q2,exact_norm,1.000,1,EXCLUDED
"Journal of Vascular Surgery Cases, Innovations and Techniques","Journal of Vascular Surgery Cases, Innovations and Techniques",SJR,Q3,exact_norm,1.000,1,EXCLUDED
PEC Innovation,PEC Innovation,SJR,Q2,exact_norm,1.000,1,EXCLUDED
Journal of Clinical Psychology in Medical Settings,Journal of Clinical Psychology in Medical Settings,SJR,Q2,exact_norm,1.000,1,EXCLUDED
Postgraduate Medical Journal,Postgraduate Medical Journal,SJR,Q2,exact_norm,1.000,1,EXCLUDED
Springer Proceedings in Business and Economics,Springer Proceedings in Business and Economics,SJR,-,exact_norm,1.000,1,EXCLUDED
Aging and Health Research,Aging and Health Research,SJR,Q2,exact_norm,1.000,1,EXCLUDED
Psychophysiology,Journal of Psychophysiology,SJR,Q3,exact_norm,1.000,1,EXCLUDED
Pediatrics,Pediatrics International,SJR,Q3,exact_norm,1.000,1,EXCLUDED
Digest of Technical Papers - IEEE International Conference on Consumer Electronics,Digest of Technical Papers - IEEE International Conference on Consumer Electronics,SJR,-,exact_norm,1.000,1,EXCLUDED
Journal of Diabetes and Metabolic Disorders,Journal of Diabetes and Metabolic Disorders,SJR,Q2,exact_norm,1.000,1,EXCLUDED
Fire Technology,Fire Technology,SJR,Q2,exact_norm,1.000,1,EXCLUDED
Mechanics Based Design of Structures and Machines,Mechanics Based Design of Structures and Machines,SJR,Q2,exact_norm,1.000,1,EXCLUDED
Landscape Ecology,Journal of Landscape Ecology,SJR,Q4,exact_norm,1.000,1,EXCLUDED
Systems,Systems,SJR,Q2,exact_norm,1.000,1,EXCLUDED
Food and Environmental Virology,Food and Environmental Virology,SJR,Q2,exact_norm,1.000,1,EXCLUDED
Journal of Public Health (Germany),Journal of Public Health (Germany),SJR,Q2,exact_norm,1.000,1,EXCLUDED
Discover Applied Sciences,Discover Applied Sciences,SJR,Q2,exact_norm,1.000,1,EXCLUDED
Respirology Case Reports,Respirology Case Reports,SJR,Q3,exact_norm,1.000,1,EXCLUDED
Journal of Behavioral and Cognitive Therapy,Journal of Behavioral and Cognitive Therapy,SJR,Q2,exact_norm,1.000,1,EXCLUDED
Technology in Society,International Symposium on Technology and Society,CORE,C,exact_norm,1.000,1,EXCLUDED
Current Problems in Diagnostic Radiology,Current Problems in Diagnostic Radiology,SJR,Q3,exact_norm,1.000,1,EXCLUDED
Psychogeriatrics,Psychogeriatrics,SJR,Q2,exact_norm,1.000,1,EXCLUDED
"18th International Symposium on Visual Information Communication and Interaction, VINCI 2025",Visual Information Communication and Interaction,CORE,C,fuzzy,0.936,1,EXCLUDED
AI (Switzerland),Australasian Joint Conference on Artificial Intelligence,CORE,Australasian B,exact_norm,1.000,1,EXCLUDED
Journal of Prosthetics and Orthotics,Journal of Prosthetics and Orthotics,SJR,Q3,exact_norm,1.000,1,EXCLUDED
Tehran University Medical Journal,Tehran University Medical Journal,SJR,Q4,exact_norm,1.000,1,EXCLUDED
Current Oncology,Current Oncology,SJR,Q2,exact_norm,1.000,1,EXCLUDED
Marine Mammal Science,Marine Mammal Science,SJR,Q2,exact_norm,1.000,1,EXCLUDED
Journal of Alzheimer's Disease Reports,Journal of Alzheimer's Disease Reports,SJR,Q2,exact_norm,1.000,1,EXCLUDED
Movement Disorders Clinical Practice,Movement Disorders Clinical Practice,SJR,Q2,exact_norm,1.000,1,EXCLUDED
JMIR Cardio,JMIR Cardio,SJR,Q2,exact_norm,1.000,1,EXCLUDED
Journal of the Liaquat University of Medical and Health Sciences,Journal of the Liaquat University of Medical and Health Sciences,SJR,Q4,exact_norm,1.000,1,EXCLUDED
Ergonomics,Ergonomics,SJR,Q2,exact_norm,1.000,1,EXCLUDED
Journal of Metaverse,Metaverse,SJR,Q4,exact_norm,1.000,1,EXCLUDED
Psychiatria Danubina,Psychiatria Danubina,SJR,Q3,exact_norm,1.000,1,EXCLUDED
Digest of Technical Papers - SID International Symposium,Digest of Technical Papers - SID International Symposium,SJR,-,exact_norm,1.000,1,EXCLUDED
IEEE International Conference on Rehabilitation Robotics,IEEE International Conference on Rehabilitation Robotics,SJR,Q3,exact_norm,1.000,1,EXCLUDED
Remote Sensing,International Journal of Remote Sensing,SJR,Q2,exact_norm,1.000,1,EXCLUDED
Medical and Biological Engineering and Computing,Medical and Biological Engineering and Computing,SJR,Q2,exact_norm,1.000,1,EXCLUDED
"Ear, Nose and Throat Journal","Ear, Nose and Throat Journal",SJR,Q3,exact_norm,1.000,1,EXCLUDED
Journal of Biomechanical Engineering,Journal of Biomechanical Engineering,SJR,Q3,exact_norm,1.000,1,EXCLUDED
"International Conference on Computer Supported Education, CSEDU - Proceedings","International Conference on Computer Supported Education, CSEDU - Proceedings",SJR,-,exact_norm,1.000,1,EXCLUDED
Cahiers de Nutrition et de Dietetique,Cahiers de Nutrition et de Dietetique,SJR,Q4,exact_norm,1.000,1,EXCLUDED
Traffic Injury Prevention,Traffic Injury Prevention,SJR,Q2,exact_norm,1.000,1,EXCLUDED
Journal of Integrative Medicine,Integrative Medicine,SJR,Q3,exact_norm,1.000,1,EXCLUDED
Journal of Hypertension,International Journal of Hypertension,SJR,Q2,exact_norm,1.000,1,EXCLUDED
"Proceedings of the Annual Conference of the Prognostics and Health Management Society, PHM","Proceedings of the Annual Conference of the Prognostics and Health Management Society, PHM",SJR,-,exact_norm,1.000,1,EXCLUDED
Journal of Advanced Manufacturing Technology,Journal of Advanced Manufacturing Technology,SJR,Q4,exact_norm,1.000,1,EXCLUDED
Coal Conversion,Coal Conversion,SJR,Q4,exact_norm,1.000,1,EXCLUDED
Seimitsu Kogaku Kaishi/Journal of the Japan Society for Precision Engineering,Seimitsu Kogaku Kaishi/Journal of the Japan Society for Precision Engineering,SJR,Q4,exact_norm,1.000,1,EXCLUDED
"IEEE Intelligent Vehicles Symposium, Proceedings","IEEE Intelligent Vehicles Symposium, Proceedings",SJR,-,exact_norm,1.000,1,EXCLUDED
Global Advances in Integrative Medicine and Health,Global Advances in Integrative Medicine and Health,SJR,Q2,exact_norm,1.000,1,EXCLUDED
Duzce Medical Journal,Duzce Medical Journal,SJR,Q4,exact_norm,1.000,1,EXCLUDED
Fibres and Textiles in Eastern Europe,Fibres and Textiles in Eastern Europe,SJR,Q3,exact_norm,1.000,1,EXCLUDED
Journal of the Textile Institute,Journal of the Textile Institute,SJR,Q2,exact_norm,1.000,1,EXCLUDED
Physical and Engineering Sciences in Medicine,Physical and Engineering Sciences in Medicine,SJR,Q2,exact_norm,1.000,1,EXCLUDED
Lecture Notes in Educational Technology,Lecture Notes in Educational Technology,SJR,Q4,exact_norm,1.000,1,EXCLUDED
"International Conference on Control, Automation and Systems","International Conference on Control, Automation and Systems",SJR,-,exact_norm,1.000,1,EXCLUDED
MCB Molecular and Cellular Biomechanics,MCB Molecular and Cellular Biomechanics (discontinued),SJR,-,exact_norm,1.000,1,EXCLUDED
Journal of Gerontology and Geriatrics,Journal of Gerontology and Geriatrics,SJR,Q4,exact_norm,1.000,1,EXCLUDED
Lecture Notes in Bioengineering,Lecture Notes in Bioengineering,SJR,Q4,exact_norm,1.000,1,EXCLUDED
International Journal of Imaging Systems and Technology,International Journal of Imaging Systems and Technology,SJR,Q2,exact_norm,1.000,1,EXCLUDED
Ophthalmic Plastic and Reconstructive Surgery,Ophthalmic Plastic and Reconstructive Surgery,SJR,Q2,exact_norm,1.000,1,EXCLUDED
International Journal of Information and Management Sciences,International Journal of Information and Management Sciences,SJR,Q4,exact_norm,1.000,1,EXCLUDED
Spinal Cord Series and Cases,Spinal Cord Series and Cases,SJR,Q4,exact_norm,1.000,1,EXCLUDED
Rheumatology International,Rheumatology (Bulgaria),SJR,Q4,exact_norm,1.000,1,EXCLUDED
American Journal of Veterinary Research,American Journal of Veterinary Research,SJR,Q2,exact_norm,1.000,1,EXCLUDED
Chirurgie (Germany),Chirurgie (Germany),SJR,Q3,exact_norm,1.000,1,EXCLUDED
Lietuvos Chirurgija,Lietuvos Chirurgija,SJR,Q4,exact_norm,1.000,1,EXCLUDED
Journal of Library and Information Services in Distance Learning,Journal of Library and Information Services in Distance Learning,SJR,Q2,exact_norm,1.000,1,EXCLUDED
Symmetry,Symmetry,SJR,Q2,exact_norm,1.000,1,EXCLUDED
mHealth,mHealth,SJR,Q2,exact_norm,1.000,1,EXCLUDED
Journal of pediatric rehabilitation medicine,Journal of Pediatric Rehabilitation Medicine,SJR,Q3,exact_norm,1.000,1,EXCLUDED
Sleep and Vigilance,Sleep and Vigilance,SJR,Q4,exact_norm,1.000,1,EXCLUDED
"Eurographics Workshop on 3D Object Retrieval, EG 3DOR","Eurographics Workshop on 3D Object Retrieval, EG 3DOR",SJR,-,exact_norm,1.000,1,EXCLUDED
"International Symposium on Image and Signal Processing and Analysis, ISPA","International Symposium on Image and Signal Processing and Analysis, ISPA",SJR,-,exact_norm,1.000,1,EXCLUDED
Scientific Culture,Scientific Culture,SJR,Q2,exact_norm,1.000,1,EXCLUDED
Clinica e Investigacion en Arteriosclerosis,Clinica e Investigacion en Arteriosclerosis,SJR,Q3,exact_norm,1.000,1,EXCLUDED
Journal of Image and Graphics (United Kingdom),International Conference on Image and Graphics,CORE,National: China,exact_norm,1.000,1,EXCLUDED
Journal of Signal Processing,Journal of Signal Processing,SJR,Q4,exact_norm,1.000,1,EXCLUDED
Japanese Psychological Research,Japanese Psychological Research,SJR,Q3,exact_norm,1.000,1,EXCLUDED
Current Diabetes Reviews,Current Diabetes Reviews,SJR,Q3,exact_norm,1.000,1,EXCLUDED
Proceedings of the IEEE International Conference on Micro Electro Mechanical Systems (MEMS),Proceedings of the IEEE International Conference on Micro Electro Mechanical Systems (MEMS),SJR,-,exact_norm,1.000,1,EXCLUDED
Journal of Supercomputing,Journal of Supercomputing,SJR,Q2,exact_norm,1.000,1,EXCLUDED
Journal of Marine Science and Engineering,Journal of Marine Science and Engineering,SJR,Q2,exact_norm,1.000,1,EXCLUDED
IET Image Processing,IEEE International Conference on Image Processing,CORE,B,fuzzy,0.927,1,EXCLUDED
European Journal of Medical Research,European Journal of Medical Research (discontinued),SJR,-,exact_norm,1.000,1,EXCLUDED
Alphaville: Journal of Film and Screen Media,Alphaville: Journal of Film and Screen Media,SJR,Q3,exact_norm,1.000,1,EXCLUDED
Motor Control,Motor Control,SJR,Q2,exact_norm,1.000,1,EXCLUDED
"Scientific and Technical Journal of Information Technologies, Mechanics and Optics","Scientific and Technical Journal of Information Technologies, Mechanics and Optics",SJR,Q4,exact_norm,1.000,1,EXCLUDED
Current Sexual Health Reports,Current Sexual Health Reports,SJR,Q2,exact_norm,1.000,1,EXCLUDED
SenSys 2022 - Proceedings of the 20th ACM Conference on Embedded Networked Sensor Systems,ACM Conference on Embedded Networked Sensor Systems,CORE,unranked: merged,fuzzy,0.914,1,EXCLUDED
European Journal of Obstetrics and Gynecology and Reproductive Biology,European Journal of Obstetrics and Gynecology and Reproductive Biology,SJR,Q2,exact_norm,1.000,1,EXCLUDED
Journal of Manipulative and Physiological Therapeutics,Journal of Manipulative and Physiological Therapeutics,SJR,Q2,exact_norm,1.000,1,EXCLUDED
International Journal of Clinical Practice,Journal of Clinical Practice,SJR,Q4,exact_norm,1.000,1,EXCLUDED
RUDN Journal of Sociology,RUDN Journal of Sociology,SJR,Q2,exact_norm,1.000,1,EXCLUDED
Virtual Creativity,Virtual Creativity,SJR,Q4,exact_norm,1.000,1,EXCLUDED
Building Simulation Conference Proceedings,Building Simulation Conference Proceedings,SJR,-,exact_norm,1.000,1,EXCLUDED
Proceedings of DRS,Proceedings of DRS,SJR,Q2,exact_norm,1.000,1,EXCLUDED
European Review for Medical and Pharmacological Sciences,European Review for Medical and Pharmacological Sciences (discontinued),SJR,-,exact_norm,1.000,1,EXCLUDED
"Proceedings of the International Joint Conference on Computer Vision, Imaging and Computer Graphics Theory and Applications","Joint Conference on Computer Vision, Imaging and Computer Graphics Theory and Applications (GRAPP and VISAPP combined from 2008)",CORE,Multiconference,exact_norm,1.000,1,EXCLUDED
IEEE-RAS International Conference on Humanoid Robots,IEEE-RAS International Conference on Humanoid Robots,SJR,-,exact_norm,1.000,1,EXCLUDED
"Drawing: Research, Theory, Practice","Drawing: Research, Theory, Practice",SJR,Q3,exact_norm,1.000,1,EXCLUDED
Qinghua Daxue Xuebao/Journal of Tsinghua University,Qinghua Daxue Xuebao/Journal of Tsinghua University,SJR,Q3,exact_norm,1.000,1,EXCLUDED
Audiology and Neurotology,Audiology and Neurotology,SJR,Q2,exact_norm,1.000,1,EXCLUDED
International Journal of Semantic Computing,International Journal of Semantic Computing,SJR,Q2,exact_norm,1.000,1,EXCLUDED
"American Society of Mechanical Engineers, Fluids Engineering Division (Publication) FEDSM","American Society of Mechanical Engineers, Fluids Engineering Division (Publication) FEDSM",SJR,-,exact_norm,1.000,1,EXCLUDED
Japanese Magazine of Mineralogical and Petrological Sciences,Japanese Magazine of Mineralogical and Petrological Sciences,SJR,Q4,exact_norm,1.000,1,EXCLUDED
"International Conference on Enterprise Information Systems, ICEIS - Proceedings","International Conference on Enterprise Information Systems, ICEIS - Proceedings",SJR,-,exact_norm,1.000,1,EXCLUDED
Jisuanji Fuzhu Sheji Yu Tuxingxue Xuebao/Journal of Computer-Aided Design and Computer Graphics,Jisuanji Fuzhu Sheji Yu Tuxingxue Xuebao/Journal of Computer-Aided Design and Computer Graphics,SJR,Q4,exact_norm,1.000,1,EXCLUDED
Occupational Therapy in Health Care,Occupational Therapy in Health Care,SJR,Q2,exact_norm,1.000,1,EXCLUDED
"International Conference on Sport Sciences Research and Technology Support, icSPORTS - Proceedings","International Conference on Sport Sciences Research and Technology Support, icSPORTS - Proceedings",SJR,-,exact_norm,1.000,1,EXCLUDED
Paediatric Anaesthesia,Paediatric Anaesthesia,SJR,Q2,exact_norm,1.000,1,EXCLUDED
Journal of Arrhythmology,Journal of Arrhythmology,SJR,Q4,exact_norm,1.000,1,EXCLUDED
Minerva Pediatrics,Minerva Pediatrics (discontinued),SJR,-,exact_norm,1.000,1,EXCLUDED
Medicina (Brazil),Medicina (Brazil),SJR,Q4,exact_norm,1.000,1,EXCLUDED
Proceedings of the Annual Hawaii International Conference on System Sciences,Proceedings of the Annual Hawaii International Conference on System Sciences,SJR,-,exact_norm,1.000,1,EXCLUDED
Insect Science,Journal of Insect Science,SJR,Q2,exact_norm,1.000,1,EXCLUDED
Alfred Nobel University Journal of Philology,Alfred Nobel University Journal of Philology,SJR,Q2,exact_norm,1.000,1,EXCLUDED
Ageing International,Ageing International,SJR,Q2,exact_norm,1.000,1,EXCLUDED
"Science and Technology of Cereals, Oils and Foods","Science and Technology of Cereals, Oils and Foods",SJR,Q4,exact_norm,1.000,1,EXCLUDED
"European Journal of Mechanics, B/Fluids","European Journal of Mechanics, B/Fluids",SJR,Q2,exact_norm,1.000,1,EXCLUDED
Baltic Journal of Health and Physical Activity,Baltic Journal of Health and Physical Activity,SJR,Q2,exact_norm,1.000,1,EXCLUDED
Journal of Imaging,IMAGING,SJR,Q4,exact_norm,1.000,1,EXCLUDED
Neurocase,Neurocase,SJR,Q2,exact_norm,1.000,1,EXCLUDED
Ochsner Journal,Ochsner Journal,SJR,Q3,exact_norm,1.000,1,EXCLUDED
Ambitos,Ambitos,SJR,Q4,exact_norm,1.000,1,EXCLUDED
Research in Gerontological Nursing,Research in Gerontological Nursing,SJR,Q2,exact_norm,1.000,1,EXCLUDED
Chinese Physics B,Chinese Physics B,SJR,Q3,exact_norm,1.000,1,EXCLUDED
European Journal of Neurology,European Neurology,SJR,Q2,exact_norm,1.000,1,EXCLUDED
International Journal of Information and Education Technology,International Journal of Information and Education Technology,SJR,Q2,exact_norm,1.000,1,EXCLUDED
"Body, Space and Technology","Body, Space and Technology",SJR,Q3,exact_norm,1.000,1,EXCLUDED
Pravara Medical Review,Pravara Medical Review,SJR,Q4,exact_norm,1.000,1,EXCLUDED
Sportske Nauke i Zdravlje,Sportske Nauke i Zdravlje,SJR,Q4,exact_norm,1.000,1,EXCLUDED
Journal of Ambient Intelligence and Humanized Computing,Journal of Ambient Intelligence and Humanized Computing,SJR,Q2,exact_norm,1.000,1,EXCLUDED
Journal of Advanced Research in Applied Sciences and Engineering Technology,Journal of Advanced Research in Applied Sciences and Engineering Technology (discontinued),SJR,-,exact_norm,1.000,1,EXCLUDED
Journal of Allied Health,Journal of Allied Health,SJR,Q3,exact_norm,1.000,1,EXCLUDED
Revista da Associacao Medica Brasileira,Revista da Associacao Medica Brasileira,SJR,Q3,exact_norm,1.000,1,EXCLUDED
Journal of Nephrology,Nephrology (Saint-Petersburg),SJR,Q4,exact_norm,1.000,1,EXCLUDED
Symbolic Interaction,Symbolic Interaction,SJR,Q2,exact_norm,1.000,1,EXCLUDED
Journal of Nursing Management,Nursing Management,SJR,Q3,exact_norm,1.000,1,EXCLUDED
Proceedings of the Design Society,International Journal of Design in Society,SJR,Q2,exact_norm,1.000,1,EXCLUDED
Frontiers in Signal Processing,Frontiers in Signal Processing,SJR,Q2,exact_norm,1.000,1,EXCLUDED
"IEEE Global Engineering Education Conference, EDUCON",IEEE Global Engineering Education Conference,CORE,C,fuzzy,0.926,1,EXCLUDED
ISWC 2023 - Proceedings of the 2023 International Symposium on Wearable Computers,IEEE International Symposium on Wearable Computers,CORE,Journal Published,fuzzy,0.870,1,EXCLUDED
Adaptive Human Behavior and Physiology,Adaptive Human Behavior and Physiology,SJR,Q3,exact_norm,1.000,1,EXCLUDED
"European Heart Journal, Supplement","European Heart Journal, Supplement",SJR,Q2,exact_norm,1.000,1,EXCLUDED
Materials,Materials,SJR,Q2,exact_norm,1.000,1,EXCLUDED
Journal of the Institute of Image Electronics Engineers of Japan,Journal of the Institute of Image Electronics Engineers of Japan,SJR,Q4,exact_norm,1.000,1,EXCLUDED
Color Research and Application,Color Research and Application,SJR,Q2,exact_norm,1.000,1,EXCLUDED
Surgery (United States),International Journal of Surgery (discontinued),SJR,-,exact_norm,1.000,1,EXCLUDED
"Forensic Science, Medicine, and Pathology","Forensic Science, Medicine, and Pathology",SJR,Q2,exact_norm,1.000,1,EXCLUDED
"Izvestiya Vysshikh Uchebnykh Zavedenii, Seriya Teknologiya Tekstil'noi Promyshlennosti","Izvestiya Vysshikh Uchebnykh Zavedenii, Seriya Teknologiya Tekstil'noi Promyshlennosti",SJR,Q3,exact_norm,1.000,1,EXCLUDED
Experimental Psychology,Experimental Psychology (Russia),SJR,Q3,exact_norm,1.000,1,EXCLUDED
Neural Computing and Applications,International Workshop on Soft Computing Applications,CORE,National: Romania,fuzzy,0.821,1,EXCLUDED
Progress in Nutrition,Progress in Nutrition,SJR,Q3,exact_norm,1.000,1,EXCLUDED
Clinical Breast Cancer,Clinical Breast Cancer,SJR,Q2,exact_norm,1.000,1,EXCLUDED
Journal of Computational Methods in Sciences and Engineering,Journal of Computational Methods in Sciences and Engineering,SJR,Q4,exact_norm,1.000,1,EXCLUDED
IEEE Aerospace Conference Proceedings,IEEE Aerospace Conference Proceedings,SJR,-,exact_norm,1.000,1,EXCLUDED
Physiological Reports,Physiological Reports,SJR,Q2,exact_norm,1.000,1,EXCLUDED
Human Sport Medicine,Human Sport Medicine,SJR,Q3,exact_norm,1.000,1,EXCLUDED
Surgical and Radiologic Anatomy,Surgical and Radiologic Anatomy,SJR,Q2,exact_norm,1.000,1,EXCLUDED
Musculoskeletal Science and Practice,Musculoskeletal Science and Practice,SJR,Q2,exact_norm,1.000,1,EXCLUDED
Journal of Integrative and Complementary Medicine,Journal of Integrative and Complementary Medicine,SJR,Q2,exact_norm,1.000,1,EXCLUDED
Physical Treatments,Physical Treatments,SJR,Q4,exact_norm,1.000,1,EXCLUDED
International Journal of Pattern Recognition and Artificial Intelligence,International Journal of Pattern Recognition and Artificial Intelligence,SJR,Q3,exact_norm,1.000,1,EXCLUDED
Frontiers in Heat and Mass Transfer,Frontiers in Heat and Mass Transfer,SJR,Q2,exact_norm,1.000,1,EXCLUDED
Nova Mehanizacija Sumarstva,Nova Mehanizacija Sumarstva,SJR,Q4,exact_norm,1.000,1,EXCLUDED
Physics Education,Physics Education,SJR,Q2,exact_norm,1.000,1,EXCLUDED
Forest Research,Forest Research,SJR,Q3,exact_norm,1.000,1,EXCLUDED
Orthopedics,Orthopedics,SJR,Q2,exact_norm,1.000,1,EXCLUDED
Proceedings of the International CDIO Conference,Proceedings of the International CDIO Conference,SJR,-,exact_norm,1.000,1,EXCLUDED
Journal of Genetic Psychology,Journal of Genetic Psychology,SJR,Q2,exact_norm,1.000,1,EXCLUDED
Critical Stages,Critical Stages,SJR,Q2,exact_norm,1.000,1,EXCLUDED
BMJ Military Health,BMJ Military Health,SJR,Q3,exact_norm,1.000,1,EXCLUDED
Eksploatacja i Niezawodnosc,Eksploatacja i Niezawodnosc,SJR,Q2,exact_norm,1.000,1,EXCLUDED
Ethics in Progress,Ethics in Progress,SJR,Q2,exact_norm,1.000,1,EXCLUDED
Proceedings of the International Conference on Natural Hazards and Infrastructure,Proceedings of the International Conference on Natural Hazards and Infrastructure,SJR,-,exact_norm,1.000,1,EXCLUDED
eLearning and Software for Education Conference,eLearning and Software for Education Conference,SJR,-,exact_norm,1.000,1,EXCLUDED
Current Research in Behavioral Sciences,Current Research in Behavioral Sciences,SJR,Q2,exact_norm,1.000,1,EXCLUDED
Keio Journal of Medicine,Keio Journal of Medicine,SJR,Q3,exact_norm,1.000,1,EXCLUDED
Security and Communication Networks,International Conference on Security of Information and Networks,CORE,C,fuzzy,0.833,1,EXCLUDED
Proceedings of Science,Proceedings of Science,SJR,-,exact_norm,1.000,1,EXCLUDED
Journal of Sport Rehabilitation,Journal of Sport Rehabilitation,SJR,Q2,exact_norm,1.000,1,EXCLUDED
Giornale italiano di medicina del lavoro ed ergonomia,Giornale Italiano di Medicina del Lavoro ed Ergonomia,SJR,Q4,exact_norm,1.000,1,EXCLUDED
Neural Processing Letters,Neural Processing Letters,SJR,Q2,exact_norm,1.000,1,EXCLUDED
European Journal of Neuroscience,European Journal of Neuroscience,SJR,Q2,exact_norm,1.000,1,EXCLUDED
World Journal of Engineering,International Conference on Cloud Engineering,CORE,B,fuzzy,0.824,1,EXCLUDED
Computing and Informatics,International Conference on Computing and Informatics,CORE,C,exact_norm,1.000,1,EXCLUDED
Experimental Technology and Management,Experimental Technology and Management,SJR,Q3,exact_norm,1.000,1,EXCLUDED
Molecular Imaging and Biology,Molecular Imaging and Biology,SJR,Q2,exact_norm,1.000,1,EXCLUDED
"Proceedings of International Conference of the Learning Sciences, ICLS","Proceedings of International Conference of the Learning Sciences, ICLS",SJR,-,exact_norm,1.000,1,EXCLUDED
Proceedings of the International Symposium on Automation and Robotics in Construction,International Symposium on Automation and Robotics in Construction,CORE,C,exact_norm,1.000,1,EXCLUDED
International Journal of Developmental Disabilities,International Journal of Developmental Disabilities,SJR,Q2,exact_norm,1.000,1,EXCLUDED
"IEEE International Conference on Control and Automation, ICCA","IEEE International Conference on Control and Automation, ICCA",SJR,-,exact_norm,1.000,1,EXCLUDED
"Proceedings of the Latvian Academy of Sciences, Section B: Natural, Exact, and Applied Sciences","Proceedings of the Latvian Academy of Sciences, Section B: Natural, Exact, and Applied Sciences",SJR,Q3,exact_norm,1.000,1,EXCLUDED
Lecture Notes in Civil Engineering,Lecture Notes in Civil Engineering,SJR,Q4,exact_norm,1.000,1,EXCLUDED
UCJC Business and Society Review,UCJC Business and Society Review,SJR,Q4,exact_norm,1.000,1,EXCLUDED
International Journal of Engineering Trends and Technology,International Journal of Engineering Trends and Technology,SJR,Q4,exact_norm,1.000,1,EXCLUDED
Journal of Testing and Evaluation,Journal of Testing and Evaluation,SJR,Q3,exact_norm,1.000,1,EXCLUDED
Minerva Anestesiologica,Minerva Anestesiologica,SJR,Q2,exact_norm,1.000,1,EXCLUDED
Chinese General Practice,Chinese Journal of General Practice,SJR,Q3,exact_norm,1.000,1,EXCLUDED
"Proceedings of the 18th Conference on Computer Science and Intelligence Systems, FedCSIS 2023",CONFERENCE ON COMPUTER SCIENCE AND INTELLIGENCE SYSTEMS,CORE,C,fuzzy,0.902,1,EXCLUDED
"ICIC Express Letters, Part B: Applications","ICIC Express Letters, Part B: Applications",SJR,Q4,exact_norm,1.000,1,EXCLUDED
ICAMS Proceedings of the International Conference on Advanced Materials and Systems,ICAMS Proceedings of the International Conference on Advanced Materials and Systems,SJR,-,exact_norm,1.000,1,EXCLUDED
Israeli Journal of Aquaculture - Bamidgeh,Israeli Journal of Aquaculture - Bamidgeh,SJR,Q3,exact_norm,1.000,1,EXCLUDED
Contemporary Clinical Trials Communications,Contemporary Clinical Trials Communications,SJR,Q2,exact_norm,1.000,1,EXCLUDED
Diagnostics,Diagnostics,SJR,Q2,exact_norm,1.000,1,EXCLUDED
International Journal of Psychophysiology,Journal of Psychophysiology,SJR,Q3,exact_norm,1.000,1,EXCLUDED
Journal of Human Growth and Development,Journal of Human Growth and Development,SJR,Q4,exact_norm,1.000,1,EXCLUDED
Farmacia,Farmacia,SJR,Q2,exact_norm,1.000,1,EXCLUDED
Journal of Pediatric Orthopaedics,Journal of Pediatric Orthopaedics,SJR,Q2,exact_norm,1.000,1,EXCLUDED
Metrologia,Metrologia,SJR,Q2,exact_norm,1.000,1,EXCLUDED
International Journal of Antennas and Propagation,International Journal of Antennas and Propagation,SJR,Q3,exact_norm,1.000,1,EXCLUDED
Journal of the Egyptian National Cancer Institute,Journal of the Egyptian National Cancer Institute,SJR,Q3,exact_norm,1.000,1,EXCLUDED
Journal of Cognitive Neuroscience,Cognitive Neuroscience,SJR,Q4,issn,1.000,1,EXCLUDED
Progress in Biomedical Optics and Imaging - Proceedings of SPIE,Progress in Biomedical Optics and Imaging - Proceedings of SPIE,SJR,-,exact_norm,1.000,1,EXCLUDED
Journal of Medical Case Reports,Journal of Medical Case Reports,SJR,Q3,exact_norm,1.000,1,EXCLUDED
Proceedings of the International Conference on Offshore Mechanics and Arctic Engineering - OMAE,Proceedings of the International Conference on Offshore Mechanics and Arctic Engineering - OMAE,SJR,-,exact_norm,1.000,1,EXCLUDED
Neurodegenerative Diseases,Neurodegenerative Diseases,SJR,Q3,exact_norm,1.000,1,EXCLUDED
Journal of Nutrition Education and Behavior,Journal of Nutrition Education and Behavior,SJR,Q2,exact_norm,1.000,1,EXCLUDED
Advanced Robotics,Advanced Robotics,SJR,Q2,exact_norm,1.000,1,EXCLUDED
"Psychology, Journal of the Higher School of Economics","Psychology, Journal of the Higher School of Economics",SJR,Q2,exact_norm,1.000,1,EXCLUDED
Journal of Abnormal Psychology,Journal of Abnormal Psychology,SJR,-,exact_norm,1.000,1,EXCLUDED
Canadian Journal of Latin American and Caribbean Studies,Canadian Journal of Latin American and Caribbean Studies,SJR,Q3,exact_norm,1.000,1,EXCLUDED
"Review of Science, Mathematics and ICT Education","Review of Science, Mathematics and ICT Education",SJR,Q3,exact_norm,1.000,1,EXCLUDED
Qatar Medical Journal,Qatar Medical Journal,SJR,Q3,exact_norm,1.000,1,EXCLUDED
Journal of Aging Research,Journal of Aging Research,SJR,Q3,exact_norm,1.000,1,EXCLUDED
Radiation Physics and Chemistry,Radiation Physics and Chemistry,SJR,Q2,exact_norm,1.000,1,EXCLUDED
Lecture Notes in Computational Vision and Biomechanics,Lecture Notes in Computational Vision and Biomechanics,SJR,Q4,exact_norm,1.000,1,EXCLUDED
Multimodal Technologies and Interaction,Multimodal Technologies and Interaction,SJR,Q2,exact_norm,1.000,1,EXCLUDED
Science,Proceedings of Science,SJR,-,exact_norm,1.000,1,EXCLUDED
Journal of Pediatric and Adolescent Gynecology,Journal of Pediatric and Adolescent Gynecology,SJR,Q2,exact_norm,1.000,1,EXCLUDED
Restorative Neurology and Neuroscience,Restorative Neurology and Neuroscience,SJR,Q3,exact_norm,1.000,1,EXCLUDED
Iranian Journal of Psychiatry and Behavioral Sciences,Iranian Journal of Psychiatry and Behavioral Sciences,SJR,Q3,exact_norm,1.000,1,EXCLUDED
Chinese Journal of Plastic Surgery,Chinese Journal of Plastic Surgery,SJR,Q4,exact_norm,1.000,1,EXCLUDED
IISE Transactions on Healthcare Systems Engineering,IISE Transactions on Healthcare Systems Engineering,SJR,Q3,exact_norm,1.000,1,EXCLUDED
Guangdian Gongcheng/Opto-Electronic Engineering,Guangdian Gongcheng/Opto-Electronic Engineering,SJR,Q3,exact_norm,1.000,1,EXCLUDED
Planetary and Space Science,Planetary and Space Science,SJR,Q2,exact_norm,1.000,1,EXCLUDED
Journal of Clinical Otorhinolaryngology Head and Neck Surgery,Journal of Clinical Otorhinolaryngology Head and Neck Surgery,SJR,Q4,exact_norm,1.000,1,EXCLUDED
Elektrotehniski Vestnik/Electrotechnical Review,Elektrotehniski Vestnik/Electrotechnical Review,SJR,Q4,exact_norm,1.000,1,EXCLUDED
Medical Forum Monthly,Medical Forum Monthly,SJR,Q4,exact_norm,1.000,1,EXCLUDED
Conference Record - IAS Annual Meeting (IEEE Industry Applications Society),Conference Record - IAS Annual Meeting (IEEE Industry Applications Society),SJR,-,exact_norm,1.000,1,EXCLUDED
Cognitive Neuropsychiatry,Cognitive Neuropsychiatry,SJR,Q3,exact_norm,1.000,1,EXCLUDED
Otolaryngology - Head and Neck Surgery (United States),Otolaryngology - Head and Neck Surgery (Japan),SJR,Q4,exact_norm,1.000,1,EXCLUDED
Artificial Organs,International Journal of Artificial Organs,SJR,Q3,exact_norm,1.000,1,EXCLUDED
Journal of Neuropsychiatry and Clinical Neurosciences,Journal of Neuropsychiatry and Clinical Neurosciences,SJR,Q2,exact_norm,1.000,1,EXCLUDED
Lexia,Lexia,SJR,Q3,exact_norm,1.000,1,EXCLUDED
Microprocessors and Microsystems,Microprocessors and Microsystems,SJR,Q2,exact_norm,1.000,1,EXCLUDED
National Medical Journal of China,National Medical Journal of China,SJR,Q3,exact_norm,1.000,1,EXCLUDED
Intelligent Systems Reference Library,Intelligent Systems Reference Library,SJR,Q4,exact_norm,1.000,1,EXCLUDED
Turk Noroloji Dergisi,Turk Noroloji Dergisi,SJR,Q4,exact_norm,1.000,1,EXCLUDED
"European Journal of Investigation in Health, Psychology and Education","European Journal of Investigation in Health, Psychology and Education",SJR,Q2,exact_norm,1.000,1,EXCLUDED
Chinese Journal of Digestive Surgery,Chinese Journal of Digestive Surgery,SJR,Q4,exact_norm,1.000,1,EXCLUDED
Indian Journal of Psychiatry,Indian Journal of Psychiatry,SJR,Q2,exact_norm,1.000,1,EXCLUDED
Journal of Obsessive-Compulsive and Related Disorders,Journal of Obsessive-Compulsive and Related Disorders,SJR,Q2,exact_norm,1.000,1,EXCLUDED
"Journal of Zhejiang University, Science Edition","Journal of Zhejiang University, Science Edition",SJR,Q4,exact_norm,1.000,1,EXCLUDED
Journal of Intelligent and Fuzzy Systems,Journal of Intelligent and Fuzzy Systems,SJR,Q3,exact_norm,1.000,1,EXCLUDED
i-Perception,i-Perception,SJR,Q3,exact_norm,1.000,1,EXCLUDED
Foot and Ankle Orthopaedics,Foot and Ankle Orthopaedics,SJR,Q2,exact_norm,1.000,1,EXCLUDED
Foot,Foot,SJR,Q2,exact_norm,1.000,1,EXCLUDED
Trends in Anaesthesia and Critical Care,Trends in Anaesthesia and Critical Care,SJR,Q3,exact_norm,1.000,1,EXCLUDED
Zhejiang Daxue Xuebao (Gongxue Ban)/Journal of Zhejiang University (Engineering Science),Zhejiang Daxue Xuebao (Gongxue Ban)/Journal of Zhejiang University (Engineering Science),SJR,Q3,exact_norm,1.000,1,EXCLUDED
Neuropsychiatric Disease and Treatment,Neuropsychiatric Disease and Treatment,SJR,Q2,exact_norm,1.000,1,EXCLUDED
Telkomnika (Telecommunication Computing Electronics and Control),Telkomnika (Telecommunication Computing Electronics and Control) (discontinued),SJR,-,exact_norm,1.000,1,EXCLUDED
Journal of Science in Sport and Exercise,Journal of Science in Sport and Exercise,SJR,Q2,exact_norm,1.000,1,EXCLUDED
Expert Systems,Expert Systems,SJR,Q2,exact_norm,1.000,1,EXCLUDED
Springer Series in Design and Innovation,Springer Series in Design and Innovation,SJR,-,exact_norm,1.000,1,EXCLUDED
Evaluation and the Health Professions,Evaluation and the Health Professions,SJR,Q2,exact_norm,1.000,1,EXCLUDED
Journal of the Indian Society of Remote Sensing,Journal of the Indian Society of Remote Sensing,SJR,Q2,exact_norm,1.000,1,EXCLUDED
Advances in Autism,Advances in Autism,SJR,Q3,exact_norm,1.000,1,EXCLUDED
International Journal of Advanced Manufacturing Technology,Journal of Advanced Manufacturing Technology,SJR,Q4,exact_norm,1.000,1,EXCLUDED
CHI PLAY 2019 - Proceedings of the Annual Symposium on Computer-Human Interaction in Play,CHI PLAY: The Annual Symposium on Computer-Human Interaction in Play,CORE,Journal Published,exact_norm,1.000,1,EXCLUDED
Acta Oto-Laryngologica,Acta Oto-Laryngologica,SJR,Q3,exact_norm,1.000,1,EXCLUDED
Journal of integrative bioinformatics,Journal of Integrative Bioinformatics,SJR,Q3,exact_norm,1.000,1,EXCLUDED
Medycyna Pracy,Medycyna Pracy,SJR,Q3,exact_norm,1.000,1,EXCLUDED
IPPTA: Quarterly Journal of Indian Pulp and Paper Technical Association,IPPTA: Quarterly Journal of Indian Pulp and Paper Technical Association,SJR,Q3,exact_norm,1.000,1,EXCLUDED
Journal of Central European Agriculture,Journal of Central European Agriculture,SJR,Q3,exact_norm,1.000,1,EXCLUDED
Journal of Information Technology Education: Research,ACM Information Technology Education,CORE,National: USA,fuzzy,0.831,1,EXCLUDED
Science and Justice,Science and Justice,SJR,Q2,exact_norm,1.000,1,EXCLUDED
International Journal of Dream Research,International Journal of Dream Research,SJR,Q4,exact_norm,1.000,1,EXCLUDED
Mathematical Problems in Engineering,Mathematical Problems in Engineering,SJR,Q3,exact_norm,1.000,1,EXCLUDED
Journal of Cellular and Molecular Medicine,Journal of Cellular and Molecular Medicine,SJR,Q2,exact_norm,1.000,1,EXCLUDED
Respiratory Care,Respiratory Care,SJR,Q2,exact_norm,1.000,1,EXCLUDED
Pattern Recognition,International Conference on Pattern Recognition,CORE,B,exact_norm,1.000,1,EXCLUDED
Journal of Imaging Science and Technology,Journal of Imaging Science and Technology,SJR,Q4,exact_norm,1.000,1,EXCLUDED
"Brazilian Symposium on Games and Digital Entertainment, SBGAMES","Brazilian Symposium on Games and Digital Entertainment, SBGAMES",SJR,-,exact_norm,1.000,1,EXCLUDED
Clinical Imaging,Clinical Imaging,SJR,Q2,exact_norm,1.000,1,EXCLUDED
Journal of Social Psychology,International Journal of Social Psychology,SJR,Q3,exact_norm,1.000,1,EXCLUDED
Revista Colombiana de Cardiologia,Revista Colombiana de Cardiologia,SJR,Q4,exact_norm,1.000,1,EXCLUDED
Industrial Robot,Industrial Robot,SJR,Q2,exact_norm,1.000,1,EXCLUDED
Annals of Neurosciences,Annals of Neurosciences,SJR,Q3,exact_norm,1.000,1,EXCLUDED
Child and Adolescent Mental Health,Journal of Child and Adolescent Mental Health,SJR,Q2,exact_norm,1.000,1,EXCLUDED
"Advances in rheumatology (London, England)",Advances in Rheumatology,SJR,Q2,exact_norm,1.000,1,EXCLUDED
Journal of Clinical Monitoring and Computing,Journal of Clinical Monitoring and Computing,SJR,Q2,exact_norm,1.000,1,EXCLUDED
Indian Journal of Ophthalmology,Indian Journal of Ophthalmology,SJR,Q2,exact_norm,1.000,1,EXCLUDED
Clinical Epidemiology and Global Health,Clinical Epidemiology and Global Health,SJR,Q2,exact_norm,1.000,1,EXCLUDED
Journal of Chromatography A,Journal of Chromatography A,SJR,Q2,exact_norm,1.000,1,EXCLUDED
Jixie Gongcheng Xuebao/Journal of Mechanical Engineering,Jixie Gongcheng Xuebao/Journal of Mechanical Engineering,SJR,Q3,exact_norm,1.000,1,EXCLUDED
"Proceedings of the 36th International Symposium on Automation and Robotics in Construction, ISARC 2019",International Symposium on Automation and Robotics in Construction,CORE,C,fuzzy,0.914,1,EXCLUDED
Kongzhi Lilun Yu Yingyong/Control Theory and Applications,Kongzhi Lilun Yu Yingyong/Control Theory and Applications,SJR,Q3,exact_norm,1.000,1,EXCLUDED
Military Medicine,Journal of Military Medicine,SJR,Q4,exact_norm,1.000,1,EXCLUDED
"Psychology of Consciousness: Theory Research, and Practice","Psychology of Consciousness: Theory Research, and Practice",SJR,Q2,exact_norm,1.000,1,EXCLUDED
Journal of Chemical Physics,Chemical Physics,SJR,Q2,exact_norm,1.000,1,EXCLUDED
Trends in Psychology,Trends in Psychology,SJR,Q2,exact_norm,1.000,1,EXCLUDED
Anaesthesiology Intensive Therapy,Anaesthesiology Intensive Therapy,SJR,Q2,exact_norm,1.000,1,EXCLUDED
Central European Journal of Urology,Central European Journal of Urology,SJR,Q2,exact_norm,1.000,1,EXCLUDED
Social Psychological Bulletin,Social Psychological Bulletin,SJR,Q2,exact_norm,1.000,1,EXCLUDED
Journal of Craniovertebral Junction and Spine,Journal of Craniovertebral Junction and Spine,SJR,Q2,exact_norm,1.000,1,EXCLUDED
Otolaryngologic Clinics of North America,Otolaryngologic Clinics of North America,SJR,Q2,exact_norm,1.000,1,EXCLUDED
African Journal of Emergency Medicine,African Journal of Emergency Medicine,SJR,Q2,exact_norm,1.000,1,EXCLUDED
Human-centric Computing and Information Sciences,Human-centric Computing and Information Sciences,SJR,Q2,exact_norm,1.000,1,EXCLUDED
Progress in Pediatric Cardiology,Progress in Pediatric Cardiology,SJR,Q3,exact_norm,1.000,1,EXCLUDED
Journal of ICT Standardization,Journal of ICT Standardization,SJR,Q2,exact_norm,1.000,1,EXCLUDED
KSII Transactions on Internet and Information Systems,KSII Transactions on Internet and Information Systems,SJR,Q3,exact_norm,1.000,1,EXCLUDED
International Journal of Mechatronics and Applied Mechanics,International Journal of Mechatronics and Applied Mechanics,SJR,Q4,exact_norm,1.000,1,EXCLUDED
Binggong Xuebao/Acta Armamentarii,Binggong Xuebao/Acta Armamentarii,SJR,Q3,exact_norm,1.000,1,EXCLUDED
Journal of the Korean Society of Clothing and Textiles,Journal of the Korean Society of Clothing and Textiles,SJR,Q2,exact_norm,1.000,1,EXCLUDED
"International Archives of the Photogrammetry, Remote Sensing and Spatial Information Sciences - ISPRS Archives","International Archives of the Photogrammetry, Remote Sensing and Spatial Information Sciences - ISPRS Archives",SJR,-,exact_norm,1.000,1,EXCLUDED
Neurology India,Neurology India,SJR,Q3,exact_norm,1.000,1,EXCLUDED
"TEI 2019 - Proceedings of the 13th International Conference on Tangible, Embedded, and Embodied Interaction","Tangible, Embedded, and Embodied Interaction",CORE,B,fuzzy,0.950,1,EXCLUDED
Journal of Educational Psychology,International Journal of Educational Psychology,SJR,Q2,exact_norm,1.000,1,EXCLUDED
Acta of Bioengineering and Biomechanics,Acta of Bioengineering and Biomechanics,SJR,Q4,exact_norm,1.000,1,EXCLUDED
British Journal of Guidance and Counselling,British Journal of Guidance and Counselling,SJR,Q2,exact_norm,1.000,1,EXCLUDED
Tohoku Journal of Experimental Medicine,Tohoku Journal of Experimental Medicine,SJR,Q3,exact_norm,1.000,1,EXCLUDED
Technology and Disability,Technology and Disability,SJR,Q4,exact_norm,1.000,1,EXCLUDED
Neurology International,Neurology International,SJR,Q2,exact_norm,1.000,1,EXCLUDED
"Proceedings of the 10th International Conference on Language Resources and Evaluation, LREC 2016",Language Resources and Evaluation Conference,CORE,B,fuzzy,0.892,1,EXCLUDED
Environmental Health and Preventive Medicine,Environmental Health and Preventive Medicine,SJR,Q2,exact_norm,1.000,1,EXCLUDED
Neuropsychiatrie de l'Enfance et de l'Adolescence,Neuropsychiatrie de l'Enfance et de l'Adolescence,SJR,Q3,exact_norm,1.000,1,EXCLUDED
Rehabilitation Psychology,Rehabilitation Psychology,SJR,Q2,exact_norm,1.000,1,EXCLUDED
Journal of the Formosan Medical Association,Journal of the Formosan Medical Association,SJR,Q2,exact_norm,1.000,1,EXCLUDED
Environment International,Environment,SJR,Q2,exact_norm,1.000,1,EXCLUDED
Xitong Gongcheng Lilun yu Shijian/System Engineering Theory and Practice,Xitong Gongcheng Lilun yu Shijian/System Engineering Theory and Practice,SJR,Q2,exact_norm,1.000,1,EXCLUDED
Techne: Research in Philosophy and Technology,Techne: Research in Philosophy and Technology,SJR,Q2,exact_norm,1.000,1,EXCLUDED
Signal Processing,Journal of Signal Processing,SJR,Q4,exact_norm,1.000,1,EXCLUDED
Motriz. Revista de Educacao Fisica,Motriz. Revista de Educacao Fisica,SJR,Q3,exact_norm,1.000,1,EXCLUDED
"ISPRS Annals of the Photogrammetry, Remote Sensing and Spatial Information Sciences","ISPRS Annals of the Photogrammetry, Remote Sensing and Spatial Information Sciences",SJR,-,exact_norm,1.000,1,EXCLUDED
Internet Archaeology,Internet Archaeology,SJR,Q2,exact_norm,1.000,1,EXCLUDED
Evolution Psychiatrique,Evolution Psychiatrique,SJR,Q3,exact_norm,1.000,1,EXCLUDED
Computing in Cardiology,Computing in Cardiology,SJR,-,exact_norm,1.000,1,EXCLUDED
Future Cardiology,Future Cardiology,SJR,Q3,exact_norm,1.000,1,EXCLUDED
Proceedings - Winter Simulation Conference,Proceedings - Winter Simulation Conference,SJR,-,exact_norm,1.000,1,EXCLUDED
Pain management,Pain Management,SJR,Q2,exact_norm,1.000,1,EXCLUDED
Tehnicki Vjesnik,Tehnicki Vjesnik,SJR,Q3,exact_norm,1.000,1,EXCLUDED
Journal of Eye Movement Research,Journal of Eye Movement Research,SJR,Q2,exact_norm,1.000,1,EXCLUDED
Guangxue Jingmi Gongcheng/Optics and Precision Engineering,Guangxue Jingmi Gongcheng/Optics and Precision Engineering,SJR,Q3,exact_norm,1.000,1,EXCLUDED
"Proceedings of the Institution of Mechanical Engineers, Part B: Journal of Engineering Manufacture","Proceedings of the Institution of Mechanical Engineers, Part B: Journal of Engineering Manufacture",SJR,Q2,exact_norm,1.000,1,EXCLUDED
Innovations in Clinical Neuroscience,Innovations in Clinical Neuroscience,SJR,Q3,exact_norm,1.000,1,EXCLUDED
International Journal of Disaster Resilience in the Built Environment,International Journal of Disaster Resilience in the Built Environment,SJR,Q2,exact_norm,1.000,1,EXCLUDED
Revista Brasileira de Educacao Especial,Revista Brasileira de Educacao Especial,SJR,Q3,exact_norm,1.000,1,EXCLUDED
Proceedings of the International Display Workshops,Proceedings of the International Display Workshops,SJR,-,exact_norm,1.000,1,EXCLUDED
Heart,Heart International,SJR,Q2,exact_norm,1.000,1,EXCLUDED
Journal of Textile Engineering,Journal of Textile Engineering,SJR,Q4,exact_norm,1.000,1,EXCLUDED
Adolescencia e Saude,Adolescencia e Saude,SJR,Q4,exact_norm,1.000,1,EXCLUDED
Northwest Science,Northwest Science,SJR,Q4,exact_norm,1.000,1,EXCLUDED
Journal of Clinical Ultrasound,Journal of Clinical Ultrasound,SJR,Q3,exact_norm,1.000,1,EXCLUDED
IEEE International Conference on Electro Information Technology,IEEE International Conference on Computer and Information Technology,CORE,C,fuzzy,0.845,1,EXCLUDED
Biomedical Engineering Letters,Biomedical Engineering Letters,SJR,Q2,exact_norm,1.000,1,EXCLUDED
"Proceedings of the ACM Symposium on Applied Perception, SAP 2016",ACM Symposium on Applied Perception,CORE,B,fuzzy,0.917,1,EXCLUDED
Journal of Brain Science,Journal of Brain Science,SJR,Q4,exact_norm,1.000,1,EXCLUDED
Archives of Budo,Archives of Budo,SJR,Q3,exact_norm,1.000,1,EXCLUDED
Nutrition Research,Nutrition Research,SJR,Q2,exact_norm,1.000,1,EXCLUDED
International Journal of Structural Integrity,Structural Integrity,SJR,Q4,exact_norm,1.000,1,EXCLUDED
CIN - Computers Informatics Nursing,CIN - Computers Informatics Nursing,SJR,Q2,exact_norm,1.000,1,EXCLUDED
Springer Proceedings in Complexity,Springer Proceedings in Complexity,SJR,Q4,exact_norm,1.000,1,EXCLUDED
"American Society of Mechanical Engineers, Pressure Vessels and Piping Division (Publication) PVP","American Society of Mechanical Engineers, Pressure Vessels and Piping Division (Publication) PVP",SJR,-,exact_norm,1.000,1,EXCLUDED
BJPsych Bulletin,BJPsych Bulletin,SJR,Q3,exact_norm,1.000,1,EXCLUDED
Journal of Cognitive Psychology,Journal of Cognitive Psychology,SJR,Q3,exact_norm,1.000,1,EXCLUDED
Computer Science Research Notes,Computer Science Research Notes,SJR,Q4,exact_norm,1.000,1,EXCLUDED
Chinese Journal of Tissue Engineering Research,Chinese Journal of Tissue Engineering Research,SJR,Q4,exact_norm,1.000,1,EXCLUDED
Journal of Information Technology Education: Innovations in Practice,Journal of Information Technology Education: Innovations in Practice,SJR,Q2,exact_norm,1.000,1,EXCLUDED
Urology Practice,Urology Practice,SJR,Q2,exact_norm,1.000,1,EXCLUDED
Neurological Research,Neurological Research,SJR,Q2,exact_norm,1.000,1,EXCLUDED
Journal of the Society for Information Display,Journal of the Society for Information Display,SJR,Q2,exact_norm,1.000,1,EXCLUDED
KI - Kunstliche Intelligenz,KI - Kunstliche Intelligenz,SJR,Q3,exact_norm,1.000,1,EXCLUDED
Behavioral Neuroscience,Behavioral Neuroscience,SJR,Q2,exact_norm,1.000,1,EXCLUDED
"International Conference of Control, Dynamic Systems, and Robotics","International Conference of Control, Dynamic Systems, and Robotics",SJR,-,exact_norm,1.000,1,EXCLUDED
"VISIGRAPP 2016 - Proceedings of the 11th Joint Conference on Computer Vision, Imaging and Computer Graphics Theory and Applications","Joint Conference on Computer Vision, Imaging and Computer Graphics Theory and Applications (GRAPP and VISAPP combined from 2008)",CORE,Multiconference,fuzzy,0.931,1,EXCLUDED
Journal of Laparoendoscopic and Advanced Surgical Techniques,Journal of Laparoendoscopic and Advanced Surgical Techniques,SJR,Q3,exact_norm,1.000,1,EXCLUDED
Neurophysiologie Clinique,Neurophysiologie Clinique,SJR,Q2,exact_norm,1.000,1,EXCLUDED
"International Conference on Artificial Reality and Telexistence and Eurographics Symposium on Virtual Environments, ICAT-EGVE 2017",International Conference on Artificial Reality and Telexistance & Eurographics Symposium on Virtual Environments,CORE,C,fuzzy,0.914,1,EXCLUDED
Journal of Pediatrics,Pediatrics International,SJR,Q3,exact_norm,1.000,1,EXCLUDED
"Proceedings of the Annual Conference of the International Speech Communication Association, INTERSPEECH","Proceedings of the Annual Conference of the International Speech Communication Association, INTERSPEECH",SJR,-,exact_norm,1.000,1,EXCLUDED
Cancer Informatics,Cancer Informatics,SJR,Q3,exact_norm,1.000,1,EXCLUDED
Fusion Engineering and Design,Fusion Engineering and Design,SJR,Q2,exact_norm,1.000,1,EXCLUDED
Fibers and Polymers,Fibers and Polymers,SJR,Q2,exact_norm,1.000,1,EXCLUDED
Asia Pacific Journal of Clinical Nutrition,Asia Pacific Journal of Clinical Nutrition,SJR,Q2,exact_norm,1.000,1,EXCLUDED
IWCMC 2015 - 11th International Wireless Communications and Mobile Computing Conference,ACM International Wireless Communications and Mobile Computing Conference,CORE,B,fuzzy,0.964,1,EXCLUDED
International Journal Bioautomation,International Journal Bioautomation,SJR,Q4,exact_norm,1.000,1,EXCLUDED
Procedia CIRP,Procedia CIRP,SJR,-,exact_norm,1.000,1,EXCLUDED
Journal of Back and Musculoskeletal Rehabilitation,Journal of Back and Musculoskeletal Rehabilitation,SJR,Q2,exact_norm,1.000,1,EXCLUDED
Acta Anatomica Sinica,Acta Anatomica Sinica,SJR,Q4,exact_norm,1.000,1,EXCLUDED
Revista Paulista de Pediatria,Revista Paulista de Pediatria,SJR,Q2,exact_norm,1.000,1,EXCLUDED
Lung India,Lung India,SJR,Q3,exact_norm,1.000,1,EXCLUDED
Journal of Plastic Surgery and Hand Surgery,Journal of Plastic Surgery and Hand Surgery,SJR,Q2,exact_norm,1.000,1,EXCLUDED
Journal of Medical Investigation,Journal of Medical Investigation,SJR,Q3,exact_norm,1.000,1,EXCLUDED
Journal of Behavioral Medicine,Behavioral Medicine,SJR,Q2,exact_norm,1.000,1,EXCLUDED
Journal of Biosciences,Journal of Biosciences,SJR,Q2,exact_norm,1.000,1,EXCLUDED
Technoetic Arts,Technoetic Arts,SJR,Q2,exact_norm,1.000,1,EXCLUDED
Journal of Pharmaceutical Sciences,Pharmaceutical Sciences,SJR,Q2,exact_norm,1.000,1,EXCLUDED
"Applied Physiology, Nutrition and Metabolism","Applied Physiology, Nutrition and Metabolism",SJR,Q2,exact_norm,1.000,1,EXCLUDED
Journal of Family Practice,Journal of Family Practice,SJR,Q3,exact_norm,1.000,1,EXCLUDED
International Journal of Electrical Engineering and Education,International Journal of Electrical Engineering and Education,SJR,Q3,exact_norm,1.000,1,EXCLUDED
International Journal of RF Technologies: Research and Applications,International Journal of RF Technologies: Research and Applications,SJR,Q3,exact_norm,1.000,1,EXCLUDED
Revue Medicale de Liege,Revue Medicale de Liege,SJR,Q4,exact_norm,1.000,1,EXCLUDED
Journal of Occupational Health,Journal of Occupational Health,SJR,Q2,exact_norm,1.000,1,EXCLUDED
"Proceedings of the 2008 12th International Conference on Computer Supported Cooperative Work in Design, CSCWD",International Conference on Computer Supported Cooperative Work in Design,CORE,C,fuzzy,0.933,1,EXCLUDED
Cognitive Neurodynamics,Cognitive Neurodynamics,SJR,Q2,exact_norm,1.000,1,EXCLUDED
"Iberian Conference on Information Systems and Technologies, CISTI","Iberian Conference on Information Systems and Technologies, CISTI",SJR,-,exact_norm,1.000,1,EXCLUDED
Heart International,Heart International,SJR,Q2,exact_norm,1.000,1,EXCLUDED
Virus Research,Virus Research,SJR,Q2,exact_norm,1.000,1,EXCLUDED
European Journal of Pediatric Surgery,European Journal of Pediatric Surgery,SJR,Q2,exact_norm,1.000,1,EXCLUDED
Psychiatry,Psychiatry (Moscow),SJR,Q4,exact_norm,1.000,1,EXCLUDED
"Proceedings of the Institution of Mechanical Engineers, Part H: Journal of Engineering in Medicine","Proceedings of the Institution of Mechanical Engineers, Part H: Journal of Engineering in Medicine",SJR,Q2,exact_norm,1.000,1,EXCLUDED
Telemedicine and e-Health,Telemedicine and e-Health,SJR,Q2,exact_norm,1.000,1,EXCLUDED
Rehabilitacion,Rehabilitacion,SJR,Q4,exact_norm,1.000,1,EXCLUDED
"Proceedings of the 2010 British Computer Society Conference on Human-Computer Interaction, BCS-HCI 2010",British Computer Society Conference on Human-Computer Interaction,CORE,National,fuzzy,0.927,1,EXCLUDED
"61st International Astronautical Congress 2010, IAC 2010","Proceedings of the International Astronautical Congress, IAC",SJR,-,exact_norm,1.000,1,EXCLUDED
Pediatric Physical Therapy,Pediatric Physical Therapy,SJR,Q3,exact_norm,1.000,1,EXCLUDED
Health Physics,Health Physics,SJR,Q3,exact_norm,1.000,1,EXCLUDED
Ecological Psychology,Ecological Psychology,SJR,Q2,exact_norm,1.000,1,EXCLUDED
Medical Hypotheses,Medical Hypotheses,SJR,Q3,exact_norm,1.000,1,EXCLUDED
Personal and Ubiquitous Computing,Personal and Ubiquitous Computing,SJR,Q2,exact_norm,1.000,1,EXCLUDED
Academy of Management Annual Meeting Proceedings,Academy of Management Annual Meeting Proceedings,SJR,-,exact_norm,1.000,1,EXCLUDED
Journal of the American Podiatric Medical Association,Journal of the American Podiatric Medical Association,SJR,Q3,exact_norm,1.000,1,EXCLUDED
Arquivos Brasileiros de Cardiologia,Arquivos Brasileiros de Cardiologia,SJR,Q2,exact_norm,1.000,1,EXCLUDED
IEEE Transactions on Parallel and Distributed Systems,International Conference on Parallel and Distributed Systems,CORE,B,fuzzy,0.918,1,EXCLUDED
Spatial Cognition and Computation,Spatial Cognition and Computation,SJR,Q2,exact_norm,1.000,1,EXCLUDED
Journal of Ambient Intelligence and Smart Environments,Journal of Ambient Intelligence and Smart Environments,SJR,Q3,exact_norm,1.000,1,EXCLUDED
Proceedings of the ACM SIGMOD International Conference on Management of Data,Proceedings of the ACM SIGMOD International Conference on Management of Data,SJR,-,exact_norm,1.000,1,EXCLUDED
Chinese Journal of Radiology (China),Chinese Journal of Radiology,SJR,Q4,exact_norm,1.000,1,EXCLUDED
International Journal of Legal Medicine,Journal of Legal Medicine,SJR,Q3,exact_norm,1.000,1,EXCLUDED
Chinese Journal of Contemporary Neurology and Neurosurgery,Chinese Journal of Contemporary Neurology and Neurosurgery,SJR,Q4,exact_norm,1.000,1,EXCLUDED
Sistemi Intelligenti,Sistemi Intelligenti,SJR,Q2,exact_norm,1.000,1,EXCLUDED
Panminerva Medica,Panminerva Medica (discontinued),SJR,-,exact_norm,1.000,1,EXCLUDED
Hangkong Dongli Xuebao/Journal of Aerospace Power,Hangkong Dongli Xuebao/Journal of Aerospace Power,SJR,Q3,exact_norm,1.000,1,EXCLUDED
GeoJournal,GeoJournal,SJR,Q2,exact_norm,1.000,1,EXCLUDED
Lecture Notes in Business Information Processing,Lecture Notes in Business Information Processing,SJR,Q2,exact_norm,1.000,1,EXCLUDED
"Biomedical Engineering - Applications, Basis and Communications","Biomedical Engineering - Applications, Basis and Communications",SJR,Q4,exact_norm,1.000,1,EXCLUDED
Journal of Shanghai Jiaotong University (Medical Science),Journal of Shanghai Jiaotong University (Medical Science),SJR,Q4,exact_norm,1.000,1,EXCLUDED
Journal of Theoretical and Applied Information Technology,Journal of Theoretical and Applied Information Technology,SJR,Q4,exact_norm,1.000,1,EXCLUDED
"2013 IEEE International Conference on Robotics and Biomimetics, ROBIO 2013","IEEE International Conference on Robotics and Biomimetics, ROBIO",SJR,Q4,exact_norm,1.000,1,EXCLUDED
Special Paper of the Geological Society of America,Special Paper of the Geological Society of America,SJR,Q3,exact_norm,1.000,1,EXCLUDED
Canadian Respiratory Journal,Canadian Respiratory Journal,SJR,Q2,exact_norm,1.000,1,EXCLUDED
Journal of Robotics and Mechatronics,Journal of Robotics and Mechatronics,SJR,Q3,exact_norm,1.000,1,EXCLUDED
Pediatric Surgery International,Pediatric Surgery International,SJR,Q2,exact_norm,1.000,1,EXCLUDED
Entertainment Computing,International Conference on Entertainment Computing,CORE,C,exact_norm,1.000,1,EXCLUDED
Signal Processing: Image Communication,Signal Processing: Image Communication,SJR,Q2,exact_norm,1.000,1,EXCLUDED
Psychiatry Investigation,Psychiatry Investigation,SJR,Q2,exact_norm,1.000,1,EXCLUDED
IEICE Transactions on Communications,IEICE Transactions on Communications,SJR,Q3,exact_norm,1.000,1,EXCLUDED
Radiation Protection Dosimetry,Radiation Protection Dosimetry,SJR,Q3,exact_norm,1.000,1,EXCLUDED
Chinese Journal of Medical Imaging Technology,Chinese Journal of Medical Imaging Technology,SJR,Q4,exact_norm,1.000,1,EXCLUDED
Proceedings - Graphics Interface,Proceedings - Graphics Interface,SJR,-,exact_norm,1.000,1,EXCLUDED
Journal of Biomedical Materials Research - Part B Applied Biomaterials,Journal of Biomedical Materials Research - Part B Applied Biomaterials,SJR,Q2,exact_norm,1.000,1,EXCLUDED
Proceedings of the International Conference on Parallel Processing Workshops,International Conference on Parallel Processing,CORE,B,exact_norm,1.000,1,EXCLUDED
Sound and Vibration,Sound and Vibration,SJR,Q2,exact_norm,1.000,1,EXCLUDED
Journal of Japan Industrial Management Association,Journal of Japan Industrial Management Association,SJR,Q3,exact_norm,1.000,1,EXCLUDED
Collegium Antropologicum,Collegium Antropologicum,SJR,Q3,exact_norm,1.000,1,EXCLUDED
Shanghai Jiaotong Daxue Xuebao/Journal of Shanghai Jiaotong University,Shanghai Jiaotong Daxue Xuebao/Journal of Shanghai Jiaotong University,SJR,Q2,exact_norm,1.000,1,EXCLUDED
Perceptual and Motor Skills,Perceptual and Motor Skills,SJR,Q3,exact_norm,1.000,1,EXCLUDED
Journal of Advanced Computational Intelligence and Intelligent Informatics,Journal of Advanced Computational Intelligence and Intelligent Informatics,SJR,Q3,exact_norm,1.000,1,EXCLUDED
Huazhong Keji Daxue Xuebao (Ziran Kexue Ban)/Journal of Huazhong University of Science and Technology (Natural Science Edition),Huazhong Keji Daxue Xuebao (Ziran Kexue Ban)/Journal of Huazhong University of Science and Technology (Natural Science Edition),SJR,Q4,exact_norm,1.000,1,EXCLUDED
Chinese Journal of Interventional Imaging and Therapy,Chinese Journal of Interventional Imaging and Therapy,SJR,Q4,exact_norm,1.000,1,EXCLUDED
Journal of Engineering Design,Journal of Engineering Design,SJR,Q2,exact_norm,1.000,1,EXCLUDED
Biomedical Sciences Instrumentation,Biomedical Sciences Instrumentation,SJR,Q4,exact_norm,1.000,1,EXCLUDED
Child Neuropsychology,Child Neuropsychology,SJR,Q2,exact_norm,1.000,1,EXCLUDED
International Geoscience and Remote Sensing Symposium (IGARSS),IEEE International Geoscience and Remote Sensing Symposium,CORE,C,acronym,1.000,1,EXCLUDED
Proceedings of the Workshop on Advanced Visual Interfaces AVI,Advanced Visual Interfaces,CORE,B,fuzzy,0.929,1,EXCLUDED
Information Visualization,International Conference on Information Visualisation,CORE,C,fuzzy,0.960,1,EXCLUDED
International Journal of Humanoid Robotics,International Journal of Humanoid Robotics,SJR,Q2,exact_norm,1.000,1,EXCLUDED
"Proceedings of the IEEE International Conference on Systems, Man and Cybernetics","IEEE Conference on Systems, Man and Cybernetics",CORE,B,exact_norm,1.000,1,EXCLUDED
Artificial Life,Artificial Life,SJR,Q3,exact_norm,1.000,1,EXCLUDED
"International Conference on Signal Processing Proceedings, ICSP","International Conference on Signal Processing Proceedings, ICSP",SJR,-,exact_norm,1.000,1,EXCLUDED
Proceedings - International Conference on Advanced Information Networking and Application (AINA),International Conference on Advanced Information Networking and Applications (was ICOIN),CORE,B,acronym,1.000,1,EXCLUDED
Kyokai Joho Imeji Zasshi/Journal of the Institute of Image Information and Television Engineers,Kyokai Joho Imeji Zasshi/Journal of the Institute of Image Information and Television Engineers,SJR,Q4,exact_norm,1.000,1,EXCLUDED
Strahlentherapie und Onkologie,Strahlentherapie und Onkologie,SJR,Q2,exact_norm,1.000,1,EXCLUDED
Nephrology Dialysis Transplantation,"Nephrology, Dialysis and Transplantation",SJR,Q4,exact_norm,1.000,1,EXCLUDED
Biorheology,Journal of Biorheology,SJR,Q4,exact_norm,1.000,1,EXCLUDED
IEEE International Conference on Advanced Video and Signal Based Surveillance - Proceedings of AVSS 2005,IEEE International Conference on Advanced Video and Signal Based Surveillance,CORE,B,fuzzy,0.947,1,EXCLUDED
Medicina,Medicina (Brazil),SJR,Q4,exact_norm,1.000,1,EXCLUDED
IET Control Theory and Applications,IET Control Theory and Applications,SJR,Q2,exact_norm,1.000,1,EXCLUDED
Journal of Electronic Imaging,Journal of Electronic Imaging,SJR,Q3,exact_norm,1.000,1,EXCLUDED
Folia Morphologica,Folia Morphologica (Poland),SJR,Q2,exact_norm,1.000,1,EXCLUDED
Proceedings - International Conference on Distributed Computing Systems,Proceedings - International Conference on Distributed Computing Systems,SJR,-,exact_norm,1.000,1,EXCLUDED
International Journal of Artificial Organs,International Journal of Artificial Organs,SJR,Q3,exact_norm,1.000,1,EXCLUDED
Nanjing Youdian Daxue Xuebao (Ziran Kexue Ban)/Journal of Nanjing University of Posts and Telecommunications (Natural Science),Nanjing Youdian Daxue Xuebao (Ziran Kexue Ban)/Journal of Nanjing University of Posts and Telecommunications (Natural Science),SJR,Q4,exact_norm,1.000,1,EXCLUDED
Seminars in Interventional Radiology,Seminars in Interventional Radiology,SJR,Q3,exact_norm,1.000,1,EXCLUDED
"IEEE/ASME International Conference on Advanced Intelligent Mechatronics, AIM","IEEE/ASME International Conference on Advanced Intelligent Mechatronics, AIM",SJR,-,exact_norm,1.000,1,EXCLUDED
Fetal and Pediatric Pathology,Fetal and Pediatric Pathology,SJR,Q3,exact_norm,1.000,1,EXCLUDED
Journal of allied health,Journal of Allied Health,SJR,Q3,issn,1.000,1,EXCLUDED
Fa yi xue za zhi,Fa yi xue za zhi,SJR,Q4,issn,1.000,1,EXCLUDED
Journal of dental education,Journal of Dental Education,SJR,Q2,issn,1.000,1,EXCLUDED
"Anasthesiologie, Intensivmedizin, Notfallmedizin, Schmerztherapie : AINS","Anasthesiologie, Intensivmedizin, Notfallmedizin, Schmerztherapie : AINS",SJR,Q4,issn,1.000,1,EXCLUDED
Panminerva medica,Panminerva Medica (discontinued),SJR,-,issn,1.000,1,EXCLUDED
Advances in mind-body medicine,Advances in Mind-Body Medicine,SJR,Q3,issn,1.000,1,EXCLUDED
Brain sciences,Brain Sciences,SJR,Q2,issn,1.000,1,EXCLUDED
Neuroradiology,Neuroradiology,SJR,Q2,issn,1.000,1,EXCLUDED
Physiological measurement,Physiological Measurement,SJR,Q2,issn,1.000,1,EXCLUDED
Zhongguo xiu fu chong jian wai ke za zhi = Zhongguo xiufu chongjian waike zazhi = Chinese journal of reparative and reconstructive surgery,Chinese Journal of Reparative and Reconstructive Surgery,SJR,Q4,issn,1.000,1,EXCLUDED
The Journal of sports medicine and physical fitness,Journal of Sports Medicine and Physical Fitness,SJR,Q2,issn,1.000,1,EXCLUDED
BMC nutrition,BMC Nutrition,SJR,Q2,issn,1.000,1,EXCLUDED
Polish journal of veterinary sciences,Polish Journal of Veterinary Sciences,SJR,Q2,issn,1.000,1,EXCLUDED
"Acta paediatrica (Oslo, Norway : 1992)","Acta Paediatrica, International Journal of Paediatrics",SJR,Q2,issn,1.000,1,EXCLUDED
Bio-medical materials and engineering,Bio-Medical Materials and Engineering,SJR,Q3,issn,1.000,1,EXCLUDED
Medicina,Medicina (Buenos Aires),SJR,Q4,exact_norm,1.000,1,EXCLUDED
Journal of nephrology,Journal of Nephrology,SJR,Q2,issn,1.000,1,EXCLUDED
Cognitive processing,Cognitive Processing,SJR,Q2,issn,1.000,1,EXCLUDED
The South African journal of psychiatry : SAJP : the journal of the Society of Psychiatrists of South Africa,South African Journal of Psychiatry,SJR,Q3,issn,1.000,1,EXCLUDED
Behavioural brain research,Behavioural Brain Research,SJR,Q2,issn,1.000,1,EXCLUDED
Surgical technology international,Surgical Technology International,SJR,Q3,issn,1.000,1,EXCLUDED
Archives de pediatrie : organe officiel de la Societe francaise de pediatrie,Archives de Pediatrie,SJR,Q2,issn,1.000,1,EXCLUDED
Journal of clinical medicine,Journal of Clinical Medicine,SJR,Q2,issn,1.000,1,EXCLUDED
European journal of ophthalmology,European Journal of Ophthalmology,SJR,Q2,issn,1.000,1,EXCLUDED
Radiation protection dosimetry,Radiation Protection Dosimetry,SJR,Q3,issn,1.000,1,EXCLUDED
Zootaxa,Zootaxa,SJR,Q2,issn,1.000,1,EXCLUDED
La Pediatria medica e chirurgica : Medical and surgical pediatrics,Pediatria Medica e Chirurgica,SJR,Q3,issn,1.000,1,EXCLUDED
Physical chemistry chemical physics : PCCP,Physical Chemistry Chemical Physics,SJR,Q2,issn,1.000,1,EXCLUDED
Quarterly journal of experimental psychology (2006),Quarterly Journal of Experimental Psychology,SJR,Q2,issn,1.000,1,EXCLUDED
Journal of clinical ultrasound : JCU,Journal of Clinical Ultrasound,SJR,Q3,issn,1.000,1,EXCLUDED
Journal of oral rehabilitation,International Conference on Virtual Rehabilitation,CORE,Unranked,fuzzy,0.878,1,EXCLUDED
Journal of neurophysiology,Journal of Neurophysiology,SJR,Q2,issn,1.000,1,EXCLUDED
Clinical obesity,Clinical Obesity,SJR,Q2,issn,1.000,1,EXCLUDED
Peritoneal dialysis international : journal of the International Society for Peritoneal Dialysis,Peritoneal Dialysis International,SJR,Q2,issn,1.000,1,EXCLUDED
Journal of research in medical sciences : the official journal of Isfahan University of Medical Sciences,Journal of Research in Medical Sciences,SJR,Q3,issn,1.000,1,EXCLUDED
Annual International Conference of the IEEE Engineering in Medicine and Biology Society. IEEE Engineering in Medicine and Biology Society. Annual International  Conference,Annual International Conference of the IEEE Engineering in Medicine and Biology Society. IEEE Engineering in Medicine and Biology Society. Annual International Conference,SJR,Q4,issn,1.000,1,EXCLUDED
The international journal of medical robotics + computer assisted surgery : MRCAS,International Journal of Medical Robotics and Computer Assisted Surgery,SJR,Q2,issn,1.000,1,EXCLUDED
Molecular informatics,Molecular Informatics,SJR,Q2,issn,1.000,1,EXCLUDED
Physica medica : PM : an international journal devoted to the applications of physics to medicine and biology : official journal of the Italian Association of  Biomedical Physics (AIFB),Physica Medica,SJR,Q2,issn,1.000,1,EXCLUDED
Prosthetics and orthotics international,Prosthetics and Orthotics International,SJR,Q2,issn,1.000,1,EXCLUDED
JMIR formative research,JMIR Formative Research,SJR,Q2,issn,1.000,1,EXCLUDED
European heart journal supplements : journal of the European Society of Cardiology,"European Heart Journal, Supplement",SJR,Q2,issn,1.000,1,EXCLUDED
Pediatric cardiology,Pediatric Cardiology,SJR,Q2,issn,1.000,1,EXCLUDED
ACM Transactions on Asian and Low-Resource Language Information Processing,ACM Transactions on Asian and Low-Resource Language Information Processing,SJR,Q2,exact_norm,1.000,1,EXCLUDED
Proceedings of the 2020 The 2nd World Symposium on Software Engineering,IEEE Software Engineering Workshop,CORE,C,fuzzy,0.824,1,EXCLUDED
Proceedings of the 11th International Conference on Information Integration and Web-based Applications &amp; Services,Information Integration and Web-based Applications and Services,CORE,C,fuzzy,0.965,1,EXCLUDED
Proceedings of the 12th International Conference on Human-Agent Interaction,Human-Agent Interaction,CORE,B,exact_norm,1.000,1,EXCLUDED
ACM Transactions on Design Automation of Electronic Systems,ACM Transactions on Design Automation of Electronic Systems,SJR,Q2,exact_norm,1.000,1,EXCLUDED
ACM Transactions on Modeling and Computer Simulation,ACM Transactions on Modeling and Computer Simulation,SJR,Q2,exact_norm,1.000,1,EXCLUDED
Proceedings of the 2nd ACM International Workshop on Immersive Media Experiences,ACM International Conference on Interactive Media Experiences,CORE,C,fuzzy,0.875,1,EXCLUDED
Proceedings of the 18th ACM conference on Innovation and technology in computer science education,Annual Conference on Innovation and Technology in Computer Science Education,CORE,B,fuzzy,0.960,1,EXCLUDED
International Conference on Content-based Multimedia Indexing,IEEE International Conference on Content-Based Multimedia Indexing,CORE,C,fuzzy,0.930,1,EXCLUDED
ACM Inroads,ACM Inroads,SJR,Q3,exact_norm,1.000,1,EXCLUDED
2022 Symposium on Eye Tracking Research and Applications,Eye Tracking Research and Applications,CORE,B,exact_norm,1.000,1,EXCLUDED
Proceedings of the 2025 ACM SIGIR Conference on Human Information Interaction and Retrieval,ACM SIGIR Conference on Human Information Interaction And Retrieval,CORE,B,exact_norm,1.000,1,EXCLUDED
Proceedings of the 1st ACM conference on Electronic commerce,International Conference on Electronic Commerce,CORE,C,fuzzy,0.905,1,EXCLUDED
Proceedings of the 9th International Conference on Human-Agent Interaction,Human-Agent Interaction,CORE,B,exact_norm,1.000,1,EXCLUDED
Proceedings of the ACM SIGGRAPH Symposium on Interactive 3D Graphics and Games,ACM-SIGRAPH Interactive 3D Graphics and Games,CORE,B,fuzzy,0.988,1,EXCLUDED
Proceedings of the 2022 International Conference on Management of Data,International Conference on Management of Data,CORE,National: India,exact_norm,1.000,1,EXCLUDED
Proceedings of the 2003 conference on Asia South Pacific design automation - ASPDAC,Asia and South Pacific Design Automation Conference,CORE,B,fuzzy,0.844,1,EXCLUDED
32nd International Conference on Scientific and Statistical Database Management,International Conference on Scientific and Statistical Data Base Management,CORE,B,fuzzy,0.988,1,EXCLUDED
2024 14th International Conference on Biomedical Engineering and Technology,International Journal of Biomedical Engineering and Technology,SJR,Q4,exact_norm,1.000,1,EXCLUDED
Proceedings of the 2024 4th International Joint Conference on Robotics and Artificial Intelligence,International FLINS Conference on Robotics and Artificial Intelligence (was International Fuzzy Logic and Intelligent technologies in Nuclear Science Conference),CORE,C,fuzzy,0.921,1,EXCLUDED
Proceedings of the 29th Australian Conference on Computer-Human Interaction,International Conference on Advances in Computer-Human Interactions,CORE,C,fuzzy,0.822,1,EXCLUDED
Proceedings of the 20th Annual SIG Conference on Information Technology Education,ACM Information Technology Education,CORE,National: USA,fuzzy,0.917,1,EXCLUDED
Proceedings of the 19th ACM Conference on Embedded Networked Sensor Systems,ACM Conference on Embedded Networked Sensor Systems,CORE,unranked: merged,exact_norm,1.000,1,EXCLUDED
Proceedings of the 2023 International Joint Conference on Robotics and Artificial Intelligence,International FLINS Conference on Robotics and Artificial Intelligence (was International Fuzzy Logic and Intelligent technologies in Nuclear Science Conference),CORE,C,fuzzy,0.921,1,EXCLUDED
Proceedings of International Conference on Information Integration and Web-based Applications &amp; Services,Information Integration and Web-based Applications and Services,CORE,C,fuzzy,0.965,1,EXCLUDED
25th ACM Symposium on Virtual Reality Software and Technology on - VRST '19,ACM Virtual Reality Software and Technology,CORE,B,fuzzy,0.907,1,EXCLUDED
Proceedings of the 8th International Conference on Human-Agent Interaction,Human-Agent Interaction,CORE,B,exact_norm,1.000,1,EXCLUDED
Proceedings of the 18th International Workshop on Mobile Computing Systems and Applications,Workshop on Mobile Computing Systems and Applications,CORE,National: USA,exact_norm,1.000,1,EXCLUDED
Proceedings of the 3rd International Conference on Human-Agent Interaction,Human-Agent Interaction,CORE,B,exact_norm,1.000,1,EXCLUDED
Proceedings of the 21th ACM International Conference on Intelligent Virtual Agents,Intelligent Virtual Agents,CORE,B,fuzzy,0.929,1,EXCLUDED
Proceedings of the 2002 ACM symposium on Applied computing,ACM Symposium on Applied Computing,CORE,Multiconference,exact_norm,1.000,1,EXCLUDED
Proceedings of the 20th ACM International Conference on Intelligent Virtual Agents,Intelligent Virtual Agents,CORE,B,fuzzy,0.929,1,EXCLUDED
Proceedings of the 2019 7th International Conference on Information and Education Technology,International Journal of Information and Education Technology,SJR,Q2,exact_norm,1.000,1,EXCLUDED
Proceedings of the International Conference on Video and Image Processing,IEEE International Conference on Image Processing,CORE,B,fuzzy,0.884,1,EXCLUDED
International Conference on the Foundations of Digital Games,International Conference on the Foundations of Digital Games,CORE,C,exact_norm,1.000,1,EXCLUDED
Proceedings of the 9th annual SIGCSE conference on Innovation and technology in computer science education,Annual Conference on Innovation and Technology in Computer Science Education,CORE,B,fuzzy,0.932,1,EXCLUDED
Proceedings of the Ninth International Conference on Information and Communication Technologies and Development,International Conference on Information and Communication Technologies and Development,CORE,C,fuzzy,0.943,1,EXCLUDED
Proceedings of the 15th ACM Workshop on Hot Topics in Networks,ACM Workshop on Hot Topics in Networks,CORE,National: USA,exact_norm,1.000,1,EXCLUDED
Proceedings of the 8th ACM conference on Creativity and cognition,Creativity and Cognition,CORE,B,fuzzy,0.909,1,EXCLUDED
"Proceedings of the 2009 conference on Information Science, Technology and Applications","International Conference on Data Science, Technology and Applications",CORE,C,fuzzy,0.861,1,EXCLUDED
Proceedings of the 2nd International Conference on Digital Signal Processing,International Conference on Image and Signal Processing,CORE,C,fuzzy,0.833,1,EXCLUDED
Proceedings of the 18th International Symposium on Visual Information Communication and Interaction,Visual Information Communication and Interaction,CORE,C,exact_norm,1.000,1,EXCLUDED
Proceedings of the 19th International Conference on the Foundations of Digital Games,International Conference on the Foundations of Digital Games,CORE,C,exact_norm,1.000,1,EXCLUDED
Proceedings of the 20th International Conference on Multimodal Interaction: Adjunct,International Conference on Multimodal Interaction (was International Conference on Multimodal Interfaces),CORE,B,exact_norm,1.000,1,EXCLUDED
Proceedings of the 2010 ACM conference on Information technology education,ACM Information Technology Education,CORE,National: USA,exact_norm,1.000,1,EXCLUDED
Proceedings of the 2019 8th International Conference on Software and Computer Applications,International Workshop on Soft Computing Applications,CORE,National: Romania,fuzzy,0.842,1,EXCLUDED
Proceedings of the International Conference on Machine Vision and Applications,Machine Vision Applications,CORE,National: japan,exact_norm,1.000,1,EXCLUDED
Proceedings of the XV International Conference on Human Computer Interaction,Indian Conference on Human-Computer Interaction,CORE,National: India,fuzzy,0.871,1,EXCLUDED
"Proceedings of the 2019 AAAI/ACM Conference on AI, Ethics, and Society","AAAI/ACM Conference on AI, Ethics, and Society",CORE,C,exact_norm,1.000,1,EXCLUDED
Proceedings of the 2019 4th International Conference on Mathematics and Artificial Intelligence,International Conference on Agents and Artificial Intelligence,CORE,B,fuzzy,0.831,1,EXCLUDED
Proceedings of the 15th ACM Conference on Embedded Network Sensor Systems,ACM Conference on Embedded Networked Sensor Systems,CORE,unranked: merged,fuzzy,0.972,1,EXCLUDED
Proceedings of the 5th International Conference on Multimedia and Image Processing,International Workshop on Multimedia Signal Processing,CORE,C,fuzzy,0.873,1,EXCLUDED
Proceedings of the 15th international conference on Human-computer interaction with mobile devices and services,International Conference on Human-Computer Interaction with Mobile Devices and Services,CORE,B,exact_norm,1.000,1,EXCLUDED
Proceedings of the 10th International Conference on Interaction Design and Children,Interaction Design and Children (ACM),CORE,B,exact_norm,1.000,1,EXCLUDED
Proceedings of the 2025 International Conference on Multimedia Retrieval,International Conference on Multimedia Retrieval (previously MIR),CORE,B,exact_norm,1.000,1,EXCLUDED
Proceedings of the The 15th International Conference on Interaction Design and Children,Interaction Design and Children (ACM),CORE,B,exact_norm,1.000,1,EXCLUDED
INTERNATIONAL CONFERENCE ON MULTIMODAL INTERACTION,International Conference on Multimodal Interaction (was International Conference on Multimodal Interfaces),CORE,B,exact_norm,1.000,1,EXCLUDED
Proceedings of the 14th ACM Conference on Embedded Network Sensor Systems CD-ROM,ACM Conference on Embedded Networked Sensor Systems,CORE,unranked: merged,fuzzy,0.886,1,EXCLUDED
"2021 IEEE/ACM 8th International Conference on Big Data Computing, Applications and Technologies (BDCAT '21)","IEEE/ACM International Conference on Big Data Computing, Applications and Technologies",CORE,C,exact_norm,1.000,1,EXCLUDED
Proceedings of the 9th international conference on Human computer interaction with mobile devices and services,International Conference on Human-Computer Interaction with Mobile Devices and Services,CORE,B,exact_norm,1.000,1,EXCLUDED
Proceedings of the 2024 ACM International Conference on Interactive Media Experiences Workshops,ACM International Conference on Interactive Media Experiences,CORE,C,exact_norm,1.000,1,EXCLUDED
Proceedings of the 24th Australian Computer-Human Interaction Conference,Australian Computer Human Interaction Conference,CORE,Australasian B,exact_norm,1.000,1,EXCLUDED
Proceedings of the 21st ACM SIGGRAPH Symposium on Interactive 3D Graphics and Games,ACM-SIGRAPH Interactive 3D Graphics and Games,CORE,B,fuzzy,0.988,1,EXCLUDED
XXII International Conference on Human Computer Interaction,Indian Conference on Human-Computer Interaction,CORE,National: India,fuzzy,0.906,1,EXCLUDED
Proceedings of the 4th International Conference on Biomedical and Intelligent Systems,International Conference on Hybrid Intelligent Systems,CORE,C,fuzzy,0.821,1,EXCLUDED
Proceedings of the 9th International Conference on Automotive User Interfaces and Interactive Vehicular Applications Adjunct,International ACM Conference on Automotive User Interfaces and Interactive Vehicular Applications,CORE,B,fuzzy,0.968,1,EXCLUDED
Proceedings of the 30th Annual ACM Symposium on Applied Computing,ACM Symposium on Applied Computing,CORE,Multiconference,exact_norm,1.000,1,EXCLUDED
Proceedings of the 2022 International Conference on Multimodal Interaction,International Conference on Multimodal Interaction (was International Conference on Multimodal Interfaces),CORE,B,exact_norm,1.000,1,EXCLUDED
Proceedings of High Performance Graphics,Symposium on High Performance Chips,CORE,C,fuzzy,0.851,1,EXCLUDED
Proceedings of the 2023 7th International Conference on Digital Signal Processing,International Conference on Image and Signal Processing,CORE,C,fuzzy,0.833,1,EXCLUDED
The 16th International Conference on the Foundations of Digital Games (FDG) 2021,International Conference on the Foundations of Digital Games,CORE,C,exact_norm,1.000,1,EXCLUDED
Proceedings of the 22nd ACM Conference on Embedded Networked Sensor Systems,ACM Conference on Embedded Networked Sensor Systems,CORE,unranked: merged,exact_norm,1.000,1,EXCLUDED
Proceedings of the 2018 ACM International Conference on Interactive Surfaces and Spaces,ACM International Conference on Interactive Surfaces and Spaces (was International Workshop on Horizontal Interactive Human-Computer Systems: Tabletop),CORE,Journal Published,exact_norm,1.000,1,EXCLUDED
Proceedings of the 23rd International Conference on Mobile Human-Computer Interaction,Nordic Conference on Human-Computer Interaction,CORE,Regional:Scandinavia,fuzzy,0.879,1,EXCLUDED
Proceedings of the XIX International Conference on Human Computer Interaction,Indian Conference on Human-Computer Interaction,CORE,National: India,fuzzy,0.889,1,EXCLUDED
Proceedings of the 21st International Conference on Human-Computer Interaction with Mobile Devices and Services,International Conference on Human-Computer Interaction with Mobile Devices and Services,CORE,B,exact_norm,1.000,1,EXCLUDED
Proceedings of the 37th Australian Conference on Human-Computer Interaction,Indian Conference on Human-Computer Interaction,CORE,National: India,fuzzy,0.857,1,EXCLUDED
2021 10th International Conference on Software and Computer Applications,International Workshop on Soft Computing Applications,CORE,National: Romania,fuzzy,0.842,1,EXCLUDED
Proceedings of the 31st ACM Workshop on Network and Operating Systems Support for Digital Audio and Video,Network and Operating System Support for Digital Audio and Video,CORE,B,fuzzy,0.957,1,EXCLUDED
Proceedings of the 27th ACM Conference on on Innovation and Technology in Computer Science Education Vol. 1,Annual Conference on Innovation and Technology in Computer Science Education,CORE,B,fuzzy,0.906,1,EXCLUDED
Proceedings of the 2024 International Conference on Multimedia Retrieval,International Conference on Multimedia Retrieval (previously MIR),CORE,B,exact_norm,1.000,1,EXCLUDED
Adjunct Proceedings of the 10th International Conference on Automotive User Interfaces and Interactive Vehicular Applications,International ACM Conference on Automotive User Interfaces and Interactive Vehicular Applications,CORE,B,fuzzy,0.968,1,EXCLUDED
2021 International Conference on Human-Machine Interaction,Human-Agent Interaction,CORE,B,fuzzy,0.833,1,EXCLUDED
Proceedings of the 2009 ACM symposium on Applied Computing,ACM Symposium on Applied Computing,CORE,Multiconference,exact_norm,1.000,1,EXCLUDED
Proceedings of the 32nd Workshop on Network and Operating Systems Support for Digital Audio and Video,Network and Operating System Support for Digital Audio and Video,CORE,B,fuzzy,0.991,1,EXCLUDED
Proceedings of the 27th Workshop on Network and Operating Systems Support for Digital Audio and Video,Network and Operating System Support for Digital Audio and Video,CORE,B,fuzzy,0.991,1,EXCLUDED
Nordic Conference on Human-Computer Interaction,Nordic Conference on Human-Computer Interaction,CORE,Regional:Scandinavia,exact_norm,1.000,1,EXCLUDED
Adjunct Proceedings of the 16th International Conference on Automotive User Interfaces and Interactive Vehicular Applications,International ACM Conference on Automotive User Interfaces and Interactive Vehicular Applications,CORE,B,fuzzy,0.968,1,EXCLUDED
22nd International Conference on Human-Computer Interaction with Mobile Devices and Services,International Conference on Human-Computer Interaction with Mobile Devices and Services,CORE,B,exact_norm,1.000,1,EXCLUDED
Proceedings of the ACM/IEEE 8th International Workshop on Games and Software Engineering,IEEE International Conference on Global Software Engineering,CORE,C,fuzzy,0.836,1,EXCLUDED
Proceedings of the 2023 ACM International Conference on Multimedia Retrieval,International Conference on Multimedia Retrieval (previously MIR),CORE,B,fuzzy,0.909,1,EXCLUDED
Proceedings of the 2019 6th International Conference on Bioinformatics Research and Applications,International Journal of Bioinformatics Research and Applications,SJR,Q4,exact_norm,1.000,1,EXCLUDED
Proceedings of the 6th International Conference on Human-Agent Interaction,Human-Agent Interaction,CORE,B,exact_norm,1.000,1,EXCLUDED
Proceedings of the 19th ACM International Conference on Multimodal Interaction,International Conference on Multimodal Interaction (was International Conference on Multimodal Interfaces),CORE,B,fuzzy,0.917,1,EXCLUDED
Proceedings of the 2023 9th International Conference on Robotics and Artificial Intelligence,International FLINS Conference on Robotics and Artificial Intelligence (was International Fuzzy Logic and Intelligent technologies in Nuclear Science Conference),CORE,C,fuzzy,0.914,1,EXCLUDED
Proceedings of the 31st ACM SIGKDD Conference on Knowledge Discovery and Data Mining V.2,Pacific-Asia Conference on Knowledge Discovery and Data Mining,CORE,B,fuzzy,0.822,1,EXCLUDED
Proceedings of the IEEE/ACM 46th International Conference on Software Engineering,IEEE Software Engineering Workshop,CORE,C,fuzzy,0.926,1,EXCLUDED
Adjunct Publication of the 24th International Conference on Human-Computer Interaction with Mobile Devices and Services,International Conference on Human-Computer Interaction with Mobile Devices and Services,CORE,B,fuzzy,0.902,1,EXCLUDED
2019 International Conference on Multimodal Interaction,International Conference on Multimodal Interaction (was International Conference on Multimodal Interfaces),CORE,B,exact_norm,1.000,1,EXCLUDED
Proceedings of the 12th Euro American Conference on Telematics and Information Systems,EURO AMERICAN CONFERENCE ON TELEMATICS AND INFORMATION SYSTEMS,CORE,C,exact_norm,1.000,1,EXCLUDED
Proceedings of the 10th International Conference on Human-Agent Interaction,Human-Agent Interaction,CORE,B,exact_norm,1.000,1,EXCLUDED
Proceedings of the 2019 on Creativity and Cognition,Creativity and Cognition,CORE,B,exact_norm,1.000,1,EXCLUDED
Proceedings of the 1999 ACM symposium on Applied computing,ACM Symposium on Applied Computing,CORE,Multiconference,exact_norm,1.000,1,EXCLUDED
Proceedings of the 2018 ACM on International Conference on Multimedia Retrieval,International Conference on Multimedia Retrieval (previously MIR),CORE,B,fuzzy,0.909,1,EXCLUDED
Proceedings of the 9th International Conference on Management of Digital EcoSystems,International Conference on Management of Digital EcoSystems,CORE,C,exact_norm,1.000,1,EXCLUDED
Proceedings of the 9th Nordic Conference on Human-Computer Interaction,Nordic Conference on Human-Computer Interaction,CORE,Regional:Scandinavia,exact_norm,1.000,1,EXCLUDED
Proceedings of the International Conference on Electronic Commerce,International Conference on Electronic Commerce,CORE,C,exact_norm,1.000,1,EXCLUDED
Proceedings of the IEEE/ACM 42nd International Conference on Software Engineering Workshops,IEEE Software Engineering Workshop,CORE,C,fuzzy,0.926,1,EXCLUDED
"Proceedings of the fifth international conference on Tangible, embedded, and embodied interaction","Tangible, Embedded, and Embodied Interaction",CORE,B,fuzzy,0.927,1,EXCLUDED
Proceedings of the 47th International Conference on Parallel Processing,International Conference on Parallel Processing,CORE,B,exact_norm,1.000,1,EXCLUDED
Proceedings of the 7th Mexican Conference on Human-Computer Interaction,Indian Conference on Human-Computer Interaction,CORE,National: India,fuzzy,0.896,1,EXCLUDED
Proceedings of the 15th International Conference on Automotive User Interfaces and Interactive Vehicular Applications,International ACM Conference on Automotive User Interfaces and Interactive Vehicular Applications,CORE,B,fuzzy,0.968,1,EXCLUDED
Proceedings of the 20th International Conference on Human-Computer Interaction with Mobile Devices and Services,International Conference on Human-Computer Interaction with Mobile Devices and Services,CORE,B,exact_norm,1.000,1,EXCLUDED
Proceedings of the 11th International Conference on Automotive User Interfaces and Interactive Vehicular Applications,International ACM Conference on Automotive User Interfaces and Interactive Vehicular Applications,CORE,B,fuzzy,0.968,1,EXCLUDED
Proceedings of the 24th Asia and South Pacific Design Automation Conference,Asia and South Pacific Design Automation Conference,CORE,B,exact_norm,1.000,1,EXCLUDED
Proceedings of the 16th International Symposium on Visual Information Communication and Interaction,Visual Information Communication and Interaction,CORE,C,exact_norm,1.000,1,EXCLUDED
2025 international conference on graphics and interaction (ICGI),Graphics Interface,CORE,B,fuzzy,0.842,1,EXCLUDED
2026 IEEE 20th international conference on automatic face and gesture recognition (FG),IEEE International Conference on Automatic Face and Gesture Recognition,CORE,B,exact_norm,1.000,1,EXCLUDED
2026 IEEE engineering education world conference (EDUNINE),IEEE Global Engineering Education Conference,CORE,C,fuzzy,0.851,1,EXCLUDED
2026 IEEE international symposium on circuits and systems (ISCAS),IEEE International Symposium on Circuits and Systems,CORE,C,exact_norm,1.000,1,EXCLUDED
2026 IEEE international conference on consumer electronics (ICCE),International Conference on Computers in Education,CORE,C,acronym,1.000,1,EXCLUDED
2026 IEEE global engineering education conference (EDUCON),IEEE Global Engineering Education Conference,CORE,C,exact_norm,1.000,1,EXCLUDED
